<Weaponry>;<Code>
;
;
;
<Common>;
;
weapons/counter;<color=#fff6ad> x%d</color>
weapons/counter/left/short;<color=#fff6ad>%dx</color>
weapons/counter/right/short;<color=#fff6ad>x%d</color>
mass/kg;%d kg
mass/lbs;%d lbs
caliber/mm;%d mm
weapons/turret_number;Turret x%d: 
rocket/maxSpeed;Maximum speed
rocket/warhead;Warhead type
rocket/warhead/tandem;HEAT(tandem)
rocket/warhead/heat;HEAT
rocket/warhead/he;HE
rocket/warhead/aphe;SAP-HE
rocket/warhead/ap;AP
rocket/warhead/smoke;Smoke
rocket/warhead/multidart;Flechette
firingRange;Firing range
guaranteedRange;Guaranteed launch range
launchRange;Launch range
missile/armingDistance;Arming distance
torpedo/maxSpeedInWater;Maximum speed in water
torpedo/distanceToLive;Travel distance
torpedo/armingDistance;Arming distance
weapon/noSecondaryWeapon;Without load
weapon/noAdditionalWeapon;Without load
weapon/noPrimaryWeapon;Without offensive armament
weapon/bombIcon;┓
weapon/rocketIcon;┕
weapon/torpedoIcon;└
weapon/additionalGunsIcon;┖
weapon/bigAmountNumberIcon;...
football_kick;Kick
football_kick/name/short;SF
football_kick/name;Special football kick
football_jump;Jump
football_jump/name/short;SF
football_jump/name;Special football jump
weapons/purposeType/AIR_TO_AIR;To hit air targets
weapons/purposeType/AIR_TO_GROUND;To hit ground targets
weapons/purposeType/AIR_TO_SEA;To hit sea targets
weapons/purposeType/ARMORED;To hit armored targets
weapons/purposeType/UNIVERSAL;Multi-purpose weapon
weapons/purposeType/FAVORITE;Favorite weapon
weapons/purposeType/CUSTOM;User weapon
;
;
;
<CM code>;
;
chff/name;Chaff
chff/name/short;Chaff
flr/name;Flare
flr/name/short;Flare
countermeasure_default/name;Countermeasures
countermeasuresBol_default/name;Countermeasures (BOL)
countermeasuresLarge_default/name;Countermeasures
countermeasuresMAW_default/name;Countermeasures
;
weapons/countermeasure_split_launcher_jet/short;Flares & Chaff
weapons/countermeasure_split_launcher_jet;26 mm Countermeasures
weapons/countermeasure_split_launcher_jet_maw/short;Flares & Chaff
weapons/countermeasure_split_launcher_jet_maw;26 mm Countermeasures
weapons/countermeasure_split_launcher_fn_hmp400_lcc/short;Flares & Chaff
weapons/countermeasure_split_launcher_fn_hmp400_lcc;26 mm Countermeasures
weapons/countermeasure_split_launcher_jet_bol/short;Flares & Chaff
weapons/countermeasure_split_launcher_jet_bol;26 mm Countermeasures (BOL 304)
weapons/countermeasure_split_launcher_jet_bol_pod/short;Flares & Chaff
weapons/countermeasure_split_launcher_jet_bol_pod;26 mm Countermeasures (BOL 304)
weapons/countermeasure_split_launcher_jet_maw_bol_pod/short;Flares & Chaff
weapons/countermeasure_split_launcher_jet_maw_bol_pod;26 mm Countermeasures (BOL 304)
weapons/countermeasure_split_launcher_jet_pids/short;Flares & Chaff
weapons/countermeasure_split_launcher_jet_pids;26 mm Countermeasures
weapons/countermeasure_large_split_launcher_jet/short;Flares & Chaff
weapons/countermeasure_large_split_launcher_jet;50 mm Countermeasures
weapons/countermeasure_large_split_launcher_jet_maw/short;Flares & Chaff
weapons/countermeasure_large_split_launcher_jet_maw;50 mm Countermeasures
weapons/countermeasure_split_large_launcher_jet_maw/short;Flares & Chaff
weapons/countermeasure_split_large_launcher_jet_maw;50 mm Countermeasures
weapons/countermeasure_split_launcher_jet_add_pod/short;Flares & Chaff
weapons/countermeasure_split_launcher_jet_add_pod;50 mm Countermeasures
weapons/countermeasure_split_large_launcher_jet_add_pod/short;Flares & Chaff
weapons/countermeasure_split_large_launcher_jet_add_pod;50 mm Countermeasures
weapons/countermeasure_split_launcher_jet_only_flare_large/short;Flares
weapons/countermeasure_split_launcher_jet_only_flare_large;50 mm Countermeasures (Flare)
weapons/countermeasure_chaff_only_large/short;Chaff
weapons/countermeasure_chaff_only_large;50 mm Countermeasures (Chaff)
weapons/countermeasure_split_launcher_jet_only_chaff_large/short;Chaff
weapons/countermeasure_split_launcher_jet_only_chaff_large;50 mm Countermeasures (Chaff)
;
weapons/us_ah_64_ircm/short;CIRCM
weapons/us_ah_64_ircm;Common Infrared Countermeasure pod
;
;
;
<Missile Info>;
;
guidanceSystemType/header;Guidance system type:
guidanceSystemType/beamRider;Beam riding
guidanceSystemType/semiAuto;Semi-automatic
guidanceSystemType/handAim;Hand aiming
missile/seekerRange;Lock range
missile/seekerRange/rearAspect;Lock range in rear-aspect
missile/seekerRange/allAspect;Lock range in all-aspect
missile/launchRange;Launch range
missile/loadFactorMax;Maximum overload
missile/loadFactorLimit;Maximum overload during launch
missile/guidance;Guidance Type
missile/guidance/ir;IR
missile/guidance/tv;TV
missile/guidance/SARH;SARH
missile/guidance/SARH+IOG;SARH+IOG
missile/guidance/SARH+IOG+DL;SARH+IOG+DL
missile/guidance/ARH;ARH
missile/guidance/ARH+IOG;ARH+IOG
missile/guidance/ARH+IOG+DL;ARH+IOG+DL
missile/guidance/ARH+IOG_GNSS+DL;ARH+IOG+GNSS+DL
missile/guidance/ir+IOG+GNSS+DL;IR+IOG+GNSS+DL
missile/guidance/laser;Laser
missile/guidance/laser+IOG;Laser+IOG
missile/guidance/sns;GNSS
missile/guidance/saclos;Semi-Automatic (SACLOS)
missile/guidance/beamRiding;Beam riding
missile/guidance/ir+IOG;IR+IOG
missile/guidance/laser+IOG+GNSS;Laser+IOG+GNSS
missile/guidance/tv+IOG;TV+IOG
missile/guidance/ir+IOG+GNSS;IR+IOG+GNSS
missile/aiming/beamRiding;Beam riding
missile/aiming/semiautomatic;Semi-Automatic (SACLOS)
missile/aiming/manual;Manual (MCLOS)
missile/aspect;Aspect
missile/aspect/allAspect;All-aspects
missile/aspect/rearAspect;Rear-aspect
missile/radarBand;Band
missile/radarSignal;Signal
missile/radarSignal/pulse;Pulse
missile/radarSignal/pulse-doppler;Pulse-Doppler
missile/radarSignal/CW;CW
missile/irccm;IRCCM
missile/eccm;ECCM
missile/timeGuidance;Missile guidance time
missile/timeSelfdestruction;Self-destruction time
missile/shootDown;Shoot down
missile/shootDown/headOnAspect;Front-aspect
missile/shootDown/allAspects;All-aspects
;
;
;
;
;
;
<Shell Types>;
;
bullet_type_separator/name;/
s_d/name/short;*
s_d/name;(self-destroying)
;
ball/name/short;<color=#d6d6d6>Ball</color>
ball/name;Omni-purpose Round
ball_M2/name/short;<color=#d6d6d6>Ball</color>
ball_M2/name;Omni-purpose Round
t_ball/name/short;<color=#d6d6d6>T</color>
t_ball/name;Tracer Round
t_shell/name/short;<color=#d6d6d6>T</color>
t_shell/name;Tracer Round
t_ball_M1/name/short;<color=#d6d6d6>T</color>
t_ball_M1/name;Tracer Round
ball_shell/name/short;<color=#d6d6d6>P</color>
ball_shell/name;Practice Round
ball_t_shell/name/short;<color=#d6d6d6>P-T</color>
ball_t_shell/name;Practice Tracer Round
pele_t/name/short;<color=#d6d6d6>PELE-T</color>
pele_t/name;Penetrator with Enhanced Lateral Effect, Tracer
;
i/name/short;<color=#d6d6d6>I</color>
i/name;Incendiary
i_ball/name/short;<color=#d6d6d6>I</color>
i_ball/name;Incendiary
i_ball_M1/name/short;<color=#d6d6d6>I</color>
i_ball_M1/name;Incendiary
i_ball_M23/name/short;<color=#d6d6d6>I</color>
i_ball_M23/name;Incendiary
he_ball/name/short;<color=#d6d6d6>AI</color>
he_ball/name;Adjustment Incendiary
he_i_ball/name/short;<color=#d6d6d6>IAI</color>
he_i_ball/name;Immediate-Action Incendiary
he_i_t_ball/name/short;<color=#d6d6d6>IAI-T</color>
he_i_t_ball/name;Immediate-Action Incendiary, Tracer
i_t_ball/name/short;<color=#d6d6d6>IT</color>
i_t_ball/name;Incendiary, Tracer
i_t/name/short;<color=#d6d6d6>IT</color>
i_t/name;Incendiary, Tracer
frag_i/name/short;<color=#d6d6d6>FI</color>
frag_i/name;Fragmentation, Incendiary
frag_i_t/name/short;<color=#d6d6d6>FI-T</color>
frag_i_t/name;Fragmentation, Incendiary, Tracer
;
he_i_fuse_ball/name/short;<color=#d6d6d6>HEI</color>
he_i_fuse_ball/name;High-Explosive,ncendiary
he_i/name/short;<color=#d6d6d6>HEI</color>
he_i/name;High-Explosive, Incendiary
he_i_t/name/short;<color=#d6d6d6>HEI-T</color>
he_i_t/name;High-Explosive, Incendiary, Tracer
he_i_mine/name/short;<color=#d6d6d6>HCHE</color>
he_i_mine/name;High-Capacity High-Explosive (Minengeschoß)
he_i_t_mine/name/short;<color=#d6d6d6>HCHE-T</color>
he_i_t_mine/name;High-Capacity High-Explosive, Tracer (Minengeschoß)
he_i_t_n_mine/name/short;<color=#d6d6d6>HCHE-T</color>
he_i_t_n_mine/name;High-Capacity High-Explosive (Minengeschoß) (Night Tracer)
he_frag_ball/name/short;<color=#d6d6d6>HEF</color>
he_frag_ball/name;High-Explosive, Fragmentation
he_frag/name/short;<color=#d6d6d6>HEF</color>
he_frag/name;High-Explosive, Fragmentation
he_frag_t/name/short;<color=#d6d6d6>HEF-T</color>
he_frag_t/name;High-Explosive, Fragmentation, Tracer
he_frag_t_ball/name/short;<color=#d6d6d6>HEF-T</color>
he_frag_t_ball/name;High-Explosive, Fragmentation, Tracer
he_frag_i/name/short;<color=#d6d6d6>HEFI</color>
he_frag_i/name;High-Explosive, Fragmentation, Incendiary
he_frag_i_tank/name/short;<color=#d6d6d6>HEFI</color>
he_frag_i_tank/name;High-Explosive, Fragmentation, Incendiary
he_frag_i_t/name/short;<color=#d6d6d6>HEFI-T</color>
he_frag_i_t/name;High-Explosive, Fragmentation, Incendiary, Tracer
he_dp/name/short;<color=#d6d6d6>HEDP</color>
he_dp/name;High-Explosive, Dual Purpose
grenade_mp_underbarrel_launcher/name/short;<color=#d6d6d6>HEDP</color>
grenade_mp_underbarrel_launcher/name;High-Explosive, Dual Purpose
he_frag_vog/name/short;<color=#d6d6d6>HEF</color>
he_frag_vog/name;High-Explosive, Fragmentation
;
ap_ball/name/short;<color=#d6d6d6>AP</color>
ap_ball/name;Armor-Piercing
ap_ball_M2/name/short;<color=#d6d6d6>AP</color>
ap_ball_M2/name;Armor-Piercing
ap/name/short;<color=#d6d6d6>AP</color>
ap/name;Armor-Piercing
apds_ball/name/short;<color=#d6d6d6>AP(c)</color>
apds_ball/name;Armor-Piercing
ap_t/name/short;<color=#d6d6d6>AP-T</color>
ap_t/name;Armor-Piercing, Tracer
ap_t_ball/name/short;<color=#d6d6d6>AP-T</color>
ap_t_ball/name;Armor-Piercing, Tracer
ap_i_ball_M8/name/short;<color=#d6d6d6>API</color>
ap_i_ball_M8/name;Armor-Piercing, Incendiary
ap_i/name/short;<color=#d6d6d6>API</color>
ap_i/name;Armor-Piercing, Incendiary
ap_i_ball/name/short;<color=#d6d6d6>API</color>
ap_i_ball/name;Armor-Piercing, Incendiary
apcr_i_ball_bs41/name/short;<color=#d6d6d6>API(c)</color>
apcr_i_ball_bs41/name;Armor-Piercing, Incendiary (Cermet Core)
apcr_i_ball/name/short;<color=#d6d6d6>API(c)</color>
apcr_i_ball/name;Armor-Piercing, Incendiary (Cermet Core)
ap_i_t/name/short;<color=#d6d6d6>API-T</color>
ap_i_t/name;Armor-Piercing, Incendiary, Tracer
ap_i_t_ball_M20/name/short;<color=#d6d6d6>API-T</color>
ap_i_t_ball_M20/name;Armor-Piercing, Incendiary, Tracer
ap_i_t_ball/name/short;<color=#d6d6d6>API-T</color>
ap_i_t_ball/name;Armor-Piercing, Incendiary, Tracer
apcr/name/short;<color=#d6d6d6>HVAP</color>
apcr/name;High-Velocity, Armor-Piercing
apcr_t/name/short;<color=#d6d6d6>HVAP-T</color>
apcr_t/name;High-Velocity, Armor-Piercing, Tracer
;
apc_t/name/short;<color=#d6d6d6>APC</color>
apc_t/name;Armor-Piercing, Capped
apds_he_i_ball/name/short;<color=#d6d6d6>APDS-HEI</color>
apds_he_i_ball/name;Armor-Piercing, Discarding Sabot, High-Explosive, Incendiary
sap_he/name/short;<color=#d6d6d6>SAPHE</color>
sap_he/name;Semi-Armor-Piercing, High-Explosive
sap_hei/name/short;<color=#d6d6d6>SAPHEI</color>
sap_hei/name;Semi-Armor-Piercing, High-Explosive, Incendiary
sap_hei_t/name/short;<color=#d6d6d6>SAPHEI-T</color>
sap_hei_t/name;Semi-Armor-Piercing, High-Explosive, Incendiary, Tracer
sapi/name/short;<color=#d6d6d6>SAPHEFI</color>
sapi/name;Semi-Armor-Piercing, High-Explosive, Fragmentation, Incendiary
slap/name/short;<color=#d6d6d6>SLAP</color>
slap/name;Saboted Light Armor Penetrator
slap_t/name/short;<color=#d6d6d6>SLAP-T</color>
slap_t/name;Saboted Light Armor Penetrator, Tracer
aphe/name/short;<color=#d6d6d6>APHE</color>
aphe/name;Armor-Piercing, High-Explosive
aphe_t/name/short;<color=#d6d6d6>APHE-T</color>
aphe_t/name;Armor-Piercing, High-Explosive, Tracer
;
aam/name/short;<color=#d6d6d6>AAM</color>
aam/name;Air-to-Air Missile
agm/name/short;<color=#d6d6d6>AGM</color>
agm/name;Air-to-Ground Missile
;
;
;
he_frag_tank/name/short;<color=#d6d6d6>HE</color>
he_frag_tank/name;High-Explosive 
he_frag_base_fuse_tank/name/short;<color=#d6d6d6>HE</color>
he_frag_base_fuse_tank/name;High-Explosive [Base Fuze]
he_frag_fs_tank/name/short;<color=#d6d6d6>HE-FS</color>
he_frag_fs_tank/name;High-Explosive, Fin-Stablized
he_or_tank/name/short;<color=#d6d6d6>HE-OR-T</color>
he_or_tank/name;High-Explosive, Obstacle Reduction, Tracer
he_tf/name/short;<color=#d6d6d6>HE-TF</color>
he_tf/name;High-Explosive, Time Fuze
he_frag_dist_fuse/name/short;<color=#d6d6d6>HE-TF</color>
he_frag_dist_fuse/name;High-Explosive, Time Fuze
he_vt/name/short;<color=#d6d6d6>HE-VT</color>
he_vt/name;High-Explosive, Variable Time Fuze
he_frag_radio_fuse/name/short;<color=#d6d6d6>HE-VT</color>
he_frag_radio_fuse/name;High-Explosive, Variable Time Fuze
he_at/name/short;<color=#d6d6d6>HEAT</color>
he_at/name;High-Explosive, Anti-Tank
heat_tank/name/short;<color=#d6d6d6>HEAT</color>
heat_tank/name;High-Explosive, Anti-Tank
heat_fs_tank/name/short;<color=#d6d6d6>HEAT-FS</color>
heat_fs_tank/name;High-Explosive, Anti-Tank, Fin-Stabilized
heat_mp_vt_tank/name/short;<color=#d6d6d6>HEAT-MP-T</color>
heat_mp_vt_tank/name;High-Explosive, Multi-Purpose, Tracer
hesh_tank/name/short;<color=#d6d6d6>HESH</color>
hesh_tank/name;High-Explosive, Squad Head
smoke_tank/name/short;<color=#d6d6d6>SMK</color>
smoke_tank/name;Smoke
smoke_grenade_tank/name/short;<color=#d6d6d6>SMK</color>
smoke_grenade_tank/name;Smoke
;
ap_tank/name/short;<color=#d6d6d6>AP</color>
ap_tank/name;Armor-Piercing
ap_large_caliber_tank/name/short;<color=#d6d6d6>AP</color>
ap_large_caliber_tank/name;Armor-Piercing
apc_tank/name/short;<color=#d6d6d6>APC</color>
apc_tank/name;Amor-Piercing, Capped
apc_solid_medium_caliber_tank/name/short;<color=#d6d6d6>APC</color>
apc_solid_medium_caliber_tank/name;Amor-Piercing, Capped
apbc_tank/name/short;<color=#d6d6d6>APBC</color>
apbc_tank/name;Armor-Piercing, Ballistic Capped
apbc_usa_tank/name/short;<color=#d6d6d6>APBC</color>
apbc_usa_tank/name;Armor-Piercing, Ballistic Capped
apcbc_tank/name/short;<color=#d6d6d6>APCBC</color>
apcbc_tank/name;Armor-Piercing, Capped, Ballistic Capped
apcbc_solid_medium_caliber_tank/name/short;<color=#d6d6d6>APCBC</color>
apcbc_solid_medium_caliber_tank/name;Armor-Piercing, Capped, Ballistic Capped
aphe_tank/name/short;<color=#d6d6d6>APHE</color>
aphe_tank/name;Armor-Piercing, High-Explosive
aphebc_tank/name/short;<color=#d6d6d6>APHEBC</color>
aphebc_tank/name;Armor-Piercing, High-Explosive, Ballistic Capped
sap_tank/name/short;<color=#d6d6d6>SAP</color>
sap_tank/name;Semi-Armor-Piercing
sap_hei_tank/name/short;<color=#d6d6d6>SAPHEI</color>
sap_hei_tank/name;Semi-Armor-Piercing, High-Explosive, Incendiary
sapbc_tank/name/short;<color=#d6d6d6>SAPBC</color>
sapbc_tank/name;Semi-Armor-Piercing, Ballistic Capped
sapbc_flat_nose_tank/name/short;<color=#d6d6d6>SAPBC</color>
sapbc_flat_nose_tank/name;Semi-Armor-Piercing, Flat-Nosed Ballistic Capped
sapcbc_tank/name/short;<color=#d6d6d6>SAPCBC</color>
sapcbc_tank/name;Semi-Armor-Piercing, Capped, Ballistic Capped
ac_shell_tank/name/short;<color=#d6d6d6>AC</color>
ac_shell_tank/name;Anti-Concrete
;
apcr_tank/name/short;<color=#d6d6d6>APCR</color>
apcr_tank/name;Armor-Piercing, Composite Rigid
apds_early_tank/name/short;<color=#d6d6d6>APDS-T</color>
apds_early_tank/name;Armor-Piercing, Discarding Sabot, Tracer
apds_tank/name/short;<color=#d6d6d6>APDS-T</color>
apds_tank/name;Armor-Piercing, Discarding Sabot, Tracer
apds_l15_tank/name/short;<color=#d6d6d6>APDS-T</color>
apds_l15_tank/name;Armor-Piercing, Discarding Sabot, Tracer
apds_autocannon/name/short;<color=#d6d6d6>APDS-T</color>
apds_autocannon/name;Armor-Piercing, Discarding Sabot, Tracer
apds_fs_tank/name/short;<color=#d6d6d6>APFSDS-T</color>
apds_fs_tank/name;Armor-Piercing Fin-Stabilized Discarding Sabot Tracer
apds_fs_long_tank/name/short;<color=#d6d6d6>APFSDS-T</color>
apds_fs_long_tank/name;Armor-Piercing Fin-Stabilized Discarding Sabot Tracer
apds_fs_full_body_steel_tank/name/short;<color=#d6d6d6>APFSDS-T</color>
apds_fs_full_body_steel_tank/name;Armor-Piercing Fin-Stabilized Discarding Sabot Tracer
apds_fs_tungsten_small_core_tank/name/short;<color=#d6d6d6>APFSDS-T</color>
apds_fs_tungsten_small_core_tank/name;Armor-Piercing Fin-Stabilized Discarding Sabot Tracer
apds_fs_tungsten_caliber_fins_tank/name/short;<color=#d6d6d6>APFSDS-T</color>
apds_fs_tungsten_caliber_fins_tank/name;Armor-Piercing Fin-Stabilized Discarding Sabot Tracer
apds_fs_tungsten_l10_l15_tank/name/short;<color=#d6d6d6>APFSDS-T</color>
apds_fs_tungsten_l10_l15_tank/name;Armor-Piercing Fin-Stabilized Discarding Sabot Tracer
apds_fs_long_l30_tank/name/short;<color=#d6d6d6>APFSDS-T</color>
apds_fs_long_l30_tank/name;Armor-Piercing Fin-Stabilized Discarding Sabot Tracer
;
atgm_tank/name/short;<color=#d6d6d6>ATGM</color>
atgm_tank/name;Anti-Tank Guided Missile
atgm_tandem_tank/name/short;<color=#d6d6d6>ATGM</color>
atgm_tandem_tank/name;Anti-Tank Guided Missile [Tandem]
atgm_ke_tank/name/short;<color=#d6d6d6>ATGM</color>
atgm_ke_tank/name;Anti-Tank Guided Missile [Kinetic]
atgm_he_tank/name/short;<color=#d6d6d6>ATGM-HE</color>
atgm_he_tank/name;Anti-Tank Guided Missile [High-Explosive]
atgm_vt_fuze_tank/name/short;<color=#d6d6d6>ATGM-VT</color>
atgm_vt_fuze_tank/name;Anti-Tank Guided Missile [Variable Time Fuze]
;
he_grenade_tank/name/short;<color=#d6d6d6>HEF</color>
he_grenade_tank/name;High-Explosive, Fragmentation
he_at_grenade/name/short;<color=#d6d6d6>HEAT</color>
he_at_grenade/name;High-Explosive, Anti-Tank
heat_grenade_tank/name/short;<color=#d6d6d6>HEAT</color>
heat_grenade_tank/name;High-Explosive, Anti-Tank
;
practice_tank/name/short;<color=#7b9fb5>TP</color>
practice_tank/name;Target Practice
tphv_tank/name/short;<color=#7b9fb5>HV-TP</color>
tphv_tank/name;High-Velocity, Target Practice
tp_tank/name/short;<color=#7b9fb5>HE-TP</color>
tp_tank/name;High-Explosive, Target Practice
shrapnel_tank/name/short;<color=#d6d6d6>Shrapnel</color>
shrapnel_tank/name;Shrapnel
ahead/name/short;<color=#d6d6d6>AHEAD</color>
ahead/name;Advanced Hit Efficiency And Destruction
ahead_tank/name/short;<color=#d6d6d6>AHEAD</color>
ahead_tank/name;Advanced Hit Efficiency And Destruction
sam_tank/name/short;<color=#d6d6d6>SAM</color>
sam_tank/name;Surface-to-Air Missile
napalm_tank/name/short;<color=#d6d6d6>INC</color>
napalm_tank/name;Incendiary Mixture
;
;
;
common_tank/name/short;<color=#d6d6d6>C</color>
common_tank/name;Common
special_common_tank/name/short;<color=#d6d6d6>SP C</color>
special_common_tank/name;Special Common
;
;
t_ball_M48A2/name/short;S
t_ball_M48A2/name;M48A2 spotter-tracer bullet
t_ball_M48A2;M48A2
rocket_tank/name/short;R
rocket_tank/name;Rocket
heat_fs_rocket/name/short;Rockets
heat_fs_rocket/name;Unguided rockets
;
;
;
<Weapon Types>;
;
weapons_types/short/guns;M
weapons_types/short/cannons;C
weapons_types/short/turrets;T
weapons_types/short/rockets;R
weapons_types/short/bombs;B
weapons_types/short/torpedoes;T
weapons_types/short/separator;/
weapons_types/short/separatorVertical;|
weapons_types/guns;MG
weapons_types/additional gun;MG
weapons_types/cannons;cannon
weapons_types/turrets;turret
weapons_types/in_turret;in turret
weapons_types/bombs;bomb
weapons_types/torpedoes;torpedo
weapons_types/rockets;rocket
weapons/drop_speed_range;Drop speed range: %s
weapons/drop_height_range;Drop altitude range: %s
;
;
;
<Explosive Types>;
;
explosiveType/ph_salz_h10;PH-Salz and H.10
explosiveType/oshiyaku;Oshiyaku
explosiveType/rdx_tnt;RDX/TNT
explosiveType/octol_tnt;Octol/TNT
explosiveType/explosive_d;Explosive D
explosiveType/sw_39a;SW39a
explosiveType/tp_97;Type 97
explosiveType/tp_91;Type 91
explosiveType/tp_88;Type 88
explosiveType/picric_acid_tnt;Picric acid/TNT 34/66
explosiveType/picric_acid;Picric acid
explosiveType/shellite;Shellite
explosiveType/dd;DD
explosiveType/mmn;MMn
explosiveType/rdx;RDX
explosiveType/rdx_aluminium;RDX/Aluminium
explosiveType/h761;H 761
explosiveType/ha_41;HA 41
explosiveType/tga_16;TGA-16
explosiveType/tgaf_5;TGAF-5
explosiveType/tgaf_5m;TGAF-5M
explosiveType/smoke_composition;Smoke composition
explosiveType/rdx_pwx;RDX/PWX
explosiveType/tna;TNA
explosiveType/tetryl_bpp;Tetryl and B.P.P.
explosiveType/h5_fp02;H.5 and Fp.02
explosiveType/tnt_a_ix_2;TNT and A-IX-2
explosiveType/jh_2;JH-2
explosiveType/fp10_np10;Fp.10 and Np.10
explosiveType/lyddit;Lyddite
explosiveType/shimose;Shimose
explosiveType/torpex;Torpex
explosiveType/trialen_105;Trialen 105
explosiveType/hbx;HBX
explosiveType/hta;HTA
explosiveType/hta_petn;HTA/PETN
explosiveType/rdx_petn;RDX/PETN
explosiveType/napalm;Napalm-B
explosiveType/napalm_gel;Napalm
explosiveType/sks;CKC
explosiveType/fp_02;FP 02
explosiveType/octogel;Oktogel
explosiveType/aerea_64057;Aerea 64057
explosiveType/pentolite;Pentolite
explosiveType/detonite;Detonite
explosiveType/comp_b;Composition B
explosiveType/amatol_tnt;Amatol and TNT
explosiveType/amatol;Amatol
explosiveType/exp_d_tetryl;Exp.D and tetryl
explosiveType/exp_d;Exp. D
explosiveType/fp60_40;Fp.60/40
explosiveType/fp02;Fp.02
explosiveType/fp02_tetraxhlornaphtalin;Fp.02 and naphthalene tetrachloride
explosiveType/tnt;TNT
explosiveType/tetryl;Tetryl
explosiveType/tritonal;Tritonal
explosiveType/pbxn_110;PBXN-110
explosiveType/pbxn_102;PBXN-102
explosiveType/pbxn_5;PBXN-5
explosiveType/pbxn_4;PBXN-4
explosiveType/pbxn_3;PBXN-3
explosiveType/liEx_S13df;Liquid explosives
explosiveType/ph_salz;EDNA
explosiveType/hexal;Hexal
explosiveType/a_ix_2;A-IX-2
explosiveType/mc;MC
explosiveType/a_ix_1;A-IX-1
explosiveType/h10;H.10
explosiveType/h5;H.5
explosiveType/comp_h6;Comp. H6
explosiveType/comp_a4w;Comp. A-4W
explosiveType/s_r_379;Comp. S.R. 379
explosiveType/np_10;Np.10
explosiveType/np_15;Np.15
explosiveType/petn;PETN
explosiveType/ocfol;OKFOL
explosiveType/clx_663;CLX663
explosiveType/octol;Octol
explosiveType/hmx;HMX
explosiveType/lx14;LX-14
explosiveType/fp02_np10;Fp.02 and Np.10
explosiveType/comp_a;Comp. A
explosiveType/nitrolit;Nitrolite
explosiveType/tg_40;TG-40
explosiveType/tg_20;TG-20
explosiveType/hlp_n;HLP-N
explosiveType/minol;Minol
explosiveType/okfol_20;OKFOL-20
explosiveType/melinite;Melinite
explosiveType/mn_f_dn;Melinite 80/20
explosiveType/tgag_5;TGAG-5
explosiveType/cyclonite;Cyclonite
explosiveType/trianilite;Trianilite
explosiveType/trialen_106;Trialen 106
explosiveType/fp15;Fp.15
explosiveType/nipolit;Nipolit
explosiveType/pbxn_9;PBXN-9
explosiveType/XP3264;XP3264
;
;
;
<AAM>;
;
weapons/us_aim4a_falcon/short;AIM-4A
weapons/us_aim4a_falcon;Guided Missile, Air to Air, AIM-4A Falcon
weapons/us_aim4d_falcon/short;AIM-4D
weapons/us_aim4d_falcon;Guided Missile, Air to Air, AIM-4D Falcon
weapons/us_aim4f_falcon/short;AIM-4F
weapons/us_aim4f_falcon;Guided Missile, Air to Air, AIM-4F Super Falcon
weapons/us_aim4g_falcon/short;AIM-4G
weapons/us_aim4g_falcon;Guided Missile, Air to Air, AIM-4G Super Falcon
weapons/us_aim7c_sparrow/short;AIM-7C
weapons/us_aim7c_sparrow;Guided Missile, Air to Air, AIM-7C Sparrow
weapons/us_aim7d_sparrow/short;AIM-7D
weapons/us_aim7d_sparrow;Guided Missile, Air to Air, AIM-7D Sparrow
weapons/us_aim7e_sparrow/short;AIM-7E
weapons/us_aim7e_sparrow;Guided Missile, Air to Air, AIM-7E Sparrow
weapons/us_aim7e2_dogfight_sparrow/short;AIM-7E-2
weapons/us_aim7e2_dogfight_sparrow;Guided Missile, Air to Air, AIM-7E-2 Sparrow
weapons/us_aim7f_sparrow/short;AIM-7F
weapons/us_aim7f_sparrow;Guided Missile, Air to Air, AIM-7F Sparrow
weapons/us_aim7f_sparrow_f_14/short;AIM-7F
weapons/us_aim7f_sparrow_f_14;Guided Missile, Air to Air, AIM-7F Sparrow
weapons/us_aim7f_sparrow_fa_18/short;AIM-7F
weapons/us_aim7f_sparrow_fa_18;Guided Missile, Air to Air, AIM-7F Sparrow
weapons/us_aim7m_sparrow/short;AIM-7M
weapons/us_aim7m_sparrow;Guided Missile, Air to Air, AIM-7M Sparrow
weapons/us_aim7m_sparrow_f_14/short;AIM-7M
weapons/us_aim7m_sparrow_f_14;Guided Missile, Air to Air, AIM-7M Sparrow
weapons/us_aim7m_sparrow_f_15/short;AIM-7M
weapons/us_aim7m_sparrow_f_15;Guided Missile, Air to Air, AIM-7M Sparrow
weapons/us_aim7m_sparrow_f_16/short;AIM-7M
weapons/us_aim7m_sparrow_f_16;Guided Missile, Air to Air, AIM-7M Sparrow
weapons/us_aim7m_sparrow_fa_18/short;AIM-7M
weapons/us_aim7m_sparrow_fa_18;Guided Missile, Air to Air, AIM-7M Sparrow
weapons/us_aim7p_sparrow_fa_18/short;AIM-7P-2
weapons/us_aim7p_sparrow_fa_18;Guided Missile, Air to Air, AIM-7P-2 Sparrow
weapons/us_aim9b_sidewinder/short;AIM-9B
weapons/us_aim9b_sidewinder;Guided Missile, Air to Air, AIM-9B Sidewinder
weapons/us_aim9c_sidewinder/short;AIM-9C
weapons/us_aim9c_sidewinder;Guided Missile, Air to Air, AIM-9C Sidewinder
weapons/us_aim9d_sidewinder/short;AIM-9D
weapons/us_aim9d_sidewinder;Guided Missile, Air to Air, AIM-9D Sidewinder
weapons/us_aim9e_sidewinder/short;AIM-9E
weapons/us_aim9e_sidewinder;Guided Missile, Air to Air, AIM-9E Sidewinder
weapons/us_aim9b_fgw_2_sidewinder/short;AIM-9F
weapons/us_aim9b_fgw_2_sidewinder;Guided Missile, Air to Air, AIM-9F Sidewinder
weapons/us_aim9g_sidewinder/short;AIM-9G
weapons/us_aim9g_sidewinder;Guided Missile, Air to Air, AIM-9G Sidewinder
weapons/us_aim9h_sidewinder/short;AIM-9H
weapons/us_aim9h_sidewinder;Guided Missile, Air to Air, AIM-9H Sidewinder
weapons/us_aim9j_sidewinder/short;AIM-9J
weapons/us_aim9j_sidewinder;Guided Missile, Air to Air, AIM-9J Sidewinder
weapons/us_aim9l_sidewinder/short;AIM-9L
weapons/us_aim9l_sidewinder;Guided Missile, Air to Air, AIM-9L Sidewinder
weapons/us_aim9l_sidewinder_bol_pod/short;AIM-9L
weapons/us_aim9l_sidewinder_bol_pod;Guided Missile, Air to Air, AIM-9L Sidewinder
weapons/us_aim9l_i_sidewinder/short;AIM-9L/I
weapons/us_aim9l_i_sidewinder;Guided Missile, Air to Air, AIM-9L/I Sidewinder
weapons/us_aim9l_i_1_sidewinder/short;AIM-9L/I-1
weapons/us_aim9l_i_1_sidewinder;Guided Missile, Air to Air, AIM-9L/I-1 Sidewinder
weapons/us_aim9m_sidewinder/short;AIM-9M-4
weapons/us_aim9m_sidewinder;Guided Missile, Air to Air, AIM-9M-4 Sidewinder
weapons/us_aim9m_sidewinder_bol_pod/short;AIM-9M-4
weapons/us_aim9m_sidewinder_bol_pod;Guided Missile, Air to Air, AIM-9M-4 Sidewinder
weapons/us_aim9n_sidewinder/short;AIM-9N
weapons/us_aim9n_sidewinder;Guided Missile, Air to Air, AIM-9N Sidewinder
weapons/us_aim9p_sidewinder/short;AIM-9P-1
weapons/us_aim9p_sidewinder;Guided Missile, Air to Air, AIM-9P-1 Sidewinder
weapons/us_aim9p4_sidewinder/short;AIM-9P-4
weapons/us_aim9p4_sidewinder;Guided Missile, Air to Air, AIM-9P-4 Sidewinder
weapons/us_aim9p5_sidewinder/short;AIM-9P-5
weapons/us_aim9p5_sidewinder;Guided Missile, Air to Air, AIM-9P-5 Sidewinder
weapons/us_aim_9x/short;AIM-9X
weapons/us_aim_9x;Guided Missile, Air to Air, AIM-9X Sidewinder
weapons/us_aim_9x_block_2/short;AIM-9X-2
weapons/us_aim_9x_block_2;Guided Missile, Air to Air, AIM-9X-2 Sidewinder
weapons/us_aim_26b/short;AIM-26B
weapons/us_aim_26b;Guided Missile, Air to Air, AIM-26B Falcon
weapons/us_aim_54a/short;AIM-54A
weapons/us_aim_54a;Guided Missile, Air to Air, AIM-54A (MK 47) Phoenix
weapons/us_aim_54c/short;AIM-54C
weapons/us_aim_54c;Guided Missile, Air to Air, AIM-54C (MK 47) Phoenix
weapons/us_aim_54c_plus/short;AIM-54C+
weapons/us_aim_54c_plus;Guided Missile, Air to Air, AIM-54C+ (MK 47) High Power Phoenix
weapons/us_aim_120a/short;AIM-120A
weapons/us_aim_120a;Guided Missile, Air to Air, AIM-120A AMRAAM
weapons/us_aim_120b/short;AIM-120B
weapons/us_aim_120b;Guided Missile, Air to Air, AIM-120B AMRAAM
weapons/us_aim_120b_bol_pod/short;AIM-120B
weapons/us_aim_120b_bol_pod;Guided Missile, Air to Air, AIM-120B AMRAAM
weapons/us_aim_120c_5/short;AIM-120C-5
weapons/us_aim_120c_5;Guided Missile, Air to Air, AIM-120C-5 AMRAAM
weapons/us_aim_120c_7/short;AIM-120C-7
weapons/us_aim_120c_7;Guided Missile, Air to Air, AIM-120C-7 AMRAAM
weapons/us_aim_120d/short;AIM-120D-1
weapons/us_aim_120d;Guided Missile, Air to Air, AIM-120D-1 AMRAAM
weapons/us_aim92_stinger/short;ATAS
weapons/us_aim92_stinger;Air-to-air Stinger
weapons/us_aim92_stinger_left/short;ATAS
weapons/us_aim92_stinger_left;Air-to-air Stinger
weapons/us_aim92_stinger_right/short;ATAS
weapons/us_aim92_stinger_right;Air-to-air Stinger
weapons/us_aim92_stinger_atas_tiger/short;ATAS
weapons/us_aim92_stinger_atas_tiger;Air-to-air Stinger
weapons/ir_sedjil/short;Sajīl
weapons/ir_sedjil;AIM-23C Sajīl
weapons/ir_fakour_90/short;Fakūr-90
weapons/ir_fakour_90;AIM-23B Fakūr-90
;
weapons/sws_flz_lwf_63/short;Flz.Lwf. LL 63
weapons/sws_flz_lwf_63;Flugzeug Lenkwaffe Luft-Luft 63 SIWA
weapons/sws_flz_lwf_63_75/short;Flz.Lwf. LL 63/75
weapons/sws_flz_lwf_63_75;Flugzeug Lenkwaffe Luft-Luft 63/75 SIWA
weapons/sws_flz_lwf_63_80/short;Flz.Lwf. LL 63/80
weapons/sws_flz_lwf_63_80;Flugzeug Lenkwaffe Luft-Luft 63/80 SIWA
weapons/sws_flz_lwf_63_90/short;Flz.Lwf. LL 63/90
weapons/sws_flz_lwf_63_90;Flugzeug Lenkwaffe Luft-Luft 63/90 SIWA
weapons/sws_flz_lwf_63_91/short;Flz.Lwf. LL 63/91
weapons/sws_flz_lwf_63_91;Flugzeug Lenkwaffe Luft-Luft 63/91 SIWA
weapons/sws_flz_lwf_ll_64/short;Flz.Lwf. LL 64/79
weapons/sws_flz_lwf_ll_64;Flugzeug Lenkwaffe Luft-Luft 64/79 FALCO
weapons/us_aim_120b_switzerland/short;Flz.Lwf. LL 97
weapons/us_aim_120b_switzerland;Flugzeug Lenkwaffe Luft-Luft 97 AMRAAM
weapons/us_aim_120c_5_switzerland/short;Flz.Lwf. LL 97/17
weapons/us_aim_120c_5_switzerland;Flugzeug Lenkwaffe Luft-Luft 97/17 AMRAAM
;
weapons/su_r_3s/short;R-3S
weapons/su_r_3s;Izd.310 | R-3S
weapons/su_r_3r/short;R-3R
weapons/su_r_3r;Izd.320 | R-3R
weapons/su_r_13m/short;R-13M
weapons/su_r_13m;Izd.380 | R-13M
weapons/su_r_13m1/short;R-13M1
weapons/su_r_13m1;Izd.380M | R-13M1
weapons/su_r_23r/short;R-23R
weapons/su_r_23r;Izd.340 | R-23R
weapons/su_r_23t/short;R-23T
weapons/su_r_23t;Izd.360 | R-23T
weapons/su_r_24r/short;R-24R
weapons/su_r_24r;Izd.140 | R-24R
weapons/su_r_24t/short;R-24T
weapons/su_r_24t;Izd.160 | R-24T
weapons/su_r_27r/short;R-27R
weapons/su_r_27r;Izd.470-1 | R-27R
weapons/su_r_27r1/short;R-27R1
weapons/su_r_27r1;Izd.470-1 | R-27R1
weapons/su_r_27t/short;R-27T
weapons/su_r_27t;Izd.470-3 | R-27T
weapons/su_r_27t1/short;R-27T1
weapons/su_r_27t1;Izd.470-3 | R-27T1
weapons/su_r_27er/short;R-27ER
weapons/su_r_27er;Izd.470-1E | R-27ER
weapons/su_r_27er1/short;R-27ER1
weapons/su_r_27er1;Izd.470-1E | R-27ER1
weapons/su_r_27et/short;R-27ET
weapons/su_r_27et;Izd.470-3E | R-27ET
weapons/su_r_27et1/short;R-27ET1
weapons/su_r_27et1;Izd.470-3E | R-27ET1
weapons/su_r_40rd/short;R-40RD
weapons/su_r_40rd;Izd.46RD | R-40RD
weapons/su_r_40td/short;R-40TD
weapons/su_r_40td;Izd.46TD | R-40TD
weapons/su_r_60/short;R-60
weapons/su_r_60;Izd.62 | R-60
weapons/su_r_60m/short;R-60M
weapons/su_r_60m;Izd.62M | R-60M
weapons/su_r_60mk/short;R-60MK
weapons/su_r_60mk;Izd.62M | R-60MK
weapons/su_r_73/short;R-73
weapons/su_r_73;Izd.72 | R-73
weapons/su_r_73e/short;R-73E
weapons/su_r_73e;Izd.72 | R-73
weapons/su_r_77/short;R-77
weapons/su_r_77;Izd.170 | R-77
weapons/su_r_77_1/short;R-77-1
weapons/su_r_77_1;Izd.170-1 | R-77-1
weapons/su_rvv_ae/short;RVV-AE
weapons/su_rvv_ae;Izd.190 | RVV-AE
weapons/su_rvv_sd/short;RVV-SD
weapons/su_rvv_sd;Izd.190-1 | RVV-SD
weapons/su_9M39/short;9M39V
weapons/su_9M39;9M39 Igla-V
weapons/su_9M336/short;9M336
weapons/su_9M336;9M336 Verba
;
weapons/uk_fireflash/short;Fireflash
weapons/uk_fireflash;Fireflash
weapons/uk_firestreak/short;Firestreak
weapons/uk_firestreak;Firestreak
weapons/uk_firestreak_Javelin/short;Firestreak
weapons/uk_firestreak_Javelin;Firestreak
weapons/uk_redtop/short;Red Top
weapons/uk_redtop;Red Top
weapons/uk_sraam/short;SRAAM
weapons/uk_sraam;SRAAM “Taildog”
weapons/uk_skyflash_aim_7_dogfight/short;Skyflash
weapons/uk_skyflash_aim_7_dogfight;Skyflash 3000 PreTEMP
weapons/uk_skyflash_aim_7_dogfight_tornado/short;Skyflash
weapons/uk_skyflash_aim_7_dogfight_tornado;Skyflash 3000 PreTEMP
weapons/uk_skyflash_temp/short;Skyflash SuperTEMP
weapons/uk_skyflash_temp;Skyflash 6000 SuperTEMP
weapons/us_starstreak/short;Starstreak
weapons/us_starstreak;Starstreak
weapons/r_darter/short;R-Darter
weapons/r_darter;V4A R-Darter
;
weapons/jp_aam3/short;AAM-3
weapons/jp_aam3;Type 90 | AAM-3
weapons/jp_aam4/short;AAM-4
weapons/jp_aam4;Type 99 | AAM-4
;
weapons/su_pl2/short;PL2
weapons/su_pl2;K/AKK2 | Pī Lì 2 Air-to-Air Missile
weapons/su_pl5b/short;PL5B
weapons/su_pl5b;K/AKK5B | Pī Lì 5B Air-to Air-Missile
weapons/su_pl5c/short;PL5C
weapons/su_pl5c;K/AKK5C | Pī Lì 5C Air-to-Air Missile
weapons/su_pl5e2/short;PL5EII
weapons/su_pl5e2;K/AKK5EII | Pī Lì 5EII Air-to-Air Missile
weapons/su_pl7/short;PL7
weapons/su_pl7;K/AKK7 | Pī Lì 7 Air-to-Air Missile
weapons/su_pl8/short;PL8A
weapons/su_pl8;K/AKK8 | Pī Lì 8A Air-to-Air Missile
weapons/cn_pl8b/short;PL8B
weapons/cn_pl8b;K/AKK8B | Pī Lì 8B Air-to-Air Missile
weapons/cn_pl11/short;PL11
weapons/cn_pl11;K/AKK11 | Pī Lì 11 Air-to-Air Missile
weapons/cn_pl12/short;PL12
weapons/cn_pl12;K/AKK12 | Pī Lì 12 Air-to-Air Missile
weapons/cn_pl12a/short;PL12AE
weapons/cn_pl12a;Pī Lì 12AE Air-to-Air Missile
weapons/cn_sd10a/short;SD10A
weapons/cn_sd10a;Shan Dian 10A Air-to-Air Missile
weapons/cn_pl15/short;PL15
weapons/cn_pl15;K/AKK15 | Pī Lì 15 Air-to-Air Missile
weapons/cn_ty_90/short;TY90
weapons/cn_ty_90;Tiān Yàn 90
;
weapons/it_aspide_1a/short;Aspide-1A
weapons/it_aspide_1a;Aspide-1A
weapons/ro_a91/short;A-91
weapons/ro_a91;A-91
;
weapons/fr_aa20/short;AA.20
weapons/fr_aa20;AA.20
weapons/fr_r_511_matra/short;R.511
weapons/fr_r_511_matra;R.511
weapons/fr_r_530_matra_radar/short;R.530
weapons/fr_r_530_matra_radar;R.530
weapons/fr_r_530_matra_ir/short;R.530E
weapons/fr_r_530_matra_ir;R.530E
weapons/fr_matra_super_530f/short;Super 530F
weapons/fr_matra_super_530f;Super 530F
weapons/fr_matra_super_530f_mirage_2000/short;Super 530F
weapons/fr_matra_super_530f_mirage_2000;Super 530F
weapons/fr_matra_super_530d/short;Super 530D
weapons/fr_matra_super_530d;Super 530D
weapons/fr_r_550_magic/short;Magic 1
weapons/fr_r_550_magic;R.550 Magic 1
weapons/fr_r_550_magic_2/short;Magic 2
weapons/fr_r_550_magic_2;R.550 Magic 2
weapons/fr_mica_em/short;MICA EM
weapons/fr_mica_em;MICA EM
weapons/atam_mistral/short;Mistral
weapons/atam_mistral;Mistral
weapons/atam_mistral_a129/short;Mistral
weapons/atam_mistral_a129;Mistral
;
weapons/swd_rb24/short;rb 24B
weapons/swd_rb24;jaktrobot 24B
weapons/swd_rb24j/short;rb 24J
weapons/swd_rb24j;jaktrobot 24J
weapons/swd_rb27/short;rb 27
weapons/swd_rb27;jaktrobot 27
weapons/swd_rb28/short;rb 28
weapons/swd_rb28;jaktrobot 28
weapons/swd_rb71/short;rb 71
weapons/swd_rb71;jaktrobot 71
weapons/swd_rb74/short;rb 74
weapons/swd_rb74;jaktrobot 74
weapons/swd_rb74_bol_pod/short;rb 74
weapons/swd_rb74_bol_pod;jaktrobot 74
weapons/swd_rb74m/short;rb 74 (REMO)
weapons/swd_rb74m;jaktrobot 74 (Renovation Modifikation)
weapons/swd_rb74m_bol_pod/short;rb 74 (REMO)
weapons/swd_rb74m_bol_pod;jaktrobot 74 (Renovation Modifikation)
weapons/swd_rb99/short;rb 99
weapons/swd_rb99;jaktrobot 99
;
weapons/il_shafrir_1/short;Shafrir 1
weapons/il_shafrir_1;Shafrir 1
weapons/il_shafrir_2/short;Shafrir 2
weapons/il_shafrir_2;Shafrir 2
weapons/il_pyton_3/short;Python 3
weapons/il_pyton_3;Python 3
weapons/il_pyton_4/short;Python 4
weapons/il_pyton_4;Python 4
weapons/il_python_5/short;Python 5
weapons/il_python_5;Python 5
weapons/il_derby/short;Derby
weapons/il_derby;Derby
;
;
;
<Default AAM>;
;
weapons/us_aim4f_falcon_default/short;AIM-4F
weapons/us_aim4f_falcon_default;Guided Missile, Air to Air, AIM-4F Super Falcon
weapons/us_aim4g_falcon_default/short;AIM-4G
weapons/us_aim4g_falcon_default;Guided Missile, Air to Air, AIM-4G Super Falcon
weapons/us_aim7f_sparrow_default/short;AIM-7F
weapons/us_aim7f_sparrow_default;Guided Missile, Air to Air, AIM-7F Sparrow
weapons/us_aim7m_sparrow_default/short;AIM-7M
weapons/us_aim7m_sparrow_default;Guided Missile, Air to Air, AIM-7M Sparrow
weapons/us_aim7m_sparrow_f_15_default/short;AIM-7M
weapons/us_aim7m_sparrow_f_15_default;Guided Missile, Air to Air, AIM-7M Sparrow
weapons/us_aim7p_sparrow_fa_18_default/short;AIM-7P-2
weapons/us_aim7p_sparrow_fa_18_default;Guided Missile, Air to Air, AIM-7P-2 Sparrow
weapons/us_aim9b_sidewinder_default/short;AIM-9B
weapons/us_aim9b_sidewinder_default;Guided Missile, Air to Air, AIM-9B Sidewinder
weapons/us_aim9c_sidewinder_default/short;AIM-9C
weapons/us_aim9c_sidewinder_default;Guided Missile, Air to Air, AIM-9C Sidewinder
weapons/us_aim9d_sidewinder_default/short;AIM-9D
weapons/us_aim9d_sidewinder_default;Guided Missile, Air to Air, AIM-9D Sidewinder
weapons/us_aim9e_sidewinder_default/short;AIM-9E
weapons/us_aim9e_sidewinder_default;Guided Missile, Air to Air, AIM-9E Sidewinder
weapons/us_aim9b_fgw_2_sidewinder_default/short;AIM-9F
weapons/us_aim9b_fgw_2_sidewinder_default;Guided Missile, Air to Air, AIM-9F Sidewinder
weapons/us_aim9g_sidewinder_default/short;AIM-9G
weapons/us_aim9g_sidewinder_default;Guided Missile, Air to Air, AIM-9G Sidewinder
weapons/us_aim9j_sidewinder_default/short;AIM-9J
weapons/us_aim9j_sidewinder_default;Guided Missile, Air to Air, AIM-9J Sidewinder
weapons/us_aim9l_sidewinder_default/short;AIM-9L
weapons/us_aim9l_sidewinder_default;Guided Missile, Air to Air, AIM-9L Sidewinder
weapons/us_aim9l_sidewinder_default_bol_pod/short;AIM-9L
weapons/us_aim9l_sidewinder_default_bol_pod;Guided Missile, Air to Air, AIM-9L Sidewinder
weapons/us_aim9l_i_sidewinder_default/short;AIM-9L/I
weapons/us_aim9l_i_sidewinder_default;Guided Missile, Air to Air, AIM-9L/I Sidewinder
weapons/us_aim9l_i_1_sidewinder_default/short;AIM-9L/I-1
weapons/us_aim9l_i_1_sidewinder_default;Guided Missile, Air to Air, AIM-9L/I-1 Sidewinder
weapons/us_aim9m_sidewinder_default/short;AIM-9M-4
weapons/us_aim9m_sidewinder_default;Guided Missile, Air to Air, AIM-9M-4 Sidewinder
weapons/us_aim9m_sidewinder_default_bol_pod/short;AIM-9M-4
weapons/us_aim9m_sidewinder_default_bol_pod;Guided Missile, Air to Air, AIM-9M-4 Sidewinder
weapons/us_aim9p_sidewinder_default/short;AIM-9P-1
weapons/us_aim9p_sidewinder_default;Guided Missile, Air to Air, AIM-9P-1 Sidewinder
weapons/us_aim9p4_sidewinder_default/short;AIM-9P-4
weapons/us_aim9p4_sidewinder_default;Guided Missile, Air to Air, AIM-9P-4 Sidewinder
weapons/us_aim_54a_default/short;AIM-54A
weapons/us_aim_54a_default;Guided Missile, Air to Air, AIM-54A (MK 47) Phoenix
weapons/us_aim_54c_default/short;AIM-54C
weapons/us_aim_54c_default;Guided Missile, Air to Air, AIM-54C (MK 47) Phoenix
weapons/us_aim_54c_plus_default/short;AIM-54C+
weapons/us_aim_54c_plus_default;Guided Missile, Air to Air, AIM-54C+ (MK 47) High Power Phoenix
weapons/us_aim_120a_default/short;AIM-120A
weapons/us_aim_120a_default;Guided Missile, Air to Air, AIM-120A AMRAAM
weapons/us_aim_120b_default/short;AIM-120B
weapons/us_aim_120b_default;Guided Missile, Air to Air, AIM-120B AMRAAM
weapons/us_aim_120c_5_default/short;AIM-120C-5
weapons/us_aim_120c_5_default;Guided Missile, Air to Air, AIM-120C-5 AMRAAM
weapons/us_aim_120d_default/short;AIM-120D-1
weapons/us_aim_120d_default;Guided Missile, Air to Air, AIM-120D-1 AMRAAM
;
weapons/de_x4_ruhrstahl/short;X-4
weapons/de_x4_ruhrstahl;Ruhrstahl X-4
weapons/sws_flz_lwf_63_80/short;Flz.Lwf. LL 63/80
weapons/sws_flz_lwf_63_80;Flugzeug Lenkwaffe Luft-Luft 63/80 SIWA
weapons/us_aim_120b_default_switzerland/short;Flz.Lwf. LL 97
weapons/us_aim_120b_default_switzerland;Flugzeug Lenkwaffe Luft-Luft 97 AMRAAM
weapons/us_aim_120c_5_default_switzerland/short;Flz.Lwf. LL 97/17
weapons/us_aim_120c_5_default_switzerland;Flugzeug Lenkwaffe Luft-Luft 97/17 AMRAAM
;
weapons/su_r_3s_default/short;R-3S
weapons/su_r_3s_default;Izd.310 | R-3S
weapons/su_r_3r_default/short;R-3R
weapons/su_r_3r_default;Izd.320 | R-3R
weapons/su_r_13m1_default/short;R-13M1
weapons/su_r_13m1_default;Izd.380M | R-13M1
weapons/su_r_27r_default/short;R-27R
weapons/su_r_27r_default;Izd.470-1 | R-27R
weapons/su_r_27r1_default/short;R-27R1
weapons/su_r_27r1_default;Izd.470-1 | R-27R1
weapons/su_r_27er_default/short;R-27ER
weapons/su_r_27er_default;Izd.470-1E | R-27ER
weapons/su_r_40rd_default/short;R-40RD
weapons/su_r_40rd_default;Izd.46RD | R-40RD
weapons/su_r_60_default/short;R-60
weapons/su_r_60_default;Izd.62 | R-60
weapons/su_r_60m_default/short;R-60M
weapons/su_r_60m_default;Izd.62M | R-60M
weapons/su_r_60mk_default/short;R-60MK
weapons/su_r_60mk_default;Izd.62M | R-60MK
weapons/su_r_73_default/short;R-73
weapons/su_r_73_default;Izd.72 | R-73
weapons/su_r_73e_default/short;R-73E
weapons/su_r_73e_default;Izd.72 | R-73E
weapons/su_r_77_default/short;R-77
weapons/su_r_77_default;Izd.170 | R-77
weapons/su_r_77_1_default/short;R-77-1
weapons/su_r_77_1_default;Izd.170-1 | R-77-1
weapons/su_rvv_ae_default/short;RVV-AE
weapons/su_rvv_ae_default;Izd.190 | RVV-AE
weapons/su_rvv_sd_default/short;RVV-SD
weapons/su_rvv_sd_default;Izd.190-1 | RVV-SD
;
weapons/uk_firestreak_default/short;Firestreak
weapons/uk_firestreak_default;Firestreak
weapons/uk_sraam_default/short;SRAAM
weapons/uk_sraam_default;SRAAM “Taildog”
weapons/uk_skyflash_aim_7_dogfight_default/short;Skyflash
weapons/uk_skyflash_aim_7_dogfight_default;Skyflash 3000 PreTEMP
weapons/uk_skyflash_aim_7_dogfight_tornado_default/short;Skyflash
weapons/uk_skyflash_aim_7_dogfight_tornado_default;Skyflash 3000 PreTEMP
weapons/r_darter_default/short;R-Darter
weapons/r_darter_default;V4 R-Darter
;
weapons/jp_aam3_default/short;AAM-3
weapons/jp_aam3_default;Type 90 | AAM-3
weapons/jp_aam4_default/short;AAM-4
weapons/jp_aam4_default;Type 99 | AAM-4
;
weapons/su_pl2_default/short;PL2
weapons/su_pl2_default;K/AKK2 | Pī Lì 2 Air-to-Air Missile
weapons/su_pl5b_default/short;PL5B
weapons/su_pl5b_default;K/AKK5B | Pī Lì 5B Air-to Air-Missile
weapons/su_pl5c_default/short;PL5C
weapons/su_pl5c_default;K/AKK5C | Pī Lì 5C Air-to-Air Missile
weapons/su_pl5e2_default/short;PL5EII
weapons/su_pl5e2_default;K/AKK5EII | Pī Lì 5EII Air-to-Air Missile
weapons/su_pl8_default/short;PL8A
weapons/su_pl8_default;K/AKK8 | Pī Lì 8A Air-to-Air Missile
weapons/cn_pl8b_default/short;PL8B
weapons/cn_pl8b_default;K/AKK8B | Pī Lì 8B Air-to-Air Missile
weapons/cn_pl12_default/short;PL12
weapons/cn_pl12_default;K/AKK12 | Pī Lì 12 Air-to-Air Missile
weapons/cn_pl12a_default/short;PL12AE
weapons/cn_pl12a_default;Pī Lì 12AE Air-to-Air Missile
weapons/cn_sd10a_default/short;SD10A
weapons/cn_sd10a_default;Shan Dian 10A Air-to-Air Missile
weapons/cn_pl15_default/short;PL15
weapons/cn_pl15_default;K/AKK15 | Pī Lì 15 Air-to-Air Missile
;
weapons/br_maa_1_default/short;MAA-1A
weapons/br_maa_1_default;MAA-1A Piranha
weapons/ro_a91_default/short;A-91
weapons/ro_a91_default;A-91
;
weapons/fr_matra_super_530f_default/short;Super 530F
weapons/fr_matra_super_530f_default;Super 530F
weapons/fr_matra_super_530f_mirage_2000/short;Super 530F
weapons/fr_matra_super_530f_mirage_2000;Super 530F
weapons/fr_matra_super_530f_mirage_2000_default/short;Super 530F
weapons/fr_matra_super_530f_mirage_2000_default;Super 530F
weapons/fr_matra_super_530d_default/short;Super 530D
weapons/fr_matra_super_530d_default;Super 530D
weapons/fr_r_550_magic_2_default/short;Magic 2
weapons/fr_r_550_magic_2_default;R.550 Magic 2
weapons/fr_mica_em_default/short;MICA EM
weapons/fr_mica_em_default;MICA EM
;
weapons/swd_rb24_default/short;rb 24B
weapons/swd_rb24_default;jaktrobot 24B
weapons/swd_rb24j_default/short;rb 24J
weapons/swd_rb24j_default;jaktrobot 24J
weapons/swd_rb71_default/short;rb 71
weapons/swd_rb71_default;jaktrobot 71
weapons/swd_rb74_default/short;rb 74
weapons/swd_rb74_default;jaktrobot 74
weapons/swd_rb74m_default/short;rb 74 (REMO)
weapons/swd_rb74m_default;jaktrobot 74 (Renovation Modifikation)
weapons/swd_rb99_default/short;rb 99
weapons/swd_rb99_default;jaktrobot 99
;
weapons/il_shafrir_2_default/short;Shafrir 2
weapons/il_shafrir_2_default;Shafrir 2
weapons/il_pyton_3_default/short;Python 3
weapons/il_pyton_3_default;Python 3
weapons/il_derby_default/short;Derby
weapons/il_derby_default;Derby
;
;
;
<AGM>;
;
weapons/us_agm_12b_bullpup/short;AGM-12B
weapons/us_agm_12b_bullpup;Guided Missile, Air to Ground, AGM-12B Bullpup
weapons/us_agm_12b_bullpup_heli/short;AGM-12B
weapons/us_agm_12b_bullpup_heli;Guided Missile, Air to Ground, AGM-12B Bullpup
weapons/us_agm_12c_bullpup/short;AGM-12C
weapons/us_agm_12c_bullpup;Guided Missile, Air to Ground, AGM-12C Bullpup
weapons/us_AGM_22/short;AGM-22
weapons/us_AGM_22;Guided Missile, Air to Ground, AGM-22
weapons/us_agm_62a/short;AGM-62A
weapons/us_agm_62a;Bomb, Guided, AGM-62A Walleye I
weapons/us_agm_62a_er/short;AGM-62A ER
weapons/us_agm_62a_er;Bomb, Guided, AGM-62A Walleye I ER
weapons/us_agm_62a_2_erdl/short;AGM-62B ER/DL
weapons/us_agm_62a_2_erdl;Bomb, Guided, AGM-62B Walleye II ER/DL
weapons/us_agm_65a/short;AGM-65A
weapons/us_agm_65a;Guided Missile, Air to Ground, AGM-65A Maverick
weapons/us_agm_65b/short;AGM-65B
weapons/us_agm_65b;Guided Missile, Air to Ground, AGM-65B Maverick
weapons/us_agm_65d/short;AGM-65D
weapons/us_agm_65d;Guided Missile, Air to Ground, AGM-65D Maverick
weapons/us_agm_65e/short;AGM-65E
weapons/us_agm_65e;Guided Missile, Air to Ground, AGM-65E Maverick
weapons/us_agm_65e2/short;AGM-65E2
weapons/us_agm_65e2;Guided Missile, Air to Ground, AGM-65E2 Maverick
weapons/us_agm_65f/short;AGM-65F
weapons/us_agm_65f;Guided Missile, Air to Ground, AGM-65F Maverick
weapons/us_agm_65g/short;AGM-65G
weapons/us_agm_65g;Guided Missile, Air to Ground, AGM-65G Maverick
weapons/us_agm_65h/short;AGM-65H
weapons/us_agm_65h;Guided Missile, Air to Ground, AGM-65H Maverick
weapons/us_agm_65k/short;AGM-65K
weapons/us_agm_65k;Guided Missile, Air to Ground, AGM-65K Maverick
weapons/us_agm_65l/short;AGM-65L
weapons/us_agm_65l;Guided Missile, Air to Ground, AGM-65L Maverick
weapons/us_agm_84h_slam_er/short;AGM-84H-1
weapons/us_agm_84h_slam_er;Guided Missile, Air to Ground, AGM-84H-1 SLAM-ER
weapons/us_hellfire_agm_114_b/short;AGM-114B
weapons/us_hellfire_agm_114_b;Guided Missile, Air to Ground, AGM-114B Hellfire
weapons/us_hellfire_agm_114_c/short;AGM-114C
weapons/us_hellfire_agm_114_c;Guided Missile, Air to Ground, AGM-114C Hellfire
weapons/us_hellfire_agm_114_k/short;AGM-114K
weapons/us_hellfire_agm_114_k;Guided Missile, Air to Ground, AGM-114K Hellfire II
weapons/us_agm_123/short;AGM-123A
weapons/us_agm_123;Guided Missile, Air to Ground, AGM-123A Skipper
weapons/us_2000lb_agm_130a/short;AGM-130A
weapons/us_2000lb_agm_130a;Guided Missile, Air to Ground, AGM-130A
weapons/us_2000lb_agm_130a_12/short;AGM-130A-12
weapons/us_2000lb_agm_130a_12;Guided Missile, Air to Ground, AGM-130A-12
weapons/us_2000lb_agm_130c/short;AGM-130C
weapons/us_2000lb_agm_130c;Guided Missile, Air to Ground, AGM-130C
weapons/us_agm_154a1_jsow/short;AGM-154A-1
weapons/us_agm_154a1_jsow;Bomb, Guided, AGM-154A-1 JSOW-A1
weapons/us_agm_179_mr_ir/short;AGM-179D (IR)
weapons/us_agm_179_mr_ir;Guided Missile, Air to Ground, AGM-179D JAGM-MR (Near Infrared Mode)
weapons/us_agm_179_mr_sal/short;AGM-179D (SAL)
weapons/us_agm_179_mr_sal;Guided Missile, Air to Ground, AGM-179D JAGM-MR (Semi-Active Laser Mode)
weapons/us_bgm_71_tow_heli/short;BGM-71C
weapons/us_bgm_71_tow_heli;Guided Missile, Air to Ground, BGM-71C Improved TOW
weapons/us_bgm_71_tow2_heli/short;BGM-71D
weapons/us_bgm_71_tow2_heli;Guided Missile, Air to Ground, BGM-71D TOW-2
weapons/us_apkws_m151;AGR-20A Advanced Precision Kill Weapon System
weapons/us_apkws_m151/short;AGR-20A
weapons/us_apkws_m282;AGR-20B Advanced Precision Kill Weapon System
weapons/us_apkws_m282/short;AGR-20B
;
weapons/fr_as30_switzerland/short;Flz.Lwf. LB 66
weapons/fr_as30_switzerland;Flugzeug Lenkwaffe Luft-Boden 66 NORAS
weapons/sws_flz_lwf_lb_82/short;Flz.Lwf. LB 82
weapons/sws_flz_lwf_lb_82;Flugzeug Lenkwaffe Luft-Boden 82
weapons/euro_hot/short;HOT
weapons/euro_hot;HOT
weapons/euro_hot2/short;HOT-2
weapons/euro_hot2;HOT-2
weapons/euro_hot3/short;HOT-3
weapons/euro_hot3;HOT-3
weapons/euro_atgw3/short;PARS 3 LR
weapons/euro_atgw3;PARS 3 LR
;
weapons/su_kh_23m/short;Kh-23M
weapons/su_kh_23m;Izd.68 | Kh-23 Grom
weapons/su_kh_25/short;Kh-25
weapons/su_kh_25;Izd.69 | Kh-25
weapons/su_kh_25_haslaserchannel/short;Kh-25
weapons/su_kh_25_haslaserchannel;Izd.69 | Kh-25L
weapons/su_kh_25ml/short;Kh-25ML
weapons/su_kh_25ml;Izd.713 | Kh-25ML
weapons/su_kh_29l/short;Kh-29L
weapons/su_kh_29l;Izd.63 | Kh-29L
weapons/su_kh_29l_notlaserchannel/short;Kh-29L
weapons/su_kh_29l_notlaserchannel;Izd.63 | Kh-29L
weapons/su_kh_29t/short;Kh-29T
weapons/su_kh_29t;Izd.64 | Kh-29T
weapons/su_kh_29td/short;Kh-29TD
weapons/su_kh_29td;Izd.64 | Kh-29TD
weapons/su_kh_29te/short;Kh-29TE
weapons/su_kh_29te;Izd.64 | Kh-29TE
weapons/su_grom_1/short;Grom-1
weapons/su_grom_1;Kh-36 Grom-1
weapons/su_grom_2/short;Grom-2
weapons/su_grom_2;UPAB Kh-36 Grom-2
weapons/su_grom_e2/short;Grom-E2
weapons/su_grom_e2;UPAB Grom-E2
weapons/su_kh_38ml/short;Kh-38ML
weapons/su_kh_38ml;Izd.65 | Kh-38ML
weapons/su_kh_38mle/short;Kh-38MLE
weapons/su_kh_38mle;Izd.65 | Kh-38MLE
weapons/su_kh_38mt/short;Kh-38MT
weapons/su_kh_38mt;Izd.65 | Kh-38MT
weapons/su_kh_38mte/short;Kh-38MTE
weapons/su_kh_38mte;Izd.65 | Kh-38MTE
weapons/su_lmur/short;Kh-39
weapons/su_lmur;Izd.305 | Kh-39 LMUR
weapons/su_kh_59/short;Kh-59
weapons/su_kh_59;Izd.D-9 | Kh-59 Ovod
weapons/su_kh_59m/short;Kh-59M
weapons/su_kh_59m;Izd. D-9M | Kh-59M Ovod-M
weapons/su_kh_59me/short;Kh-59ME
weapons/su_kh_59me;Izd. D-9ME | Kh-59ME Ovod-ME
weapons/su_kh_59mk/short;Kh-59MK
weapons/su_kh_59mk;Izd.D-9M | Kh-59MK Ovod-MK
weapons/su_kh_59mke/short;Kh-59MKE
weapons/su_kh_59mke;Izd.D-9M | Kh-59MKE Ovod-MKE
weapons/su_kh_66/short;Kh-66
weapons/su_kh_66;Izd.66 | Kh-66
weapons/su_9M14M/short;9M14M
weapons/su_9M14M;9K14M | 9M14M Malyutka-M
weapons/su_9M14-2/short;9M14-2
weapons/su_9M14-2;9K14-2 | 9M14-2 Malyutka-2
weapons/su_9M17M/short;9M17M
weapons/su_9M17M;9K8 | 9M17M Falanga-M
weapons/su_9M17P/short;9M17P
weapons/su_9M17P;9K8 | 9M17P Falanga-PV
weapons/su_9M114/short;9M114
weapons/su_9M114;9K113 | 9M114 Shturm
weapons/su_9M120/short;9M120
weapons/su_9M120;9K120 | 9M120 Ataka
weapons/su_9M120M/short;9M120
weapons/su_9M120M;9K120 | 9M120 Ataka
weapons/su_9M120M_laser_guided/short;9M120-1
weapons/su_9M120M_laser_guided;9K120 | 9M120-1 Ataka-T
weapons/su_9M120M_laser_guided_default/short;9M120-1
weapons/su_9M120M_laser_guided_default;9K120 | 9M120-1 Ataka-T
weapons/su_9M123/short;9M123M
weapons/su_9M123;9K123 | 9M123M Khrizantema-M
weapons/su_9M127/short;9M127
weapons/su_9M127;9K121 | 9M127 Vikhr
weapons/su_9m127_1/short;9M127-1
weapons/su_9m127_1;9K121M | 9M127-1 Vikhr-1
weapons/su_9m133_kornet/short;9M133
weapons/su_9m133_kornet;9M133 Kornet
weapons/su_9m133fm3_kornet/short;9M133FM-3
weapons/su_9m133fm3_kornet;9M133FM-3 Kornet
weapons/rs_grom/short;Grom
weapons/rs_grom;Grom
weapons/rs_grom_b/short;Grom-B
weapons/rs_grom_b;Grom-B
weapons/rs_vrvz_240/short;VRVZ-240
weapons/rs_vrvz_240;VRVZ-240
weapons/rs_kosava_3_tm/short;Košava 3 TM
weapons/rs_kosava_3_tm;Košava 3 TM
weapons/rs_salgr_m_16d/short;M-16D
weapons/rs_salgr_m_16d;128 mm M-16D laser guided rockets
weapons/rs_e_24_a1/short;E-24-A1
weapons/rs_e_24_a1;E-24-A1
;
weapons/uk_martlet/short;Martlet
weapons/uk_martlet;Lightweight Multirole Missile Martlet
weapons/uk_brimstone_dm/short;Brimstone
weapons/uk_brimstone_dm;Brimstone
weapons/sa_zt_35_ingwe/short;ZT3A2
weapons/sa_zt_35_ingwe;ZT3A2 Ingwe
weapons/sa_zt_35_ingwe_default/short;ZT3A2
weapons/sa_zt_35_ingwe_default;ZT3A2 Ingwe
weapons/zt_6_mokopa/short;ZT6
weapons/zt_6_mokopa;ZT6 Mokopa
;
weapons/jp_ki_148_i_go_1b/short;Ki-148 I-Go 1B
weapons/jp_ki_148_i_go_1b;Ki-148 I-Go Model 1B missile
;
weapons/cn_hj_8a/short;HJ8A
weapons/cn_hj_8a;AFT08A | Hóng Jiàn 8A Air-to-Surface Missile
weapons/cn_hj_8c/short;HJ8C
weapons/cn_hj_8c;AFT08C | Hóng Jiàn 8C Air-to-Surface Missile
weapons/cn_hj_8e/short;HJ8E
weapons/cn_hj_8e;AFT08E | Hóng Jiàn 8E Air-to-Surface Missile
weapons/cn_hj_8h/short;HJ8H
weapons/cn_hj_8h;AFT08H | Hóng Jiàn 8H Air-to-Surface Missile
weapons/cn_akd_9/short;AKD9
weapons/cn_akd_9;AKD9 Air-to-Surface Missile
weapons/cn_akd_10/short;AKD10
weapons/cn_akd_10;AKD10 Air-to-Surface Missile
weapons/cn_ba_9/short;BA-9
weapons/cn_ba_9;Blue Arrow 9
weapons/cn_cm_502kg_he/short;CM502KG
weapons/cn_cm_502kg_he;CM502KG
weapons/cn_cm_502kg_he_rail/short;CM502KG
weapons/cn_cm_502kg_he_rail;CM502KG
weapons/cn_ba_11/short;BA-11A
weapons/cn_ba_11;Blue Arrow 11A
weapons/ch_kd_88_missile_tv/short;KD88
weapons/ch_kd_88_missile_tv;K/AKD88 | Kongdi 88 Air-to-Surface Missile
weapons/ch_kd_88_missile_ir/short;KD88A
weapons/ch_kd_88_missile_ir;K/AKD88A | Kongdi 88 Air-to-Surface Missile
;
weapons/tr_l_umtas_missile/short;L-UMTAS
weapons/tr_l_umtas_missile;L-UMTAS
weapons/tr_cirit_mpw_missile/short;CIRIT
weapons/tr_cirit_mpw_missile;CIRIT laser guided rockets
;
weapons/fr_ss_11/short;AS.11
weapons/fr_ss_11;AS.11
weapons/fr_ss_12/short;AS.12
weapons/fr_ss_12;AS.12
weapons/fr_as20/short;AS.20
weapons/fr_as20;AS.20
weapons/fr_as30/short;AS.30
weapons/fr_as30;AS.30
weapons/fr_as30l/short;AS.30L
weapons/fr_as30l;AS.30L
;
weapons/swd_rb_05a/short;rb 05A
weapons/swd_rb_05a;markmålsrobot 05A
weapons/swd_rb75/short;rb 75
weapons/swd_rb75;markmålsrobot 75
weapons/swd_rb75t/short;rb 75T
weapons/swd_rb75t;markmålsrobot 75T
weapons/swd_rb52/short;rb 52A
weapons/swd_rb52;robot 52A
weapons/swd_rb53/short;rb 53
weapons/swd_rb53;robot 53 Bantam
weapons/swd_rb55b/short;rb 55B
weapons/swd_rb55b;robot 55B HeliTOW
weapons/swd_rb55c/short;rb 55C
weapons/swd_rb55c;robot 55C HeliTOW
;
weapons/is_delilah/short;Delilah (TV)
weapons/is_delilah;Delilah (TV)
weapons/is_delilah_ir/short;Delilah (IR)
weapons/is_delilah_ir;Delilah (IR)
weapons/spike_er/short;Spike ER
weapons/spike_er;Spike ER
weapons/spike_nlos/short;Spike NLOS Mk.4
weapons/spike_nlos;Spike Non Line-of-Sight Mk.4
weapons/il_gatr/short;GATR
weapons/il_gatr;Guided Advanced Tactical Rocket rockets
;
<Default AGM>;
;
weapons/us_hellfire_agm_114_b_default/short;AGM-114B
weapons/us_hellfire_agm_114_b_default;AGM-114B Hellfire
weapons/us_hellfire_agm_114_k_default/short;AGM-114K
weapons/us_hellfire_agm_114_k_default;AGM-114K Hellfire II
weapons/us_hellfire_agm_114_k_ucav_default/short;AGM-114K
weapons/us_hellfire_agm_114_k_ucav_default;AGM-114K Hellfire II
weapons/us_bgm_71_tow_heli_default/short;BGM-71C
weapons/us_bgm_71_tow_heli_default;BGM-71C Improved TOW
weapons/us_bgm_71_tow2_heli_default/short;BGM-71D
weapons/us_bgm_71_tow2_heli_default;BGM-71D TOW-2
;
weapons/euro_hot_default/short;HOT
weapons/euro_hot_default;HOT
weapons/euro_hot2_default/short;HOT-2
weapons/euro_hot2_default;HOT-2
;
weapons/su_9m14m_default/short;9M14M
weapons/su_9m14m_default;9M14M Malyutka-M
weapons/su_9m17m_default/short;9M17M
weapons/su_9m17m_default;9M17M Falanga-M
weapons/su_9M114_default/short;9M114
weapons/su_9M114_default;9M114 Shturm
;
weapons/cn_hj_8e_default/short;HJ8E
weapons/cn_hj_8e_default;Hóng Jiàn 8E
weapons/cn_akd_9_default/short;AKD9
weapons/cn_akd_9_default;AKD9
;
weapons/spike_nlos_default/short;Spike NLOS Mk.4
weapons/spike_nlos_default;Spike Non Line-of-Sight Mk.4
;
;
;
<ARM>;
;
weapons/us_agm_45a_1/short;AGM-45A-1
weapons/us_agm_45a_1;Guided Missile, Air to Ground, AGM-45A-1 Shrike
weapons/us_agm_45a_2/short;AGM-45A-2
weapons/us_agm_45a_2;Guided Missile, Air to Ground, AGM-45A-2 Shrike
weapons/us_agm_45a_3b/short;AGM-45A-3B
weapons/us_agm_45a_3b;Guided Missile, Air to Ground, AGM-45A-3B Shrike
weapons/us_agm_45a_4/short;AGM-45A-4
weapons/us_agm_45a_4;Guided Missile, Air to Ground, AGM-45A-4 Shrike
weapons/us_agm_45a_6/short;AGM-45A-6
weapons/us_agm_45a_6;Guided Missile, Air to Ground, AGM-45A-6 Shrike
weapons/us_agm_45a_7/short;AGM-45A-7
weapons/us_agm_45a_7;Guided Missile, Air to Ground, AGM-45A-7 Shrike
weapons/us_agm_45a_9/short;AGM-45A-9
weapons/us_agm_45a_9;Guided Missile, Air to Ground, AGM-45A-9 Shrike
weapons/us_agm_45a_10/short;AGM-45A-10
weapons/us_agm_45a_10;Guided Missile, Air to Ground, AGM-45A-10 Shrike
weapons/us_agm_45b_1/short;AGM-45B-1
weapons/us_agm_45b_1;Guided Missile, Air to Ground, AGM-45B-1 Shrike
weapons/us_agm_45b_2/short;AGM-45B-2
weapons/us_agm_45b_2;Guided Missile, Air to Ground, AGM-45B-2 Shrike
weapons/us_agm_45b_3b/short;AGM-45B-3B
weapons/us_agm_45b_3b;Guided Missile, Air to Ground, AGM-45B-3B Shrike
weapons/us_agm_45b_4/short;AGM-45B-4
weapons/us_agm_45b_4;Guided Missile, Air to Ground, AGM-45B-4 Shrike
weapons/us_agm_45b_6/short;AGM-45B-6
weapons/us_agm_45b_6;Guided Missile, Air to Ground, AGM-45B-6 Shrike
weapons/us_agm_45b_7/short;AGM-45B-7
weapons/us_agm_45b_7;Guided Missile, Air to Ground, AGM-45B-7 Shrike
weapons/us_agm_45b_9/short;AGM-45B-9
weapons/us_agm_45b_9;Guided Missile, Air to Ground, AGM-45B-9 Shrike
weapons/us_agm_45b_10/short;AGM-45B-10
weapons/us_agm_45b_10;Guided Missile, Air to Ground, AGM-45B-10 Shrike
weapons/us_agm_88a/short;AGM-88A
weapons/us_agm_88a;Guided Missile, Air to Ground, AGM-88A HARM
weapons/us_agm_88c/short;AGM-88C
weapons/us_agm_88c;Guided Missile, Air to Ground, AGM-88C HARM
weapons/us_agm_88g/short;AGM-88G
weapons/us_agm_88g;Guided Missile, Air to Ground, AGM-88G AARGM-ER
weapons/us_agm_122/short;AGM-122A
weapons/us_agm_122;Guided Missile, Air to Ground, AGM-122A Sidearm
;
weapons/su_kh_25mp/short;Kh-25MP (PRGS-1VP)
weapons/su_kh_25mp;Izd.711 | Kh-25MP (PRGS-1VP)
weapons/su_kh_25mp_cw/short;Kh-25MP (PRGS-2VP)
weapons/su_kh_25mp_cw;Izd.711 | Kh-25MP (PRGS-2VP)
weapons/su_kh_25mpu/short;Kh-25MPU
weapons/su_kh_25mpu;Izd.711 | Kh-25MPU
weapons/su_kh_27ps/short;Kh-27PS (PRGS-1VP)
weapons/su_kh_27ps;Izd.712 | Kh-27PS (PRGS-1VP)
weapons/su_kh_27ps_cw/short;Kh-27PS (PRGS-2VP)
weapons/su_kh_27ps_cw;Izd.712 | Kh-27PS (PRGS-2VP)
weapons/su_kh_31p_l_111/short;Kh-31P (PRGS-4VP)
weapons/su_kh_31p_l_111;Izd.77P | Kh-31P (PRGS-4VP)
weapons/su_kh_31p_l_112/short;Kh-31P (PRGS-5VP)
weapons/su_kh_31p_l_112;Izd.77P | Kh-31P (PRGS-5VP)
weapons/su_kh_31p_l_113/short;Kh-31P (PRGS-6VP)
weapons/su_kh_31p_l_113;Izd.77P | Kh-31P (PRGS-6VP)
weapons/su_kh_31pd/short;Kh-31PD
weapons/su_kh_31pd;Izd.77PD | Kh-31PD
weapons/su_kh_58u_a_band/short;Kh-58U
weapons/su_kh_58u_a_band;Izd.112 | Kh-58U (PRGS-58M)
weapons/su_kh_58u_a_band_cw/short;Kh-58U
weapons/su_kh_58u_a_band_cw;Izd.112 | Kh-58U (PRGS-58M)
weapons/su_kh_58u_b_band/short;Kh-58U
weapons/su_kh_58u_b_band;Izd.112 | Kh-58U (PRGS-58M)
weapons/su_kh_58u_c_band/short;Kh-58U
weapons/su_kh_58u_c_band;Izd.112 | Kh-58U (PRGS-58M)
weapons/su_kh_58_ush/short;Kh-58USh
weapons/su_kh_58_ush;Izd.112 | Kh-58USh
weapons/su_kh_58ushk/short;Kh-58UShK
weapons/su_kh_58ushk;Izd.112 | Kh-58UShK
weapons/su_kh_58ushke/short;Kh-58UShKE
weapons/su_kh_58ushke;Izd.112 | Kh-58UShKE
;
weapons/uk_alarm/short;ALARM
weapons/uk_alarm;Air Launched Anti-Radiation Missile
;
weapons/cn_yj91_l_111/short;YJ91 (PRGS-4VP)
weapons/cn_yj91_l_111;K/AKD91 | Yingji 91 Air-to-Surface Missile (PRGS-4VP)
weapons/cn_yj91_l_112/short;YJ91 (PRGS-5VP)
weapons/cn_yj91_l_112;K/AKD91 | Yingji 91 Air-to-Surface Missile (PRGS-5VP)
weapons/cn_yj91_l_113/short;YJ91 (PRGS-6VP)
weapons/cn_yj91_l_113;K/AKD91 | Yingji 91 Air-to-Surface Missile (PRGS-6VP)
weapons/cn_yj91a/short;YJ91A
weapons/cn_yj91a;K/AKD91A | Yingji 91 Air-to-Surface Missile
weapons/cn_ld10/short;LD10
weapons/cn_ld10;Léidiàn 10 Air-to-Surface Missile
weapons/cn_cm_102/short;CM102
weapons/cn_cm_102;CM102 Air-to-Surface Missile
;
weapons/fr_as37_l_band/short;AS.37 (C-D)
weapons/fr_as37_l_band;AS.37 Martel (C-D Band)
weapons/fr_as37_s_band/short;AS.37 (E-F)
weapons/fr_as37_s_band;AS.37 Martel (E-F Band)
weapons/fr_as37_c_band/short;AS.37 (I)
weapons/fr_as37_c_band;AS.37 Martel (I Band)
weapons/fr_as37_armat/short;AS.37 ARMAT
weapons/fr_as37_armat;AS.37 Martel ARMAT
;
weapons/is_delilah_arm/short;Delilah (ARM)
weapons/is_delilah_arm;Delilah (ARM)
;
;
;
<AShM>;
;
weapons/us_agm_84d/short;AGM-84D-1
weapons/us_agm_84d;Guided Missile, Air to Ship, AGM-84D-1 Harpoon
;
weapons/gr_as34_kormoran/short;AS.34
weapons/gr_as34_kormoran;AS.34 Kormoran
weapons/gr_as34_kormoran_mk_2/short;AS.34 II
weapons/gr_as34_kormoran_mk_2;AS.34 Kormoran II
weapons/ar_pescador/short;Pescador
weapons/ar_pescador;Pescador
;
weapons/su_kh_31a/short;Kh-31A
weapons/su_kh_31a;Izd.77A | Kh-31A
weapons/su_kh_31ad/short;Kh-31AD
weapons/su_kh_31ad;Izd.77AD | Kh-31AD
weapons/su_kh_35u/short;Kh-35U
weapons/su_kh_35u;Izd.78U | Kh-35U
weapons/su_kh_35ue/short;Kh-35UE
weapons/su_kh_35ue;Izd.78U | Kh-35UE
;
weapons/uk_sea_eagle/short;Sea Eagle
weapons/uk_sea_eagle;Sea Eagle
;
weapons/jp_asm1/short;ASM-1
weapons/jp_asm1;Type 80 | ASM-1
weapons/jp_asm2/short;ASM-2
weapons/jp_asm2;Type 93 | ASM-2
weapons/jp_asm3/short;ASM-3A
weapons/jp_asm3;ASM-3A
;
weapons/cn_yj_81k/short;YJ81
weapons/cn_yj_81k;K/AKJ08 | Yingji 81 Air-to-Ship Missile
weapons/ch_yj_83k_missile/short;YJ83K
weapons/ch_yj_83k_missile;K/AKJ83 | Yingji 83K Air-to-Ship Missile
weapons/cn_yj91as/short;YJ91AS
weapons/cn_yj91as;K/AKJ91 | Yingji 91AS Air-to-Ship Missile
;
weapons/fr_aj_168/short;AJ.168
weapons/fr_aj_168;AJ.168 Martel
weapons/fr_exocet_am39_block_2/short;AM.39 Block 2
weapons/fr_exocet_am39_block_2;AM.39 Block 2 Exocet
;
weapons/swd_rb_15f/short;rb 15F
weapons/swd_rb_15f;sjömålsrobot 15F
weapons/us_agm_119a_penguin/short;Penguin
weapons/us_agm_119a_penguin;Penguin MK3
;
;
;
<SAM>;
;
weapons/127mm_MIM_72_launcher_user_cannon;MIM-72 SAM launcher
weapons/127mm_MIM_72G_launcher_user_cannon;MIM-72 SAM launcher
127mm_mim72a;MIM-72A
127mm_mim72c;MIM-72C
127mm_mim72g;MIM-72G
127mm_mim72e;MIM-72E
weapons/70mm_FIM_92E_Stinger_LAV_4_launcher_user_cannon;FIM-92 SAM launcher
weapons/70mm_FIM_92E_Stinger_LAV_launcher_user_cannon;FIM-92 SAM launcher
weapons/70mm_FIM_92E_Stinger_Machbet_launcher_user_cannon;FIM-92 SAM launcher
weapons/70mm_fim_92e_stinger_stormer_launcher_user_cannon;FIM-92 SAM launcher
weapons/70mm_FIM_92E_Stinger_launcher_user_cannon;Fliegerfaust 2 SAM launcher
70mm_fim_92e;FIM-92E
70mm_fim_92k;FIM-92K
weapons/152mm_MIM146_launcher_user_cannon;MIM-146 SAM launcher
weapons/152mm_MIM146;MIM-146 SAM launcher
152mm_mim146;MIM-146
weapons/178mm_sl_amraam_user_cannon;SL-AMRAAM (AIM-120C-7)
weapons/127mm_aim_9x_user_cannon;SL-AMRAAM (AIM-9X-2)
weapons/us_aim_120c_7_sam/short;AIM-120C-7
weapons/us_aim_120c_7_sam;AIM-120C-7 SL-AMRAAM
us_aim_9x_block_2;AIM-9X-2
us_aim_120c_7_sam;AIM-120C-7
;
weapons/163mm_roland_2_launcher_user_cannon;Roland SAM launcher
weapons/163mm_roland_launcher_user_cannon;Roland SAM launcher
weapons/163mm_roland_vt_1_launcher_user_cannon;Roland SAM launcher
weapons/163mm_roland_rocket_launcher;Roland 1 SAM launcher
weapons/163mm_roland_3_rocket_launcher;Roland 3 SAM launcher
163mm_roland_1;Roland 1
163mm_roland_2;Roland 2
163mm_roland_3;Roland 3
weapons/180mm_IRIS_T_SL_user_cannon;IRIS-T SLM Startgerät
us_iris_t_sl;IRIS-T SLM
;
weapons/72mm_9s846_4_rocket_launcher;9S846
72mm_9m39;9M39
72mm_9m342;9M342
weapons/209mm_9M33A3_launcher_user_cannon;9A33BM3 SAM launcher
209mm_9m33m3;9M33M3
weapons/120mm_9m37m_rocket_launcher;9M37M SAM launcher
120mm_9m37m;9M37M
weapons/152mm_9M311_rocket_launcher;9M311 SAM launcher
152mm_zur_9m311;9M311
weapons/152mm_9M311_1M_rocket_launcher;9M311-1M SAM launcher
152mm_zur_9m311_1m;9M311-1M
weapons/170mm_57E6_rocket_launcher;95Ya6 SAM launcher
170mm_zur_95ya6;57000000
weapons/170mm_57E6M_launcher_user_cannon;95Ya6M SAM launcher
170mm_57e6m;57E6M
170mm_tkb_1055;TKB-1055
;
weapons/130mm_rapier_launcher_user_cannon;Rapier SAM launcher
130mm_rapier_mk1e;Rapier Mk.1E
130mm_rapier_mk2;Rapier Mk.2
weapons/130mm_Starstreak_hvm_launcher_user_cannon;Starstreak SAM launcher
weapons/130mm_Starstreak_hvm_rocket_launcher;Starstreak SAM launcher
130mm_starstreak_hvm;Starstreak HVM
;
weapons/80mm_Type_91_launcher_user_cannon;Type 93 Kin-SAM launcher
80mm_type_91;Type 91
weapons/160mm_sam_1c_launcher_user_cannon;Type 81 Tan-SAM launcher
160mm_sam_1c;SAM-1B
160mm_sam_arh_1c;SAM-1C
;
weapons/72mm_HN_6_launcher_user_cannon;QW-2 MANPADS
72mm_hn_6;HN-6
weapons/127mm_tc_1l_rocket_launcher_user_cannon;Chein-1 SAM launcher
127mm_tc_1l;Chien-1
weapons/239mm_9M331_user_cannon;9M331 SAM launcher
239mm_9m331;9M331
weapons/239mm_HQ_17_user_cannon;HQ17 SAM launcher
239mm_hq17;HQ17
weapons/130mm_FB_10_rocket_launcher;FB10 SAM launcher
fb10_rocket;FB10
fb10a_rocket;FB10A
;
weapons/90mm_atam_mistral_rocket_launcher;Mistral SATCP SAM launcher
weapons/90mm_atam_mistral_user_cannon;Mistral SATCP SAM launcher
atam_mistral;Mistral SATCP
;
weapons/105mm_Rbs_70_launcher_user_cannon;robotsystem 70
weapons/105mm_Rbs_70_ASRAD_launcher_user_cannon;ASRAD-R SAM launcher
130mm_rb_70;Rb 70
105mm_rb_70;Rb 70
130mm_rb_70b;Rb 70B
105mm_rb_70_2;Rb 90
105mm_bolide;BOLIDE
weapons/163mm_vt_1_launcher_user_cannon;VT1 SAM launcher
165mm_vt_1;VT1
weapons/127mm_IRIS_T_user_cannon;ML-98
us_iris_t;lvrb 98
;
weapons/160mm_spyder_launcher_user_cannon;SPYDER
weapons/il_python_5_sam/short;Python 5 SR
weapons/il_python_5_sam;Python 5 Short Range
weapons/il_derby_sam/short;I-Derby SR
weapons/il_derby_sam;I-Derby Short Range
weapons/il_derby_er_sam/short;I-Derby ER
weapons/il_derby_er_sam;I-Derby Extended Range
il_derby_sam;I-Derby SR
il_derby_er_sam;I-Derby ER
il_python_5_sam;Python 5 SR
;
;
;
<GBU>;
;
weapons/us_2000lb_gbu_8_hobos/short;2000lb GBU-8/B
weapons/us_2000lb_gbu_8_hobos;Bomb, Guided, GBU-8/B HOBOS
weapons/us_gbu_10_paveway_2/short;2000lb GBU-10C/B
weapons/us_gbu_10_paveway_2;Bomb, Guided, GBU-10C/B Paveway II
weapons/us_gbu_12_paveway_2/short;500lb GBU-12B/B
weapons/us_gbu_12_paveway_2;Bomb, Guided, GBU-12B/B Paveway II
weapons/us_2000lb_gbu_15v1/short;2000lb GBU-15(V)1/B
weapons/us_2000lb_gbu_15v1;Bomb, Guided, GBU-15(V)1/B
weapons/us_2000lb_gbu_15v2/short;2000lb GBU-15(V)2/B
weapons/us_2000lb_gbu_15v2;Bomb, Guided, GBU-15(V)2/B
weapons/us_2000lb_gbu_15v21/short;2000lb GBU-15(V)21/B
weapons/us_2000lb_gbu_15v21;Bomb, Guided, GBU-15(V)21/B
weapons/us_2000lb_gbu_15v22/short;2000lb GBU-15(V)22/B
weapons/us_2000lb_gbu_15v22;Bomb, Guided, GBU-15(V)22/B
weapons/us_gbu_16_paveway_2/short;1000lb GBU-16/B
weapons/us_gbu_16_paveway_2;Bomb, Guided, GBU-16/B Paveway II
weapons/us_gbu_22_paveway_3/short;500lb GBU-22/B
weapons/us_gbu_22_paveway_3;Bomb, Guided, GBU-22/B Paveway III
weapons/us_2000lb_gbu_24/short;2000lb GBU-24/B
weapons/us_2000lb_gbu_24;Bomb, Guided, GBU-24/B Paveway III
weapons/us_2000lb_egbu_24_paveway_3/short;2000lb GBU-24E/B
weapons/us_2000lb_egbu_24_paveway_3;Bomb, Guided, GBU-24E/B Paveway III
weapons/us_2000lb_gbu_27/short;2000lb GBU-27/B
weapons/us_2000lb_gbu_27;Bomb, Guided, GBU-27/B Paveway III
weapons/us_2000lb_gbu31_usaf/short;2000lb GBU-31(V)1/B
weapons/us_2000lb_gbu31_usaf;Bomb, Guided, GBU-31(V)1/B JDAM
weapons/us_2000lb_gbu31_usnavy/short;2000lb GBU-31(V)2/B
weapons/us_2000lb_gbu31_usnavy;Bomb, Guided, GBU-31(V)2/B JDAM
weapons/us_1000lb_gbu32_usaf/short;1000lb GBU-32(V)1/B
weapons/us_1000lb_gbu32_usaf;Bomb, Guided, GBU-32(V)1/B JDAM
weapons/us_1000lb_gbu32_navy/short;GBU-32(V)2/B
weapons/us_1000lb_gbu32_navy;Bomb, Guided, GBU-32(V)2/B JDAM
weapons/us_500lb_gbu38_usaf/short;500lb GBU-38(V)1/B
weapons/us_500lb_gbu38_usaf;Bomb, Guided, GBU-38(V)1/B JDAM
weapons/us_500lb_gbu38_usnavy/short;500lb GBU-38(V)2/B
weapons/us_500lb_gbu38_usnavy;Bomb, Guided, GBU-38(V)2/B JDAM
weapons/us_gbu_39/short;250lb GBU-39/B
weapons/us_gbu_39;Bomb, Guided, GBU-39/B SDB
weapons/us_gbu_48_paveway_2/short;1000lb GBU-48(V)1/B
weapons/us_gbu_48_paveway_2;Bomb, Guided, GBU-48(V)1/B Paveway II
weapons/us_gbu_49_paveway_2/short;500lb GBU-49(V)1/B
weapons/us_gbu_49_paveway_2;Bomb, Guided, GBU-49(V)1/B Paveway II
weapons/us_gbu_50_paveway_2/short;2000lb GBU-50/B
weapons/us_gbu_50_paveway_2;Bomb, Guided, GBU-50/B Paveway II
weapons/us_gbu_53/short;GBU-53/B
weapons/us_gbu_53;Bomb, Guided, GBU-53/B SBD II Stormbreaker
weapons/us_500lb_gbu_54b/short;500lb GBU-54(V)1/B
weapons/us_500lb_gbu_54b;Bomb, Guided, GBU-54(V)1/B LJDAM
weapons/us_500lb_gbu_54b_navy/short;500lb GBU-54(V)2/B
weapons/us_500lb_gbu_54b_navy;Bomb, Guided, GBU-54(V)2/B LJDAM
weapons/us_500lb_gbu_62_jdam_er/short;500lb GBU-62/B
weapons/us_500lb_gbu_62_jdam_er;Bomb, Guided, GBU-62/B JDAM-ER
weapons/us_500lb_gbu_62_ljdam_er/short;500lb GBU-62(V)1/B
weapons/us_500lb_gbu_62_ljdam_er;Bomb, Guided, GBU-62(V)1/B LJDAM-ER
weapons/us_2000lb_gbu_64_jdam_er/short;2000lb GBU-64(V)1/B
weapons/us_2000lb_gbu_64_jdam_er;Bomb, Guided, GBU-64(V)1/B JDAM-ER
;
weapons/de_hs293a1/short;Hs 293 A-1
weapons/de_hs293a1;1000 kg Hs 293 A-1 guided bomb
weapons/de_fx1400/short;FX 1400 X
weapons/de_fx1400;1400 kg FX 1400 X Fritz X guided bomb
weapons/de_hosbo_glide_bomb/short;HOSBO
weapons/de_hosbo_glide_bomb;1000 lb Hochleistungs-spreng-bomb
;
weapons/su_kab_50tv/short;KAB-50TV
weapons/su_kab_50tv;50kg KAB-50TV
weapons/su_kab_50s/short;KAB-50S
weapons/su_kab_50s;50kg KAB-50S
weapons/su_kab_50l/short;KAB-50L
weapons/su_kab_50l;50kg KAB-50L
weapons/su_kab_250lg/short;KAB-250LG
weapons/su_kab_250lg;250kg KAB-250LG
weapons/su_kab_500kr_m/short;KAB-500Kr-M
weapons/su_kab_500kr_m;500kg KAB-500Kr-M
weapons/su_umpk_500m62/short;FAB-500-M62 (UMPK)
weapons/su_umpk_500m62;500kg FAB-500-M62 (UMPK Kit)
weapons/su_kab_500kr/short;KAB-500Kr
weapons/su_kab_500kr;500kg KAB-500Kr
weapons/su_kab_500kr_e/short;KAB-500Kr-E
weapons/su_kab_500kr_e;500kg KAB-500Kr-E
weapons/su_kab_500s/short;KAB-500S
weapons/su_kab_500s;500kg KAB-500S
weapons/su_kab_500l/short;KAB-500L
weapons/su_kab_500l;500kg KAB-500L
weapons/su_upab_500b/short;UPAB-500B
weapons/su_upab_500b;500kg UPAB-500B
weapons/su_upab_500b_e/short;UPAB-500B-E
weapons/su_upab_500b_e;500kg UPAB-500B-E
weapons/su_kab_500lg/short;KAB-500LG
weapons/su_kab_500lg;500kg KAB-500LG
weapons/su_kab_500lg_e/short;KAB-500LG-E
weapons/su_kab_500lb_e;500kg KAB-500LG-E
weapons/su_kab_1500lg/short;KAB-1500LG
weapons/su_kab_1500lg;1500kg KAB-1500LG
weapons/su_upab_1500b/short;UPAB-1500B
weapons/su_upab_1500b;1500kg UPAB-1500B
weapons/su_upab_1500b_e/short;UPAB-1500B-E
weapons/su_upab_1500b_e;1500kg UPAB-1500B-E
weapons/su_kab_1500kr/short;KAB-1500Kr
weapons/su_kab_1500kr;1500kg KAB-1500Kr
weapons/su_kab_1500l/short;KAB-1500L
weapons/su_kab_1500l;1500kg KAB-1500L
weapons/su_umpk_3000/short;FAB-3000 (UMPK)
weapons/su_umpk_3000;3000kg FAB-3000 (UMPK Kit)
weapons/rs_fab_250_pgb/short;FAB-250 PGB
weapons/rs_fab_250_pgb;250 kg FAB-250 PGB
;
weapons/fr_mk13/short;Mk.13
weapons/fr_mk13;Mk.13 guided bomb
weapons/fr_mk18/short;Mk.18
weapons/fr_mk18;Mk.18 guided bomb
weapons/uk_paveway_iv/short;Paveway IV
weapons/uk_paveway_iv;250 kg Paveway IV guided bomb
weapons/uk_pgm_500_laser/short;PGM 500/1
weapons/uk_pgm_500_laser;500 kg PGM 500/1 guided bomb
weapons/uk_pgm_500/short;PGM 500/2
weapons/uk_pgm_500;500 kg PGM 500/2 guided bomb
weapons/uk_pgm_500_wo_mitl/short;PGM 500/2
weapons/uk_pgm_500_wo_mitl;500 kg PGM 500/2 guided bomb
weapons/uk_pgm_500_iir/short;PGM 500/3
weapons/uk_pgm_500_iir;500 kg PGM 500/3 guided bomb
weapons/uk_pgm_500_iir_wo_mitl/short;PGM 500/3
weapons/uk_pgm_500_iir_wo_mitl;500 kg PGM 500/3 guided bomb
weapons/uk_pgm_2000_laser/short;PGM 2000/1
weapons/uk_pgm_2000_laser;2000 kg PGM 2000/1 guided bomb
weapons/uk_pgm_2000/short;PGM 2000/2
weapons/uk_pgm_2000;2000 kg PGM 2000/2 guided bomb
weapons/uk_pgm_2000_wo_mitl/short;PGM 2000/2
weapons/uk_pgm_2000_wo_mitl;2000 kg PGM 2000/2 guided bomb
weapons/uk_pgm_2000_iir/short;PGM 2000/3
weapons/uk_pgm_2000_iir;2000 kg PGM 2000/3 guided bomb
weapons/uk_pgm_2000_iir_wo_mitl/short;PGM 2000/3
weapons/uk_pgm_2000_iir_wo_mitl;2000 kg PGM 2000/3 guided bomb
weapons/uk_1000lb_enhanced_paveway2_mk13/short;EPWII
weapons/uk_1000lb_enhanced_paveway2_mk13;1000lb Enhanced Paveway II guided bomb
;
weapons/kr_kggb/short;KGGB
weapons/kr_kggb;500 lb KGGB satellite bomb
;
weapons/cn_lgb_gb250_mod_laser/short;GB250
weapons/cn_lgb_gb250_mod_laser;250kg GB250 Laser / Satellite Guided Bomb
weapons/cn_ts_250/short;GB3
weapons/cn_ts_250;250kg GB3 Laser / Satellite Guided Bomb
weapons/cn_ls_500j/short;LT-2
weapons/cn_ls_500j;500kg LT-2 Laser Guided Bomb
weapons/cn_ls_1000j/short;GB5
weapons/cn_ls_1000j;1000kg GB5 Laser / Satellite Guided Bomb
weapons/cn_ls_6_250/short;LS-6/250 (GNSS)
weapons/cn_ls_6_250;250kg LS-6/250 Satellite Guided Bomb
weapons/cn_ls_6_250_ir/short;LS-6/250 (IR)
weapons/cn_ls_6_250_ir;250kg LS-6/250 Guided Bomb (Infrared Guiding Head)
weapons/cn_ls_6_500/short;LS-6/500 (GNSS)
weapons/cn_ls_6_500;500kg LS-6/500 Satellite Guided Bomb
weapons/cn_ls_6_500_ir/short;LS-6/500 (IR)
weapons/cn_ls_6_500_ir;500kg LS-6/500 Guided Bomb (Infrared Guiding Head)
;
weapons/br_lizard_2/short;BAFG-230 (Lizard 2)
weapons/br_lizard_2;Bombas Aéreas de Fins Gerais 230 (Lizard 2) guided bomb
weapons/br_lizard_3/short;BAFG-230 (Lizard 3)
weapons/br_lizard_3;Bombas Aéreas de Fins Gerais 230 (Lizard 3) guided bomb
;
weapons/fr_125kg_aasm_125_hammer_ir/short;AASM-IIR 125
weapons/fr_125kg_aasm_125_hammer_ir;125 kg AASM-IIR HAMMER
weapons/fr_125kg_aasm_125_hammer_gps/short;AASM-GPS 125
weapons/fr_125kg_aasm_125_hammer_gps;125 kg AASM-IIR HAMMER
weapons/fr_125kg_aasm_125_hammer_laser/short;AASM-LAS 125
weapons/fr_125kg_aasm_125_hammer_laser;125 kg AASM-LAS HAMMER
weapons/fr_250kg_aasm_250_hammer_ir/short;AASM-IIR 250
weapons/fr_250kg_aasm_250_hammer_ir;250 kg AASM-IIR HAMMER
weapons/fr_250kg_aasm_250_hammer_gps/short;AASM-GPS 250
weapons/fr_250kg_aasm_250_hammer_gps;250 kg AASM-GPS HAMMER
weapons/fr_250kg_aasm_250_hammer_laser/short;AASM-LAS 250
weapons/fr_250kg_aasm_250_hammer_laser;250 kg AASM-LAS HAMMER
weapons/fr_500kg_aasm_500_hammer_ir/short;AASM-IIR 500
weapons/fr_500kg_aasm_500_hammer_ir;500 kg AASM-IIR HAMMER
weapons/fr_500kg_aasm_500_hammer_gps/short;AASM-GPS 500
weapons/fr_500kg_aasm_500_hammer_gps;500 kg AASM-GPS HAMMER
weapons/fr_500kg_aasm_500_hammer_laser/short;AASM-LAS 500
weapons/fr_500kg_aasm_500_hammer_laser;500 kg AASM-LAS HAMMER
weapons/fr_1000kg_aasm_1000_hammer_ir/short;AASM-IIR 1000
weapons/fr_1000kg_aasm_1000_hammer_ir;1000 kg AASM-IIR HAMMER
weapons/fr_1000kg_aasm_1000_hammer_gps/short;AASM-GPS 1000
weapons/fr_1000kg_aasm_1000_hammer_gps;1000 kg AASM-GPS HAMMER
weapons/fr_1000kg_aasm_1000_hammer_laser/short;AASM-LAS 1000
weapons/fr_1000kg_aasm_1000_hammer_laser;1000 kg AASM-LAS HAMMER
weapons/fr_bgl_400/short;BGL-400
weapons/fr_bgl_400;400 kg BGL-400 guided bomb
weapons/fr_bgl_1000/short;BGL-1000
weapons/fr_bgl_1000;1000 kg BGL-1000 guided bomb
;
weapons/il_spice_250/short;SPICE 250
weapons/il_spice_250;250 lb SPICE 250 guided bomb
weapons/il_spice_1000/short;SPICE 1000
weapons/il_spice_1000;1000 lb SPICE 1000 guided bomb
weapons/il_spice_2000/short;SPICE 2000
weapons/il_spice_2000;2000 lb SPICE 2000 guided bomb
;
;
;
<TGP>;
;
weapons/us_agm_12b_station/short;Guidance Pod
weapons/us_agm_12b_station;AGM-12B guidance pod
weapons/us_lana_flir_pod/short;LANA
weapons/us_lana_flir_pod;AN/AAR-45 LANA targeting pod
weapons/us_pave_spike_targeting_pod/short;Pave Spike
weapons/us_pave_spike_targeting_pod;AN/ASQ-153 Pave Spike targeting pod
weapons/us_pave_tack_targeting_pod/short;Pave Tack
weapons/us_pave_tack_targeting_pod;AN/AVQ-26 Pave Tack targeting pod
weapons/an_aaq_25_lantirn/short;LANTIRN
weapons/an_aaq_25_lantirn;AN/AAQ-25 LANTIRN targeting Pod
weapons/an_aas_38/short;Nite Hawk
weapons/an_aas_38;AN/AAS-38 Nite Hawk targeting pod
weapons/an_aas_38a/short;Nite Hawk
weapons/an_aas_38a;AN/AAS-38A Nite Hawk targeting pod
weapons/us_an_asq_213/short;HARM TS
weapons/us_an_asq_213;AN/ASQ-213 Release 5 HARM Targeting System
weapons/an_asq_228_pod/short;ATFLIR
weapnos/an_asq_228_pod;AN/ASQ-228 ATFLIR targeting pod
weapons/gr_litening_pod_targeting_pod/short;LITENING II
weapons/gr_litening_pod_targeting_pod;AN/AAQ-28(V)1 LITENING II targeting pod
weapons/gr_litening_iii_targeting_pod/short;LITENING III
weapons/gr_litening_iii_targeting_pod;AN/AAQ-28 LITENING III targeting pod
weapons/us_sniper_atp_targeting_pod/short;Sniper
weapons/us_sniper_atp_targeting_pod;AN/AAQ-33 Sniper Advanced Targeting Pod
;
weapons/ntps_mercury/short;Merkury
weapons/ntps_mercury;Merkury targeting pod
weapons/su_t_220_targeting_pod/short;T/220
weapons/su_t_220_targeting_pod;T/220 targeting pod
weapons/su_projector_1/short;Projector-1
weapons/su_projector_1;Projector-1 targeting pod
weapons/su_delta_ng_station/short;Delta-NG
weapons/su_delta_ng_station;Delta-NG targeting pod
weapons/su_apk_9/short;APK-9
weapons/su_apk_9;APK-9 targeting pod
weapons/su_phantasmagoria_a/short;Phantasmagoria-A
weapons/su_phantasmagoria_a;Phantasmagoria-A targeting pod
weapons/su_phantasmagoria_b_beck/short;Phantasmagoria-B
weapons/su_phantasmagoria_b_beck;Phantasmagoria-B targeting pod
weapons/su_phantasmagoria_b_front/short;Phantasmagoria-B
weapons/su_phantasmagoria_b_front;Phantasmagoria-B targeting pod
weapons/su_l_066_viuga/short;L-066
weapons/su_l_066_viuga;L-066 Viuga targeting pod
weapons/su_l_086_viuga_17/short;L-086
weapons/su_l_086_viuga_17;L-086 Viuga-17 targeting pod
weapons/su_l_080_a/short;L-080 (A’)
weapons/su_l_080_a;L-080 (A’)
weapons/su_l_080_a_cw/short;L-080 (A)
weapons/su_l_080_a_cw;L-080 (A)
weapons/su_l_081_b/short;L-081 (B)
weapons/su_l_081_b;L-081 (B)
weapons/su_l_081_c/short;L-081 (C)
weapons/su_l_081_c;L-081 (C)
;
weapons/uk_data_lin_pod/short;Data Link Pod
weapons/uk_data_lin_pod;Data Link Pod
weapons/uk_tiald_targeting_pod/short;TIALD
weapons/uk_tiald_targeting_pod;TIALD targeting pod
weapons/uk_tiald_targeting_pod/short;TIALD
weapons/uk_tiald_targeting_pod;TIALD targeting pod
;
weapons/jp_j_aaq2_targeting_pod/short;J/AAQ-2
weapons/jp_j_aaq2_targeting_pod;J/AAQ-2 targeting pod
;
weapons/cn_k_pzs_01_targeting_pod/short;K/PZS01
weapons/cn_k_pzs_01_targeting_pod;K/PZS01 targeting pod
weapons/cn_k_adc03a_targeting_pod/short;K/JDC03A
weapons/cn_k_adc03a_targeting_pod;K/JDC03A targeting pod
weapons/cn_yings_3a_targeting_pod/short;YINGS-IIIA
weapons/cn_yings_3a_targeting_pod;YINGS-IIIA targeting pod
weapons/tr_aselpod/short;ASELPOD
weapons/tr_aselpod;ASELPOD targeting pod
;
weapons/it_pdlct_s_pod_targeting_pod/short;CLDP
weapons/it_pdlct_s_pod_targeting_pod;Convertible Laser Designator Pod
;
weapons/uk_atlis2_targeting_pod/short;ATLIS II
weapons/uk_atlis2_targeting_pod;ATLIS II targeting pod
weapons/fr_damocles_pod_targeting_pod/short;DAMOCLES
weapons/fr_damocles_pod_targeting_pod;DAMOCLES targeting pod
weapons/fr_talios_pod_targeting_pod/short;TALIOS
weapons/fr_talios_pod_targeting_pod;TALIOS targeting pod
;
weapons/is_asw_55_pod/short;ASW-55
weapons/is_asw_55_pod;ASW-55 Datalink Pod
weapons/spike_nlos_targeting_pod/short;Spike Comm. Pod
weapons/spike_nlos_targeting_pod;Spike Communications Pod
weapons/spike_nlos_saraph_targeting_pod/short;Spike Comm. Pod
weapons/spike_nlos_saraph_targeting_pod;Spike Communications Pod
weapons/spike_nlos_targeting_pod_aw_159/short;Spike Comm. Pod
weapons/spike_nlos_targeting_pod_aw_159;Spike Communications Pod
;
;
;
<Drop Tank>;
;
weapons/us_100gal_ca_27_drop_tank_l/short;Drop Tank
weapons/us_100gal_ca_27_drop_tank_l;100 Gallon Drop Tank
weapons/us_100gal_ca_27_drop_tank_r/short;Drop Tank
weapons/us_100gal_ca_27_drop_tank_r;100 Gallon Drop Tank
weapons/us_167gal_ca_27_drop_tank_l/short;Drop Tank
weapons/us_167gal_ca_27_drop_tank_l;167 Gallon Drop Tank
weapons/us_167gal_ca_27_drop_tank_r/short;Drop Tank
weapons/us_167gal_ca_27_drop_tank_r;167 Gallon Drop Tank
weapons/us_150gal_fuse_drop_tank/short;Drop Tank
weapons/us_150gal_fuse_drop_tank;150 Gallon Drop Tank
weapons/us_150gal_early_fuse_drop_tank/short;Drop Tank
weapons/us_150gal_early_fuse_drop_tank;150 Gallon Drop Tank
weapons/us_150gal_early_drop_tank_1/short;Drop Tank
weapons/us_150gal_early_drop_tank_1;150 Gallon Drop Tank
weapons/us_150gal_early_drop_tank_2/short;Drop Tank
weapons/us_150gal_early_drop_tank_2;150 Gallon Drop Tank
weapons/us_150gal_f_20_drop_tank/short;Drop Tank
weapons/us_150gal_f_20_drop_tank;150 Gallon Drop Tank
weapons/us_150gal_early_f_20_drop_tank_1/short;Drop Tank
weapons/us_150gal_early_f_20_drop_tank_1;150 Gallon Drop Tank
weapons/us_150gal_early_f_20_drop_tank_2/short;Drop Tank
weapnos/us_150gal_early_f_20_drop_tank_2;150 Gallon Drop Tank
weapons/us_200_gal_wing_f2h_2_left/short;Drop Tank
weapons/us_200_gal_wing_f2h_2_left;200 Gallon Drop Tank
weapons/us_200_gal_wing_f2h_2_right/short;Drop Tank
weapons/us_200_gal_wing_f2h_2_right;200 Gallon Drop Tank
weapons/us_215gal_drop_tank_1/short;Drop Tank
weapons/us_215gal_drop_tank_1;215 Gallon Drop Tank
weapons/us_215gal_drop_tank_2/short;Drop Tank
weapons/us_215gal_drop_tank_2;215 Gallon Drop Tank
weapons/us_280gal_drop_tank/short;Drop Tank
weapons/us_280gal_drop_tank;280 Gallon Drop Tank
weapons/us_280gal_drop_tank_1/short;Drop Tank
weapons/us_280gal_drop_tank_1;280 Gallon Drop Tank
weapons/us_280gal_drop_tank_light/short;Drop Tank
weapons/us_280gal_drop_tank_light;280 Gallon Drop Tank
weapons/us_280gal_drop_tank_light_1/short;Drop Tank
weapons/us_280gal_drop_tank_light_1;280 Gallon Drop Tank
weapons/us_300_gal_fuse_f_16_blok_10/short;Drop tank
weapons/us_300_gal_fuse_f_16_blok_10;300 Gallon Drop Tank
weapons/us_300gal_aero_1d_drop_tank_left/short;Drop tank
weapons/us_300gal_aero_1d_drop_tank_left;300 Gallon Drop Tank
weapons/us_300gal_aero_1d_drop_tank_right/short;Drop tank
weapons/us_300gal_aero_1d_drop_tank_right;300 Gallon Drop Tank
weapons/us_330gal_fa_18_drop_tank_fuse/short;Drop Tank
weapons/us_330gal_fa_18_drop_tank_fuse;330 Gallon Drop Tank
weapons/us_330gal_fa_18_drop_tank_wing_left/short;Drop Tank
weapons/us_330gal_fa_18_drop_tank_wing_left;330 Gallon Drop Tank
weapons/us_330gal_fa_18_drop_tank_wing_right/short;Drop Tank
weapons/us_330gal_fa_18_drop_tank_wing_right;330 Gallon Drop Tank
weapons/us_340gal_irst_fa_18e_drop_tank_centr/short;Drop Tank + AN/ASG-34
weapons/us_340gal_irst_fa_18e_drop_tank_centr;340 Gallon Drop Tank with Integrated AN/ASG-34
weapons/us_358gal_f_106_1/short;Drop Tank
weapons/us_358gal_f_106_1;358 Gallon Drop Tank
weapons/us_358gal_f_106_2/short;Drop Tank
weapons/us_358gal_f_106_2;358 Gallon Drop Tank
weapons/us_370_gal_wing_f_16/short;Drop Tank
weapons/us_370_gal_wing_f_16;370 Gallon Drop Tank
weapons/us_370_gal_wing_f_16_1/short;Drop Tank
weapons/us_370_gal_wing_f_16_1;370 Gallon Drop Tank
weapons/us_480gal_fa_18e_drop_tank_centr/short;Drop Tank
weapons/us_480gal_fa_18e_drop_tank_centr;480 Gallon Drop Tank
weapons/us_480gal_fa_18e_drop_tank_wing_left_1/short;Drop Tank
weapons/us_480gal_fa_18e_drop_tank_wing_left_1;480 Gallon Drop Tank
weapons/us_480gal_fa_18e_drop_tank_wing_left_2/short;Drop Tank
weapons/us_480gal_fa_18e_drop_tank_wing_left_2;480 Gallon Drop Tank
weapons/us_480gal_fa_18e_drop_tank_wing_right_1/short;Drop Tank
weapons/us_480gal_fa_18e_drop_tank_wing_right_1;480 Gallon Drop Tank
weapons/us_480gal_fa_18e_drop_tank_wing_right_2/short;Drop Tank
weapons/us_480gal_fa_18e_drop_tank_wing_right_2;480 Gallon Drop Tank
weapons/us_600_gal_f_111a_2/short;Drop tank
weapons/us_600_gal_f_111a_2;600 Gallon Drop Tank
weapons/us_600_gal_f_111a_3/short;Drop Tank
weapons/us_600_gal_f_111a_3;600 Gallon Drop Tank
weapons/us_600_gal_f_111a_4/short;Drop Tank
weapons/us_600_gal_f_111a_4;600 Gallon Drop Tank
weapons/us_600_gal_f_111a_5/short;Drop tank
weapons/us_600_gal_f_111a_5;600 Gallon Drop Tank
weapons/us_600_gal_fuse_f_4/short;Drop tank
weapons/us_600_gal_fuse_f_4;600 Gallon Drop Tank
weapons/us_600_gal_a_10c_1/short;Drop Tank
weapons/us_600_gal_a_10c_1;600 Gallon Drop Tank
weapons/us_600_gal_a_10c_2/short;Drop Tank
weapons/us_600_gal_a_10c_2;600 Gallon Drop Tank
weapons/us_600_gal_a_10c_3/short;Drop Tank
weapons/us_600_gal_a_10c_3;600 Gallon Drop Tank
weapons/us_610_gal_f_15_fuse_dark/short;Drop Tank
weapons/us_610_gal_f_15_fuse_dark;610 Gallon Drop Tank
weapons/us_610_gal_f_15_left_wing_dark/short;Drop Tank
weapons/us_610_gal_f_15_left_wing_dark;610 Gallon Drop Tank
weapons/us_610_gal_f_15_right_wing_dark/short;Drop Tank
weapons/us_610_gal_f_15_right_wing_dark;610 Gallon Drop Tank
weapons/us_610_gal_f_15_fuse/short;Drop Tank
weapons/us_610_gal_f_15_fuse;610 Gallon Drop Tank
weapons/us_610_gal_f_15_left_wing/short;Drop Tank
weapons/us_610_gal_f_15_left_wing;610 Gallon Drop Tank
weapons/us_610_gal_f_15_right_wing/short;Drop Tank
weapons/us_610_gal_f_15_right_wing;610 Gallon Drop Tank
;
weapons/us_750_gal_fastpack_f_15c_left/short;Conformal Tank
weapons/us_750_gal_fastpack_f_15c_left;750 Gallon Conformal Fuel Tank
weapons/us_750_gal_fastpack_f_15c_right/short;Conformal Tank
weapons/us_750_gal_fastpack_f_15c_right;750 Gallon Conformal Fuel Tank
;
weapons/310l_alpha_jet_1/short;Drop Tank
weapons/310l_alpha_jet_1;310 Liter Drop Tank
weapons/310l_alpha_jet_2/short;Drop Tank
weapons/310l_alpha_jet_2;310 Liter Drop Tank
weapons/ar_318l_drop_tank_1/short;Drop Tank
weapons/ar_318l_drop_tank_1;318 Liter Drop Tank
weapons/ar_318l_drop_tank_2/short;Drop Tank
weapons/ar_318l_drop_tank_2;318 Liter Drop Tank
weapons/ar_318l_drop_tank_3/short;Drop Tank
weapons/ar_318l_drop_tank_3;318 Liter Drop Tank
weapons/sws_675l_hunter_f58_1/short;Drop tank
weapons/sws_675l_hunter_f58_1;150 Gallon Drop Tank
weapons/sws_675l_hunter_f58_2/short;Drop tank
weapons/sws_675l_hunter_f58_2;150 Gallon Drop Tank
weapons/gr_1500l_tornado_assta1_1/short;Drop tank
weapons/gr_1500l_tornado_assta1_1;1500 Liter Drop Tank
weapons/gr_1500l_tornado_assta1_2/short;Drop tank
weapons/gr_1500l_tornado_assta1_2;1500 Liter Drop Tank
weapons/gr_1500l_tornado_ids_mfg_1/short;Drop tank
weapons/gr_1500l_tornado_ids_mfg_1;1500 Liter Drop Tank
weapons/gr_1500l_tornado_ids_mfg_2/short;Drop tank
weapons/gr_1500l_tornado_ids_mfg_2;1500 Liter Drop Tank
weapons/uk_1000l_ef_2000_1/short;Drop Tank
weapons/uk_1000l_ef_2000_1;1000 Liter Drop Tank
weapons/uk_1000l_ef_2000_2/short;Drop Tank
weapons/uk_1000l_ef_2000_2;1000 Liter Drop Tank
weapons/uk_1000l_ef_2000_3/short;Drop Tank
weapons/uk_1000l_ef_2000_3;1000 Liter Drop Tank
;
weapons/su_490l_mig_21/short;Drop Tank
weapons/su_490l_mig_21;490 Liter Drop Tank
weapons/su_490l_mig_21_fuse/short;Drop Tank
weapons/su_490l_mig_21_fuse;490 Liter Drop Tank
weapons/su_490l_mig_21_fuse_1/short;Drop Tank
weapons/su_490l_mig_21_fuse_1;490 Liter Drop Tank
weapons/su_490l_mig_21_left_wing/short;Drop Tank
weapons/su_490l_mig_21_left_wing;490 Liter Drop Tank
weapons/su_490l_mig_21_left_wing_1/short;Drop Tank
weapons/su_490l_mig_21_left_wing_1;490 Liter Drop Tank
weapons/su_490l_mig_21_right_wing/short;Drop Tank
weapons/su_490l_mig_21_right_wing;490 Liter Drop Tank
weapons/su_490l_mig_21_right_wing_1/short;Drop Tank
weapons/su_490l_mig_21_right_wing_1;490 Liter Drop Tank
weapons/su_490l_mig_21_bison_fuse/short;Drop Tank
weapons/su_490l_mig_21_bison_fuse;490 Liter Drop Tank
weapons/su_490l_mig_21_bison_left_wing/short;Drop Tank
weapons/su_490l_mig_21_bison_left_wing;490 Liter Drop Tank
weapons/su_490l_mig_21_bison_right_wing/short;Drop Tank
weapons/su_490l_mig_21_bison_right_wing;490 Liter Drop Tank
weapons/su_490l_j_7_left_wing/short;Drop Tank
weapons/su_490l_j_7_left_wing;490 Liter Drop Tank
weapons/su_490l_j_7_right_wing/short;Drop Tank
weapons/su_490l_j_7_right_wing;490 Liter Drop Tank
weapons/rs_500l_j_22/short;Drop Tank
weapons/rs_500l_j_22;500 Liter Drop Tank
weapons/su_800l_su_7b_silver_fuse_1/short;Drop tank
weapons/su_800l_su_7b_silver_fuse_1;820 Liter Drop Tank
weapons/su_800l_su_7b_silver_fuse_2/short;Drop Tank
weapons/su_800l_su_7b_silver_fuse_2;820 Liter Drop Tank
weapons/su_800l_su_7b_silver_wing_1/short;Drop tank
weapons/su_800l_su_7b_silver_wing_1;820 Liter Drop Tank
weapons/su_800l_su_7b_silver_wing_2/short;Drop Tank
weapons/su_800l_su_7b_silver_wing_2;820 Liter Drop Tank
weapons/su_800l_su_17_left_wing/short;Drop tank
weapons/su_800l_su_17_left_wing;820 Liter Drop Tank
weapons/su_800l_su_17_left_wing_1/short;Drop Tank
weapons/su_800l_su_17_left_wing_1;820 Liter Drop Tank
weapons/su_800l_su_17_silver_left_wing/short;Drop tank
weapons/su_800l_su_17_silver_left_wing;820 Liter Drop Tank
weapons/su_800l_su_17_silver_left_wing_1/short;Drop Tank
weapons/su_800l_su_17_silver_left_wing_1;820 Liter Drop Tank
weapons/su_800l_su_17_right_wing/short;Drop tank
weapons/su_800l_su_17_right_wing;820 Liter Drop Tank
weapons/su_800l_su_17_right_wing_1/short;Drop Tank
weapons/su_800l_su_17_right_wing_1;820 Liter Drop Tank
weapons/su_800l_su_17_silver_right_wing/short;Drop tank
weapons/su_800l_su_17_silver_right_wing;820 Liter Drop Tank
weapons/su_800l_su_17_silver_right_wing_1/short;Drop Tank
weapons/su_800l_su_17_silver_right_wing_1;820 Liter Drop Tank
weapons/su_800l_su_25_left_wing/short;Drop tank
weapons/su_800l_su_25_left_wing;820 Liter Drop Tank
weapons/su_800l_su_25_left_wing_1/short;Drop Tank
weapons/su_800l_su_25_left_wing_1;820 Liter Drop Tank
weapons/su_800l_su_25_right_wing/short;Drop tank
weapons/su_800l_su_25_right_wing;820 Liter Drop Tank
weapons/su_800l_su_25_right_wing_1/short;Drop Tank
weapons/su_800l_su_25_right_wing_1;820 Liter Drop Tank
weapons/su_800l_su_25t_left_wing/short;Drop tank
weapons/su_800l_su_25t_left_wing;820 Liter Drop Tank
weapons/su_800l_su_25t_left_wing_1/short;Drop Tank
weapons/su_800l_su_25t_left_wing_1;820 Liter Drop Tank
weapons/su_800l_su_25t_right_wing/short;Drop tank
weapons/su_800l_su_25t_right_wing;820 Liter Drop Tank
weapons/su_800l_su_25t_right_wing_1/short;Drop Tank
weapons/su_800l_su_25t_right_wing_1;820 Liter Drop Tank
weapons/su_800l_su_25tm_silver_left_wing/short;Drop tank
weapons/su_800l_su_25tm_silver_left_wing;820 Liter Drop Tank
weapons/su_800l_su_25tm_silver_left_wing_1/short;Drop Tank
weapons/su_800l_su_25tm_silver_left_wing_1;820 Liter Drop Tank
weapons/su_800l_su_25tm_silver_right_wing/short;Drop tank
weapons/su_800l_su_25tm_silver_right_wing;820 Liter Drop Tank
weapons/su_800l_su_25tm_silver_right_wing_1/short;Drop Tank
weapons/su_800l_su_25tm_silver_right_wing_1;820 Liter Drop Tank
weapons/su_800l_mig_21_silver_fuse/short;Drop Tank
weapons/su_800l_mig_21_silver_fuse;820 Liter Drop Tank
weapons/su_800l_mig_23m_silver_fuse/short;Drop tank
weapons/su_800l_mig_23m_silver_fuse;820 Liter Drop Tank
weapons/su_800l_mig_23ml_silver_fuse/short;Drop tank
weapons/su_800l_mig_23ml_silver_fuse;820 Liter Drop Tank
weapons/su_800l_mig_23_27_silver_fuse/short;Drop tank
weapons/su_800l_mig_23_27_silver_fuse;820 Liter Drop Tank
weapons/su_1150l_mig_29kr_left_wing/short;Drop Tank
weapons/su_1150l_mig_29kr_left_wing;1150 Liter Drop Tank
weapons/su_1150l_mig_29kr_right_wing/short;Drop Tank
weapons/su_1150l_mig_29kr_right_wing;1150 Liter Drop Tank
weapons/su_1150l_mig_29kr_left_wing1/short;Drop Tank
weapons/su_1150l_mig_29kr_left_wing1;1150 Liter Drop Tank
weapons/su_1150l_mig_29kr_right_wing1/short;Drop Tank
weapons/su_1150l_mig_29kr_right_wing1;1150 Liter Drop Tank
weapons/su_1500_liters_fuse_mig_29/short;Drop tank
weapons/su_1500_liters_fuse_mig_29;1520 Liter Drop Tank
weapons/su_1500_liters_fuse_mig_29smt/short;Drop tank
weapons/su_1500_liters_fuse_mig_29smt;1520 Liter Drop Tank
weapons/su_2000_liters_fuse_mig_29smt/short;Drop tank
weapons/su_2000_liters_fuse_mig_29smt;2000 Liter Drop Tank
weapons/su_su24m_2000l_drop_tank/short;Drop Tank
weapons/su_su24m_2000l_drop_tank;2000 Liter Drop Tank
weapons/su_2150_liters_fuse_mig_29kr/short;Drop Tank
weapons/su_2150_liters_fuse_mig_29kr;2150 Liter Drop Tank
weapons/su_su24m_3000l_drop_tank/short;Drop Tank
weapons/su_su24m_3000l_drop_tank;3000 Liter Drop Tank
weapons/su_su24m_3000l_drop_tank_left/short;Drop Tank
weapons/su_su24m_3000l_drop_tank_left;3000 Liter Drop Tank
weapons/su_su24m_3000l_drop_tank_right/short;Drop Tank
weapons/su_su24m_3000l_drop_tank_right;3000 Liter Drop Tank
weapons/su_su34_3000l_drop_tank/short;Drop Tank
weapons/su_su34_3000l_drop_tank;3000 Liter Drop Tank
weapons/su_su34_3000l_drop_tank_right/short;Drop Tank
weapons/su_su34_3000l_drop_tank_right;3000 Liter Drop Tank
weapons/su_su34_3000l_drop_tank_left/short;Drop Tank
weapons/su_su34_3000l_drop_tank_left;3000 Liter Drop Tank
weapons/su_5280l_mig_25pd_drop_tank_central/short;Drop Tank
weapons/su_5280l_mig_25pd_drop_tank_central;5280 Liter Drop Tank
;
weapons/in_100gal_marut_drop_tank_l/short;Drop Tank
weapons/in_100gal_marut_drop_tank_l;100 Gallon Drop Tank
weapons/in_100gal_marut_drop_tank_l_2/short;Drop Tank
weapons/in_100gal_marut_drop_tank_l_2;100 Gallon Drop Tank
weapons/in_100gal_marut_drop_tank_r/short;Drop Tank
weapons/in_100gal_marut_drop_tank_r;100 Gallon Drop Tank
weapons/in_100gal_marut_drop_tank_r_2/short;Drop Tank
weapons/in_100gal_marut_drop_tank_r_2;100 Gallon Drop Tank
weapons/meteor_f_mk8_100_tank_1/short;Drop Tank
weapons/meteor_f_mk8_100_tank_1;100 Gallon Drop Tank
weapons/meteor_f_mk8_100_tank_3/short;Drop Tank
weapons/meteor_f_mk8_100_tank_3;100 Gallon Drop Tank
weapons/uk_130gal_hawk_drop_tank_1/short;Drop Tank
weapons/uk_130gal_hawk_drop_tank_1;130 Gallon Drop Tank
weapons/uk_130gal_hawk_drop_tank_2/short;Drop Tank
weapons/uk_130gal_hawk_drop_tank_2;130 Gallon Drop Tank
weapons/uk_264gal_drop_tank_1/short;Drop Tank
weapons/uk_264gal_drop_tank_1;264 Gallon Drop Tank
weapons/uk_264gal_drop_tank_3/short;Drop Tank
weapons/uk_264gal_drop_tank_3;264 Gallon Drop Tank
weapons/uk_1500l_tornado_gr1_1/short;Drop tank
weapons/uk_1500l_tornado_gr1_1;330 Gallon Drop Tank
weapons/uk_1500l_tornado_gr1_2/short;Drop tank
weapons/uk_1500l_tornado_gr1_2;330 Gallon Drop Tank
weapons/gr_1500l_tornado_f3_1/short;Drop tank
weapons/gr_1500l_tornado_f3_1;330 Gallon Drop Tank
weapons/gr_1500l_tornado_f3_2/short;Drop tank
weapons/gr_1500l_tornado_f3_2;330 Gallon Drop Tank
weapons/gr_2250l_tornado_f3_1/short;Drop Tank
weapons/gr_2250l_tornado_f3_1;495 Gallon Drop Tank
weapons/gr_2250l_tornado_f3_2/short;Drop Tank
weapons/gr_2250l_tornado_f3_2;495 Gallon Drop Tank
weapons/uk_1500l_tornado_gr4_1/short;Drop Tank
weapons/uk_1500l_tornado_gr4_1;1500 Liter Drop Tank
weapons/uk_1500l_tornado_gr4_2/short;Drop Tank
weapons/uk_1500l_tornado_gr4_2;1500 Liter Drop Tank
;
weapons/meteor_f_mk8_180_tank_2/short;Conformal Tank
weapons/meteor_f_mk8_180_tank_2;180 Gallon Conformal Tank
weapons/buccaneer_s2b_baydoor_tank/short;Drop Tank
weapons/buccaneer_s2b_baydoor_tank;440 Gallon Drop Tank
;
weapons/jp_330_liters_a6m/short;Drop Tank
weapons/jp_330_liters_a6m;820 Liter Drop Tank
weapons/jp_300_gal_fuse_f2/short;Drop Tank
waepons/jp_300_gal_fuse_f2;300 Gallon Drop Tank
weapons/jp_600gal_drop_tank_1/short;Drop Tank
weapons/jp_600gal_drop_tank_1;600 Gallon Drop Tank
weapons/jp_600gal_drop_tank_2/short;Drop Tank
weapons/jp_600gal_drop_tank_2;600 Gallon Drop Tank
;
weapons/cn_720l_drop_tank/short;Drop Tank
weapons/cn_720l_drop_tank;720 Liter Drop Tank
weapons/cn_760l_f_6c_drop_tank_l/short;Drop Tank
weapons/cn_760l_f_6c_drop_tank_l;760 Liter Drop Tank
weapons/cn_760l_f_6c_drop_tank_r/short;Drop Tank
weapons/cn_760l_f_6c_drop_tank_r;760 Liter Drop Tank
weapons/cn_800l_rx3_drop_tank/short;Drop Tank
weapons/cn_800l_rx3_drop_tank;800 Liter Drop Tank
weapons/cn_800l_fyx800_drop_tank_1/short;Drop Tank
weapons/cn_800l_fyx800_drop_tank_1;800 Liter Drop Tank
weapons/cn_800l_fyx800_drop_tank_2/short;Drop Tank
weapons/cn_800l_fyx800_drop_tank_2;800 Liter Drop Tank
weapons/cn_800l_fyx800_j_10_drop_tank_1/short;Drop Tank
weapons/cn_800l_fyx800_j_10_drop_tank_1;800 Liter Drop Tank
weapons/cn_800l_fyx800_j_10_drop_tank_2/short;Drop Tank
weapons/cn_800l_fyx800_j_10_drop_tank_2;800 Liter Drop Tank
weapons/cn_1100l_rx3_drop_tank_1/short;Drop Tank
weapons/cn_1100l_rx3_drop_tank_1;1100 Liter Drop Tank
weapons/cn_1100l_rx3_drop_tank_2/short;Drop Tank
weapons/cn_1100l_rx3_drop_tank_2;1100 Liter Drop Tank
weapons/f_6c_pakistan_fuse_tank/short;Conformal Tank
weapons/f_6c_pakistan_fuse_tank;1140 Liter Conformal Tank
weapons/cn_1400l_fyx1400_drop_tank_1/short;Drop Tank
weapons/cn_1400l_fyx1400_drop_tank_1;1400 Liter Drop Tank
weapons/cn_1400l_fyx1400_drop_tank_2/short;Drop Tank
weapons/cn_1400l_fyx1400_drop_tank_2;1400 Liter Drop Tank
weapons/cn_1400l_fyx1400_drop_tank_3/short;Drop Tank
weapons/cn_1400l_fyx1400_drop_tank_3;1400 Liter Drop Tank
weapons/cn_1400l_fyx1400_j_8_fuse_drop_tank/short;Drop Tank
weapons/cn_1400l_fyx1400_j_8_fuse_drop_tank;1400 Liter Drop Tank
weapons/cn_1600l_drop_tank_1/short;Drop Tank
weapons/cn_1600l_drop_tank_1;1600 Liter Drop Tank
weapons/cn_1600l_drop_tank_2/short;Drop Tank
weapons/cn_1600l_drop_tank_2;1600 Liter Drop Tank
;
weapons/it_330l_drop_tank_1/short;Drop Tank
weapons/it_330l_drop_tank_1;330 Liter Drop Tank
weapons/it_330l_drop_tank_2/short;Drop Tank
weapons/it_330l_drop_tank_2;330 Liter Drop Tank
weapons/ro_540l_iar_93_drop_tank/short;Drop Tank
weapons/ro_540l_iar_93_drop_tank;540 Liter Drop Tank
weapons/it_580l_amx_1/short;Drop Tank
weapons/it_580l_amx_1;580 Liter Drop Tank
weapons/it_580l_amx_2/short;Drop Tank
weapons/it_580l_amx_2;580 Liter Drop Tank
weapons/br_580l_amx_1/short;Drop Tank
weapons/br_580l_amx_1;580 Liter Drop Tank
weapons/br_580l_amx_2/short;Drop Tank
weapons/br_580l_amx_2;580 Liter Drop Tank
weapons/it_1500l_tornado_ids_mod_95_1/short;Drop tank
weapons/it_1500l_tornado_ids_mod_95_1;1500 Liter Drop Tank
weapons/it_1500l_tornado_ids_mod_95_2/short;Drop tank
weapons/it_1500l_tornado_ids_mod_95_2;1500 Liter Drop Tank
;
weapons/nl_50gal_wingtip_tank_1/short;Fuel Tank
weapons/nl_50gal_wingtip_tank_1;50 Gallon Fuel Tank
weapons/nl_50gal_wingtip_tank_2/short;Fuel Tank
weapons/nl_50gal_wingtip_tank_2;50 Gallon Fuel Tank
weapons/nl_150gal_early_fuse_drop_tank/short;Drop Tank
weapons/nl_150gal_early_fuse_drop_tank;150 Gallon Drop Tank
weapons/nl_150gal_early_drop_tank_1/short;Drop Tank
weapons/nl_150gal_early_drop_tank_1;150 Gallon Drop Tank
weapons/nl_150gal_early_drop_tank_2/short;Drop Tank
weapons/nl_150gal_early_drop_tank_2;150 Gallon Drop Tank
weapons/310l_alpha_jet_france_1/short;Drop Tank
weapons/310l_alpha_jet_france_1;310 Liter Drop Tank
weapons/310l_alpha_jet_france_2/short;Drop Tank
weapons/310l_alpha_jet_france_2;310 Liter Drop Tank
weapons/fr_500l_m4000_drop_tank_1/short;Drop Tank
weapons/fr_500l_m4000_drop_tank_1;500 Liter Drop Tank
weapons/fr_500l_m4000_drop_tank_2/short;Drop Tank
weapons/fr_500l_m4000_drop_tank_2;500 Liter Drop Tank
weapons/fr_1200l_rp35_drop_tank_fuse/short;Drop Tank
weapons/fr_1200l_rp35_drop_tank_fuse;1200 Liter Drop Tank
weapons/fr_1200l_rp35_drop_tank_1/short;Drop Tank
weapons/fr_1200l_rp35_drop_tank_1;1200 Liter Drop Tank
weapons/fr_1200l_rp35_drop_tank_2/short;Drop Tank
weapons/fr_1200l_rp35_drop_tank_2;1200 Liter Drop Tank
weapons/fr_1200l_rp35_drop_tank_aluminium_1/short;Drop Tank
weapons/fr_1200l_rp35_drop_tank_aluminium_1;1200 Liter Drop Tank
weapons/fr_1200l_rp35_drop_tank_aluminium_2/short;Drop Tank
weapons/fr_1200l_rp35_drop_tank_aluminium_2;1200 Liter Drop Tank
weapons/fr_1200l_rp35_drop_tank_aluminium_fuse/short;Drop Tank
weapons/fr_1200l_rp35_drop_tank_aluminium_fuse;1200 Liter Drop Tank
weapons/fr_1200l_rp35_drop_tank_gray_1/short;Drop Tank
weapons/fr_1200l_rp35_drop_tank_gray_1;1200 Liter Drop Tank
weapons/fr_1200l_rp35_drop_tank_gray_2/short;Drop Tank
weapons/fr_1200l_rp35_drop_tank_gray_2;1200 Liter Drop Tank
weapons/fr_1200l_rp35_drop_tank_gray_fuse/short;Drop Tank
weapons/fr_1200l_rp35_drop_tank_gray_fuse;1200 Liter Drop Tank
weapons/fr_1200l_rp36_drop_tank_1/short;Drop Tank
weapons/fr_1200l_rp36_drop_tank_1;1200 Liter Drop Tank
weapons/fr_1200l_rp36_drop_tank_2/short;Drop Tank
weapons/fr_1200l_rp36_drop_tank_2;1200 Liter Drop Tank
weapons/fr_1200l_rp36_drop_tank_3/short;Drop Tank
weapons/fr_1200l_rp36_drop_tank_3;1200 Liter Drop Tank
weapons/fr_1200l_rp36_drop_tank_desert_1/short;Drop Tank
weapons/fr_1200l_rp36_drop_tank_desert_1;1200 Liter Drop Tank
weapons/fr_1200l_rp36_drop_tank_desert_2/short;Drop Tank
weapons/fr_1200l_rp36_drop_tank_desert_2;1200 Liter Drop Tank
weapons/fr_1200l_rp36_drop_tank_desert_3/short;Drop Tank
weapons/fr_1200l_rp36_drop_tank_desert_3;1200 Liter Drop Tank
weapons/fr_1300l_rp522_mirage_2000d_r1/short;Drop tank
weapons/fr_1300l_rp522_mirage_2000d_r1;1300 Liter Drop Tank
weapons/fr_1700l_rp30_drop_tank_1/short;Drop Tank
weapons/fr_1700l_rp30_drop_tank_1;1700 Liter Drop Tank
weapons/fr_1700l_rp30_drop_tank_2/short;Drop Tank
weapons/fr_1700l_rp30_drop_tank_2;1700 Liter Drop Tank
weapons/fr_1700l_rp30_mirage_3e_drop_tank_1/short;Drop Tank
weapons/fr_1700l_rp30_mirage_3e_drop_tank_1;1700 Liter Drop Tank
weapons/fr_1700l_rp30_mirage_3e_drop_tank_2/short;Drop Tank
weapons/fr_1700l_rp30_mirage_3e_drop_tank_2;1700 Liter Drop Tank
weapons/bl_1700l_rp30_drop_tank_1/short;Drop Tank
weapons/bl_1700l_rp30_drop_tank_1;1700 Liter Drop Tank
weapons/bl_1700l_rp30_drop_tank_2/short;Drop Tank
weapons/bl_1700l_rp30_drop_tank_2;1700 Liter Drop Tank
weapons/fr_2000l_rpl_741_rafale_drop_tank_fuse/short;Drop Tank
weapons/fr_2000l_rpl_741_rafale_drop_tank_fuse;2000 Liter Drop Tank
weapons/fr_2000l_rpl_741_rafale_drop_tank_left/short;Drop Tank
weapons/fr_2000l_rpl_741_rafale_drop_tank_left;2000 Liter Drop Tank
weapons/fr_2000l_rpl_741_rafale_drop_tank_right/short;Drop Tank
weapons/fr_2000l_rpl_741_rafale_drop_tank_right;2000 Liter Drop Tank
weapons/fr_2500l_m4000_drop_tank_1/short;Drop Tank
weapons/fr_2500l_m4000_drop_tank_1;2500 Liter Drop Tank
weapons/fr_2500l_m4000_drop_tank_2/short;Drop Tank
weapons/fr_2500l_m4000_drop_tank_2;2500 Liter Drop Tank
;
weapons/sw_a21_drop_tank_l/short;Drop Tank
weapons/sw_a21_drop_tank_l;400 Liter Drop Tank
weapons/sw_a21_drop_tank_r/short;Drop Tank
weapons/sw_a21_drop_tank_r;400 Liter Drop Tank
weapons/sw_a21rb_drop_tank_l/short;Drop Tank
weapons/sw_a21rb_drop_tank_l;400 Liter Drop Tank
weapons/sw_a21rb_drop_tank_r/short;Drop Tank
weapons/sw_a21rb_drop_tank_r;400 Liter Drop Tank
weapons/sw_510l_drop_tank/short;Drop Tank
weapons/sw_510l_drop_tank;510 Liter Drop Tank
weapons/sw_510l_drop_tank_x2/short;Drop Tank
weapons/sw_510l_drop_tank_x2;510 Liter Drop Tank
weapons/sw_1100_gal_fuse_saab_jas39/short;Drop Tank
weapons/sw_1100_gal_fuse_saab_jas39;1100 Gallon Drop Tank
weapons/sw_1100_gal_fuse_saab_jas39_left_wing/short;Drop Tank
weapons/sw_1100_gal_fuse_saab_jas39_left_wing;1100 Gallon Drop Tank
weapons/sw_1100_gal_fuse_saab_jas39_left_wing_puma/short;Drop Tank
weapons/sw_1100_gal_fuse_saab_jas39_left_wing_puma;1100 Gallon Drop Tank
weapons/sw_1100_gal_fuse_saab_jas39_right_wing/short;Drop Tank
weapons/sw_1100_gal_fuse_saab_jas39_right_wing;1100 Gallon Drop Tank
weapons/sw_1100_gal_fuse_saab_jas39_right_wing_puma/short;Drop Tank
weapons/sw_1100_gal_fuse_saab_jas39_right_wing_puma;1100 Gallon Drop Tank
weapons/sw_1250l_late_saab_ja37d/short;Drop tank
weapons/sw_1250l_late_saab_ja37d;1250 Liter Drop Tank
;
weapons/il_fastpack_f_16i_right/short;Conformal Tank
weapons/il_fastpack_f_16i_right;450 Gallon Conformal Fuel Tank
weapons/il_fastpack_f_16i_left/short;Conformal Tank
weapons/il_fastpack_f_16i_left;450 Gallon Conformal Fuel Tank
weapons/il_600_gal_fuse_f_4/short;Drop tank
weapons/il_600_gal_fuse_f_4;600 Gallon Drop Tank
weapons/il_880l_rp825_drop_tank_mirage_3cj/short;Drop Tank
weapons/il_880l_rp825_drop_tank_mirage_3cj;880 Liter Drop Tank
weapons/il_880l_rp825_drop_tank_ghost_grey_mirage_3cj/short;Drop Tank
weapons/il_880l_rp825_drop_tank_ghost_grey_mirage_3cj;880 Liter Drop Tank
weapons/il_1300l_rp62_drop_tank_ghost_grey_1/short;Drop Tank
weapons/il_1300l_rp62_drop_tank_ghost_grey_1;1300 Liter Drop Tank
weapons/il_1300l_rp62_drop_tank_ghost_grey_2/short;Drop Tank
weapons/il_1300l_rp62_drop_tank_ghost_grey_2;1300 Liter Drop Tank
;
;
;
<Dumb Bombs>;
;
weapons/us_100lb_anm30/short;AN-M30A1
weapons/us_100lb_anm30;100 lb AN-M30A1 bomb
weapons/us_250lb_anm57/short;AN-M57
weapons/us_250lb_anm57;250 lb AN-M57 bomb
weapons/us_250lb_anm57_default/short;AN-M57
weapons/us_250lb_anm57_default;250 lb AN-M57 bomb
weapons/us_300lb_m_31/short;M31
weapons/us_300lb_m_31;300 lb H.E. M31 bomb
weapons/us_500lb_anm64a1/short;AN-M64A1
weapons/us_500lb_anm64a1;500 lb AN-M64A1 bomb
weapons/us_500lb_anm64a1_rod/short;AN-M64A1
weapons/us_500lb_anm64a1_rod;500 lb AN-M64A1 bomb
weapons/us_600lb_m_32/short;M32
weapons/us_600lb_m_32;600 lb H.E. M32 bomb
weapons/us_1000lb_anm_44/short;AN-M44
weapons/us_1000lb_anm_44;1000 lb GP AN-M44 bomb
weapons/us_1000lb_anm65a1/short;AN-M65A1
weapons/us_1000lb_anm65a1;1000 lb AN-M65A1 bomb
weapons/us_1000lb_anm65a1_default/short;AN-M65A1
weapons/us_1000lb_anm65a1_default;1000 lb AN-M65A1 bomb
weapons/us_1000lb_anm65_cone/short;AN-M65A1
weapons/us_1000lb_anm65_cone;1000 lb AN-M65A1 bomb
weapons/us_2000lbs_anm66/short;AN-M66A2
weapons/us_2000lbs_anm66;2000 lb AN-M66A2 bomb
weapons/us_2000lbs_anm66_cone/short;AN-M66A2
weapons/us_2000lbs_anm66_cone;2000 lb AN-M66A2 bomb
weapons/us_4000lb_anm56_box/short;AN-M56
weapons/us_4000lb_anm56_box;4000 lb AN-M56 bomb
weapons/us_250lb_mk_81_ldgp/short;MK 81
weapons/us_250lb_mk_81_ldgp;250 lb MK 81 bomb
weapons/us_500lb_mk_82_ldgp/short;MK 82
weapons/us_500lb_mk_82_ldgp;500 lb MK 82 bomb
weapons/us_500lb_mk_82_ldgp_default/short;MK 82
weapons/us_500lb_mk_82_ldgp_default;500 lb MK 82 bomb
weapons/us_500lb_mk_82_x3_ter9a_1/short;MK 82
weapons/us_500lb_mk_82_x3_ter9a_1;500 lb MK 82 bomb
weapons/us_750lb_m117_cone_45/short;M117
weapons/us_750lb_m117_cone_45;750 lb M117 bomb
weapons/us_750lb_m117_cone_45_japan/short;JM117
weapons/us_750lb_m117_cone_45_japan;750 lb JM117 bomb
weapons/us_750lb_m117_cone_90/short;M117
weapons/us_750lb_m117_cone_90;750 lb M117 bomb
weapons/us_1000lb_mk_83_ldgp/short;MK 83
weapons/us_1000lb_mk_83_ldgp;1000 lb MK 83 bomb
weapons/us_1000lb_mk_83_ldgp_default/short;MK 83
weapons/us_1000lb_mk_83_ldgp_default;1000 lb MK 83 bomb
weapons/us_2000lb_mk_84_ldgp/short;MK 84
weapons/us_2000lb_mk_84_ldgp;2000 lb MK 84 bomb
weapons/us_2000lb_mk_84_ldgp_cone_90/short;MK 84
weapons/us_2000lb_mk_84_ldgp_cone_90;2000 lb MK 84 bomb
weapons/us_3000lb_m118/short;M118
weapons/us_3000lb_m118;3000 lb M118 bomb
;
weapons/de_sd10a/short;SD 10 C
weapons/de_sd10a;10 kg SD 10 C bomb
weapons/de_sc50/short;SC 50 JA
weapons/de_sc50;50 kg SC 50 JA bomb
weapons/de_sc50_default/short;SC 50 JA
weapons/de_sc50_default;50 kg SC 50 JA bomb
weapons/de_sd50/short;SD 50
weapons/de_sd50;50 kg SD 50 bomb
weapons/de_sd70/short;SD 70
weapons/de_sd70;70 kg SD 70 bomb
weapons/de_sc250/short;SC 250 JA
weapons/de_sc250;250 kg SC 250 JA bomb
weapons/de_sc250_default/short;SC 250 JA
weapons/de_sc250_default;250 kg SC 250 JA bomb
weapons/de_sc250_87/short;SC 250 JA
weapons/de_sc250_87;250 kg SC 250 JA bomb
weapons/de_250_matra_25e/short;Type 25E
weapons/de_250_matra_25e;250 kg Type 25E bomb
weapons/de_sc_ag300/short;SC AG 300
weapons/de_sc_ag300;300 kg SC AG bomb
weapons/de_sc500/short;SC 500 K
weapons/de_sc500;500 kg SC 500 K bomb
weapons/de_sc500_87/short;SC 500 K
weapons/de_sc500_87;500 kg SC 500 K bomb
weapons/de_sc1000/short;SC 1000 L2
weapons/de_sc1000;1000 kg SC 1000 L2 bomb
weapons/de_sc1800b/short;SC 1800 B
weapons/de_sc1800b;1800 kg SC 1800 B bomb
weapons/de_sb2500/short;SB 2500
weapons/de_sb2500;2500 kg SB 2500 bomb
weapons/de_sc2500/short;SC 2500
weapons/de_sc2500;2500 kg SC 2500 bomb
weapons/sws_50_kg_sprengbombe/short;50 kg Sprengbombe
weapons/sws_50_kg_sprengbombe;50 kg Sprengbombe bomb
weapons/sws_200_kg_sprengbombe/short;200 kg Sprengbombe
weapons/sws_200_kg_sprengbombe;200 kg Sprengbombe bomb
weapons/sws_400_kg_sprengbombe/short;400 kg Sprengbombe
weapons/sws_400_kg_sprengbombe;400 kg Sprengbombe bomb
weapons/sws_450_kg_sprengbombe_68_70/short;450 kg Sprengbombe 68/70
weapons/sws_450_kg_sprengbombe_68_70;450 kg Sprengbombe 68/70 bomb
weapons/ar_bk_br_125kg/short;BK-BR-125
weapons/ar_bk_br_125kg;125 kg BK-BR-125 bomb
weapons/ar_bk_br_130kg/short;BK-BR-130
weapons/ar_bk_br_130kg;130 kg BK-BR-130 bomb
weapons/ar_bk_br_250kg/short;BK-BR-250
weapons/ar_bk_br_250kg;250 kg BK-BR-250 bomb
weapons/ar_bk_br_500kg/short;BK-BR-500
weapons/ar_bk_br_500kg;500 kg BK-BR-500 bomb
;
weapons/su_ao_25m_1/short;AO-25M-1
weapons/su_ao_25m_1;25 kg AO-25M-1 bomb
weapons/su_fab50/short;FAB-50sv
weapons/su_fab50;50 kg FAB-50sv (forged) bomb
weapons/su_fab50_default/short;FAB-50
weapons/su_fab50_default;50 kg FAB-50sv (forged) bomb
weapons/su_fab50x/short;FAB-50sv
weapons/su_fab50x;50 kg FAB-50sv bomb
weapons/su_fab100/short;FAB-100sv
weapons/su_fab100;100 kg FAB-100sv (forged) bomb
weapons/su_fab100_default/short;FAB-100
weapons/su_fab100_default;100 kg FAB-100sv (forged) bomb
weapons/su_fab100x/short;FAB-100sv
weapons/su_fab100x;100 kg FAB-100sv bomb
weapons/su_fab_100m_43/short;FAB-100M-43
weapons/su_fab_100m_43;100 kg FAB-100M-43 bomb
weapons/su_ofab100_120/short;OFAB-100
weapons/su_ofab100_120;100 kg OFAB-100 bomb
weapons/su_ofab_100_110_tu_jupiter/short;OFAB-100-110TU
weapons/su_ofab_100_110_tu_jupiter;100 kg OFAB-100-110TU bomb
weapons/su_ofab_100mb/short;OFAB-100MB
weapons/su_ofab_100mb;100 kg OFAB-100MB bomb
weapons/su_fab250/short;FAB-250sv
weapons/su_fab250;250 kg FAB-250sv bomb
weapons/su_fab250x/short;FAB-250sv
weapons/su_fab250x;250 kg FAB-250sv bomb
weapons/su_fab_250m_43/short;FAB-250M-43
weapons/su_fab_250m_43;250 kg FAB-250M-43 bomb
weapons/su_fab_250m_44/short;FAB-250M-44
weapons/su_fab_250m_44;250 kg FAB-250M-44 bomb
weapons/su_fab_250m_46/short;FAB-250M-46
weapons/su_fab_250m_46;250 kg FAB-250M-46 bomb
weapons/su_fab250_m54/short;FAB-250M-54
weapons/su_fab250_m54;250 kg FAB-250M-54 bomb
weapons/su_fab_250m_62/short;FAB-250M-62
weapons/su_fab_250m_62;250 kg FAB-250M-62 bomb
weapons/su_ofab250/short;OFAB-250sv
weapons/su_ofab250;250 kg OFAB-250sv bomb
weapons/su_fab250_270/short;OFAB-250-270
weapons/su_fab250_270;250 kg OFAB-250-270 bomb
weapons/su_fab500/short;FAB-500sv
weapons/su_fab500;500 kg FAB-500sv (welded) bomb
weapons/su_fab500x/short;FAB-500sv
weapons/su_fab500x;500 kg FAB-500sv bomb
weapons/su_fab_500m_43/short;FAB-500M-43
weapons/su_fab_500m_43;500 kg FAB-500M-43 bomb
weapons/su_fab_500m_44/short;FAB-500M-44
weapons/su_fab_500m_44;500 kg FAB-500M-44 bomb
weapons/su_fab_500m_46/short;FAB-500M-46
weapons/su_fab_500m_46;500 kg FAB-500M-46 bomb
weapons/su_fab500_m54/short;FAB-500M-54
weapons/su_fab500_m54;500 kg FAB-500M-54 bomb
weapons/su_fab500_m54_china/short;FAB-500M-54
weapons/su_fab500_m54_china;500 kg FAB-500M-54 bomb
weapons/su_fab_500m_62t/short;FAB-500M-62
weapons/su_fab_500m_62t;500 kg FAB-500M-62 bomb
weapons/su_fab1000/short;FAB-1000
weapons/su_fab1000;1000 kg FAB-1000 (welded) bomb
weapons/su_fab1000x/short;FAB-1000sv
weapons/su_fab1000x;1000 kg FAB-1000sv bomb
weapons/su_fab_1000m_43/short;FAB-1000M-43
weapons/su_fab_1000m_43;1000 kg FAB-1000M-43 bomb
weapons/su_fab_1000m_44/short;FAB-1000M-44
weapons/su_fab_1000m_44;1000 kg FAB-1000M-44 bomb
weapons/su_fab_1500m_46/short;FAB-1500M-46
weapons/su_fab_1500m_46;1500 kg FAB-1500M-46 bomb
weapons/su_fab_1500m_54/short;FAB-1500M-54
weapons/su_fab_1500m_54;1500 kg FAB-1500M-54 bomb
weapons/su_fab_3000m_46/short;FAB-3000M-46
weapons/su_fab_3000m_46;3000 kg FAB-3000M-46 bomb
weapons/su_fab_3000m_54/short;FAB-3000M-54
weapons/su_fab_3000m_54;3000 kg FAB-3000M-54 bomb
weapons/su_fab5000/short;FAB-5000
weapons/su_fab5000;5000 kg FAB-5000 bomb
weapons/su_fab5000_m54/short;FAB-5000M-54
weapons/su_fab5000_m54;5000 kg FAB-5000M-54 bomb
weapons/su_fab9000/short;FAB-9000M-54
weapons/su_fab9000;9000 kg FAB-9000M-54 bomb
weapons/rs_fab_100_m80/short;FAB-100 M80
weapons/rs_fab_100_m80;100 kg FAB-100 M80 bomb
weapnos/rs_fab_250_m79/short;FAB-250 M79
weapons/rs_fab_250_m79;250 kg FAB-250 M79 bomb
;
weapons/uk_230lbs/short;H.E. R.C.F. 230 lb
weapons/uk_230lbs;H.E. R.C.F. 230 lb Mk.III bomb
weapons/uk_250lbs/short;G.P. 250 lb
weapons/uk_250lbs;G.P. 250 lb Mk.IV bomb
weapons/uk_250lbs_default/short;G.P. 250 lb
weapons/uk_250lbs_default;G.P. 250 lb Mk.IV bomb
weapons/uk_250lbs_43/short;G.P. 250 lb
weapons/uk_250lbs_43;G.P. 250 lb Mk.IV bomb
weapons/uk_250lbs_late/short;G.P. 250 lb
weapons/uk_250lbs_late;G.P. 250 lb Mk.IV bomb
weapons/uk_250lbs_mc_mk1_mk2_bomb/short;M.C. 250 lb
weapons/uk_250lbs_mc_mk1_mk2_bomb;M.C. 250 lb Mk.I bomb
weapons/uk_250lbs_mc_mk1_mk2_bomb_default/short;M.C. 250 lb
weapons/uk_250lbs_mc_mk1_mk2_bomb_default;M.C. 250 lb Mk.I bomb
weapons/uk_500lbs/short;G.P. 500 lb
weapons/uk_500lbs;G.P. 500 lb Mk.IV bomb
weapons/uk_500lbs_default/short;G.P. 500 lb
weapons/uk_500lbs_default;G.P. 500 lb Mk.IV bomb
weapons/uk_500lbs_43/short;G.P. 500 lb
weapons/uk_500lbs_43;G.P. 500 lb Mk.IV bomb
weapons/uk_500lbs_43_default/short;G.P. 500 lb
weapons/uk_500lbs_43_default;G.P. 500 lb Mk.IV bomb
weapons/uk_500lb_he_mc_mk2/short;M.C. 500 lb
weapons/uk_500lb_he_mc_mk2;M.C. H.E. 500 lb Mk.I bomb
weapons/uk_500lb_mc_mk1_mk4_long_tail_bomb/short;M.C. 500 lb
weapons/uk_500lb_mc_mk1_mk4_long_tail_bomb;M.C. 500 lb Mk.I bomb
weapons/uk_500lb_as_mk4/short;A.S. 500 lb
weapons/uk_500lb_as_mk4;A.S. 500 lb Mk.IV bomb
weapons/uk_540lbs/short;M.C. 540 lb
weapons/uk_540lbs;M.C. 540 lb Mk.M2 bomb
weapons/uk_1000lbs_mc_mk1/short;M.C. 1000 lb
weapons/uk_1000lbs_mc_mk1;M.C. 1000 lb Mk.I bomb
weapons/uk_1000lbs_gp/short;G.P. 1000 lb
weapons/uk_1000lbs_gp;G.P. H.E. 1000 lb Mk.13
weapons/uk_1000lbs_gp_default/short;G.P. 1000 lb
weapons/uk_1000lbs_gp_default;G.P. H.E. 1000 lb Mk.13
weapons/uk_1000lbs_gp_mk1/short;G.P. 1000 lb
weapons/uk_1000lbs_gp_mk1;G.P. 1000 lb Mk.I bomb
weapons/uk_1000lbs_mc_mk1_mk2_bomb/short;M.C. 1000 lb
weapons/uk_1000lbs_mc_mk1_mk2_bomb;M.C. 1000 lb Mk.I bomb
weapons/uk_1000lb_ld_he_mc_mk_1/short;L.D. 1000 lb
weapons/uk_1000lb_ld_he_mc_mk_1;L.D. M.C. H.E. 1000 lb Mk.1 bomb
weapons/uk_mk2_cookie/short;H.C. 4000 lb
weapons/uk_mk2_cookie;H.C. 4000 lb Mk.II bomb
weapons/uk_4000lb_hc_mk4_bomb/short;H.C. 4000 lb
weapons/uk_4000lb_hc_mk4_bomb;H.C. 4000 lb Mk.II bomb
weapons/uk_8000lb_hc_mkI_n33_bomb/short;H.C. 8000 lb
weapons/uk_8000lb_hc_mkI_n33_bomb;H.C. 8000 lb Mk.II bomb
weapons/uk_8000lb_hc_mkI_n52_bomb/short;H.C. 8000 lb
weapons/uk_8000lb_hc_mkI_n52_bomb;H.C. 8000 lb Mk.II bomb
weapons/uk_12000lb_hc_mkI_n33_bomb/short;H.C. 12000 lb
weapons/uk_12000lb_hc_mkI_n33_bomb;H.C. 12000 lb Mk.I bomb
weapons/uk_12000lb_hc_mkI_n52_bomb/short;H.C. 12000 lb
weapons/uk_12000lb_hc_mkI_n52_bomb;H.C. 12000 lb Mk.I bomb
;
weapons/jp_type94mod5/short;50 kg Type 94
weapons/jp_type94mod5;50 kg Army Type 94 GPHE bomb
weapons/jp_navy_type97mod6_60kg/short;60 kg Type 97
weapons/jp_navy_type97mod6_60kg;60 kg Navy Type 97 Number 6 bomb
weapons/jp_type97mod6/short;60 kg Type 97
weapons/jp_type97mod6;60 kg Navy Type 97 Number 6 bomb
weapons/jp_type94mod10/short;100 kg Type 94
weapons/jp_type94mod10;100 kg Army Type 94 GPHE bomb
weapons/jp_type92mod25/short;250 kg Type 92
weapons/jp_type92mod25;250 kg Army Type 92 GPHE bomb
weapons/jp_navy_type98mod25_250kg/short;250 kg Type 98
weapons/jp_navy_type98mod25_250kg;250 kg Navy Type 98 Number 25 bomb
weapons/jp_type98mod25/short;250 kg Type 98
weapons/jp_type98mod25;250 kg Navy Type 98 Number 25 bomb
weapons/jp_navy_type99mod25_250kg/short;250 kg Type 99
weapons/jp_navy_type99mod25_250kg;250 kg Navy Type 99 Number 25 bomb
weapons/jp_type99mod25/short;250 kg Type 99
weapons/jp_type99mod25;250 kg Navy Type 99 Number 25 bomb
weapons/jp_navy_mod25mark2_250kg/short;250 kg No.25
weapons/jp_navy_mod25mark2_250kg;250 kg Navy Type Number 25 Model 2 bomb
weapons/jp_navy_mod25mark2_250kg_default/short;250 kg No.25
weapons/jp_navy_mod25mark2_250kg_default;250 kg Navy Type Number 25 Model 2 bomb
weapons/jp_type92mod50/short;500 kg Type 92
weapons/jp_type92mod50;500 kg Type 92 GPHE bomb
weapons/jp_navy_mod50mark2_500kg/short;500 kg No.50
weapons/jp_navy_mod50mark2_500kg;500 kg Navy Type Number 50 Model 2 bomb
weapons/jp_navy_mod80mark1_800kg/short;800 kg No.80
weapons/jp_navy_mod80mark1_800kg;800 kg Number 80 Model 1 bomb
weapons/jp_type99mod80/short;800 kg Type 99
weapons/jp_type99mod80;800 kg Type 99 Number 80 Mark 5 bomb
weapons/jp_mod80mark1/short;800 kg No.80
weapons/jp_mod80mark1;800 kg Number 80 Model 1 bomb
;
weapons/cn_gp_100_2/short;100-2
weapons/cn_gp_100_2;100 kg 100-2 bomb
weapons/cn_gp_250_2/short;250-2
weapons/cn_gp_250_2;250 kg 250-2 bomb
weapons/su_ofab250_olive/short;250-2
weapons/su_ofab250_olive;250 kg 250-2 bomb
weapons/cn_gp_250_3/short;250-3
weapons/cn_gp_250_3;250 kg 250-3 bomb
weapons/cn_gp_250_3_default/short;250-3
weapons/cn_gp_250_3_default;250 kg 250-3 bomb
weapons/china_250kg_mk_82/short;250-3
weapons/china_250kg_mk_82;250 kg 250-3 bomb
weapons/cn_gp_500_2/short;500-2
weapons/cn_gp_500_2;500 kg 500-2 bomb
weapons/cn_gp_500_3/short;500-3
weapons/cn_gp_500_3;500 kg 500-3 bomb
weapons/cn_gp_1500_2/short;1500-2
weapons/cn_gp_1500_2;1500 kg 1500-2 bomb
weapons/cn_gp_3000_2/short;3000-2
weapons/cn_gp_3000_2;3000 kg 3000-2 bomb
;
weapons/it_50kg_t/short;GP 50T
weapons/it_50kg_t;50 kg GP 50 bomb
weapons/it_50kg_t_vert/short;GP 50T
weapons/it_50kg_t_vert;50 kg GP 50 bomb
weapons/it_100kg_m/short;SAP 100M
weapons/it_100kg_m;100 kg SAP 100M bomb
weapons/it_100kg_t_vert/short;GP 100T
weapons/it_100kg_t_vert;100 kg GP 100T bomb
weapons/it_100kg_t/short;GP 100T
weapons/it_100kg_t;100 kg GP 100T bomb
weapons/it_250kg_gp/short;GP 250
weapons/it_250kg_gp;250 kg GP 250 bomb
weapons/it_250kg_gp_stuka/short;GP 250
weapons/it_250kg_gp_stuka;250 kg GP 250 bomb
weapons/it_500kg_gp/short;GP 500
weapons/it_500kg_gp;500 kg GP 500 bomb
weapons/it_500kg_gp_stuka/short;GP 500
weapons/it_500kg_gp_stuka;500 kg GP 500 bomb
weapons/it_800kg_gp/short;GP 800
weapons/it_800kg_gp;800 kg GP 800 bomb
weapons/ro_be_50kg_bomb_45/short;BE-50
weapons/ro_be_50kg_bomb_45;50 kg BE-50 bomb
weapons/ro_ba_100kg_bomb_45/short;BA-100
weapons/ro_ba_100kg_bomb_45;100 kg BA-100 bomb
weapons/ro_ba_250kg_bomb_45/short;BA-250
weapons/ro_ba_250kg_bomb_45;250 kg BA-250 bomb
weapons/ro_ba_500kg_bomb_45/short;BA-500
weapons/ro_ba_500kg_bomb_45;500 kg BA-500 bomb
weapons/br_bafg_230/short;BAFG-230
weapons/br_bafg_230;230 kg Bombas Aéreas de Fins Gerais 230 bomb
weapons/br_bafg_230_default/short;BAFG-230
weapons/br_bafg_230_default;230 kg Bombas Aéreas de Fins Gerais 230 bomb
weapons/br_bafg_460/short;BAFG-460
weapons/br_bafg_460;460 kg Bombas Aéreas de Fins Gerais 460 bomb
weapons/br_bafg_920/short;BAFG-920
weapons/br_bafg_920;920 kg Bombas Aéreas de Fins Gerais 920 bomb
;
weapons/fr_50kg_gammn/short;G.A.MM.N. 50
weapons/fr_50kg_gammn;50 kg G.A.MM.N.50 bomb
weapons/fr_50kg_dt2/short;D.T. No.2
weapons/fr_50kg_dt2;50 kg D.T. No.2 bomb
weapons/fr_50kg_type_61c/short;Type 61C
weapons/fr_50kg_type_61c;50 kg Type 61C bomb
weapons/fr_75kg_g2_navale/short;G2 Navale
weapons/fr_75kg_g2_navale;75 kg G2 Navale bomb
weapons/fr_100kg/short;100 No.1
weapons/fr_100kg;100 kg No.1 bomb
weapons/fr_130kg_samp_mk81/short;MK 81
weapons/fr_130kg_samp_mk81;250 lb SAMP Mk 81 bomb
weapons/fr_150kg_i2_navale/short;I2 Navale
weapons/fr_150kg_i2_navale;150 kg I2 Navale bomb
weapons/fr_200kg/short;200 No.1
weapons/fr_200kg;200 kg No.1 bomb
weapons/fr_250kg_samp_mk82/short;MK 82
weapons/fr_250kg_samp_mk82;500 lb SAMP Mk 82 bomb
weapons/fr_250_samp_type_25/short;Type 25
weapons/fr_250_samp_type_25;250 kg SAMP Type 25 bomb
weapons/fr_250_samp_type_25_default/short;Type 25
weapons/fr_250_samp_type_25_default;250 kg SAMP Type 25 bomb
weapons/fr_400_samp_type_21/short;Type 21
weapons/fr_400_samp_type_21;400 kg SAMP Type 21 bomb
weapons/fr_500kg_samp_mk83/short;MK 83
weapons/fr_500kg_samp_mk83;1000 lb SAMP Mk 83 bomb
weapons/fr_500kg_3_1/short;500 No.2
weapons/fr_500kg_3_1;500 kg No.2 bomb
weapons/fr_750lb_m117_cone_90/short;M117
weapons/fr_750lb_m117_cone_90;750 lb M117 bomb
weapons/fr_750lb_m117_cone_45/short;M117
weapons/fr_750lb_m117_cone_45;750 lb M117 bomb
weapons/fr_1000kg_samp_mk84/short;MK 84
weapons/fr_1000kg_samp_mk84;2000 lb SAMP Mk 84 bomb
weapons/nld_50kg/short;50 kg Vliegtuigbom
weapons/nld_50kg;50 kg Vliegtuigbom bomb
weapons/nld_100kg/short;100 kg Vliegtuigbom
weapons/nld_100kg;100 kg Vliegtuigbom bomb
weapons/nld_300kg/short;300 kg Vliegtuigbom
weapons/nld_300kg;300 kg Vliegtuigbom bomb
weapons/nld_400kg/short;400 kg Vliegtuigbom
weapons/nld_400kg;400 kg Vliegtuigbom bomb
;
weapons/swd_50kg_sb_m37a/short;mb m/37AT
weapons/swd_50kg_sb_m37a;50 kg minbomb m/37AT
weapons/swd_250kg_minb_m37b/short;mb m/37B
weapons/swd_250kg_minb_m37b;250 kg minbomb m/37B
weapons/swd_250kg_minb_m40/short;mb m/40
weapons/swd_250kg_minb_m40;250 kg minbomb m/40
weapons/swd_500kg_minb_m41/short;mb m/41
weapons/swd_500kg_minb_m41;500 kg minbomb m/41
weapons/swd_50kg_sb_m42/short;sb m/42
weapons/swd_50kg_sb_m42;50 kg sprängbomb m/42
weapons/swd_50kg_sb_m47/short;sb m/47
weapons/swd_50kg_sb_m47;50 kg sprängbomb m/47
weapons/swd_250kg_minb_m50/short;mb m/50
weapons/swd_250kg_minb_m50;250 kg minbomb m/50
weapons/swd_600kg_minb_m50/short;mb m/50
weapons/swd_600kg_minb_m50;600 kg minbomb m/50
weapons/swd_500kg_minb_m56/short;mb m/56
weapons/swd_500kg_minb_m56;500 kg minbomb m/56
weapons/swd_120kg_sb_m61/short;sb m/61
weapons/swd_120kg_sb_m61;120 kg sprängbomb m/61
weapons/swd_120kg_sb_m71/short;sb m/71
weapons/swd_120kg_sb_m71;120 kg sprängbomb m/71
weapons/fi_50kg_1938/short;50 Kg Model 1938
weapons/fi_50kg_1938;50 Kg Model 1938 bomb
weapons/fi_100kg_1938/short;100 Kg Model 1938
weapons/fi_100kg_1938;100 Kg Model 1938 bomb
;
weapons/il_100_50_kg_gp/short;100/50 G.P.
weapons/il_100_50_kg_gp;100/50 kg G.P. bomb
weapons/il_250_50_kg_gp/short;250/50 G.P.
weapons/il_250_50_kg_gp;250/50 kg G.P. bomb
weapons/il_360_50_kg_gp/short;360/50 G.P.
weapons/il_360_50_kg_gp;360/50 kg G.P. bomb
weapons/il_500_50_kg_gp/short;500/50 G.P.
weapons/il_500_50_kg_gp;500/50 G.P. bomb
;
;
;
<Special Bombs>;
;
weapons/us_250lb_mk_81_ldgp_snakeye/short;MK 81 Snakeye
weapons/us_250lb_mk_81_ldgp_snakeye;250 lb MK 81 Snakeye high-drag tail fin retarded bomb
weapons/us_500lb_mk_82_ldgp_snakeye/short;MK 82 Snakeye
weapons/us_500lb_mk_82_ldgp_snakeye;500 lb MK 82 Snakeye high-drag tail fin retarded bomb
weapons/us_500lb_mk_82_ldgp_air/short;MK 82 AIR
weapons/us_500lb_mk_82_ldgp_air;500 lb MK 82 AIR ballute-type retarded bomb
weapons/us_1000lb_mk_83_ldgp_air/short;MK 83 AIR
weapons/us_1000lb_mk_83_ldgp_air;1000 lb MK 83 AIR ballute-type retarded bomb
weapons/us_2000lb_mk_84_ldgp_air/short;MK 84 AIR
weapons/us_2000lb_mk_84_ldgp_air;2000 lb MK 84 ballute-type retarded bomb
weapons/us_1000lb_anmk33_box_ap/short;AN-MK 33
weapons/us_1000lb_anmk33_box_ap;1000 lb AN-MK 33 armor-piercing bomb
weapons/us_1000lb_anmk33_box_ap_45/short;AN-MK 33
weapons/us_1000lb_anmk33_box_ap_45;1000 lb AN-MK 33 armor-piercing bomb
weapons/us_1600lb_ap_an_mk1/short;AN-MK 1
weapons/us_1600lb_ap_an_mk1;1600 lb AN-MK 1 armor-piercing bomb
weapons/us_1600lb_ap_an_mk1_45/short;AN-MK 1
weapons/us_1600lb_ap_an_mk1_45;1600 lb AN-MK 1 armor-piercing bomb
weapons/us_750_lb_m116a2/short;M116A2
weapons/us_750_lb_m116a2;750 lb M116A2 incendiary bomb
weapons/us_500lb_mk77_mod2/short;MK 77 MOD 2
weapons/us_500lb_mk77_mod2;500 lb MK 77 MOD 2 incendiary bomb
weapons/us_500lb_mk77_mod4/short;MK 77 MOD 4
weapons/us_500lb_mk77_mod4;500 lb MK 77 MOD 4 incendiary bomb
weapons/us_750lb_mk77_mod0/short;MK 77 MOD 0
weapons/us_750lb_mk77_mod0;750 lb MK 77 MOD 0 incendiary bomb
weapons/us_750lb_mk_78_mod_2/short;MK 78 MOD 2
weapons/us_750lb_mk_78_mod_2;750 lb MK 78 MOD 2 incendiary bomb
weapons/us_1000_lb_mk_79_mod_0/short;MK 79 MOD 1
weapons/us_1000_lb_mk_79_mod_0;1000 lb MK 79 MOD 1 incendiary bomb
weapons/us_blu_1/short;BLU-1/B
weapons/us_blu_1;750 lb BLU-1/B incendiary bomb
weapons/us_250_lb_blu_10b/short;BLU-10/B
weapons/us_250_lb_blu_10b;250 lb BLU-10/B incendiary bomb
weapons/us_500_lb_blu_23b/short;BLU-23/B
weapons/us_500_lb_blu_23b;500 lb BLU-23/B incendiary bomb
weapons/us_blu27b/short;BLU-27/B
weapons/us_blu27b;750 lb BLU-27/B incendiary bomb
weapons/us_mine_mk13_mod0/short;MK 13 MOD 0
weapons/us_mine_mk13_mod0;1000 lb MK 13 MOD 0 aircraft laid magnetic mine
weapons/us_special_weapon/short;Special Weapon
weapons/us_special_weapon;Special Weapon
weapons/us_750lb_m117_air/short;M117 AIR
weapons/us_750lb_m117_air;750 lb M117 AIR ballute-type retarded bomb
;
weapons/de_pc500_ap/short;PC 500
weapons/de_pc500_ap;500 kg PC 500 armor-piercing bomb
weapons/de_pd500_ap/short;PD 500
weapons/de_pd500_ap;500 kg PD 500 armor-piercing bomb
weapons/de_pc500_rs_ap/short;PC 500 RS
weapons/de_pc500_rs_ap;500 kg PC 500 RS armor-piercing bomb
weapons/de_pc1000_ap/short;PC 1000
weapons/de_pc1000_ap;1000 kg PC 1000 RS armor-piercing bomb
weapons/de_pc1000_rs_ap/short;PC 1000 RS
weapons/de_pc1000_rs_ap;1000 kg PC 1000 RS armor-piercing bomb
weapons/de_pc1600_ap/short;PC 1600
weapons/de_pc1600_ap;1600 kg PC 1600 armor-piercing bomb
weapons/de_pc1800_rs_ap/short;PC 1800
weapons/de_pc1800_rs_ap;1800 kg PC 1800 RS armor-piercing bomb
weapons/de_flam_250/short;C 250
weapons/de_flam_250;Flam C 250 incendiary bomb
weapons/de_flam_500/short;C 500
weapons/de_flam_500;Flam C 500 incendiary bomb
weapons/sws_400kg_febb_napalmbombe/short;400 kg FeBb Napalmbombe
weapons/sws_400kg_febb_napalmbombe;400 kg FeBb Napalmbombe incendiary bomb
weapons/ar_inc_220/short;INC-220
weapons/ar_inc_220;220 kg INC-220 incendiary bomb
weapons/ar_brp_250kg/short;BRP-250
weapons/ar_brp_250kg;250 kg BRP-250 parachute retarded bomb
weapons/ar_brp_500kg/short;BRP-500
weapons/ar_brp_500kg;500 kg BRP-500 parachute retarded bomb
;
weapons/su_ofab250sh/short;OFAB-250Sh
weapons/su_ofab250sh;250 kg OFAB-250Sh parachute retarded bomb
weapons/su_fab500sh/short;FAB-500Sh
weapons/su_fab500sh;500 kg FAB-500Sh parachute retarded bomb
weapons/su_brab_220_1930_ap/short;BRAB-220
weapons/su_brab_220_1930_ap;220 kg BRAB-220 armor-piercing bomb
weapons/su_brab_250_ap/short;BRAB-250
weapons/su_brab_250_ap;250 kg BRAB-250 armor-piercing bomb
weapons/su_brab_500_1938_ap/short;BRAB-500
weapons/su_brab_500_1938_ap;500 kg BRAB-500 armor-piercing bomb
weapons/su_brab_500m43_ap/short;BRAB-500M-43
weapons/su_brab_500m43_ap;500 kg BRAB-500M-43 armor-piercing bomb
weapons/su_brab_1000_1938_ap/short;BRAB-1000
weapons/su_brab_1000_1938_ap;1000 kg BRAB-1000 armor-piercing bomb
weapons/su_brab_1000m43_ap/short;BRAB-1000M-43
weapons/su_brab_1000m43_ap;1000 kg BRAB-1000M-43 armor-piercing bomb
weapons/su_zab50fp/short;ZAB-50FP
weapons/su_zab50fp;ZAB-50FP incendiary bomb
weapons/su_zb_360/short;ZB-360
weapons/su_zb_360;ZB-360 incendiary bomb
weapons/su_zb_500/short;ZB-500
weapons/su_zb_500;ZB-500 incendiary bomb
weapons/rs_plab_350m_73/short;PLAB-350 M73
weapons/rs_plab_350m_73;350 kg PLAB-350 M73 incendiary bomb
;
weapons/uk_540lb_mc_mk2_retarded/short;M.C. 540 lb [HD]
weapons/uk_540lb_mc_mk2_retarded;H.E. M.C. Mk.1 No.118 540 lb retarded bomb
weapons/uk_1000lbs_gp_n117/short;M.C. 1000 lb No.117
weapons/uk_1000lbs_gp_n117;M.C. H.E. 1000 lb Mk.13 No.117 high-drag tail fin retarded bomb
weapons/uk_500lb_sap_mkII_ap/short;S.A.P. 500 lb
weapons/uk_500lb_sap_mkII_ap;S.A.P. 500 lb Mk.II armor-piercing bomb
weapons/uk_2000lb_ap_mkI/short;A.P. 2000 lb
weapons/uk_2000lb_ap_mkI;A.P. 2000 lb Mk.I armor-piercing bomb
;
weapons/jp_mod25mark2/short;250 kg No.25
weapons/jp_mod25mark2;250 kg Number 25 Model 2 SAP armor-piercing bomb
weapons/jp_mod50mark1/short;500 kg No.50 Mod.1
weapons/jp_mod50mark1;500 kg Number 50 Model 1 SAP armor-piercing bomb
weapons/jp_mod50mark2/short;500 kg No.50 Mod.2
weapons/jp_mod50mark2;500 kg Number 50 Model 2 SAP armor-piercing bomb
weapons/jp_navy_mod50mark1_500kg/short;500 kg Type 2
weapons/jp_navy_mod50mark1_500kg;500 kg Type 2 Number 50 Model 1 SAP armor-piercing bomb
weapons/jp_navy_type99mod80_800kg/short;800 kg Type 99
weapons/jp_navy_type99mod80_800kg;800 kg Navy Type 99 Number 80 armor-piercing bomb
weapons/jp_ijnaf_type_3_number_150_1500kg_ap/short;1500 kg Type 3
weapons/jp_ijnaf_type_3_number_150_1500kg_ap;1500 kg Navy Type 3 Number 150 armor-piercing bomb
;
weapons/cn_gp_250_4/short;250-4
weapons/cn_gp_250_4;250 kg 250-4 parachute retarded bomb
weapons/cn_gp_500_4/short;500-4
weapons/cn_gp_500_4;500 kg 500-4 parachute retarded bomb
weapons/cn_gp_250_2_incendiary/short;250-1
weapons/cn_gp_250_2_incendiary;250 kg 250-1 incendiary bomb
;
weapons/br_bafg_230_2_default/short;BFA-230/2
weapons/br_bafg_230_2_default;230 kg Bombas com Freio Aerodinâmico 230/2 ballute-type retarded bomb
weapons/br_bafg_230_2/short;BFA-230/2
weapons/br_bafg_230_2;230 kg Bombas com Freio Aerodinâmico 230/2 ballute-type retarded bomb
weapons/br_bafg_460_2/short;BFA-460/2
weapons/br_bafg_460_2;460 kg Bombas com Freio Aerodinâmico 460/2 ballute-type retarded bomb
weapons/it_100kg_m_vert/short;SAP 100M
weapons/it_100kg_m_vert;100 kg SAP 100M bomb
weapons/it_150kg_ap/short;A.P 160
weapons/it_150kg_ap;150 kg A.P 160 bomb
weapons/it_160kg_ap/short;A.P 160
weapons/it_160kg_ap;160 kg A.P 160 bomb
weapons/it_630kg_ap/short;P.D 630
weapons/it_630kg_ap;630 kg P.D 630 armor piercing bomb
weapons/it_250kg_napalm_aerea_559g1/short;Aerea 559G1
weapons/it_250kg_napalm_aerea_559g1;Aerea 559G1 incendiary bomb
weapons/br_binc_300/short;BINC-300
weapons/br_binc_300;300 kg Bombas Incendiárias indendiary bomb
;
weapons/fr_250_samp_type_25_200/short;Type 25-200
weapons/fr_250_samp_type_25_200;250 kg SAMP Type 25-200 parachute retarded bomb
weapons/fr_400_samp_type_21_200/short;Type 21-200
weapons/fr_400_samp_type_21_200;400 kg SAMP Type 21-200 parachute retarded bomb
weapons/fr_samp_mk_82_250_ldgp_snakeye/short;MK 82 Snakeye
weapons/fr_samp_mk_82_250_ldgp_snakeye;500 lb SAMP Mk 82 250 Snakeye high-drag tail fin retarded bomb
weapons/fr_460l_secan_63/short;SECAN 63
weapons/fr_460l_secan_63;SECAN 63 incendiary bomb
;
weapons/swd_120kg_sb_m71_retarded/short;sb m/71 (bfask m/61)
weapons/swd_120kg_sb_m71_retarded;120 kg sprängbomb m/71 (bombfallskärm m/61)
weapons/sw_500kg_brandbomb_m58/short;brandb m/58
weapons/sw_500kg_brandbomb_m58;500 kg brandbomb m/58
;
weapons/il_380l_mk2_fire_bomb/short;Mk.2
weapons/il_380l_mk2_fire_bomb;Mk.2 incendiary bomb
;
weapons/us_mk6/short;☢MK 6 MOD 0
weapons/us_mk6;60-inch Nuclear Bomb MK 6 MOD 0
weapons/us_mk7/short;☢MK 7 MOD 0
weapons/us_mk7;30-inch Nuclear Bomb MK 7 MOD 0
weapons/us_b28/short;☢B28FI (Y5)
weapons/us_b28;Nuclear Bomb, B28FI (Y5) MOD 2
weapons/us_b61_5kt/short;☢B61-8 (5kt)
weapons/us_b61_5kt;Nuclear Bomb, B61 MOD 8 (5kt Yield)
weapons/us_b61_30kt/short;☢B61-8 (30kt)
weapons/us_b61_30kt;Nuclear Bomb, B61 MOD 8 (30kt Yield)
weapons/us_b61/short;☢B61-8
weapons/us_b61;Nuclear Bomb, B61 MOD 8
weapons/us_b83/short;☢B83
weapons/us_b83;Nuclear Bomb, B83
;
weapons/su_rds4/short;☢RDS-4
weapons/su_rds4;8U69 | RDS-4 Tatiana
weapons/su_rds4_5kt_nt/short;☢RDS-4 (5kt)
weapons/su_rds4_5kt_nt;8U69 | RDS-4 Tatiana (5kt Yield)
weapons/su_rds4_30kt_nt/short;☢RDS-4 (30kt)
weapons/su_rds4_30kt_nt;8U69 | RDS-4 Tatiana (30kt Yield)
weapons/su_rds37/short;☢RDS-37
weapons/su_rds37;RDS-37 Nuclear Bomb
weapons/su_rn_28/short;☢RN-28
weapons/su_rn_28;RN-28 Nuclear Bomb
weapons/su_rn_28_nt/short;☢RN-28 (5kt)
weapons/su_rn_28_nt;RN-28 (5kt Yield) Nuclear Bomb
weapons/su_rn_40/short;☢RN-40 (30kt)
weapons/su_rn_40;8U64 | RN-40 (30kt Yield) Nuclear Bomb
;
weapons/kb1/short;☢KB1
weapons/kb1;☢Kuángbiāo 1 Nuclear Bomb
weapons/kb1_5kt/short;☢KB1 (5kt)
weapons/kb1_5kt;☢Kuángbiāo 1 (5kt Yield) Nuclear Bomb
weapons/kb1_30kt/short;☢KB1 (30kt)
weapons/kb1_30kt;☢Kuángbiāo 1 (30kt Yield) Nuclear Bomb
;
;
weapons/fr_an52/short;☢AN/M52
weapons/fr_an52;AN/M52 Nuclear Bomb
weapons/fr_an52_5kt_nt/short;☢AN/M52 (5kt)
weapons/fr_an52_5kt_nt;AN/M52 (5kt Yield) Nuclear Bomb
weapons/fr_an52_30kt_nt/short;☢AN/M52 (30kt)
weapons/fr_an52_30kt_nt;AN/M52 (30kt Yield) Nuclear Bomb
;
;
;
<Rockets>;
;
weapons/us_5_in_ar_mk1/short;AR
weapons/us_5_in_ar_mk1;AR rockets
weapons/us_m8bazooka/short;M8
weapons/us_m8bazooka;M8 rocket
weapons/us_5_in_hvar/short;HVAR MK 28
weapons/us_5_in_hvar;High Velocity Aerial Rocket MK 28 MOD 4
weapons/us_5_in_hvar_a/short;HVAR MK 28
weapons/us_5_in_hvar_a;High Velocity Aerial Rocket MK 28 MOD 4
weapons/us_5_in_hvar_a_default/short;HVAR MK 28
weapons/us_5_in_hvar_a_default;High Velocity Aerial Rocket MK 28 MOD 4
weapons/us_5_in_hvar_b/short;HVAR MK 28
weapons/us_5_in_hvar_b;High Velocity Aerial Rocket MK 28 MOD 4
weapons/us_5_in_hvar_b_default/short;HVAR MK 28
weapons/us_5_in_hvar_b_default;High Velocity Aerial Rocket MK 28 MOD 4
weapons/us_5_in_hvar_c/short;HVAR MK 28
weapons/us_5_in_hvar_c;High Velocity Aerial Rocket MK 28 MOD 4
weapons/us_5_in_hvar_c_default/short;HVAR MK 28
weapons/us_5_in_hvar_c_default;High Velocity Aerial Rocket MK 28 MOD 4
weapons/us_5_in_hvar_d/short;HVAR MK 28
weapons/us_5_in_hvar_d;High Velocity Aerial Rocket MK 28 MOD 4
weapons/us_5_in_hvar_2/short;HVAR MK 28
weapons/us_5_in_hvar_2;High Velocity Aerial Rocket MK 28 MOD 4
weapons/uk_hvar/short;HVAR MK 28
weapons/uk_hvar;High Velocity Aerial Rocket MK 28 MOD 4
weapons/us_11_75_in_tiny_tim/short;Tiny Tim
weapons/us_11_75_in_tiny_tim;Tiny Tim rockets
weapons/us_11_75_in_tiny_tim_army/short;Tiny Tim
weapons/us_11_75_in_tiny_tim_army;Tiny Tim rockets
weapons/us_zuni_wafar_mk32/short;Zuni MK 32
weapons/us_zuni_wafar_mk32;Zuni MK 32 MOD 0 5-inch Folding-Fin Aircraft Rocket
weapons/us_zuni_wafar_mk32_left/short;Zuni MK 32
weapons/us_zuni_wafar_mk32_left;Zuni MK 32 MOD 0 5-inch Folding-Fin Aircraft Rocket
weapons/us_zuni_wafar_mk32_right/short;Zuni MK 32
weapons/us_zuni_wafar_mk32_right;Zuni MK 32 MOD 0 5-inch Folding-Fin Aircraft Rocket
weapons/us_zuni_wafar_mk32_cwp/short;Zuni MK 32
weapons/us_zuni_wafar_mk32_cwp;Zuni MK 32 MOD 0 5-inch Folding-Fin Aircraft Rocket
weapons/us_zuni_wafar_mk34/short;Zuni MK 34
weapons/us_zuni_wafar_mk34;Zuni MK 34 MOD 0 5-inch Folding-Fin Aircraft Rocket
weapons/us_2_75_in_ffar_mighty_mouse/short;FFAR (M247)
weapons/us_2_75_in_ffar_mighty_mouse;MK 4 Folding-Fin Aerial Rocket “Mighty Mouse” (M247 Warhead)
weapons/us_2_75_in_ffar_mighty_mouse_default/short;FFAR (M247)
weapons/us_2_75_in_ffar_mighty_mouse_default;MK 4 Folding-Fin Aerial Rocket “Mighty Mouse” (M247 Warhead)
weapons/us_2_75_in_ffar_mighty_mouse_fn_m3p/short;FFAR (M247)
weapons/us_2_75_in_ffar_mighty_mouse_fn_m3p;MK 4 Folding-Fin Aerial Rocket “Mighty Mouse” (M247 Warhead)
weapons/us_2_75_in_ffar_mighty_mouse_fn_m3p_cwp/short;FFAR (M247)
weapons/us_2_75_in_ffar_mighty_mouse_fn_m3p_cwp;MK 4 Folding-Fin Aerial Rocket “Mighty Mouse” (M247 Warhead)
weapons/us_2_75_in_ffar_mighty_mouse_m151/short;FFAR (M151)
weapons/us_2_75_in_ffar_mighty_mouse_m151;MK 4 Folding-Fin Aerial Rocket “Mighty Mouse” (M151 Warhead)
weapons/us_2_75_in_ffar_mighty_mouse_m429/short;FFAR (M429)
weapons/us_2_75_in_ffar_mighty_mouse_m429;MK 4 Folding-Fin Aerial Rocket “Mighty Mouse” (M429 Fuze)
weapons/us_2_75_in_ffar_mighty_mouse_m439/short;FFAR (M439)
weapons/us_2_75_in_ffar_mighty_mouse_m439;MK 4 Folding-Fin Aerial Rocket “Mighty Mouse” (M439 Fuze)
weapons/us_hydra_70_m247/short;Hydra-70 (M247)
weapons/us_hydra_70_m247;70 mm Hydra-70 (M247 Warhead)
weapons/us_hydra_70_m247_default/short;Hydra-70 (M247)
weapons/us_hydra_70_m247_default;70 mm Hydra-70 (M247 Warhead)
weapons/ir_yasser/short;Yāsir
weapons/ir_yasser;Yāsir rockets
;
weapons/de_rz65_rocket/short;RZ 65
weapons/de_rz65_rocket;RZ 65 rockets
weapons/de_r4m_orkan_rocket/short;R4M
weapons/de_r4m_orkan_rocket;R4M rockets
weapons/de_r4m_pb2_rocket/short;Panzerblitz II
weapons/de_r4m_pb2_rocket;Panzerblitz II rockets
weapons/de_br20/short;W.Gr.21
weapons/de_br20;Werfergranata 21 rockets
weapons/de_wgr41/short;43.M rakétagránát
weapons/de_wgr41;43.M rakétagránát rockets
weapons/sws_80_mm_sura_fl_us3/short;T-80-US 3
weapons/sws_80_mm_sura_fl_us3;Type R80 SURA rockets T-80-US 3
weapons/sws_80_mm_sura_fl_pi3/short;T-80-UI 3
weapons/sws_80_mm_sura_fl_pi3;Type R80 SURA rockets T-80-UI 3
weapons/sws_80_mm_hs_r80_sura/short;T-80-P 3
weapons/sws_80_mm_hs_r80_sura;Type R80 SURA rockets T-80-P 3
;
weapons/su_rs82/short;RS-82
weapons/su_rs82;RS-82 rockets
weapons/su_rbs82/short;RBS-82
weapons/su_rbs82;RBS-82 rockets
weapons/su_ros_82/short;ROS-82
weapons/su_ros_82;ROS-82 rockets
weapons/su_rs132/short;RS-132
weapons/su_rs132;RS-132 rockets
weapons/su_rbs132/short;RBS-132
weapons/su_rbs132;RBS-132 rockets
weapons/su_ros132/short;ROS-132
weapons/su_ros132;ROS-132 rockets
weapons/su_rofs132/short;ROFS-132
weapons/su_rofs132;ROFS-132 rockets
weapons/su_m8/short;M-8
weapons/su_m8;M-8 rockets
weapons/su_m13uk/short;M-13UK
weapons/su_m13uk;M-13UK rockets
weapons/su_c1of_rocket/short;TRS-212
weapons/su_c1of_rocket;TRS-212 rockets
weapons/su_s_3k_rocket/short;S-3K
weapons/su_s_3k_rocket;S-3K rockets
weapons/su_s_5k_rocket/short;S-5K
weapons/su_s_5k_rocket;S-5K rockets
weapons/su_s_5k_rocket_ub16/short;S-5K
weapons/su_s_5k_rocket_ub16;S-5K rockets
weapons/su_s_5kp_rocket/short;S-5KP
weapons/su_s_5kp_rocket;S-5KP rockets
weapons/su_s_5m_rocket/short;S-5M
weapons/su_s_5m_rocket;S-5M rockets
weapons/su_s_8m_rocket/short;S-8M
weapons/su_s_8m_rocket;S-8M rockets
weapons/su_s8_ko_rocket/short;S-8KO
weapons/su_s8_ko_rocket;S-8KO rockets
weapons/su_s_8ko_rocket/short;S-8KO
weapons/su_s_8ko_rocket;S-8KO rockets
weapons/su_s_13df_rocket/short;S-13DF
weapons/su_s_13df_rocket;S-13DF rockets
weapons/su_s_13of_rocket/short;S-13OF
weapons/su_s_13of_rocket;S-13OF rockets
weapons/su_s_21_rocket/short;S-21
weapons/su_s_21_rocket;S-21 rockets
weapons/su_s_24_rocket/short;S-24
weapons/su_s_24_rocket;S-24 rockets
weapons/su_s_24b_rocket/short;S-24B
weapons/su_s_24b_rocket;S-24B rockets
weapons/su_s_25l_rocket/short;S-25L
weapons/su_s_25l_rocket;S-25L rockets
weapons/su_s_25ld/short;S-25LD
weapons/su_s_25ld;S-25LD rockets
weapons/su_s_25ld_rocket/short;S-25LD
weapons/su_s_25ld_rocket;S-25LD rockets
weapons/su_s_25o_rocket/short;S-25O
weapons/su_s_25o_rocket;S-25O rockets
weapons/su_s_25of_rocket/short;S-25OF
weapons/su_s_25of_rocket;S-25OF rockets
weapons/su_s_25ofm_rocket/short;S-25OFM
weapons/su_s_25ofm_rocket;S-25OFM rockets
weapons/rs_br_vz_128_m15_rocket_heat/short;BR-VZ-128-M15
weapons/rs_br_vz_128_m15_rocket_heat;128 mm BR-VZ-128-M15 rockets
;
weapons/uk_2_inch_rocket/short;RP No.1
weapons/uk_2_inch_rocket;RP No.1 rockets
weapons/uk_2_inch_rocket_expo/short;RP No.1
weapons/uk_2_inch_rocket_expo;RP No.1 rockets
weapons/uk_rp3/short;RP-3
weapons/uk_rp3;RP-3 rockets
weapons/uk_rp3_late/short;RP-3
weapons/uk_rp3_late;RP-3 rockets
weapons/uk_rp3_2/short;RP-3
weapons/uk_rp3_2;RP-3 rockets
weapons/uk_rp3_2_late/short;RP-3
weapons/uk_rp3_2_late;RP-3 rockets
weapons/uk_rp3_3/short;RP-3
weapons/uk_rp3_3;RP-3 rockets
weapons/uk_rp3_4a/short;RP-3
weapons/uk_rp3_4a;RP-3 rockets
weapons/uk_rp3_4a_default/short;RP-3
weapons/uk_rp3_4a_default;RP-3 rockets
weapons/uk_rp3_4a_late/short;RP-3
weapons/uk_rp3_4a_late;RP-3 rockets
weapons/uk_rp3_4b/short;RP-3
weapons/uk_rp3_4b;RP-3 rockets
weapons/uk_rp3_4b_late/short;RP-3
weapons/uk_rp3_4b_late;RP-3 rockets
weapons/uk_180lb_triplex/short;Triplex R.P.
weapons/uk_180lb_triplex;Triplex R.P. rockets
weapons/uk_uncle_tom_a/short;Uncle Tom
weapons/uk_uncle_tom_a;Uncle Tom rockets
weapons/uk_uncle_tom_b/short;Uncle Tom
weapons/uk_uncle_tom_b;Uncle Tom rockets
weapons/uk_1000lb_ap_redangel/short;Red Angel
weapons/uk_1000lb_ap_redangel;Red Angel rockets
weapons/uk_25lb_ap_mk1/short;AP Mk I
weapons/uk_25lb_ap_mk1;AP Mk I rockets
weapons/uk_25lb_ap_mk1_1/short;AP Mk I
weapons/uk_25lb_ap_mk1_1;AP Mk I rockets
weapons/uk_25lb_ap_mk1_2/short;AP Mk I
weapons/uk_25lb_ap_mk1_2;AP Mk I rockets
weapons/uk_25lb_ap_mk1_3/short;AP Mk I
weapons/uk_25lb_ap_mk1_3;AP Mk I rockets
weapons/uk_25lb_ap_mk1_4a/short;AP Mk I
weapons/uk_25lb_ap_mk1_4a;AP Mk I rockets
weapons/uk_25lb_ap_mk1_4a_default;AP Mk I rockets
weapons/uk_25lb_ap_mk1_4a_default/short;AP Mk I
weapons/uk_25lb_ap_mk1_4b/short;AP Mk I
weapons/uk_25lb_ap_mk1_4b;AP Mk I rockets
weapons/uk_25lb_ap_mk2/short;AP Mk II
weapons/uk_25lb_ap_mk2;AP Mk II rockets
weapons/uk_25lb_ap_mk2_late/short;AP Mk II
weapons/uk_25lb_ap_mk2_late;AP Mk II rockets
weapons/uk_25lb_ap_mk2_2/short;AP Mk II
weapons/uk_25lb_ap_mk2_2;AP Mk II rockets
weapons/uk_25lb_ap_mk2_3/short;AP Mk II
weapons/uk_25lb_ap_mk2_3;AP Mk II rockets
weapons/uk_25lb_ap_mk2_4a/short;AP Mk II
weapons/uk_25lb_ap_mk2_4a;AP Mk II rockets
weapons/uk_25lb_ap_mk2_4b/short;AP Mk II
weapons/uk_25lb_ap_mk2_4b;AP Mk II rockets
weapons/uk_CRV7_m247/short;CRV7 (M247)
weapons/uk_CRV7_m247;70 mm CRV7 (M247 Warhead)
weapons/in_nasser_240/short;Nasser 240
weapons/in_nasser_240;Nasser 240 rockets
;
weapons/jp_navy_rocket_type3_number1_9kg/short;Type 3 No.1
weapons/jp_navy_rocket_type3_number1_9kg;Type 3 No.1 Mod.28 Mk.1 rockets
weapons/jp_navy_rocket_type3_number6_66kg/short;Type 3 No.6
weapons/jp_navy_rocket_type3_number6_66kg;Type 3 No.6 Mod.27 Mk.1 rockets
weapons/jp_navy_rocket_type5_number1_13kg/short;Type 5 No.1
weapons/jp_navy_rocket_type5_number1_13kg;Type 5 No.1 Mod.9 rockets
weapons/jp_navy_rocket_type5_number6_84kg/short;Type 5 No.6
weapons/jp_navy_rocket_type5_number6_84kg;Type 5 No.6 Mod.9 rockets
weapons/ijnaf_60kg/short;No.27
weapons/ijnaf_60kg;No.27 rockets (60 kg)
;
weapons/cn_hf5_rocket/short;57-1
weapons/cn_hf5_rocket;57-1 rockets
weapons/cn_type90_he/short;90-1 HE
weapons/cn_type90_he;90-1 HE rockets
weapons/cn_type90_heat/short;90-1 HEAT
weapons/cn_type90_heat;90-1 HEAT rockets
weapons/cn_type130_ap/short;130-2
weapons/cn_type130_ap;130-2 rockets
weapons/cn_fs_70/short;FS70
weapons/cn_fs_70;FS70 rockets
weapons/cn_fire_snake_70a/short;FS70A
weapons/cn_fire_snake_70a;Fire Snake 90A laser guided rockets
weapons/cn_fire_snake_90a_brm1/short;FS90A
weapons/cn_fire_snake_90a_brm1;Fire Snake 90A laser guided rockets
;
weapons/ro_prn_122_rocket/short;PRN-122
weapons/ro_prn_122_rocket;PRN-122 rockets
weapons/br_skyfire_70_he_m2/short;Skyfire-70 AC/AP
weapons/br_skyfire_70_he_m2;70 mm Skyfire-70 AC/AP rocket
weapons/it_snia_bpd_50mm_type_arf8m_at_ap/short;ARF/8M3
weapons/it_snia_bpd_50mm_type_arf8m_at_ap;ARF/8M3 (AP-AT) rockets
;
weapons/fr_matra_t_10_121a/short;T10 121
weapons/fr_matra_t_10_121a;T10 Type 121 rockets
weapons/fr_matra_t_10_121b/short;T10 121B
weapons/fr_matra_t_10_121b;T10 Type 121B rockets
weapons/fr_matra_t_10_140a/short;T10 140
weapons/fr_matra_t_10_140a;T10 Type 140 rockets
weapons/fr_matra_t_10_140b/short;T10 140
weapons/fr_matra_t_10_140b;T10 Type 140 rockets
weapons/fr_matra_t_10_151a/short;T10 151
weapons/fr_matra_t_10_151a;T10 Type 151 rockets
weapons/fr_matra_t_10_151b/short;T10 151
weapons/fr_matra_t_10_151b;T10 Type 151 rockets
weapons/fr_sneb_type23/short;SNEB type 23 rockets
weapons/fr_sneb_type23;68 mm SNEB Type 23 rocket
weapons/fr_sneb_type23_late/short;SNEB Type 23
weapons/fr_sneb_type23_late;68 mm SNEB Type 23 rocket
weapons/fr_sneb_type23_expo/short;SNEB type 23 rockets
weapons/fr_sneb_type23_expo;68 mm SNEB Type 23 rocket
weapons/fr_sneb_type23_md_460/short;SNEB Type 23
weapons/fr_sneb_type23_md_460;68 mm SNEB Type 23 rocket
weapons/fr_sneb_type23_4fin/short;SNEB Type 23
weapons/fr_sneb_type23_4fin;68 mm SNEB Type 23 rocket
weapons/fr_sneb_type23s/short;SNEB Type 23
weapons/fr_sneb_type23s;68 mm SNEB Type 23 rocket
weapons/fr_sneb_type26/short;SNEB Type 26
weapons/fr_sneb_type26;68 mm SNEB Type 26 rocket
weapons/fr_sneb_type26_TDA/short;SNEB Type 26
weapons/fr_sneb_type26_TDA;68 mm SNEB Type 26 rockets
weapons/fr_sneb_37/short;SNEB 37
weapons/fr_sneb_37;37 mm SNEB rocket
weapons/fr_fz49/short;FZ49
weapons/fr_fz49;FZ49 HEAT rockets
weapons/fr_tba_ecc/short;TBA ECC
weapons/fr_tba_ecc;TBA ECC rockets
weapons/fr_tba_multidart_ab/short;TBA Multi-Dart 100 AB
weapons/fr_tba_multidart_ab;TBA Multi-Dart 100 AB rockets
weapons/fr_fz275_lgr/short;FZ275 LGR
weapons/fr_fz275_lgr;FZ275 Laser Guided Rocket
;
weapons/swd_180mm_hpsrak_m49/short;hprak m/49
weapons/swd_180mm_hpsrak_m49;18 cm halvpansarraket m/49
weapons/swd_145mm_psrak_m49a/short;psrak m/49B
weapons/swd_145mm_psrak_m49a;14,5 cm pansarsprängraket m/49B
weapons/swd_145mm_psrak_m49a_mount/short;psrak m/49B
weapons/swd_145mm_psrak_m49a_mount;14,5 cm pansarsprängraket m/49B
weapons/swd_145mm_psrak_m49_56/short;psrak m/49/56
weapons/swd_145mm_psrak_m49_56;14,5 cm pansarsprängraket m/49/56
weapons/swd_150mm_srak_m51/short;srak m/51
weapons/swd_150mm_srak_m51;15 cm sprängraket m/51
weapons/swd_150mm_srak_m51_mount/short;srak m/51
weapons/swd_150mm_srak_m51_mount;15 cm sprängraket m/51
weapons/swd_75mm_frida/short;srak m/55
weapons/swd_75mm_frida;7,5 cm sprängraket m/55
weapons/swd_135mm_srak_m56d/short;srak m/56D
weapons/swd_135mm_srak_m56d;13,5 cm sprängraket m/56D
weapons/swd_75mm_m57b/short;srak m/57B
weapons/swd_75mm_m57b;7,5 cm sprängraket m/57B
weapons/swd_135mm_psrak_m70_pshu/short;psrak m/70
weapons/swd_135mm_psrak_m70_pshu;13,5 cm pansarsprängraket m/70
;
weapons/sws_oerlikon_oe82/short;8-cm Flz.-Rakete
weapons/sws_oerlikon_oe82;8-cm Flz.-Rakete Oerlikon rockets
;
;
;
<Torpedoes>;
;
weapons/swd_m36_torpedo/short;torp m/36
weapons/swd_m36_torpedo;45 cm torped m/36
weapons/swd_m38_torpedo/short;torp m/38
weapons/swd_m38_torpedo;45 cm torped m/38
weapons/swd_m41_torpedo/short;torp m/41
weapons/swd_m41_torpedo;45 cm torped m/41
weapons/jp_type91mod2_torpedo;Type 91 Model 2 torpedo (835 kg)
weapons/jp_type91mod3_torpedo;Type 91 Model 3 torpedo (850 kg)
weapons/uk_mk12_torpedo;18 inch Mark XII torpedo (1548 lbs)
weapons/us_mk13_torpedo;Mk.13-6 Case Torpedo (2216 lbs)
weapons/us_mk13_torpedo_tutorial;Mk.13-6 Case Torpedo (2216 lbs)
weapons/us_mk13_torpedo_no_case;Mk.13-6 torpedo (2216 lbs)
weapons/us_mk13_torpedo_weak;Mk.13-6 torpedo (2216 lbs)
weapons/su_45_36an_1939_torpedo;450 mm 45-36AN torpedo
weapons/su_45_36man_1952_torpedo;450 mm 45-36MAN torpedo
weapons/it_f200_450_torpedo;450 mm F200/450 torpedo
weapons/it_f200_450_torpedo_no_fin;450 mm F200/450x5.45 torpedo
weapons/uk_mk15_torpedo;18 inch Mark XV torpedo (1801 lbs)
weapons/de_f5w_torpedo;F5w torpedo
weapons/de_450_torpedo_f5b;F5b torpedo
weapons/de_450_torpedo_f5b/short;F5b
weapons/de_f5w_torpedo/short;F5w
weapons/uk_mk15_torpedo/short;Mark XV
weapons/it_f200_450_torpedo/short;F200/450
weapons/it_f200_450_torpedo_no_fin/short;F200/450
weapons/su_45_36an_1939_torpedo/short;45-36AN
weapons/su_45_36man_1952_torpedo/short;45-36MAN
weapons/us_mk13_torpedo_weak/short;MK 13 MOD 0
weapons/us_mk13_torpedo_no_case/short;MK 13 MOD 0
weapons/us_mk13_torpedo/short;MK 13 MOD 2
weapons/us_mk13_torpedo_tutorial/short;MK 13 MOD 2
weapons/uk_mk12_torpedo/short;Mk.XII
weapons/jp_type91mod3_torpedo/short;Type 91 Mod.3
weapons/jp_type91mod2_torpedo/short;Type 91 Mod.2
weapons/de_533_g7e_t5a_torpedo;533 mm G7e (mod. T5a) torpedo
weapons/de_533_g7e_t5a_torpedo/short;G7e
weapons/us_450mm_mk7_torpedo;18-inch Mk.7 wet-heater torpedo
weapons/us_450mm_mk7_torpedo/short;Mk.7
weapons/it_450mm_si200_torpedo;450 mm steam turbined W.200/450X5,75 torpedo
weapons/it_450mm_si200_torpedo/short;W.200
weapons/it_533mm_si270_torpedo;533 mm steam turbined S.I.270
weapons/it_533mm_si270_torpedo/short;S.I.270
weapons/it_533mm_si270_tipo_i_torpedo;533 mm steam turbined torpedo S.I. 270/533,4X7,2 Tipo I
weapons/it_533mm_si270_tipo_i_torpedo/short;S.I.270
weapons/it_533mm_si270_tipo_m_torpedo;533 mm steam turbined torpedo S.I. 270/533,4X7,2 Tipo M
weapons/it_533mm_si270_tipo_m_torpedo/short;S.I.270
weapons/it_533mm_si250_tipo_a_torpedo;533 mm steam turbined torpedo S.I. 250/533,4X7,5 Tipo A
weapons/it_533mm_si250_tipo_a_torpedo/short;S.I.250
weapons/it_533mm_si270_tipo_l_torpedo;533 mm steam turbined torpedo S.I. 270/533X6.84 Tipo L
weapons/it_533mm_si270_tipo_l_torpedo/short;S.I.270
weapons/us_533mm_21in_mark16_torpedo;533 mm Mk.16 torpedo
weapons/us_533mm_21in_mark16_torpedo/short;Mk.16
weapons/uk_450mm_18in_mk15_torpedo;450 mm Mk XV torpedo
weapons/uk_450mm_18in_mk15_torpedo/short;Mk XV
weapons/de_450_torpedo_1a1;450 mm LT 1A/1 torpedo
weapons/de_450_torpedo_1a1/short;LT 1A/1
weapons/de_533mm_g7a_torpedo;533 mm G7a torpedo
weapons/de_533mm_g7a_torpedo/short;G7a
weapons/de_533mm_g7e_torpedo;533 mm G7e torpedo
weapons/de_533mm_g7e_torpedo/short;G7e
weapons/us_533mm_21in_mark18_mod1_torpedo;533 mm Mk.8-3 C/D torpedo
weapons/us_533mm_21in_mark18_mod1_torpedo/short;Mk.8-3 C/D
weapons/us_569mm_22_5_in_mark13_torpedo;569 mm Mk.13 torpedo
weapons/us_569mm_22_5_in_mark13_torpedo/short;Mk.13
weapons/jp_450mm_type44_torpedo;450 mm Type 44 No.2 torpedo
weapons/jp_450mm_type44_torpedo/short;Type 44
weapons/jp_450mm_type2_torpedo;450 mm Type 2 torpedo
weapons/jp_450mm_type2_torpedo/short;Type 2
weapons/jp_610mm_type90_torpedo;610 mm Type 90 torpedo
weapons/jp_610mm_type90_torpedo/short;Type 90
weapons/su_ttka_53_183_torpedo_tube;533 mm 53-38 torpedo
weapons/su_ttka_53_183_torpedo_tube/short;53-38
weapons/ussr_533mm_53_38_torpedo;533 mm 53-38 torpedo
weapons/ussr_533mm_53_38_torpedo/short;53-38
weapons/uk_533mm_21in_mk8_torpedo;533 mm Mk.VIII torpedo
weapons/uk_533mm_21in_mk8_torpedo/short;Mk.VIII
weapons/de_533mm_dm2a1_seal_torpedo;533 mm Seal DM2A1 torpedo
weapons/de_533mm_dm2a1_seal_torpedo/short;DM2A1
weapons/us_533mm_21in_mark15_torpedo;533 mm steam turbined Mk.15 torpedo
weapons/us_533mm_21in_mark15_torpedo/short;Mk.15
weapons/us_21_inch_mark_8;533 mm steam turbined Mk.8 torpedo mod.3A
weapons/us_21_inch_mark_8/short;Mk.8 mod.3A
weapons/jp_torpedo_610mm_type93/short;Type 93
weapons/us_533mm_21in_mark8_torpedo;21 in wet-heating Mk.8 torpedo
weapons/us_533mm_21in_mark8_torpedo/short;Mk.8
weapons/uk_533mm_21in_mk19_torpedo;533 mm Mk.IX torpedo
weapons/uk_533mm_21in_mk19_torpedo/short;Mk.IX
weapons/uk_533mm_21in_mk5_torpedo;533 mm steam turbined Mk.V torpedo
weapons/uk_533mm_21in_mk5_torpedo/short;Mk.V
weapons/ussr_533mm_53_56_torpedo;533 mm 53-56 torpedo
weapons/ussr_533mm_53_56_torpedo/short;53-56
weapons/ussr_400mm_set40_torpedo;400 mm SET-40 torpedo
weapons/ussr_400mm_set40_torpedo/short;SET-40
weapons/ussr_533mm_set65_torpedo;533 mm SET-65 torpedo
weapons/ussr_533mm_set65_torpedo/short;SET-65
weapons/ussr_450mm_45_36nu_1939_torpedo;450 mm wet-heating 45-36NU torpedo
weapons/ussr_450mm_45_36nu_1939_torpedo/short;45-36NU
weapons/uk_450mm_18in_mk12_torpedo;18 inch Mk.XII torpedo
weapons/uk_450mm_18in_mk12_torpedo/short;Mk.XII
weapons/ussr_533mm_53_39_torpedo;533 mm 53-39 torpedo
weapons/ussr_533mm_53_39_torpedo/short;53-39
weapons/jp_610mm_type93_model_1_mod2_torpedo;610 mm Type 93 Model 1, Mod 2 torpedo
weapons/jp_610mm_type93_model_1_mod2_torpedo/short;Type 93
weapons/jp_610mm_type93_model_3_torpedo;610 mm Type 93 Model 3 torpedo
weapons/jp_610mm_type93_model_3_torpedo/short;Type 93
weapons/jp_533mm_type6_torpedo;533 mm Type 6 wet-heater torpedo
weapons/jp_533mm_type6_torpedo/short;Type 6
weapons/jp_610mm_type8_no2_torpedo;610 mm Type 8 No.2 wet-heater torpedo
weapons/jp_610mm_type8_no2_torpedo/short;Type 8 No.2
weapons/jp_324mm_mark_46_torpedo;12.75 inch Mark 46 torpedo
weapons/jp_324mm_mark_46_torpedo/short;Mark 46
weapons/us_324mm_mark_44_torpedo;12.75 inch Mark 44 torpedo
weapons/us_324mm_mark_44_torpedo/short;Mark 44
weapons/uk_533mm_21in_mk9_torpedo;533 mm Mk.IX wet-heater torpedo
weapons/uk_533mm_21in_mk9_torpedo/short;Mk.IX
weapons/jp_533mm_type89_torpedo;533 mm Type 89 torpedo
weapons/jp_533mm_type89_torpedo/short;533 mm Type 89
weapons/jp_533mm_type89_1929_mod1_torpedo;533 mm Type 89 torpedo
weapons/jp_533mm_type89_1929_mod1_torpedo/short;533 mm Type 89
weapons/us_533mm_21in_mark35_torpedo;533 mm Mark 35 torpedo
weapons/us_533mm_21in_mark35_torpedo/short;533 mm Mk. 35
weapons/it_450mm_si170_torpedo;450 mm wet-heater torpedo S.I.170/450X5,25
weapons/it_450mm_si170_torpedo/short;S.I.170
weapons/ussr_450mm_mod1912_torpedo;450 mm wet-heater torpedo pattern 1912
weapons/ussr_450mm_mod1912_torpedo/short;450 mm patt.1912
weapons/ussr_450mm_mod1910_torpedo;450 mm wet-heater torpedo pattern 1910
weapons/ussr_450mm_mod1910_torpedo/short;450 mm patt.1910
weapons/uk_450mm_18in_rgf_mark6_hbh_torpedo;450 mm R.G.F. Mark VI** torpedo
weapons/uk_450mm_18in_rgf_mark6_hbh_torpedo/short;450 mm Mark VI**
weapons/us_533mm_21in_bliss_leavitt_mk1_torpedo;533 mm Bliss-Leavitt Mk.1 torpedo
weapons/us_533mm_21in_bliss_leavitt_mk1_torpedo/short;533 mm Bliss-Leavitt
weapons/jp_450mm_type43_torpedo;450 mm Type 43 torpedo
weapons/jp_450mm_type43_torpedo/short;450 mm Type 43
weapons/de_500mm_g6c_torpedo;500 mm G6c torpedo
weapons/de_500mm_g6c_torpedo/short;500 mm G6c
weapons/uk_533mm_21in_mk1_torpedo;21 inch Mark I torpedo
weapons/uk_533mm_21in_mk1_torpedo/short;21 inch Mk.I
weapons/jp_533mm_type43_torpedo;21 inch Type 43 (1910) torpedo
weapons/jp_533mm_type43_torpedo/short;21 inch Type 43
weapons/jp_533mm_type54_mod3_torpedo;21 inch Type 54 model 3 torpedo
weapons/jp_533mm_type54_mod3_torpedo/short;21 inch Type 54
weapons/de_450mm_c45_91_torpedo;450 mm C/45.91 torpedo
weapons/de_450mm_c45_91_torpedo/short;450 mm C/45.91
weapons/de_450mm_c06d_torpedo;450 mm C/06D torpedo
weapons/de_450mm_c06d_torpedo/short;450 mm C/06D
weapons/uk_533mm_21in_mk20e_bidder_torpedo;21 inch Mk.20 Bidder torpedo
weapons/uk_533mm_21in_mk20e_bidder_torpedo/short;21 inch Mk.20
weapons/jp_450mm_type38_no2b_torpedo;18 inch Type 38 No.2 B torpedo
weapons/jp_450mm_type38_no2b_torpedo/short;18 inch Type 38 No.2 B
weapons/uk_533mm_21in_mk4_torpedo;533 mm Mk.IV torpedo
weapons/uk_533mm_21in_mk4_torpedo/short;533 mm Mk.IV
weapons/uk_533mm_21in_mk9b_torpedo;533 mm Mk.IX** torpedo
weapons/uk_533mm_21in_mk9b_torpedo/short;533 mm Mk.IX**
weapons/de_600_mm_h8_torpedo;600 mm H/8 torpedo
weapons/de_600_mm_h8_torpedo/short;H/8
weapons/it_324mm_a224_torpedo;324 mm A224 torpedo
weapons/it_324mm_a224_torpedo/short;A224
weapons/ussr_533mm_53_57_torpedo;533 mm 53-57 torpedo
weapons/ussr_533mm_53_57_torpedo/short;53-57
weapons/jp_533mm_type72_mod1_torpedo;533 mm Type 72 mod.1 torpedo
weapons/jp_533mm_type72_mod1_torpedo/short;Type 72
weapons/it_whitehead_a110_450_torpedo;450 mm Whitehead A 110/450 torpedo
weapons/it_whitehead_a110_450_torpedo/short;450 mm A 110/450
weapons/ussr_533mm_set53m_torpedo;533 mm SET-53M torpedo
weapons/ussr_533mm_set53m_torpedo/short;533 mm SET-53М
weapons/de_533_53_65_torpedo;533 mm 53-65 torpedo
weapons/de_533_53_65_torpedo/short;53-65
weapons/fr_400_mle_1926da_torpedo;40 cm 1926DA torpedo
weapons/fr_400_mle_1926da_torpedo/short;1926DA
weapons/fr_550mm_mod1923dt_torpedo;550 mm model 1923DT torpedo
weapons/fr_550mm_mod1923dt_torpedo/short;23DT
weapons/de_533mm_g7a_sub_torpedo;533 mm G7a torpedo mod.1
weapons/de_533mm_g7a_sub_torpedo/short;G7a mod.1
weapons/de_533mm_g7a_mod_sub_torpedo;533 mm G7a torpedo mod.2
weapons/de_533mm_g7a_mod_sub_torpedo/short;G7a mod.2
weapons/fr_450mm_1909_torpedo;45 cm 1909R torpedo
weapons/fr_450mm_1909_torpedo/short;45 cm 1909R torpedo
weapons/ussr_400mm_set72_torpedo;SET-72
weapons/ussr_400mm_set72_torpedo;400 mm SET-72 torpedo
weapons/fr_550mm_l3_torpedo/short;L3
weapons/fr_550mm_l3_torpedo;550 mm L3 torpedo
weapons/fr_550mm_mod1919v_torpedo/short;1919V
weapons/fr_550mm_mod1919v_torpedo;550 mm model 1919V torpedo
weapons/de_500mm_g7_torpedo/short;G7
weapons/de_500mm_g7_torpedo;500 mm G7 torpedo
weapons/fr_400mm_mle1926v_torpedo/short;26V
weapons/fr_400mm_mle1926v_torpedo;400 mm 1926V torpedo
weapons/uk_622mm_24_5in_mk1_torpedo/short;Mk.I
weapons/uk_622mm_24_5in_mk1_torpedo;622 mm Mk.I torpedo
weapons/su_45_54vt_1954_torpedo/short;45-54VT
weapons/su_45_54vt_1954_torpedo;450 mm 45-54VT torpedo
;
;
;
<SE Guns>;
;
weapons/gunKsp_m22;8 mm flpksp m/22 machine gun
weapons/gunKsp_m22/short;flpksp m/22
weapons/gunKsp_m22_fv;8 mm flpksp m/22 Fv machine gun
weapons/gunKsp_m22_fv/short;flpksp m/22 Fv
weapons/gunKsp_m22_fh;8 mm flpksp m/22 Fh machine gun
weapons/gunKsp_m22_fh/short;flpksp m/22 Fh
weapons/gunKsp_m22_37r_turret;8 mm flpksp m/22-37 R machine gun
weapons/gunKsp_m22_37r_turret/short;flpsp m/22-37 R
weapons/gunAkan_12_7_m39a;12,7 mm akan m/39A machine gun
weapons/gunAkan_12_7_m39a/short;akan m/39A
weapons/gunAkan_m40;12,7 mm akan m/40 machine gun
weapons/gunAkan_m40/short;akan m/40
weapons/gunAkan_12_7_m45;12,7 mm akan m/45 machine gun
weapons/gunAkan_12_7_m45/short;akan m/45
weapons/gunAkan_m39;13,2 mm akan m/39 machine gun
weapons/gunAkan_m39/short;akan m/39
weapons/gunAkan_m39_turret;13,2 mm akan m/39 machine gun
weapons/gunAkan_m39_turret/short;akan m/39
weapons/gunAkan_m39a;13,2 mm akan m/39A machine gun
weapons/gunAkan_m39a/short;akan m/39A
weapons/cannonAkan_m41a;20 mm akan m/41A cannon
weapons/cannonAkan_m41a/short;akan m/41A
weapons/cannonAkan_m45;20 mm akan m/45 cannon
weapons/cannonAkan_m45/short;akan m/45
weapons/cannonAkan_m46a;20 mm akan m/46a cannon
weapons/cannonAkan_m46a/short;akan m/46a
weapons/cannonAkan_m47;57 mm akan m/47 cannon
weapons/cannonAkan_m47/short;akan m/47
weapons/cannonAkan_m47b;20 mm akan m/47B cannon
weapons/cannonAkan_m47b/short;akan m/47B
weapons/cannonAkan_m47c;20 mm akan m/47C cannon
weapons/cannonAkan_m47c/short;Akan m/47Ca
weapons/cannonAkan_m49;20 mm akan m/49 cannon
weapons/cannonAkan_m49/short;akan m/49
weapons/cannonAkan_m55;30 mm Akan m/55 cannon
weapons/cannonAkan_m55/short;Akan m/55
weapons/cannonAkan_m55_underwing;30 mm Akan m/55 cannon
weapons/cannonAkan_m55_underwing/short;Akan m/55
weapons/cannonAkan_m75;30 mm akan m/75 cannon
weapons/cannonAkan_m75/short;akan m/75
weapons/cannonAkan_m85;27 mm akan m/85 cannon
weapons/cannonAkan_m85/short;akan m/85
;
;
weapons/6_5mm_Ksp_m14_29_user_machinegun;6,5 mm ksp m/14-29 machine gun
weapons/8mm_Ksp_m39_B_user_machinegun;7,62 mm ksp m/39B machine gun
weapons/7_62mm_Ksp_39_Strv_user_machinegun;7,62 mm ksp m/39C machine gun
weapons/7_62mm_Ksp_58_Strv_user_machinegun;7,62 mm ksp m/58 machine gun
weapons/7_62mm_ksp_m94_user_machinegun;7,62 mm ksp m/94 machine gun
weapons/8mm_Ksp_m36_user_machinegun;8 mm ksp m/36 machine gun
weapons/12_7mm_Ksp_m88_user_machinegun;12,7 mm ksp m/88 machine gun
weapons/20mm_akan_m45_B_user_cannon;20 mm akan m/45B automatic cannon
weapons/20mm_akan_m47_D_user_cannon;20 mm akan m/47D automatic cannon
weapons/20mm_Pvlv_kan_m40_user_cannon;20 mm pvlvkan m/40 automatic cannon
weapons/20mm_Lva_kan_m40_B_user_cannon;20 mm lvakan m/40B automatic cannon
weapons/37mm_Psv_K36_user_cannon;37 mm Psv.K/36 cannon
weapons/37mm_kan_m38_user_cannon;37 mm kan m/38 cannon
weapons/40mm_Lva_kan_m36_user_cannon;40 mm lvakan m/36 automatic cannon
weapons/40mm_Lva_kan_m48_user_cannon;40 mm lvakan m/48 automatic cannon
weapons/40mm_Lva_kan_m48_VEAK_user_cannon;40 mm lvakan m/48 automatic cannon
weapons/40mm_Kan_Strf_user_cannon;40 mm akan m/70B automatic cannon
weapons/57mm_Pv_Kan_m43_user_cannon;57 mm pvkan m/43 cannon
weapons/75mm_kan_m02_user_cannon;7,5 cm kan m/02 cannon
weapons/75mm_Lv_Kan_m37_A_user_cannon;7,5 cm kan m/37A cannon
weapons/75mm_kan_m41_user_cannon;7,5 cm kan m/41 cannon
weapons/75mm_kan_m41_open_turret_user_cannon;7,5 cm kan m/41 cannon
weapons/75mm_Pv_Kan_m43_user_cannon;7,5 cm pvkan m/43 cannon
weapons/75mm_Pv_Kan_m43_1963_user_cannon;7,5 cm pvkan m/43 cannon
weapons/75mm_kan_strv_74_user_cannon;7,5 cm kan strv 74 cannon
weapons/84mm_kan_strv81_user_cannon;8,4 cm kan strv 81 cannon
weapons/90mm_Bofors_ikv_user_cannon;9 cm kan ikv 91 cannon
weapons/105mm_Bofors_ikv_user_cannon;10,5 cm Bofors cannon
weapons/105mm_kan_m44_user_cannon;10,5 kan m/44 cannon
weapons/105mm_kan_ikv_user_cannon;10,5 cm kan ikv 103 cannon
weapons/105mm_kan_strv_101_user_cannon;10,5 cm kan strv 101 cannon
weapons/105mm_L74_user_cannon;10,5 cm kan strv 103 cannon
weapons/105mm_L74_103C_user_cannon;10,5 cm kan strv 103 cannon
weapons/105mm_kan_strv_104_user_cannon;10,5 cm kan strv 104 cannon
weapons/105mm_kan_strv_105_user_cannon;10,5 cm kan strv 105 cannon
weapons/120mm_kan_Strv_121_user_cannon;12 cm kan strv 121 cannon
weapons/120mm_kan_Strv_122_user_cannon;12 cm kan strv 122 cannon
weapons/120mm_ctg_l50_user_cannon;120 mm Compact Tank Gun
weapons/150mm_kan_fm43_44_user_cannon;15 cm fsthaub m/02 recoilless rifle
weapons/155mm_Bkan_user_cannon;15,5 cm kan m/60 cannon
;
weapons/gunBrowningM36No3;7,70 mm lkk/36 machine gun
weapons/gunLKk_42;12,70 mm lkk/42 machine gun
;
;
;
<Weapons (unsorted)>;
;
weapons/cannonMGC30L;20 mm MG C/30L cannon
weapons/cannonType5;30 mm Type 5 cannon
weapons/cannonType5_external;30 mm Type 5 cannon
weapons/gunType97;7.7 mm Type 97 machine gun
weapons/gunType97_turret;7.7 mm Type 97 machine gun
weapons/cannonType99;20 mm Type 99 Model 1 cannon
weapons/cannonType99_turret;20 mm Type 99 Model 1 cannon
weapons/cannonType99Mod2_mark3_turret;20 mm Type 99 Model 2 Mark 3 cannon
weapons/cannonType99Mod2_mark5_turret;20 mm Type 99 Model 2 Mark 5 cannon
weapons/gunMAC34;7.5 mm MAC 1934 machine gun
weapons/gunMAC34_turret;7.5 mm MAC 1934 machine gun
weapons/gunMAC34T_turret;7.5 mm MAC 1934T machine gun
weapons/gunDarne23;7.5 mm Mle 1923 machine gun
weapons/gunDarne23_turret;7.5 mm Mle 1923 machine gun
weapons/cannonHispano_hs9;20 mm Hispano HS.9 cannon
weapons/cannonHispano_hs825;30 mm Hispano HS 825 cannon
weapons/cannonHispano_hs825/short;Hispano HS 825
weapons/cannonHo3;20 mm Ho-3 cannon
weapons/cannonT15E1;75 mm M10 cannon
weapons/cannonType97;20 mm Type 97 cannon
weapons/cannonType_23L;23 mm 23L cannon
weapons/cannonType_23_1;23 mm 23-1 cannon
weapons/cannonType_23_1_plane;23 mm 23-1 cannon
weapons/cannonType97_turret;20 mm Ho-1 cannon
weapons/gunBredaSAFAT127;12.7 mm Breda-SAFAT machine gun
weapons/gunBredaSAFAT127_turret;12.7 mm Breda-SAFAT machine gun
weapons/gunBredaSAFAT77;7.7 mm Breda-SAFAT machine gun
weapons/gunBredaSAFAT77_turret;7.7 mm Breda-SAFAT machine gun
weapons/gunScotti127_turret;12.7 mm Scotti machine gun
weapons/gunDarne33;7.5 mm Darne 1933 machine gun
weapons/gunMle38;7.5 mm Fabrique Nationale Mle 38 machine gun
weapons/gunBrowning303;7.7 mm Browning machine gun
weapons/gunBrowning303_turret;7.7 mm Browning machine gun
weapons/gunBrowning303_raf;7.7 mm Browning machine gun
weapons/gunBrowning30_usaaf;7.62 mm Browning machine gun
weapons/gunBrowning30_usaaf_1935;7.62 mm Browning machine gun
weapons/gunBrowning30_turret;7.62 mm Browning machine gun
weapons/gunBrowning50_M3;12.7 mm M3 Browning machine gun
weapons/gunFN_M3P;12.7 mm FN M3P machine gun
weapons/gunfn_60_30;7.62 mm FN 60.30 machine gun
weapons/gunfn_60_30_mgp;7.62 mm FN 60.30 machine gun
weapons/gunFN_M3P_cwp;12.7 mm FN M3P machine gun
weapons/gunFN_M3M;12.7 mm FN M3M machine gun
weapons/gunBrowning50_M3_underwing;12.7 mm M2 Browning machine gun (secondary)
weapons/gunBrowning50_early;12.7 mm M2 Browning machine gun
weapons/gunBrowning50_early_1935;12.7 mm M2 Browning machine gun
weapons/gunBrowning50_M2;12.7 mm M2 Browning machine gun
weapons/gunLKk_42/short;LKk/42
weapons/gunBrowning50_M2_late;12.7 mm M2 Browning machine gun
weapons/gunBrowning50_M2_underwing;12.7 mm M2 Browning machine gun
weapons/gunBrowning50;12.7 mm M2 Browning machine gun
weapons/gunBrowning50_raf;12.7 mm M2 Browning machine gun
weapons/gunBrowning50_raf_tutorial;12.7 mm M2 Browning machine gun
weapons/gunBrowning50_raf_tutorial/short;M2 Browning
weapons/gunBrowning50_raf_turret;12.7 mm M2 Browning machine gun
weapons/gunBrowning50_usaaf;12.7 mm M2 Browning machine gun
weapons/gunBrowning50_turret;12.7 mm M2 Browning machine gun
weapons/gunBrowning50_turret_late;12.7 mm M2 Browning machine gun
weapons/gunDA762;7.62 mm DA machine gun
weapons/cannonHispanoMkI;20 mm Hispano Mk.I cannon
weapons/cannonHispano404;20 mm Hispano 404 cannon
weapons/gunBrowningM36No3/short;FN-Browning M.36 No.3
weapons/cannonOerliconFF;20 mm Oerlikon FF cannon
weapons/cannonOerliconFF/short;Oerlikon FF
weapons/cannonHispano404_turret;20 mm Hispano 404 cannon
weapons/cannonHispanoMkII;20 mm Hispano Mk.II cannon
weapons/cannonHispanoMkII_tutorial;20 mm Hispano Mk.II cannon
weapons/cannonHispanoMkII_tutorial/short;Hispano Mk.II
weapons/cannonHispanoMkV;20 mm Hispano Mk.V cannon
weapons/cannonHispanoMkV_turret;20 mm Hispano Mk.V cannon
weapons/cannonSAA;102 mm 102/35 mod 14 cannon
weapons/cannonVickers_S;40 mm Vickers S cannon
weapons/cannonVickers_S_underwing;40 mm Vickers S cannon (secondary)
weapons/cannonVickers_P;47 mm Vickers P cannon
weapons/cannonAN_M2;20 mm AN/M2 cannon
weapons/cannonRollsRoyceBH;40 mm Rolls-Royce Type BH cannon
weapons/cannonT31;20 mm T31 cannon
weapons/cannonAN_M3;20 mm M3 cannon
weapons/cannonT_160;20 mm FMC T-160 cannon
weapons/cannonM39;20 mm M39 cannon
weapons/cannonM24A1;20 mm M24A1 cannon
weapons/cannonGLAT_M621;20 mm GIAT M.621 cannon
weapons/gunHo103;12.7 mm Ho-103 machine gun
weapons/gunHo104_turret;12.7 mm Ho-104 machine gun
weapons/gunHo103_turret;12.7 mm Ho-104 machine gun
weapons/cannonM4;37 mm M4 cannon
weapons/cannonM9;37 mm M9 cannon
weapons/gunMG131;13 mm MG 131 machine gun
weapons/gunMG131_turret;13 mm MG 131 machine gun
weapons/cannonMG15115;15 mm MG 151 cannon
weapons/cannonMG15115_underwing;15 mm MG 151 cannon (secondary)
weapons/cannonMG15120;20 mm MG 151 cannon
weapons/cannonMG15120_underwing;20 mm MG 151 cannon (secondary)
weapons/gunMG15;7.92 mm MG 15 machine gun
weapons/gunMG17_turret;7.92 mm MG 17 machine gun
weapons/gunMG15_turret;7.92 mm MG 15 machine gun
weapons/gunType98_turret;7.92 mm Type 98 machine gun
weapons/gunType98;7.92 mm Type 98 machine gun
weapons/gunMG17;7.92 mm MG 17 machine gun
weapons/gunMG81;7.92 mm MG 81 machine gun
weapons/gunMG81_turret;7.92 mm MG 81 machine gun
weapons/gunMG81_underwing;7.92 mm MG 81 machine gun (secondary)
weapons/cannonMGFF;20 mm MG FF cannon
weapons/cannonMGFF_turret;20 mm MG FF/M cannon
weapons/cannonMGFFM;20 mm MG FF/M cannon
weapons/cannonMK103;30 mm MK 103 cannon
weapons/cannonMK101;30 mm MK 101 cannon
weapons/cannonMK101/short;MK 101
weapons/cannonMK108;30 mm MK 108 cannon
weapons/cannonMK103_underwing;30 mm MK 103 cannon (secondary)
weapons/cannonMK103_underwing_go229;30 mm MK 103 cannon
weapons/cannonMK108_underwing;30 mm MK 108 cannon (secondary)
weapons/cannonNR23;23 mm NR-23 cannon
weapons/cannonNR23_turret;23 mm NR-23 cannon
weapons/cannonType_23_1_plane_turret;23 mm 23-1 cannon
weapons/cannonNS23;23 mm NS-23 cannon
weapons/cannonNS23k;23 mm NS-23K cannon
weapons/cannonNS37;37 mm NS-37 cannon
weapons/cannonNS37_su_6;37 mm NS-37 cannon
weapons/cannonNS37_assault;37 mm NS-37 cannon
weapons/cannonSH37;37 mm SH-37 cannon
weapons/cannonSH37/short;SH-37
weapons/cannonNS45;45 mm NS-45 cannon
weapons/cannonNS45_heavy_aircrafts;45 mm NS-45 cannon
weapons/cannonNS45_heavy_aircrafts/short;NS-45
weapons/cannonN37D;37 mm N-37D cannon
weapons/cannonType37_1;37 mm 37-1 cannon
weapons/cannonN37;37 mm N-37 cannon
weapons/cannonB20;20 mm B-20 cannon
weapons/cannonB20S;20 mm B-20S cannon
weapons/cannonB20M;20 mm B-20M cannon
weapons/cannonB20_turret;20 mm BT-20 cannon
weapons/gunShKAS;7.62 mm ShKAS machine gun
weapons/gunShKAS_turret;7.62 mm ShKAS machine gun
weapons/cannonShVAK;20 mm ShVAK cannon
weapons/cannonShVAKS;20 mm ShVAK cannon
weapons/cannonShVAK_turret;20 mm ShVAK cannon
weapons/cannonShVAK_early;20 mm ShVAK cannon
weapons/gunUB;12.7 mm Berezin UB machine gun
weapons/gunUBK;12.7 mm Berezin UBK machine gun
weapons/gunUB_turret;12.7 mm Berezin UB machine gun
weapons/gunTe-1_turret;7.7 mm Te-1 machine gun
weapons/gunVikkersK;7.7 mm Vickers K machine gun
weapons/gunVikkersK_turret;7.7 mm Vickers K machine gun
weapons/gunVikkersE;7.7 mm Vickers E machine gun
weapons/cannonVYa;23 mm VYa-23 cannon
weapons/gunUBS;12.7 mm Berezin UB machine gun
weapons/gunType89;7.7 mm Type 89 machine gun
weapons/gunType89_turret;7.7 mm Type 89 machine gun
weapons/gunType89s_turret;7.7 mm Type 89 machine gun 'special'
weapons/gunType92;7.7 mm Type 92 machine gun
weapons/gunType92_turret;7.7 mm Type 92 machine gun
weapons/cannonType99Mk2;20 mm Type 99 Model 2 cannon
weapons/gunMAC39;7.5 mm MAC 1934 machine gun
weapons/gunMAC39_turret;7.5 mm MAC 1934 machine gun
weapons/cannonM10;37 mm M10 cannon
weapons/cannonmk103;30 mm MK 103 cannon
weapons/cannonmk108;30 mm MK 108 cannon
weapons/cannonBK5;50 mm BK 5 cannon
weapons/gunPV1;7.62 mm PV-1 machine gun
weapons/gunBrowningFN_french;7.5 mm FN Browning machine gun
weapons/gunFNBrowning_romania;7.92 mm FN Browning machine gun
weapons/gunFNBrowning303;7.92 mm FN Browning machine gun
weapons/gunLewis;7.7 mm Lewis machine gun
weapons/gunLewis_turret;7.7 mm Lewis machine gun
weapons/cannonBK37;37 mm BK 3.7 cannon
weapons/cannonBK37_underwing;37 mm BK 3.7 cannon (secondary)
weapons/cannonHo155;30 mm Ho-155 cannon
weapons/cannonHo203;37 mm Ho-203 cannon
weapons/cannonHo204;37 mm Ho-204 cannon
weapons/cannonType94;37 mm Type 94 cannon
weapons/cannonHo5;20 mm Ho-5 cannon
weapons/cannonHo5_turret;20 mm Ho-5 cannon
weapons/cannonHo401;57 mm Ho-401 cannon
weapons/88mm_Flak41_user_cannon;88 mm Flak 41 cannon
weapons/128mm_KwK44_user_cannon;128 mm KwK44 cannon
weapons/128mm_PaK44_user_cannon;128 mm PaK44 cannon
weapons/100mm_LB1_user_cannon;100 mm LB-1 cannon
weapons/100mm_C34_user_cannon;100 mm S-34 cannon
weapons/100mm_D10S_user_cannon;100 mm D-10S cannon
weapons/100mm_D10T_user_cannon;100 mm D-10T cannon
weapons/105mm_Kwk46_user_cannon;105 mm KwK L/68 cannon
weapons/105mm_M4_user_cannon;105 mm M4 howitzer
weapons/380mm_RW_61_user_cannon;380 mm RW61 mortar
weapons/105mm_StuH42_user_cannon;105 mm StuH42 howitzer
weapons/105mm_GT_8_user_cannon;105 mm GT-8 cannon
weapons/105mm_GT_7_user_cannon;105 mm GT-7 cannon
weapons/105mm_GT3_user_cannon;105 mm GT-3 cannon
weapons/105mm_GT3_TTD_user_cannon;105 mm GT-3 cannon
weapons/90mm_GT_2_user_cannon;90 mm GT-2 cannon
weapons/76mm_GT_4_user_cannon;76 mm GT-4 cannon
weapons/20mm_GI_2_user_cannon;20 mm GI-2 cannon
weapons/35mm_GA_35_user_cannon;35 mm GA-35 automatic cannon
weapons/105mm_GT3B_user_cannon;105 mm GT-3 cannon
weapons/105mm_L7A3_GA_2_user_cannon;105 mm L7A3 cannon
weapons/105mm_L7A3_user_cannon;105 mm L7A3 cannon
weapons/105mm_LRF_user_cannon;105 mm LRF cannon
weapons/105mm_M68A1_E8_user_cannon;105 mm M68A1E8 cannon
weapons/105mm_M68A1_AGS_user_cannon;105 mm XM35 cannon
weapons/105mm_M68_XM_user_cannon;105 mm M68 cannon
weapons/105mm_M68_user_cannon;105 mm M68 cannon
weapons/105mm_M68_TTS_user_cannon;105 mm M68 cannon
weapons/105_Rh105_30_user_cannon;105mm Rh105-30 cannon
weapons/120mm_TKG_user_cannon;120 mm TKG cannon
weapons/105mm_CN_105_57_user_cannon;105 mm CN105-57 cannon
weapons/152mm_2A33_user_cannon;152 mm 2A33 cannon
weapons/152mm_pl_66_gai_user_cannon;152 mm PL66 cannon
weapons/105mm_T15E2_user_cannon;105 mm T5E1 cannon
weapons/122mm_M62T2S_user_cannon;122 mm M-62-T2S cannon
weapons/122mm_M30_user_cannon;122 mm M-30 howitzer
weapons/122mm_A19_user_cannon;122 mm A-19 cannon
weapons/122mm_D25S_user_cannon;122 mm D-25S cannon
weapons/122mm_D25T_user_cannon;122 mm D-25T cannon
weapons/122mm_D25TS_user_cannon;122 mm D-25TS cannon
weapons/122mm_D30T_user_cannon;122 mm D-30T cannon
weapons/122mm_D49_user_cannon;122 mm D-49 cannon
weapons/130mm_B13_user_cannon;130 mm B-13 cannon
weapons/152mm_M10T_user_cannon;152 mm M-10T howitzer
weapons/152mm_ML20S_user_cannon;152 mm ML-20S cannon
weapons/20mm_FlaK38_user_cannon;20 mm FlaK.38 automatic cannon
weapons/20mm_65_c38_vierling_naval_user_cannon;2 cm/65 Flakvierling 38 automatic cannon
weapons/20mm_KwK30_222_user_cannon;20 mm KwK.30 automatic cannon
weapons/20mm_KwK30_user_cannon;20 mm KwK.30 automatic cannon
weapons/20mm_KwK38_user_cannon;20 mm KwK.38 automatic cannon
weapons/20mm_65_breda_naval_user_cannon;20 mm/65 Breda anti-aircraft gun
weapons/20mm_TNSh_user_cannon;20 mm TNSh cannon
weapons/25mm_72K_user_cannon;25 mm 72-K automatic cannon
weapons/37mm_Sh_37_user_cannon;37 mm Sh-37 cannon
weapons/30mm_MK103_38_user_cannon;30 mm MK 103/38 automatic cannon
weapons/30mm_38_mk103_1942_naval_user_cannon;30 mm MK 103/38 automatic cannon
weapons/37mm_PaK_user_cannon;37 mm PaK L/45 cannon
weapons/37mm_KwK38_t_user_cannon;37 mm KwK.38(t) cannon
weapons/37mm_61_K_user_cannon;37 mm 61-K automatic cannon
weapons/37mm_FlaK43_user_cannon;37 mm FlaK.43 automatic cannon
weapons/37mm_FlaK44_user_cannon;37 mm FlaK.44 automatic cannon
weapons/37mm_FlaK36_user_cannon;37 mm FlaK.36 automatic cannon
weapons/37mm_KwK34_t_user_cannon;37 mm KwK.34(t) cannon
weapons/37mm_KwK36_user_cannon;37 mm KwK.36 cannon
weapons/37mm_KwK36_for_nbfz_user_cannon;37 mm KwK.36 cannon
weapons/37mm_M1A2_user_cannon;37 mm M1A2 cannon
weapons/37mm_M5_early_user_cannon;37 mm M5 cannon
weapons/37mm_M5_user_cannon;37 mm M5 cannon
weapons/37mm_M6_user_cannon;37 mm M6 cannon
weapons/37mm_M3_user_cannon;37 mm M3 cannon
weapons/37mm_M5_user_cannon_for_M3_Lee;37 mm M5 cannon
weapons/37mm_M3_user_cannon_for_M6A1;37 mm M3 cannon
weapons/37mm_type_65_user_cannon;37 mm Type 65 automatic cannon
weapons/45mm_20K_for_tutorial_user_cannon;45 mm 20-K cannon
weapons/88mm_Kwk43_for_tutorial_user_cannon;88 mm KwK43 cannon
weapons/45mm_20K_user_cannon_for_T_35;45 mm 20-K cannon
weapons/40mm_Bofors_L60_user_cannon;40 mm Bofors L/60 automatic cannon
weapons/40mm_cannone_da_40_70_user_cannon;40 mm Bofors DA 40/70 automatic cannon
weapons/40mm_M2_user_cannon;40 mm M1/M2 automatic cannon
weapons/45mm_20K_user_cannon;45 mm 20-K cannon
weapons/50mm_KwK38_user_cannon;50 mm KwK L/42 cannon
weapons/50mm_KwK38_open_turret_user_cannon;50 mm KwK L/42 cannon
weapons/50mm_PaK38_user_cannon;50 mm PaK38 cannon
weapons/50mm_KwK39_user_cannon;50 mm KwK39 cannon
weapons/57mm_ZIS2_user_cannon;57 mm ZIS-2 cannon
weapons/57mm_M1_user_cannon;57 mm M1 cannon
weapons/57mm_M1_open_turret_user_cannon;57 mm M1 cannon
weapons/57mm_S_68_user_cannon;57 mm S-68 automatic cannon
weapons/57mm_AU_220_user_cannon;57 mm AU-220 automatic cannon
weapons/57mm_AU_220M_user_cannon;57 mm 2A90 automatic cannon
weapons/57mm_ZIS4M_user_cannon;57 mm ZIS-4M cannon
weapons/57mm_ZIS4_user_cannon;57 mm ZIS-4 cannon
weapons/57mm_ZIS4_open_turret_user_cannon;57 mm ZIS-4 cannon
weapons/75mm_StuK37_user_cannon;75 mm StuK37 cannon
weapons/75mm_KwK51_user_cannon;75 mm K51 L/24 cannon
weapons/75mm_KwK44_L36_user_cannon;75 mm KwK44 L/36.5 cannon
weapons/75mm_KwK37_user_cannon;75 mm KwK37 cannon
weapons/75mm_KwK37_for_nbfz_user_cannon;75 mm KwK37 cannon
weapons/75mm_KwK40_L43_user_cannon;75 mm KwK40 L43 cannon
weapons/76mm_PaK36_R_user_cannon;76 mm PaK36 (r) cannon
weapons/75mm_PaK39_L48_hetzer_user_cannon;75 mm PaK39 L48 cannon
weapons/75mm_PaK39_L48_user_cannon;75 mm PaK39 L48 cannon
weapons/75mm_PaK42_user_cannon;75 mm PaK42 cannon
weapons/75mm_PaK40_3_L46_user_cannon;75 mm PaK40/3 L46 cannon
weapons/75mm_StuK40_L48_user_cannon;75 mm StuK40 L48 cannon
weapons/75mm_StuK40_L43_user_cannon;75 mm StuK40 L43 cannon
weapons/75mm_KwK40_L48_user_cannon;75 mm KwK40 L48 cannon
weapons/75mm_Kwk44_user_cannon;75 mm KwK44 cannon
weapons/75mm_Kwk42_user_cannon;75 mm KwK42 cannon
weapons/75mm_m1897a4_user_cannon;75 mm M1897A4 cannon
weapons/75mm_M32_user_cannon;75 mm M32 cannon
weapons/75mm_M2_user_cannon;75 mm M2 cannon
weapons/75mm_M6_user_cannon;75 mm M6 cannon
weapons/75mm_m3_user_cannon;75 mm M3 cannon
weapons/75mm_m3_open_turret_user_cannon;75 mm M3 cannon
weapons/30mm_ZPZ02_user_cannon;30 mm ZPZ02 automatic cannon
weapons/25mm_PG87_PGZ_user_cannon;25 mm PG87 automatic cannon
weapons/25mm_PG87_user_cannon;25 mm PG87 automatic cannon
weapons/57mm_WA_318_user_cannon;57 mm PG59 automatic cannon
weapons/76mm_M7_for_M10_user_cannon;76 mm M7 cannon
weapons/76mm_M7_user_cannon;76 mm M7 cannon
weapons/76mm_M1_user_cannon;76 mm M1 cannon
weapons/76mm_M1_open_turret_user_cannon;76 mm M1 cannon
weapons/76mm_M1_no_MB_user_cannon;76 mm M1 cannon
weapons/76mm_M1_open_turret_no_MB_user_cannon;76 mm M1 cannon
weapons/76mm_M1A1_user_cannon;76 mm M1A1 cannon
weapons/76mm_M1A2_user_cannon;76 mm M1A2 cannon
weapons/76mm_T185E1_user_cannon;76 mm T185E1 cannon
weapons/76mm_M32_user_cannon;76 mm M32 cannon
weapons/76mm_KwK_M32_user_cannon;76 mm M32 cannon
weapons/76mm_D56_TS_user_cannon;76 mm D-56TS cannon
weapons/76mm_D56_T_user_cannon;76 mm D-56T cannon
weapons/76mm_52_d56ts_naval_user_cannon;76 mm/52 D-56TS cannon
weapons/76mm_KT28_for_T26_user_cannon;76 mm KT-28 cannon
weapons/76mm_KT28_user_cannon;76 mm KT-28 cannon
weapons/76mm_F32_user_cannon;76 mm F-32 cannon
weapons/76mm_F34_user_cannon;76 mm F-34 cannon
weapons/76mm_L10_user_cannon;76 mm L-10 cannon
weapons/76mm_L11_T34_early_user_cannon;76 mm L-11 cannon
weapons/76mm_L11_SMK_user_cannon;76 mm L-11 cannon
weapons/76mm_L11_user_cannon;76 mm L-11 cannon
weapons/76mm_ZIS3_user_cannon;76 mm ZIS-3 cannon
weapons/76mm_ZIS5_user_cannon;76 mm ZIS-5 cannon
weapons/76mm_F96_user_cannon;76 mm F-96 cannon
weapons/85mm_F30_user_cannon;85 mm F-30 cannon
weapons/85mm_D5T_user_cannon;85 mm D-5T cannon
weapons/85mm_D5S_user_cannon;85 mm D-5S cannon
weapons/85mm_ZiS_S_53_user_cannon;85 mm ZIS-S-53 cannon
weapons/88mm_Kwk36_user_cannon;88 mm KwK36 cannon
weapons/88mm_Kwk43_user_cannon;88 mm KwK43 cannon
weapons/88mm_Kwk43_for_panther_II_user_cannon;88 mm KwK43 cannon
weapons/88mm_StuK43_user_cannon;88 mm StuK43 cannon
weapons/88mm_PaK43_user_cannon;88 mm PaK43 cannon
weapons/88mm_PaK43_open_turret_user_cannon;88 mm PaK43 cannon
weapons/90mm_T54_user_cannon;90 mm T54 cannon
weapons/90mm_T15E2_user_cannon;90 mm T15E2 cannon
weapons/90mm_T15E1_user_cannon;90 mm T15E1 cannon
weapons/90mm_M3_user_cannon;90 mm M3 cannon
weapons/90mm_M3_open_turret_user_cannon;90 mm M3 cannon
weapons/90mm_M3_M36B2_user_cannon;90 mm M3 cannon
weapons/90mm_M3_without_MB_user_cannon;90 mm M3 cannon
weapons/90mm_M3_open_turret_without_MB_user_cannon;90 mm M3 cannon
weapons/90mm_M3A1_user_cannon;90 mm M3A1 cannon
weapons/90mm_90_50_M3A1_user_cannon;90 mm Cannone da 90/50 M3A1 cannon
weapons/90mm_M36_user_cannon;90 mm M36 cannon
weapons/7_62mm_Browning_MG4_user_machinegun;7.62 mm Browning MG4 machine gun
weapons/7_62mm_M1919A4_user_machinegun;7.62 mm M1919A4 machine gun
weapons/7_62mm_SGMT_user_machinegun;7.62 mm SGMT machine gun
weapons/7_62mm_Maxim_user_machinegun;7.62 mm Maxim`s machine gun
weapons/14_5mm_KPVT_BTR_152_user_machinegun;14.5 mm KPVT machine gun
weapons/14_5mm_KPVT_user_machinegun;14.5 mm KPVT machine gun
weapons/12_7mm_DK_user_machinegun;12.7 mm DK machine gun
weapons/12_7mm_DShK_user_machinegun;12.7 mm DShK machine gun
weapons/12_7mm_Type_54_user_machinegun;12.7 mm QJC54 machine gun
weapons/7_62mm_Type_55_user_machinegun;7.62 mm Type 55 machine gun
weapons/7_62mm_Type_59_user_machinegun;7.62 mm QJT59 machine gun
weapons/8mm_Gebauer_34_40M_user_machinegun;8 mm 34/40M machine gun
weapons/8mm_Hotchkiss_Mle1914_user_machinegun;8 mm Hotchkiss Mle 1914 machine gun
weapons/7_92mm_ZB_VZ37_user_machinegun;7.92 mm MG37(t) machine gun
weapons/7_92mm_MG42_user_machinegun;7.92 mm MG42 machine gun
weapons/7_92mm_MG34_user_machinegun;7.92 mm MG34 machine gun
weapons/7_92mm_mg15_1936_naval_user_machinegun;7.92 mm MG15 machine gun
weapons/7_92mm_BESA_user_machinegun;7.92 mm BESA Mk.III* machine gun
weapons/7_92mm_BESA_AA_user_machinegun;7.92 mm BESA Mk.III* machine gun
weapons/7_92mm_MG13_Dreyse_user_machinegun;7.92 mm MG13 Dreyse machine gun
weapons/7_62mm_M73_user_machinegun;7.62 mm M73 machine gun
weapons/7_62mm_M60D_user_machinegun;7.62 mm M60D machine gun
weapons/7_62mm_M240_user_machinegun;7.62 mm M240 machine gun
weapons/7_92mm_MG3_user_machinegun;7.62 mm MG3A1 machine gun
weapons/5_56mm_MG4_user_machinegun;5.56 mm MG4 machine gun
weapons/churchill_flamethrower;Flamethrower
weapons/zippo_flamethrower;Flamethrower
weapons/gunMG3;7.62 mm MG3 machine gun
weapons/7_62mm_DT_user_machinegun;7.62 mm DT machine gun
weapons/120mm_M58_user_cannon;120 mm M58 cannon
weapons/105mm_M68A1_user_cannon;105 mm M68A1 cannon
weapons/105mm_M68A1_IP_user_cannon;105 mm M68A1 cannon
weapons/12_7mm_M85_user_machinegun;12.7 mm M85 machine gun
weapons/7_62mm_L3A1_user_machinegun;7.62 mm L3A1 machine gun
weapons/13_2mm_Breda_mod31_user_machinegun;13.2 mm Breda Mod.31 machine gun
weapons/12_7mm_M3P_user_machinegun;12.7 mm M3P machine gun
weapons/12_7mm_M2_HB_user_machinegun;12.7 mm M2HB machine gun
weapons/12_7mm_sMG_50_user_machinegun;12.7 mm s.MG.50 machine gun
weapons/12_7mm_M2_HB_user_machinegun_for_M15;12.7 mm M2HB machine gun
weapons/7_7mm_Vikkers_user_machinegun;7.7 mm Vickers machine gun
weapons/7_7mm_vickers_go_no5_naval_user_machinegun;7.7 mm Vickers GO No.5 machine gun
weapons/152mm_StuH_443_r_user_cannon;152 mm StuH 443(r) howitzer
weapons/20mm_KwK30_k_user_cannon;20 mm KwK.30 automatic cannon
weapons/20mm_TNSh_Sh_user_cannon;20 mm TNShSh cannon
weapons/152mm_M10Sh_user_cannon;152 mm M-10Sh howitzer
weapons/45mm_KwK_user_cannon_for_PzKmpfLfr;45 mm KwK37(r) cannon
weapons/40mm_QF_2pdr_user_cannon;40 mm QF 2-pounder Mk.IX cannon
weapons/76mm_17pdr_QF_user_cannon;76 mm QF 17-pounder cannon
weapons/76mm_17pdr_QF_open_turret_user_cannon;76 mm QF 17-pounder cannon
weapons/90mm_BK_90_user_cannon;90 mm BK90 cannon
weapons/cannonMolinsClassM;57 mm Molins Class M cannon
weapons/cannonM4_75mm;75 mm M-4 cannon
weapons/cannonMk214a;50 mm Mk.214a cannon
weapons/110mm_M8_rocket_launcher;114 mm M8 rocket
weapons/158mm_NB_Wf_41_rocket_launcher;150 mm 43.M rakétagránát rocket
weapons/82mm_M8_rocket_launcher;82 mm M-8 rocket
weapons/cannonM5;75 mm T13E1 cannon
weapons/cannonT13E1;75 mm T13E1 cannon
weapons/114mm_Psv_H_18_user_cannon;114 mm Psv.H/18 howitzer
bulletAction/armor;Armor-piercing effect
bulletAction/damage;Damaging effect
weapons/cannonPTB23;23 mm PTB-23 cannon
weapons/cannonADEN;30 mm ADEN Mk.2 cannon
weapons/cannonADEN_mk4;30 mm ADEN Mk.4 cannon
weapons/cannonADEN_mk4/short;ADEN Mk.4
weapons/cannonADEN_25;25 mm ADEN 25 cannon
weapons/cannonADEN_25/short;ADEN 25
weapons/cannon_mauser_bk_27;27 mm Mauser BK27 cannon
weapons/cannon_mauser_bk_27/short;BK27
weapons/20mm_Oerlikon_user_cannon;20 mm Oerlikon Mk.II automatic cannon
weapons/76mm_QQF_3in_20cwt_user_cannon;76 mm OQF 3in 20cwt cannon
weapons/76mm_45_3in_20cwt_qf_mk1_4_naval_user_cannon;76 mm/45 QF 3in 20cwt cannon
weapons/75mm_QQF_MkV_user_cannon;75 mm OQF Mk.V cannon
weapons/75mm_QQF_MkV_NA75_user_cannon;75 mm M3 cannon
weapons/57mm_6pdr_QQF_Mk_3_L43_user_cannon;57 mm 6pdr OQF Mk.III cannon
weapons/57mm_6pdr_QQF_Mk_5_L50_user_cannon;57 mm 6pdr OQF Mk.V cannon
weapons/30mm_HSS_831L_user_cannon;30 mm HSS 831L automatic cannon
weapons/30mm_HSS_831A_user_cannon;30 mm HSS 831A automatic cannon
weapons/30mm_HSS_831L_Turm_user_cannon;30 mm HSS 831L automatic cannon
weapons/77mm_QQF_Mk_II_L50_user_cannon;77 mm OQF Mk.II cannon
weapons/84mm_QQF_20pdr_Mk_I_user_cannon;84 mm 20pdr OQF Mk.I cannon
weapons/84mm_QQF_20pdr_Mk_I_fume_extractor_user_cannon;84 mm 20pdr OQF Mk.I cannon
weapons/94mm_QQF_32pdr_user_cannon;94 mm 32pdr OQF cannon
weapons/94mm_qf_28pdr_user_cannon;94 mm 28pdr OQF cannon
weapons/94mm_QF_Mk1_user_cannon;94 mm OQF Mk.II cannon
weapons/120mm_OBL_Tk_L11_user_cannon;120 mm Ordnance BL Tk. L11 cannon
weapons/120mm_QQF_Tk_L1A1_user_cannon;120 mm Ordnance QF Tk. L1A2 cannon
weapons/105mm_L7_user_cannon;105 mm Royal Ordnance L7A1 cannon
weapons/cannonHo301;40 mm Ho-301 cannon
weapons/122mm_D25_44T_user_cannon;122 mm D-25-44T cannon
weapons/250kg_TT_rocket_launcher;TT-250 tank torpedo
weapons/250kg_TT_rocket_launcher/short;TT-250
weapons/105mm_K18_user_cannon;105 mm K.18 cannon
weapons/47mm_PaK_t_Sf_user_cannon;47 mm Pak.(t)(Sf.) cannon
weapons/7_62mm_L8A1_user_machinegun;7.62 mm L8A1 machine gun
weapons/gunL8a1;7.62 mm L8A1 machine gun
weapons/gunL8a1/short;L8A1
weapons/7_62mm_L8A2_user_machinegun;7.62 mm L8A2 machine gun
weapons/12_7mm_L21A1_user_machinegun;12.7 mm L21A1 machine gun
weapons/107mm_ZIS6_user_cannon;107 mm ZIS-6 cannon
weapons/cannonSAA/short;102 mm 102/35 mod 14
weapons/155mm_G6_L45_user_cannon;155 mm G6 L/45 cannon
weapons/155mm_NSJ_L30_user_cannon;155 mm NSJ L/30 cannon
weapons/90mm_Kanone_M41_user_cannon;90 mm M41 cannon
weapons/90mm_M41_user_cannon;90 mm M41 cannon
weapons/180mm_2k4_launcher_user_cannon;3M7 ATGM launcher
weapons/180mm_2k4_launcher_user_cannon/short;3M7
weapons/164mm_s11_rocket_launcher;Robot 52 ATGM launcher
weapons/164mm_s11_rocket_launcher/short;rb 52A
weapons/82mm_M8_rocket_launcher/short;M-8
weapons/158mm_NB_Wf_41_rocket_launcher/short;Wgr.41 Spr
weapons/110mm_M8_rocket_launcher/short;M8
weapons/128mm_K40_user_cannon;128 mm K.40 cannon
weapons/57mm_Ch51M_user_cannon;57 mm Ch-51M cannon
weapons/152mm_RP3_rocket_launcher;152 mm RP-3 rocket
weapons/152mm_RP3_rocket_launcher/short;RP-3
weapons/152mm_M81_user_cannon;152 mm M81E1 gun-launcher
weapons/105mm_T5E2_user_cannon;105 mm T5E2 cannon
weapons/105mm_T140_user_cannon;105 mm T140E2 cannon
weapons/105mm_t140e3_user_cannon;105 mm T140E3 cannon
weapons/164mm_lfk_ss11_rocket_launcher_user_cannon;SS.11 ATGM launcher
weapons/164mm_lfk_ss11_rocket_launcher;SS.11 ATGM launcher
weapons/164mm_lfk_ss11_rocket_launcher/short;SS.11 ATGM launcher
weapons/136mm_mephisto_launcher_user_cannon;HOT ATGM launcher
weapons/136mm_HOT_rocket_launcher;HOT ATGM launcher
weapons/136mm_HOT_rocket_launcher/short;HOT ATGM launcher
weapons/136mm_k3s_hot_launcher_user_cannon;HOT-K3S ATGM launcher
weapons/136mm_k3s_hot_launcher_user_cannon/short;HOT-K3S ATGM launcher
weapons/120mm_Type_64_MAT_launcher_user_cannon;Type 64 MAT Anti-Tank Missile Launcher
weapons/120mm_Type_64_MAT_launcher_user_cannon/short;Type 64 MAT
weapons/115mm_U5TS_user_cannon;115 mm U-5TS cannon
weapons/100mm_2A48_user_cannon;100 mm 2А48 cannon
weapons/37mm_2A11_user_cannon;37 mm 2А11 automatic cannon
weapons/125mm_2A75_user_cannon;125 mm 2A75 cannon
weapons/125mm_2A75_M_user_cannon;125 mm 2A75 cannon
weapons/5_8mm_QJT_user_machinegun;5.8 mm QJT1 machine gun
weapons/14_5mm_QJG02_user_machinegun;14.5 mm QJG02 machine gun
weapons/125mm_ZPT_98_user_cannon;125 mm ZPT98 cannon
weapons/125mm_Type_99A_user_cannon;125 mm ZPT98 cannon
weapons/125mm_l54_cn_user_cannon;125 mm ZPT Experimental Tank Cannon
weapons/150mm_sIG_33_user_cannon;150 mm s.I.G.33 heavy infantry gun
weapons/150mm_StuH_43_user_cannon;150 mm Stu.H 43 L/12 howitzer
weapons/105mm_M68_M60A1_user_cannon;105 mm M68 cannon
weapons/35mm_Oerlikon_KDE_user_cannon;35 mm Oerlikon KDE automatic cannon
weapons/35mm_Oerlikon_KDA_marksman_user_cannon;35 mm Oerlikon KDA automatic cannon
weapons/35mm_Oerlikon_KDA_user_cannon;35 mm Oerlikon KDA automatic cannon
weapons/20mm_Fucile_Controcarri_S_user_cannon;20 mm Fucile Controcarri S Mod.39 antitank rifle
weapons/20mm_Breda_20_65_M35_user_cannon;20 mm Breda Mod.35 automatic cannon
weapons/20mm_Scotti_Isotta_20_70_M41_user_cannon;20 mm Scotti-IF 20/70 Mod.41 automatic cannon
weapons/20mm_Breda_M35_L6_user_cannon;20 mm Breda Mod.35 automatic cannon
weapons/7_62mm_Beretta_MG42_59_user_machinegun;7.62 mm Beretta MG42/59 machine gun
weapons/8mm_Breda_Mod37_user_machinegun;8 mm Breda mod.37 machine gun
weapons/125mm_2A46M_user_cannon;125 mm 2A46M cannon
weapons/105mm_M68_Magach_user_cannon;105 mm M68 cannon
weapons/105mm_M_51_user_cannon;105 mm M-51 cannon
weapons/105mm_L7_Shot_user_cannon;105 mm Sharir cannon
weapons/37mm_Vickers_Terni_37_40_M18_user_cannon;37 mm Vickers-Terni 37/40 mod.18 cannon
weapons/20mm_Oerlikon_KAD_B17_user_cannon;20 mm Oerlikon KAD automatic cannon
weapons/25mm_Oerlikon_KBA_Dardo_user_cannon;25 mm Oerlikon KBA B02 automatic cannon
weapons/25mm_Oerlikon_KBA_Freccia_user_cannon;25 mm Oerlikon KBA B02 automatic cannon
weapons/25mm_Oerlikon_KBA_user_cannon;25 mm Oerlikon KBA automatic cannon
weapons/25mm_LW25_user_cannon;25 mm LW25 automatic cannon
weapons/25mm_M242_user_cannon;25 mm M242 automatic cannon
weapons/25mm_M242_HR_user_cannon;25 mm M242 automatic cannon
weapons/76mm_M32K1_user_cannon;76 mm M32K1 cannon
weapons/60mm_OTO_HVG_user_cannon;60 mm OTO HVG cannon
weapons/60mm_OTO_HVG_Hitfist_user_cannon;60 mm cannone da 60/70 cannon
weapons/120mm_OTO_Melara_120_45_MGS_user_cannon;120 mm OTO Melara 120/45 cannon
weapons/105mm_L7A3_Radpanzer_user_cannon;105 mm L7A3 cannon
weapons/105mm_OTO_Melara_user_cannon;105 mm OTO Melara 105/52 cannon
weapons/105mm_OTO_Melara_Mk_2_user_cannon;105 mm OTO Melara 105/52 cannon
weapons/105mm_OTO_Melara_ROMOR_user_cannon;105 mm OTO Melara 105/52 cannon
weapons/105mm_105_55_OTO_Melara_user_cannon;105 mm OTO Melara 105/55 cannon
weapons/76mm_OTO_Breda_76_62_user_cannon;76 mm OTO-Breda Cannone da 76/62 automatic cannon
weapons/75mm_OTO_75_43_M40_user_cannon;75 mm OTO 75/43 mod.40 cannon
weapons/75mm_Ansaldo_75_34_M39_user_cannon;75 mm 75/34 mod.39 cannon
weapons/75mm_Ansaldo_75_18_M34_user_cannon;75 mm 75/18 mod.34 cannon
weapons/75mm_Ansaldo_75_32_M37_user_cannon;75 mm 75/32 mod.37 cannon
weapons/47mm_Ansaldo_47_32_M35_user_cannon;47 mm 47/32 mod.35 cannon
weapons/47mm_Ansaldo_47_32_M39_user_cannon;47 mm 47/32 mod.39 cannon
weapons/47mm_Ansaldo_47_40_M38_user_cannon;47 mm 47/40 mod.38 cannon
weapons/90mm_90_53_mod41_user_cannon;90 mm 90/53 mod.41 cannon
weapons/106mm_106_SR_user_cannon;106 mm Recoilless Rifle Cannone da 106 s.r.M40A1
weapons/106mm_M40A1_LGS_user_cannon;106 mm Recoilless Rifle M40A1
weapons/20mm_MK_20_1_user_cannon;20 mm MK20-1 cannon
weapons/90mm_Cockerill_Mk_3_user_cannon;90 mm Cockerill Mk.3 cannon
weapons/100mm_Mod_1914_100_17_user_cannon;100 mm Cannone da 100/17 Mod.1914 cannon
weapons/105mm_Ansaldo_105_25_user_cannon;105 mm Cannone Ansaldo da 105/25 cannon
weapons/20mm_M168_user_cannon;20 mm M168 automatic cannon
weapons/47mm_OQF_3pdr_user_cannon;47 mm Ordnance QF 3-pounder cannon
weapons/88mm_Flak37_user_cannon;88 mm Flak.37 cannon
weapons/12_7mm_DShK_GAZ_user_machinegun;12.7 mm DShK machine gun
weapons/23mm_2A7_user_cannon;23 mm 2A7 automatic cannon
weapons/23mm_2A14_user_cannon;23 mm ZU-23 automatic cannon
weapons/30mm_AG_30_user_cannon;30 mm AG-30 automatic grenade launcher
weapons/152mm_9M133_launcher_user_cannon;9M133 ATGM launcher
weapons/152mm_9M123_launcher_user_cannon;9M123 ATGM launcher
weapons/170mm_bae_swingfire_rocket_launcher;BAe Swingfire ATGM launcher
weapons/170mm_bae_swingfire_rocket_launcher/short;BAe Swingfire ATGM launcher
weapons/170mm_bae_swingfire_fv102_rocket_launcher;BAe Swingfire ATGM launcher
weapons/170mm_bae_swingfire_fv102_rocket_launcher/short;BAe Swingfire ATGM launcher
weapons/90mm_M54_user_cannon;90 mm M54 cannon
weapons/cannonMG15120_turret;20 mm MG 151 cannon
weapons/57mm_43_6pdr_7cwt_qf_mk2a_naval_user_cannon;57 mm 6pdr 7cwt QF Mk IIA mounting
weapons/37mm_83_skc30_naval_user_cannon;3.7 cm SK C/30 mounting
weapons/85mm_55_zis_s53_naval_user_cannon;85 mm/54.6 ZIS-C-53 cannon
weapons/7_7mm_mg_lewis_naval_user_machinegun;7.72 mm Lewis machinegun 1916
weapons/127mm_5in_mk50_naval_rocket_launcher;127 mm Mk.7 rocket
weapons/127mm_5in_mk50_naval_rocket_launcher/short;Мk.7
weapons/cannonType88;75 mm Type 88 cannon
weapons/76mm_40_type_88_naval_user_cannon;8 cm/40 3rd Year Type cannon
weapons/76mm_40_type_88_aa_naval_user_cannon;8 cm/40 3rd Year Type cannon
weapons/cannonBredaModel39;37 mm Breda Model 39 37/54 cannon
weapons/cannonBredaModel39/short;Breda Model 39 37/54
weapons/cannonGIAT_type_30_M781;30 mm GIAT M781 cannon
weapons/cannonGIAT_type_30_M781/short;GIAT M781
weapons/cannonDEFA541;30 mm DEFA 541 cannon
weapons/cannonDEFA551;30 mm DEFA 551 cannon
weapons/cannonDEFA552;30 mm DEFA 552 cannon
weapons/cannonDEFA552A;30 mm DEFA 552A cannon
weapons/cannonDEFA553;30 mm DEFA 553 cannon
weapons/cannonDEFA553_gunpod;30 mm DEFA 553 cannon
weapons/cannonDEFA553_gunpod/short;DEFA 553
weapons/cannonDEFA554;30 mm DEFA 554 cannon
weapons/cannonDEFA554/short;DEFA 554
weapons/cannonM50;20 mm M50 cannon
weapons/gunMle33;7.5 mm Mle 33 machine gun
weapons/gunMle33_turret;7.5 mm Mle 33 machine gun
weapons/88mm_56_flak36_naval_user_cannon;88 mm/56 Flak.36 cannon
weapons/76mm_62_oto_melara_sr_naval_user_cannon;76 mm/62 OTO-Melara SR automatic gun
weapons/76mm_62_oto_melara_compact_naval_user_cannon;76 mm/62 OTO-Melara Compact automatic gun
weapons/76mm_3_50_mk10_naval_user_cannon;3-inch Mark 10 cannon
weapons/76mm_50cal_mk34_naval_user_cannon;3-inch/50 Mk.34 gun
weapons/130mm_M65_user_cannon;130 mm M-65 cannon
weapons/130mm_C70_user_cannon;130 mm S-70 cannon
weapons/7_62mm_RP46_user_machinegun;7.62 mm RP-46 machine gun
weapons/35mm_PG_99_35_2_user_cannon;35 mm PG99 automatic cannon
weapons/105mm_FMK4_Modelo_1L_2IP_user_cannon;105 mm FMK.4 Modelo 1L cannon
weapons/105mm_FMK4_Modelo_1L_2C_user_cannon;105 mm FMK.4 Modelo 1L cannon
weapons/105mm_FMK4_Modelo_1L_user_cannon;105 mm FMK.4 Modelo 1L cannon
weapons/7_62mm_C6_user_machinegun;7.62 mm C6A1 FLEX machine gun
weapons/7_62mm_FN_MAG60_40_user_machinegun;7.62 mm FN MAG 60-40 machine gun
weapons/40mm_L70_Bofors_mk3_user_cannon;40 mm M266 automatic cannon
weapons/20mm_m693_amx_10_user_cannon;20 mm CN-MIT 20 F2 automatic cannon
weapons/40mm_M266_user_cannon;40 mm M266 automatic cannon
weapons/30mm_L21A1_RARDEN_user_cannon;30 mm L21A1 automatic cannon
weapons/7_62mm_L94A1_user_machinegun;7.62 mm L94A1 machine gun
weapons/30mm_2A38_user_cannon;30 mm 2A38 automatic cannon
weapons/30mm_2A38M_user_cannon;30 mm 2A38M automatic cannon
weapons/30mm_2A38M1_user_cannon;30 mm 2A38M1 automatic cannon
weapons/30mm_2A42_user_cannon;30 mm 2A42 automatic cannon
weapons/30mm_2A72_user_cannon;30 mm 2A72 automatic cannon
weapons/30mm_2A72_BTR_user_cannon;30 mm 2A72 automatic cannon
weapons/cannonGI_2;20 mm GI2 cannon
weapons/cannonM197;20 mm M197 cannon
weapons/cannonTM197B;20 mm TM197B cannon
weapons/gunA_12_7;12.7 mm A-12.7 machine gun
weapons/gunYaK_B;12.7 mm YaK-B machine gun
weapons/gunYaK_B/short;YakB-12.7
weapons/gunYaK_B_guv;12.7 mm YaK-B machine gun
weapons/gunYaK_B_guv/short;YakB-12.7
weapons/gun_pkt;7.62 mm PKT machine gun
weapons/gun_pkt/short;PKT
weapons/us_127mm_TOW2;BGM-71D TOW-2 missiles
weapons/us_127mm_TOW2/short;BGM-71D TOW-2
weapons/us_127mm_TOW;BGM-71С Improved TOW missiles
weapons/us_127mm_TOW/short;BGM-71C ITOW
weapons/cannonGSh_23L_upk_23_250_deafult;23 mm GSh-23L cannon
weapons/cannonGSh_23L_upk_23_250;23 mm GSh-23L cannon
weapons/cannonGSh_23L;23 mm GSh-23L cannon
weapons/cannonType_23_3;23 mm 23-3 cannon
weapons/cannonXM140;30 mm XM140 cannon
weapons/cannonGSh_30_2K;30 mm GSh-30-2K cannon
weapons/cannonGSh_30_2;30 mm GSh-30-2 cannon
weapons/cannonGSh_6_30;30 mm GSh-6-30 cannon
weapons/cannonGSh_6_30/short;GSh-6-30
weapons/cannonGSh_301;30 mm GSh-30-1 cannon
weapons/cannonGSh_301/short;GSh-30-1
weapons/cannonM195;20 mm M195 cannon
weapons/cannonOerliconKAD_B;20 mm Oerlikon KAD-B automatic cannon
weapons/cannonOerliconKAD_B/short;Oerlikon KAD-B
weapons/cannonJM61A1;20 mm JM61A1 cannon
weapons/cannonJM61A2;20 mm JM61A2 cannon
weapons/cannonJM61A2/short;JM61
weapons/cannonM61;20 mm M61 cannon
weapons/cannonM61/short;M61
weapons/cannonM61A1;20 mm M61A1 cannon
weapons/cannonM61A1/short;M61A1
weapons/cannonM61A1_default;20 mm M61A1 cannon
weapons/cannonM61A1_default/short;M61A1
weapons/cannonM61A1_pgu_28;20 mm M61A1 cannon
weapons/cannonM61A1_pgu_28/short;M61A1
weapons/cannonM61A2/short;M61A2
weapons/cannonM61A2;20 mm M61A2 cannon
weapons/cannonGAU4;20 mm GAU-4 cannon
weapons/cannonGAU4/short;GAU-4
weapons/cannonJGAU4;20 mm GAU-4 cannon
weapons/cannonJGAU4/short;GAU-4
weapons/cannonGAU4_default;20 mm GAU-4 cannon
weapons/cannonGAU4_default/short;GAU-4
weapons/cannonLR30;30 mm LR30 cannon
weapons/cannonLR30/short;LR30
weapons/cannonGAU_13A;30 mm GAU-13/A cannon
weapons/cannonGAU_13A/short;GAU-13/A
weapons/gunGAU_19;12.7 mm GAU-19 machine gun
weapons/gunGAU_19/short;GAU-19
weapons/cannonGAU_12U;25 mm GAU-12/U cannon
weapons/cannonGAU_12U/short;GAU-12/U
weapons/cannonGAU_8A;30 mm GAU-8/A cannon
weapons/cannonGAU_8A/short;GAU-8/A
weapons/cannonHughesMk11Mod0;20 mm Mk 11 cannon
weapons/cannonHughesMk11Mod0/short;Mk 11
weapons/cannonMK11_mod5;20 mm Mk 11 mod 5 cannon
weapons/cannonMK11_mod5/short;Mk 11 mod 5
weapons/cannonNR30;30 mm NR-30 cannon
weapons/cannonNR30_early;30 mm NR-30(e) cannon
weapons/cannonNR30_early/short;NR-30(e)
weapons/cannonType30_1;30 mm 30-1 cannon
weapons/cannonType30_1/short;30-1
weapons/cannon2A42;30 mm 2A42 cannon
weapons/cannon2A42/short;2A42
weapons/gunGShG;7.62 mm GShG-7.62 machine gun
weapons/gunGShG_guv;7.62 mm GShG-7.62 machine gun
weapons/gunGShG_guv/short;7.62 mm GShG
weapons/cn_12_7_additionalpod_gun;12.7 mm QJK99-12.7-1 machine gun
weapons/cn_12_7_additionalpod_gun/short;QJK99-12.7-1
weapons/gun_qjk_99_12_7_1;12.7 mm QJK99-12.7-1 machine gun
weapons/gun_qjk_99_12_7_1/short;QJK99-12.7-1
weapons/grenade_launcher_M129;40 mm M129 grenade launcher
weapons/gunM134_Minigun;7.62 mm M134 Minigun machine gun
weapons/grenade_launcher_M129/short;M129
weapons/gunM134_Minigun/short;M134 Minigun
weapons/gunPKA762;7.62 mm PKA machine gun
weapons/gunPKA762/short;PKA
weapons/gunM134_Minigun_default;7.62 mm M134 Minigun machine gun
weapons/gunM134_Minigun_default/short;M134 Minigun
weapons/grenade_launcher_M75;40 mm M75 grenade launcher
weapons/grenade_launcher_M75/short;M75
weapons/fr_sneb_type23_TDA;68 mm SNEB Type 23
weapons/fr_sneb_type23_TDA/short;SNEB Type 23
weapons/cannonM39A1;20 mm M39A1 cannon
weapons/cannonM39A2;20 mm M39A2 cannon
weapons/cannonM39A3;20 mm M39A3 cannon
weapons/cannonM39A2/short;M39A2
weapons/cannonM39A3/short;M39A3
weapons/90mm_D915_user_cannon;90 mm D915 cannon
weapons/90mm_DEFA_D921_user_cannon;90 mm DEFA F1 cannon
weapons/90mm_90_F2_user_cannon;90 mm 90 F2 cannon
weapons/cannonM230E1;30 mm M230E-1 cannon
weapons/cannonM230E1/short;M230E-1
weapons/120mm_IMI_MG251_user_cannon;120 mm IMI MG251 cannon
weapons/152mm_19M220_rocket_launcher;152 mm 19M220 missile
weapons/105mm_L7_Mk_3_user_cannon;105 mm Royal Ordnance L7A1 cannon
weapons/81mm_Oerlikon_Typ_3Z_8Dla_user_cannon;81 mm Oerlikon Typ 3Z 8Dla launcher
weapons/81mm_Oerlikon_Typ_3Z_8Dla_Raketenautomat_user_cannon;81 mm Oerlikon Typ 3Z 8Dla launcher
weapons/20mm_Hispano_mk_5_user_cannon;20 mm HS.404 automatic cannon
weapons/20mm_Polsten_user_cannon;20 mm Polsten automatic cannon
weapons/105mm_XC8_L50_user_cannon;105 mm Cockerill 105HP cannon
weapons/152mm_hj_9_launcher_user_cannon;HJ-9 ATGM launcher
weapons/150mm_Rbs_56_BILL_launcher_user_cannon;robotsystem 56
weapons/150mm_Rbs_56_BILL_Pbv_launcher_user_cannon;robotsystem 56
weapons/127mm_Rbs_55_tow_UDES_launcher_user_cannon;robotsystem 55
weapons/127mm_Rbs_55_tow_launcher_user_cannon;robotsystem 55
weapons/127mm_Rbs_55_tow_rocket_launcher;robotsystem 55
weapons/127mm_Rbs_55_tow_rocket_launcher/short;rbs 55
weapons/25mm_GAU_12U_Equalizer_user_cannon;25 mm GAU-12U automatic cannon
weapons/70mm_Hydra_70_user_cannon;Hydra 70
weapons/70mm_Hydra_70_magach_user_cannon;Hydra 70
weapons/120mm_Automatkanon_user_cannon;120 mm automatkanon
weapons/95mm_QF_Mk1_user_cannon;95 mm Howitzer, Tank No.1, Mk.I
weapons/120mm_L11A5_Mk3_user_cannon;120 mm L11A5 cannon
weapons/120mm_L11A5_Mk3_Vickers_user_cannon;120 mm L11A5 cannon
weapons/120mm_L11A5_user_cannon;120 mm L11A5 cannon
weapons/120mm_Rheinmetall_L55_user_cannon;120 mm Rh120-55 cannon
weapons/120mm_Rheinmetall_L44_VT_user_cannon;120 mm Rh120-44 cannon
weapons/120mm_Rheinmetall_L44_autoloader_user_cannon;120 mm Rh120-44 cannon
weapons/120mm_Rheinmetall_L44_user_cannon;120 mm Rh120-44 cannon
weapons/120mm_Rheinmetall_L44_2A5_user_cannon;120 mm Rh120-44 cannon
weapons/120mm_Rheinmetall_L44_2PL_user_cannon;120 mm Rh120-44 cannon
weapons/12_7mm_NSV_user_cannon;12.7 mm NSVT machine gun
weapons/12_7mm_NSV_t_80_user_cannon;12.7 mm NSVT machine gun
weapons/12_7mm_NSV_t_72_user_cannon;12.7 mm NSVT machine gun
weapons/12_7mm_6P50_Kord_user_machinegun;12.7 mm 6P49 machine gun
weapons/12_7mm_6P50_Kord_t_72_user_machinegun;12.7 mm 6P49 machine gun
weapons/37mm_SA_18_user_cannon;37 mm SA18 L/21 cannon
weapons/164mm_nord_s11_rocket_launcher;SS.11 ATGM
weapons/164mm_nord_s11_rocket_launcher/short;SS.11
weapons/130mm_Type_75_rocket_launcher;130 mm Type 75
weapons/130mm_Type_75_rocket_launcher/short;130 mm Type 75
weapons/37mm_SA_38_user_cannon;37 mm SA38 L/33 cannon
weapons/75mm_APX_user_cannon;75 mm APX cannon
weapons/105mm_AT_WMA_user_cannon;105 mm ZPL98A cannon
weapons/105mm_88B_105T_user_cannon;105 mm ZPL83 cannon
weapons/105mm_ZPL94_user_cannon;105 mm ZPL94 cannon
weapons/105mm_Type_83_user_cannon;105 mm ZPL83 cannon
weapons/28_20mm_s_Pz_B_41_user_cannon;28/20 mm s.Pz.B.41 cannon
weapons/105mm_XM_35_user_cannon;105 mm XM35 cannon
weapons/120mm_M256_user_cannon;120 mm M256 cannon
weapons/120mm_M256_M1A2_user_cannon;120 mm M256 cannon
weapons/120mm_M256_KE_W_user_cannon;120 mm M256 cannon
weapons/100mm_PTP86_user_cannon;100 mm PT86 cannon 
weapons/120mm_PTZ89_user_cannon;120 mm BW120K cannon
weapons/125mm_Type_88C_user_cannon;125 mm ZPT88C cannon
weapons/120mm_OTO_Breda_120_44_user_cannon;120 mm OTO Breda 120/44 cannon
weapons/120mm_OTO_Breda_120_44_Ariete_user_cannon;120 mm OTO Breda 120/44 cannon
weapons/120mm_OTO_Breda_120_44_Ariete_AMV_user_cannon;120 mm OTO Breda 120/44 cannon
weapons/120mm_GIAT_CN120_26_F1_user_cannon;120 mm CN120-26 F1 cannon
weapons/120mm_GIAT_CN120_25_G1_user_cannon;120 mm CN120-25 G1 cannon
weapons/115mm_U5TS_T-62M1_user_cannon;115 mm U-5TS cannon
weapons/120mm_Type_90_L44_user_cannon;120 mm Type 90 L/44 cannon
weapons/165mm_L9A1_user_cannon;165 mm ORD BL 6.5in L9A1 demolition charge projector
weapons/165mm_M135_user_cannon;165 mm M135 cannon
weapons/47mm_SA_37_user_cannon;47 mm SA37 cannon
weapons/155mm_Schneider_155_C_user_cannon;155 mm Schneider 155 C howitzer
weapons/75mm_APX_1897_user_cannon;75 mm APX Canon de 75 mm modèle 1897 cannon
weapons/75mm_SA_35_user_cannon;75 mm SA35 L/17 cannon
weapons/155mm_GCT_F1_user_cannon;155 mm GCT F1 howitzer
weapons/155mm_Obusier_Modele_1950_user_cannon;155 mm L'Obusier de 155 Modèle 1950 howitzer
weapons/120mm_SA_46_user_cannon;120 mm SA46 cannon
weapons/120mm_SA_46_Surbaisse_user_cannon;120 mm SA46 cannon
weapons/30mm_ZK_453_user_cannon;30 mm ZK453 automatic cannon
weapons/90mm_Char_25t_user_cannon;90 mm D.911 APX cannon
weapons/100mm_SA_47_CA_user_cannon;100 mm SA47 L/58 cannon
weapons/100mm_SA_47_user_cannon;100 mm SA47 L/58 cannon
weapons/142mm_ACRA_user_cannon;142 mm ACRA gun-launcher
weapons/125mm_D_126_user_cannon;125 mm D-126 gun-launcher
weapons/90mm_CN_90_F2_user_cannon;90 mm CN90 F2 cannon
weapons/90mm_CN_90_F3_user_cannon;90 mm CN90 F3 cannon
weapons/90mm_CN_90_F4_user_cannon;90 mm CN90 F4 cannon
weapons/75mm_XM274_Ares_user_cannon;75 mm ADMAG cannon
weapons/105mm_Modele_F2_user_cannon;105 mm CN105 F2 cannon
weapons/105mm_CN_105_G2_user_cannon;105 mm CN105 G2 cannon
weapons/105mm_CN_105_F1_user_cannon;105 mm CN105 F1 cannon
weapons/12_7mm_QJC_88A_user_machinegun;12.7 mm QJC88A machine gun
weapons/7_62mm_Type86_user_machinegun;7.62 mm QJT86 machine gun
weapons/7_5mm_AAT_52_user_machinegun;7.5 mm AAT-52 machine gun
weapons/90mm_SA45_ARL_user_cannon;90 mm SA45 cannon
weapons/90mm_SA45_user_cannon;90 mm SA45 cannon
weapons/90mm_SA47_user_cannon;90 mm SA47 cannon
weapons/20mm_M_693_user_cannon;20 mm CN-MIT 20 F2 automatic cannon
weapons/13_2mm_Hotchkiss_Mle_1930_user_machinegun;13.2 mm Hotchkiss Mle 1930 machine gun
weapons/7_62mm_AAN_F1_user_machinegun;7.62 mm A-A-F1N machine gun
weapons/75mm_SA_46_user_cannon;75 mm SA44 cannon
weapons/75mm_SA_49_user_cannon;75 mm SA49 cannon
weapons/75mm_SA_50_user_cannon;75 mm CN75-50 L/57 cannon
weapons/75mm_SA_50_M4A4_user_cannon;75 mm CN75-50 L/57 cannon
weapons/25mm_SA_34_user_cannon;25 mm SA35 L/72 cannon
weapons/47mm_SA_34_user_cannon;47 mm SA34 L/30 cannon
weapons/47mm_SA_35_user_cannon;47 mm SA35 L/32 cannon
weapons/7_5mm_MAC_31_user_machinegun;7.5 mm MAC 31 machine gun
weapons/120mm_50_oto_1936_naval_user_cannon;120 mm/50 O.T.O. Mod.1936 cannon
weapons/120mm_50_ansaldo_1926_naval_user_cannon;120 mm/50 Ansaldo mod.1926 cannon
weapons/75mm_Ansaldo_75_34_user_cannon;75 mm Ansaldo 75 L/34 cannon
weapons/127mm_bgm_71b_tow_rocket_launcher;M220A1 ATGM launcher
weapons/127mm_bgm_71b_tow_rocket_launcher/short;M220A1 ATGM launcher
weapons/127mm_TOW_rocket_launcher;M220A1 ATGM launcher
weapons/127mm_TOW_rocket_launcher/short;M220A1 ATGM launcher
weapons/76mm_fcs_smoke_grenade_launcher;76 mm smoke grenade launcher
weapons/76mm_fcs_smoke_grenade_launcher/short;Smoke launcher
weapons/81mm_smoke_granade_launcher;81 mm smoke grenade launcher
weapons/81mm_smoke_granade_launcher/short;smoke
weapons/81mm_tucha_launcher;81 mm smoke grenade launcher
weapons/81mm_tucha_launcher/short;smoke
weapons/81mm_3d17_smoke_launcher;81 mm smoke grenade launcher
weapons/81mm_3d17_smoke_launcher/short;smoke
weapons/127mm_BGM_71_tow_Wiesel_launcher_user_cannon;M220A1 ATGM launcher
weapons/127mm_BGM_71_tow_M3A3_launcher_user_cannon;M220A2 ATGM launcher
weapons/30mm_Rheinmetall_MK_30_2_ABM_KF41_user_cannon;30 mm MK 30-2/ABM automatic cannon
weapons/30mm_Rheinmetall_MK_30_2_ABM_user_cannon;30 mm MK 30-2/ABM automatic cannon
weapons/30mm_Bushmaster_2_Mk_44_user_cannon;30 mm Mk.44 Bushmaster II automatic cannon
weapons/30mm_Bushmaster_2_Mk_44_9030_user_cannon;30 mm Mk.44 Bushmaster II automatic cannon
weapons/30mm_Bushmaster_2_Mk_44_MCT30_user_cannon;30 mm Mk.44 Bushmaster II automatic cannon
weapons/105mm_PzK_M57_user_cannon;105 mm PzK M57 cannon
weapons/127mm_ZT_3_launcher_user_cannon;ZT3 ATGM launcher
weapons/127mm_iTOW_launcher_user_cannon;M220A1 ATGM launcher
weapons/127mm_BGM_71_tow_launcher_user_cannon;M220A2 ATGM launcher
weapons/127mm_bgm_71_tow_begleitpanzer_launcher_user_cannon;M220A1 ATGM launcher
weapons/103mm_milan_launcher_user_cannon;MILAN ATGM launcher
weapons/103mm_milan_launcher_user_cannon/short;MILAN ATGM launcher
weapons/120mm_122TM_user_cannon;120 mm ZPT71 cannon
weapons/120mm_302_atgm_rocket_launcher;302 ATGM launcher
weapons/120mm_302_atgm_rocket_launcher/short;302 ATGM launcher
weapons/115mm_MILAN_2_rocket_launcher;MILAN 2 ATGM launcher
weapons/115mm_MILAN_2_rocket_launcher/short;MILAN 2 ATGM launcher
weapons/152mm_Type_79_launcher_user_cannon;Type 79 ATGM launcher
weapons/152mm_Type_79_launcher_user_cannon/short;Type 79 ATGM launcher
weapons/152mm_type_79_rocket_launcher;Type 79 ATGM launcher
weapons/152mm_type_79_rocket_launcher/short;Type 79 ATGM launcher
weapons/130mm_9M114_launcher_user_cannon;9M114 ATGM launcher
weapons/127mm_bgm_71c_itow_rocket_launcher;M220A2 ATGM launcher
weapons/127mm_bgm_71c_itow_rocket_launcher/short;M220A2 ATGM launcher
weapons/127mm_bgm_71c_itow_rocket_launchr_user_cannon;M220A2 ATGM launcher
weapons/127mm_bgm_71c_itow_rocket_launchr_user_cannon/short;M220A2 ATGM launcher
weapons/75mm_43M_user_cannon;75 mm 43.M cannon
weapons/75mm_41M_user_cannon;75 mm 41.M cannon
weapons/57mm_Bofors_L70_Mk_1_user_cannon;57 mm Bofors L/70 Mk.1 automatic cannon
weapons/7_62mm_PKT_beltfed_user_machinegun;7.62 mm PKT machine gun
weapons/7_62mm_PKT_user_machinegun;7.62 mm PKT machine gun
weapons/7_62mm_PKTM_user_machinegun;7.62 mm PKTM machine gun
weapons/7_62mm_PKMB_user_machinegun;7.62 mm PKMB machine gun
weapons/125mm_9M14_rocket_launcher;9M14 ATGM
weapons/125mm_9M14_rocket_launcher/short;9M14
weapons/125mm_hj_73_rocket_launcher;HJ-73
weapons/125mm_hj_73_rocket_launcher/short;HJ-73 ATGM
weapons/125mm_AFT_07_rocket_launcher;HJ-73E
weapons/125mm_AFT_07_rocket_launcher/short;HJ-73E ATGM
weapons/125mm_2A26_user_cannon;125 mm 2A26 cannon
weapons/125mm_2A46_2_user_cannon;125 mm 2A46M-1 cannon
weapons/125mm_2A46_M5_T_90A_user_cannon;125 mm 2A46M-5 cannon
weapons/125mm_2A46_M5_user_cannon;125 mm 2A46M-5 cannon
weapons/125mm_2A46_M1_user_cannon;125 mm 2A46M-1 cannon
weapons/125mm_2A46_M1_T_80U_user_cannon;125 mm 2A46M-1 cannon
weapons/125mm_2A46_M1_T_80UK_user_cannon;125 mm 2A46M-1 cannon
weapons/125mm_2A46_M1_T_80BVM_user_cannon;125 mm 2A46M-1 cannon
weapons/125mm_2A46MS_user_cannon;125 mm 2A46MS cannon
weapons/125mm_9M113_launcher_user_cannon;9M113 ATGM launcher
weapons/125mm_9M113_launcher_user_cannon/short;9M113 ATGM launcher
weapons/100mm_D50_user_cannon;100 mm D-50 cannon
weapons/152mm_XM150E5_KPz_user_cannon;152 mm XM150E5 gun/launcher
weapons/152mm_XM150E5_user_cannon;152 mm XM150E5 gun/launcher
weapons/106mm_Type_60B_user_cannon;106 mm Recoilless Rifle Type 60 (B)
weapons/106mm_M40A1C_T114_user_cannon;106 mm Recoilless Rifle M40A1C
weapons/73mm_2A28_user_cannon;73 mm 2A28 cannon
weapons/73mm_Type_85_user_cannon;73 mm ZPT85 cannon
weapons/106mm_M40A1C_user_cannon;106 mm Recoilless Rifle M40A1C
weapons/100mm_Type69_user_cannon;100 mm ZPL69 cannon
weapons/100mm_Type69_II_user_cannon;100 mm ZPL69-2 cannon
weapons/130mm_50_b13_1936_naval_user_cannon;130 mm/50 B-13 cannon
weapons/76mm_55_34k_naval_user_cannon;76 mm/55 34-K cannon
weapons/102mm_45_4in_qf_mark16_21_naval_user_cannon;4 inch/45 Mark XVI cannon
weapons/120mm_45_4_7in_mark12_cp19_mount_naval_user_cannon;4.7 inch/45 Mk.XII cannon, CPXIX mounting
weapons/120mm_45_qf_mk12_mount_cp17_single_naval_user_cannon;4.7 inch/45 Mk.XII cannon, СPXVII mounting
weapons/60mm_smoke_mortar_launcher;Smoke grenade launcher
weapons/60mm_smoke_mortar_launcher/short;Smoke
weapons/91mm_germ_smoke_mortar_launcher;Smoke grenade launcher
weapons/91mm_germ_smoke_mortar_launcher/short;Smoke
weapons/91mm_germ_smoke_grenade_launcher;Smoke grenade launcher
weapons/91mm_germ_smoke_grenade_launcher/short;Smoke
weapons/50mm_uk_smoke_mortar_launcher;Smoke grenade launcher
weapons/50mm_uk_smoke_mortar_launcher/short;Smoke
weapons/66mm_germ_smoke_mortar_launcher;Smoke grenade launcher
weapons/66mm_germ_smoke_mortar_launcher/short;Smoke
weapons/66mm_germ_smoke_candle_launcher;Smoke grenade launcher
weapons/66mm_germ_smoke_candle_launcher/short;Smoke
weapons/76mm_nato_smoke_grenade_launcher;76 mm smoke grenade launcher
weapons/76mm_nato_smoke_grenade_launcher/short;Smoke
weapons/76mm_nato_smoke_grenade_launcher_single;76 mm smoke grenade launcher
weapons/76mm_nato_smoke_grenade_launcher_single/short;Smoke
weapons/76mm_nato_smoke_grenade_launcher_ru251;76 mm smoke grenade launcher
weapons/76mm_nato_smoke_grenade_launcher_ru251/short;Smoke
weapons/76mm_modern_smoke_grenade_launcher;76 mm smoke grenade launcher
weapons/76mm_modern_smoke_grenade_launcher/short;smoke
weapons/60mm_modern_smoke_grenade_launcher;60 mm smoke grenade launcher
weapons/60mm_modern_smoke_grenade_launcher/short;Smoke
weapons/66mm_modern_smoke_grenade_launcher;66 mm smoke grenade launcher
weapons/66mm_modern_smoke_grenade_launcher/short;Smoke
weapons/40mm_modern_smoke_grenade_launcher;40 mm smoke grenade launcher
weapons/40mm_modern_smoke_grenade_launcher/short;Smoke
weapons/66mm_type_90_modern_smoke_grenade_launcher;66 mm smoke grenade launcher
weapons/66mm_type_90_modern_smoke_grenade_launcher/short;Smoke
weapons/66mm_uk_smoke_grenade_launcher;66 mm smoke grenade launcher
weapons/66mm_uk_smoke_grenade_launcher/short;Smoke
weapons/66mm_smoke_grenade_launcher_m60a2;76 mm smoke grenade launcher
weapons/66mm_smoke_grenade_launcher_m60a2/short;Smoke
weapons/80mm_galix_smoke_grenade_launcher;80 mm smoke grenade launcher
weapons/80mm_galix_smoke_grenade_launcher/short;Smoke
weapons/t_34_100_smoke_barrel_launcher;BDSh
weapons/t_34_100_smoke_barrel_launcher/short;Smoke
weapons/t_44_100_smoke_barrel_launcher;BDSh
weapons/t_44_100_smoke_barrel_launcher/short;Smoke
weapons/asu_85_smoke_barrel_launcher;BDSh
weapons/asu_85_smoke_barrel_launcher/short;Smoke
weapons/is_3_smoke_barrel_launcher;BDSh
weapons/is_3_smoke_barrel_launcher/short;Smoke
weapons/is_4m_smoke_barrel_launcher;BDSh
weapons/is_4m_smoke_barrel_launcher/short;Smoke
weapons/object_268_smoke_barrel_launcher;BDSh
weapons/object_268_smoke_barrel_launcher/short;Smoke
weapons/su_122_54_smoke_barrel_launcher;BDSh
weapons/su_122_54_smoke_barrel_launcher/short;Smoke
weapons/t_10m_smoke_barrel_launcher;BDSh
weapons/t_10m_smoke_barrel_launcher/short;Smoke
weapons/t54_1947_smoke_barrel_launcher;BDSh
weapons/t54_1947_smoke_barrel_launcher/short;Smoke
weapons/t54_1951_smoke_barrel_launcher;BDSh
weapons/t54_1951_smoke_barrel_launcher/short;Smoke
weapons/type_62_smoke_barrel_launcher;BDSh
weapons/type_62_smoke_barrel_launcher/short;Smoke
weapons/40mm_l60_bofors_mk1_twin_naval_user_cannon;40 mm Bofors L/60 Mark 1 gun
weapons/40mm_l60_bofors_mk2_quad_naval_user_cannon;40 mm Bofors L/60 Mark 2 gun
weapons/40mm_l60_bofors_mk3_single_naval_user_cannon;40 mm Bofors L/60 Mark 3 gun
weapons/40mm_qf_bofors_mk7_single_naval_user_cannon;40 mm QF Mark VII gun
weapons/40mm_qf_bofors_mk5_twin_naval_user_cannon;40 mm QF Mark V gun
weapons/40mm_qf_bofors_staag_mk2_twin_naval_user_cannon;40 mm QF STAAG Mark II gun
weapons/40mm_Mle51_t1_user_cannon;40 mm Mle.51 T1 automatic cannon
weapons/81mm_mk_2_mortar_naval_user_cannon;81 mm Mk 2 mortar
weapons/81mm_mk_2_mortar_naval_user_cannon/short;Mk.2 mortar
weapons/40mm_l70_bofors_mel58_naval_user_cannon;40 mm/70 MEL58 mounting
weapons/114mm_19_4_5in_8cwt_qf_mark1_naval_user_cannon;114 mm/19 8cwt QF Mk I cannon
weapons/37mm_69_flak_m42_naval_user_cannon;3.7 cm FlaK-Lafette C/36 mounting
weapons/37mm_69_flak_lm42_twin_naval_user_cannon;3.7 cm FlaK-Lafette LM/42 mounting
weapons/120mm_Schneider_Canet_1898_user_cannon;120 mm Schneider-Canet 1898 cannon
weapons/70mm_Type94_user_cannon;70 mm Type 94 cannon
weapons/7_7mm_Type_97_user_machinegun;7.7 mm Type 97 machine gun
weapons/6_5mm_Type_91_user_machinegun;6.5 mm Type 91 machine gun
weapons/20mm_type98_user_cannon;20 mm Type 98 automatic cannon
weapons/37mm_type_94_user_cannon;37 mm Type 94 cannon
weapons/37mm_Type1_user_cannon;37 mm Type 1 cannon
weapons/37mm_Type100_user_cannon;37 mm Type 100 cannon
weapons/47mm_Type1_user_cannon;47 mm Type 1 cannon
weapons/57mm_Type90_user_cannon;57 mm Type 90 cannon
weapons/57mm_Type97_user_cannon;57 mm Type 97 cannon
weapons/75mm_Type3_user_cannon;75 mm Type 3 cannon
weapons/75mm_Type4_user_cannon;75 mm Type 5 cannon
weapons/120mm_type_3_user_cannon;120 mm 3d Year Type cannon
weapons/120mm_10th_Year_type_user_cannon;120 mm 10th Year Type cannon
weapons/75mm_Type90_user_cannon;75 mm Type 90 cannon
weapons/75mm_Type99_user_cannon;75 mm Type 99 cannon
weapons/120mm_Navy_Short_Gun_user_cannon;120 mm Navy short gun
weapons/90mm_Type61_user_cannon;90 mm Type 61 cannon
weapons/20mm_Type98_user_cannon;20 mm Type 98 cannon
weapons/150mm_Type_38_user_cannon;150 mm Type 38 howitzer
weapons/76mm_1902_30_user_cannon;76 mm 1902/30 cannon
weapons/85mm_Type_62_85_TC_user_cannon;85 mm ZPL63 cannon
weapons/85mm_Type_63_user_cannon;85 mm ZPL63 cannon
weapons/85mm_Type_56_user_cannon;85 mm Type 56 cannon
weapons/20mm_65_c38_naval_user_cannon;2 cm/65 C/38 automatic cannon
weapons/20mm_65_c38_zwilling_naval_user_cannon;2 cm/65 Flakzwilling 38 automatic cannon
weapons/20mm_65_c30_naval_user_cannon;2 cm/65 C/30 automatic cannon
weapons/15mm_MG151_user_cannon;15 mm MG151/15 machine gun
weapons/15mm_MG151_mid_drilling_user_cannon;15 mm MG 151 automatic cannon
weapons/15mm_MG151_out_drilling_user_cannon;15 mm MG 151 automatic cannon
weapons/15mm_mg151_1936_naval_user_cannon;15 mm MG 151 machine gun
weapons/15mm_mg151_1936_overheating_naval_user_cannon;15 mm MG 151 machine gun
weapons/20mm_oerlikon_mk2_single_naval_user_cannon/short;Oerlikon Mk.II
weapons/37mm_56_an_m4_naval_user_cannon;37 mm AN-M4 cannon
weapons/40mm_56_4cm_flak_28_bofors_naval_user_cannon;4 cm Bofors Flak 28 cannon
weapons/12_7mm_m2_browning_naval_user_machinegun;12.7 mm Browning AN-M2 machine gun
weapons/12_7mm_m2_browning_naval_user_machinegun/short;AN-M2
weapons/12_7mm_M80_user_machinegun;12.7 mm M8C machine gun
weapons/12_7mm_Type_60B_user_machinegun;12.7 mm Type 60 (B) machine gun
weapons/40mm_50_2pdr_rolls_royce_mk14_naval_user_cannon;40 mm 2pdr Rolls Royce semi-automatic cannon
weapons/40mm_39_2pdr_qf_mk2c_naval_user_cannon;40 mm 2pdr QF Mk.IIc automatic cannon
weapons/12_7mm_vickers_mk5_naval_user_machinegun;12.7 mm Vickers Mk.V machine gun
weapons/20mm_oerlikon_mk5_twin_mount_naval_user_cannon;20 mm/70 Oerlikon Mark V autocannon
weapons/20mm_oerlikon_mk24_twin_mount_naval_user_cannon;20 mm/70 Oerlikon Mark 24 autocannon
weapons/depth_charge_jp_type95;Type 95 depth charge
weapons/depth_charge_jp_type95/short;Type 95
weapons/depth_charge_jp_type3;Type 3 depth charge
weapons/depth_charge_jp_type3/short;Type 3
weapons/depth_charge_jp_type2;Type 2 depth charge
weapons/depth_charge_jp_type2/short;Type 2
weapons/25mm_60_type96_naval_user_cannon;25 mm/60 Type 96 automatic cannon
weapons/76mm_40_f34_naval_user_cannon;76 mm/40 F-34 cannon
weapons/depth_charge_mk_vii;Mk.VII depth charge
weapons/depth_charge_mk_vii/short;Mk.VII
weapons/depth_charge_mk_vii_mortar;Y-gun Mk.VII depth charge
weapons/depth_charge_mk_vii_mortar/short;Mk.VII
weapons/depth_charge_mk_6;Mk.6 depth charge
weapons/depth_charge_mk_6/short;Mk.6
weapons/20mm_oerlikon_mk2_single_naval_user_cannon;20 mm/70 Oerlikon Mk.II autocannon
weapons/depth_charge_de_wbd;WBD depth charge
weapons/depth_charge_de_wbd/short;WBD
weapons/45mm_46_21k_naval_user_cannon;45 mm/46 21-K cannon
weapons/45mm_68_21km_naval_user_cannon;45 mm/68 21-KM cannon
weapons/37mm_67_70k_single_naval_user_cannon;37 mm/67 70-K automatic cannon
weapons/12_7mm_dshk_1938_naval_user_machinegun;12.7 mm DShK machine gun
weapons/105mm_JSW_user_cannon;105 mm JSW cannon
weapons/105mm_L7A3_Type74_user_cannon;105 mm L7A3 cannon
weapons/105mm_L7A3_Type74kai_user_cannon;105 mm L7A3 cannon
weapons/120mm_L30A1_user_cannon;120 mm L30A1 cannon
weapons/183mm_QF_L4_user_cannon;183 mm QF L4A1 cannon
weapons/90mm_BK90_Ru251_user_cannon;90 mm BK90 cannon
weapons/75mm_M2_howitzer_user_cannon;75 mm M2 howitzer
weapons/155mm_M185_user_cannon;155 mm M185 cannon
weapons/155mm_m126_user_cannon;155 mm M126 cannon
weapons/155mm_T7_user_cannon;155 mm T7 cannon
weapons/120mm_T53_user_cannon;120 mm T53 cannon
weapons/106mm_M40_RR_user_cannon;106 mm recoilless rifle M40
weapons/105mm_L7A3_STB_user_cannon;105 mm L7A3 cannon
weapons/37mm_Type1_Chi_Ri_user_cannon;37 mm Type 1 cannon
weapons/75mm_Type5_user_cannon;75 mm Type 5 cannon
weapons/85mm_D58_user_cannon;85 mm D-58 cannon
weapons/88mm_45_skc_35_naval_user_cannon;8.8 cm/45 S.K.C/35 cannon
weapons/7_62mm_Type74_user_machinegun;7.62 mm Type 74 machine gun
weapons/7_62mm_M37_user_machinegun;7.62 mm M37 machine gun
weapons/depth_charge_ussr_pr_183;BB-1 depth charge
weapons/depth_charge_ussr_pr_183/short;BB-1
weapons/85mm_52_90k_naval_user_cannon;85 mm/52 90-K cannon
weapons/25mm_79_2m3_naval_user_cannon;25 mm 2M-3 mounting
weapons/76mm_3K_user_cannon;76 mm 3-K cannon
weapons/76mm_3inch_howitzer_MkI_tog_user_cannon;76 mm OQF 3-inch Howitzer Mk I
weapons/76mm_3inch_howitzer_MkI_user_cannon;76 mm OQF 3-inch Howitzer Mk I
weapons/152mm_M64_user_cannon;152 mm М-64 cannon
weapons/152mm_M69_user_cannon;152 mm М-69 cannon
weapons/132mm_M13_rocket_launcher;132 mm M13 rocket
weapons/132mm_M13_rocket_launcher/short;M-13
weapons/132mm_m13_m1_naval_rocket_launcher;132 mm M13 rocket
weapons/132mm_m13_m1_naval_rocket_launcher/short;M-13
weapons/300mm_M31_rocket_launcher;300 mm M-31 rocket
weapons/300mm_M31_rocket_launcher/short;M-31
weapons/100mm_D10T2S_user_cannon;100 mm D-10T2S cannon
weapons/100mm_D10T2S_fin_user_cannon;100 mm D-10T2S cannon
weapons/100mm_2A70_user_cannon;100 mm 2A70 cannon
weapons/100mm_2A70_BMD_user_cannon;100 mm 2A70 cannon
weapons/30mm_2A72_BMD_user_cannon;30 mm 2A72 automatic cannon
weapons/20mm_MG151_20_user_cannon;20 mm MG151/20 cannon
weapons/105mm_ZPL98A_user_cannon;105 mm ZPL98A cannon
weapons/20mm_GAI_CO1_user_cannon;20 mm GAI C01 automatic cannon
weapons/20mm_Rh_202_Wiesel_user_cannon;20 mm MK 20 DM 6 automatic cannon
weapons/20mm_Rh_202_Marder_user_cannon;20 mm Rh202 automatic cannon
weapons/20mm_Rh_202_user_cannon;20 mm Rh202 automatic cannon
weapons/40mm_37_42M_user_cannon;40 mm 37/42M cannon
weapons/50mm_KwK39_1_user_cannon;50 mm KwK.39/1 cannon
weapons/90mm_T208E9_user_cannon;90 mm T208E9 cannon
weapons/105mm_Exp_HV_user_cannon;105 mm Experimental High Velocity cannon
weapons/178mm_Hedgehog_user_cannon;Hedgehog
weapons/40mm_QF_2pdr_Churchill_user_cannon;40 mm QF 2-pounder Mk.IX cannon
weapons/152mm_M162_user_cannon;152 mm M162 gun/launcher
weapons/127mm_38_mk12_naval_user_cannon;5 inch/38 Mark 12 Dual Purpose gun
weapons/127mm_38_mk12_mod14_aa_naval_user_cannon;5 inch/38 Mark 12 Dual Purpose gun
weapons/127mm_5_38_mk12_turret_mk21_single_naval_user_cannon;5 inch/38 Mark 21 Dual Purpose mount
weapons/127mm_5_38_mk12_turret_mk30_single_naval_user_cannon;5 inch/38 Mark 30 Dual Purpose mount
weapons/127mm_5_38_mk12_turret_mk38_twin_naval_user_cannon;5 inch/38 Mark 38 Dual Purpose mount
weapons/depth_charge_mk_6_mortar;Mk.6 mortar depth charge
weapons/depth_charge_mk_6_mortar/short;Mk.6
weapons/127mm_5_50_type_3_naval_user_cannon;127 mm/50 3rd Year Type cannon
weapons/127mm_45_skc_34_naval_user_cannon;12.8 cm/45 SK C/34 naval gun
weapons/127mm_45_skc_34_naval_user_cannon/short;12.8 cm/45 SK C/34
weapons/170mm_BAe_Swingfire_launcher_user_cannon;BAe Swingfire ATGM
weapons/7_62mm_L37A2_user_machinegun;7.62 mm L37A2 machine gun
weapons/7_62mm_L37A1_user_machinegun;7.62 mm L37A1 machine gun
weapons/158mm_NB_Wf_41_gun_rocket_launcher;150 mm Wgr.41 Spr rocket
weapons/75mm_Lightweight_Type1_model_II_user_cannon;75 mm Experimental Type 5 Anti-Tank Gun Model II
weapons/75mm_Type_II_Model_I_user_cannon;75 mm Prototype Type 5 Tank Gun Model I
weapons/75mm_Type_II_model_II_user_cannon;75 mm Type 5 Tank Gun Model II
weapons/105mm_Type5_user_cannon;105 mm Type 5 cannon
weapons/7_92mm_mg34_1934_naval_user_machinegun;7.92 mm MG34 machine gun
weapons/depth_charge_de_emc;EMC depth charge
weapons/depth_charge_de_emc/short;EMC
weapons/15mm_mg_m38t_naval_user_machinegun;15 mm MG M38(t) machine gun
weapons/bomb_us_t37;7.2 in T37 bomb
weapons/bomb_us_t37/short;7.2in T37
weapons/depth_charge_ussr_bm1;BM-1 small depth charge
weapons/depth_charge_ussr_bm1/short;BM-1
weapons/depth_charge_ussr_bb1_mortar;BB-1 large depth charge
weapons/depth_charge_ussr_bb1_mortar/short;BB-1
weapons/100mm_Type59_user_cannon;100 mm ZPL59 cannon
weapons/8mm_Breda_Mod38_user_machinegun;8 mm Breda Mod. 38 machine gun
weapons/47mm_qf3pdr_hotchkiss_naval_user_cannon;3 pdr QF Hotchkiss cannon
weapons/102mm_45_4in_qf_mark5_naval_user_cannon;4 in/45 QF Mark V cannon
weapons/102mm_45_4in_qf_mark5_aa_naval_user_cannon;4 in/45 QF Mark V cannon
weapons/depth_charge_jp_type95_mortar;Type 95 depth charge
weapons/depth_charge_jp_type95_mortar/short;Type 95
weapons/14_5mm_kpv_naval_user_machinegun;14.5 mm KPV machine gun
weapons/100mm_65_type_98_naval_user_cannon;100/65 mm Type 98 mod A cannon
weapons/105mm_45_skc_32_naval_user_cannon;10.5 cm/45 SK C/32 cannon
weapons/40mm_39_vickers_terni_mod1915_1917_naval_user_cannon;40 mm/39 Vickers-Terni mod.1915/1917 autocannon
weapons/40mm_39_vickers_terni_mod15_17_modif1930_naval_user_cannon;40 mm/39 Vickers-Terni mod.1915/1917, Modif.1930 autocannon
weapons/40mm_39_vickers_terni_mod15_17_naval_user_cannon;40 mm/39 Vickers-Terni mod.1915/1917 autocannon
weapons/40mm_39_vickers_terni_naval_user_cannon;40 mm/39 Vickers-Terni mod.1915/1917 autocannon
weapons/100mm_47_1928_naval_user_cannon;100 mm/47 O.T.O. Mod. 1928 cannon
weapons/152mm_6inch_45_bl_mk12_naval_user_cannon;6 inch/45 BL Mark XII cannon
weapons/152mm_6inch_50_bl_mk23_naval_user_cannon;6 inch/50 BL Mark XXIII cannon
weapons/152mm_53_mod_45_1926_naval_user_cannon;152/53 mm Ansaldo mod.1926 cannon
weapons/152mm_53_mod_45_1929_naval_user_cannon;152/53 mm O.T.O. Mod.1929 cannon
weapons/120mm_l_45_mark_8_naval_user_cannon;120 mm/45 L45 cannon
weapons/depth_charge_de_wbg_mortar;WBG depth charge
weapons/depth_charge_de_wbg_mortar/short;WBG
weapons/150mm_l_48_c_36_naval_user_cannon;15 cm/48 KC/36 cannon
weapons/150mm_60_skc_25_naval_user_cannon;15 cm/60 SK C/25 cannon
weapons/152mm_6inch_53_mk_12_naval_user_cannon;6 inch/53 Mk.12 cannon
weapons/152mm_6inch_47_mk_16_naval_user_cannon;6 inch/47 Mk.16 cannon
weapons/28mm_75_mk_1_chicago_piano_naval_user_cannon;1.1 inch/75 Mk.1 automatic gun
weapons/28mm_75_mk_1_chicago_piano_naval_user_cannon/short;1.1 inch/75 Mk.1
weapons/102mm_50_4inch_mk9_naval_user_cannon;4 inch/50 Mk.9 cannon
weapons/76mm_3_23_mk4_naval_user_cannon;3 inch/23 Mk.4 cannon
weapons/105mm_l_65_naval_user_cannon;10.5 cm/65 SK C/33 cannon
weapons/150mm_l_55_naval_user_cannon;15 cm/65 SK C/28 cannon
weapons/380mm_52_skc_34_naval_user_cannon;38 cm/52 SK C/34 cannon
weapons/germ_380mm_skc34;38 cm SK C/34 naval cannon
weapons/30mm_ak_230_naval_user_cannon;30 mm AK-230 automatic cannon
weapons/30mm_ak_230_naval_user_cannon/short;AK-230
weapons/cannonBrowning-Colt_Mk12_Mod3;20 mm Browning-Colt Mk12 Mod 3 cannon
weapons/cannonBrowning-Colt_Mk12_Mod0;20 mm Browning-Colt Mk12 Mod 0 cannon
weapons/cannonGSh_23;23 mm GSh-23-2 cannon
weapons/152mm_football_user_cannon_orange;Football cannon
weapons/152mm_football_user_cannon_orange_jump;Football cannon
weapons/152mm_football_user_cannon;Football cannon
weapons/152mm_football_user_cannon_jump;Football cannon
weapons/152mm_football_user_cannon_without_effect;Secret football cannon
weapons/57mm_ak_725_naval_user_cannon;57 mm AK-725 automatized artillery system
weapons/57mm_ak_725_naval_user_cannon/short;AK-725
weapons/30mm_bp_30_mortar_naval_user_cannon;"30 mm automatic grenade launcher BP ""Plamya"""
weapons/bomb_ussr_rbm;RBM mortar
weapons/bomb_ussr_rbm/short;RBM
weapons/76mm_ak_726_naval_user_cannon;76 mm/59 AK-726 automatized artillery system
weapons/76mm_ak_726_naval_user_cannon/short;AK-726
weapons/bomb_ussr_rgb25;RBU-2500 mortar
weapons/bomb_ussr_rgb25/short;RBU-2500
weapons/180mm_60_b1k_naval_user_cannon;180 mm/60 B-1-K naval gun
weapons/180mm_60_b1k_naval_user_cannon/short;B-1-K
weapons/180mm_57_b1p_naval_user_cannon;180 mm/57 B-1-P naval gun
weapons/180mm_57_b1p_naval_user_cannon/short;B-1-P
weapons/100mm_56_b34_1940_naval_user_cannon;100 mm/56 B-34 universal naval cannon, pattern 1940
weapons/100mm_56_b34_1940_naval_user_cannon/short;B-34
weapons/100mm_50_minizini_naval_user_cannon;100 mm/50 Minizini naval gun
weapons/102mm_60_1911_naval_user_cannon;102 mm/60 Pattern 1911 naval gun
weapons/102mm_60_1911_naval_user_cannon/short;102 mm Pattern 1911
weapons/76mm_1914_lender_naval_user_cannon;76 mm Lender AA gun, pattern 1914/15
weapons/76mm_1914_lender_naval_user_cannon/short;76 mm Lender gun
weapons/7_7mm_lewis_amg_1916_naval_user_machinegun;7.72 mm Lewis machine gun, pattern 1916
weapons/102mm_45_4in_bl_mark9_10_naval_user_cannon;102 mm/45 BL Mark IX cannon
weapons/40mm_39_2pdr_qf_mk8_pom_pom_naval_user_cannon;40 mm 2pdr QF Mk.VIII automatic cannon
weapons/114mm_45_qf_mk4_naval_user_cannon;4.5 inch/45 QF Mark IV cannon
weapons/114mm_45_qf_mk5_naval_user_cannon;4.5 inch/45 QF Mark V cannon
weapons/114mm_45_qf_mk1_aa_naval_user_cannon;4.5 inch/45 QF Mark I cannon
weapons/102mm_33_4in_qf_mk23_naval_user_cannon;4 inch/33 QF Mk.XXIII naval cannon
weapons/bomb_uk_mk4;Mk.4 depth charge
weapons/bomb_uk_mk4/short;Mk.4 DC
weapons/20mm_mg151_20_1938_naval_user_cannon;20 mm MG 151/20 cannon
weapons/20mm_shvak_naval_user_cannon;20 mm ShVAK cannon
weapons/bomb_uk_hedgehog;Mk.10 ''Hedgehog'' mortar
weapons/bomb_uk_hedgehog/short;Mk.10
weapons/bomb_ussr_mbu600;MBU-600 mortar
weapons/bomb_ussr_mbu600/short;MBU-600 mortar
weapons/rocket_m14_launcher;140 mm BM-14-17 rocket launcher
weapons/rocket_m14_launcher/short;BM-14-17
weapons/82mm_M8_naval_rocket_launcher;82 mm M-8 rocket
weapons/82mm_M8_naval_rocket_launcher/short;M-8 rocket
weapons/110mm_M8_naval_rocket_launcher;114 mm M8 rocket
weapons/110mm_M8_naval_rocket_launcher/short;M8 rocket
weapons/127mm_25_5inch_mk13_naval_user_cannon;5 inch/25 Mk.13 AA cannon
weapons/130mm_55_obr1913_naval_user_cannon;130 mm/55 pattern 1913 cannon
weapons/76mm_55_39k_naval_user_cannon;76 mm/55 39-K cannon
weapons/88mm_76_skc_32_naval_user_cannon;8.8 cm/76 SK C/32 anti-air cannon
weapons/133mm_5_25inch_50_qf_mk1_naval_user_cannon;5.25 inch/50 QF Mark I cannon
weapons/bomb_ussr_rgb60;RBU-6000 mortar
weapons/bomb_ussr_rgb60/short;RBU-6000
weapons/7_7mm_80_type_92_naval_user_machinegun;7.7 mm Type 92 machine gun
weapons/7_7mm_type_89_naval_user_machinegun;7.7 mm Type 89 machine gun
weapons/37mm_type_94_naval_user_cannon;37 mm Type 94 cannon
weapons/37mm_type_4_naval_user_cannon;37 mm Type 4 naval cannon
weapons/20mm_type_98_naval_user_cannon;20 mm Type 98 autocannon
weapons/6_5mm_type_38_1907_naval_user_machinegun;6.5 mm Type 38 pattern 1907 machine gun
weapons/37mm_type_11_naval_user_cannon;37 mm Type 11 pattern 1922 cannon
weapons/57mm_type_97_1937_naval_user_cannon;57 mm Type 97 pattern 1937 tank cannon
weapons/20mm_type_98_twin_type4_naval_user_cannon;20 mm Type 98 autocannon at Type 4 mount
weapons/152mm_6inch_50_qf_mk_5_naval_user_cannon;6 inch/50 QF Mark N5 cannon
weapons/76mm_70_mark_6_naval_user_cannon;3 inch/70 Mark 6 cannon
weapons/75mm_type_88_aa_naval_user_cannon;75 mm Type 88 AA cannon
weapons/40mm_62_hi_type91_naval_user_cannon;40 mm/62 Vickers autocannon
weapons/120mm_45_type_3_naval_user_cannon;120 mm/45 3rd Year Type cannon
weapons/20mm_jm61_rfs_vulcan_naval_user_cannon;20 mm rotary cannon JM61
weapons/20mm_jm61_rfs_vulcan_naval_user_cannon/short;20 mm JM61
weapons/20mm_jm61_m_vulcan_naval_user_cannon;20 mm rotary cannon JM61
weapons/20mm_jm61_m_vulcan_naval_user_cannon/short;20 mm JM61
weapons/140mm_50_3rd_year_type_14_naval_user_cannon;140 mm/50 3rd Year Type cannon
weapons/80mm_40_3rd_year_type_naval_user_cannon;8 cm/40 3rd Year Type cannon
weapons/200mm_50_3rd_year_type_no1_naval_user_cannon;20 cm/50 3rd year type No.1 cannon
weapons/203mm_50_3rd_year_type_no2_naval_user_cannon;20 cm/50 3rd year type No.2 cannon
weapons/120mm_45_10th_year_type_naval_user_cannon;120 mm/45 10th year type cannon
weapons/152mm_50_type_41_naval_user_cannon;15 cm/50 Type 41 cannon
weapons/80mm_60_type_98_naval_user_cannon;8 cm/60 Type 98 cannon
weapons/13_2mm_76_type93_naval_user_machinegun;13.2 mm Type 93 machine gun
weapons/76mm_50cal_mk33_twin_naval_user_cannon;3 inch/50 Mk.33 cannon
weapons/76mm_50_eu_mk33_twin_naval_user_cannon;76 mm/50 Mk.33 cannon
weapons/203mm_60_skc_34_naval_user_cannon;20.3 cm/60 SK C/34 cannon
weapons/105mm_60_sk_c33_naval_user_cannon;10.5 cm/60 SK C/33 AA cannon
weapons/105mm_60_sk_c33_df_naval_user_cannon;10.5 cm/60 SK C/33 AA cannon
weapons/102mm_45_4in_qf_mark15_naval_user_cannon;4 inch/45 Mark XVI cannon
weapons/152mm_57_b38_naval_user_cannon;152 mm/57 B-38 cannon
weapons/100mm_70_sm_5_1_naval_user_cannon;100 mm/70 SM-5-1 cannon
weapons/37mm_67_70k_twin_v11_naval_user_cannon;37 mm/67 twin automatic V-11 cannon
weapons/127mm_5_40_type_89_naval_user_cannon;5 inch/40 Type 89 cannon
weapons/82mm_bm_37_mortar_naval_user_cannon;82 mm BM-37 mortar
weapons/bomb_ussr_82mm_o_832;82 mm BM-37 mortar
weapons/bomb_ussr_82mm_o_832/short;82 mm BM-37
weapons/203mm_55_8inch_mk14_naval_user_cannon;8 inch/55 Mark 14 cannon
weapons/6_5mm_type_3_naval_user_machinegun;6.5 mm Maxim machine gun
weapons/190mm_7_5inch_45_bl_mk6_naval_user_cannon;7.5 inch/45 BL Mk.VI cannon
weapons/127mm_38_mk12_turret_mk21_single_naval_user_cannon;5 inch/38 Mk.12 cannon, mount Mk.21
weapons/127mm_38_mk12_turret_mk22_twin_naval_user_cannon;5 inch/38 Mk.12 cannon, mount Mk.22
weapons/127mm_38_mk12_turret_mk30_single_naval_user_cannon;5 inch/38 Mk.12 cannon, mount Mk.30
weapons/127mm_38_eu_mk12_turret_mk30_single_naval_user_cannon;127 mm/38 Mk.12 cannon, mount Mk.30
weapons/127mm_38_mk12_turret_mk38_twin_naval_user_cannon;5 inch/38 Mk.12 cannon, mount Mk.38
weapons/127mm_38_mk12_turret_mk28_twin_naval_user_cannon;5 inch/38 Mk.12 cannon, mount Mk.28
weapons/283mm_52_skc_28_naval_user_cannon;283 mm/52 SK C/28 cannon
weapons/150mm_55_skc_28_naval_user_cannon;15 cm/55 SK C/28 cannon
weapons/320mm_mk108_weapon_alfa_rocket_launcher;320 mm Mark 108 Weapon alfa antisubmarine rocket launcher
weapons/320mm_mk108_weapon_alfa_rocket_launcher/short;320 mm Mk. 108
weapons/155mm_60_type_3_naval_user_cannon;155 mm/60 3rd Year Type cannon
weapons/203mm_50_8inch_mk8_naval_user_cannon;8 inch/50 Mark VIII cannon
weapons/45mm_89_sm_20_zif_naval_user_cannon;45 mm/89 SM-20-ZIF automatic cannon
weapons/130mm_58_sm_2_1_naval_user_cannon;130 mm/58 SM-2-1 cannon
weapons/100mm_55_mle_1953_naval_user_cannon;100 mm/55 MLE model 53 cannon
weapons/bomb_de_375mm_erika;375 mm M/50 Bofors anti submarine rocket launcher
weapons/bomb_de_375mm_erika/short;M/50 Bofors
weapons/120mm_45_type_10_naval_user_cannon;120 mm/45 Type 10 cannon
weapons/6_5mm_fiat_mod26_naval_user_machinegun;6.5 mm Fiat Model 26 machine gun
weapons/13_2mm_76_breda_mod31_naval_user_machinegun;13.2 mm Breda Model 31 machine gun
weapons/203mm_50_ansaldo_mod1924_naval_user_cannon;203 mm/50 Ansaldo mod.1924 cannon
weapons/203mm_50_ansaldo_mod1927_naval_user_cannon;203 mm/53 Ansaldo mod.1927 cannon
weapons/37mm_54_breda_mod1938_mod32_watercool_twin_naval_user_cannon;37 mm/54 Breda Mod.32 autocannon
weapons/37mm_54_breda_mod1938_mod38_aircool_twin_naval_user_cannon;37 mm/54 Breda Mod.38 autocannon
weapons/37mm_54_breda_mod1938_mod39_aircool_single_naval_user_cannon;37 mm/54 Breda Mod.39 autocannon
weapons/40mm_l70_bofors_oto_breda_naval_user_cannon;40 mm/70 Breda-Bofors type 107 autocannon
weapons/rocket_nettuno_mk1_naval_rocket_launcher;8.1 inch Nettuno anti-ship missile launcher
weapons/rocket_nettuno_mk1_naval_rocket_launcher/short;Nettuno
weapons/120mm_45_oto_1926_naval_user_cannon;120 mm/45 O.T.O. Mod. 1926 cannon
weapons/20mm_70_isotta_fraschini_mod1939_naval_user_cannon;20 mm/70 Scotti-Isotta Fraschini mod.1939 autocannon
weapons/135mm_45_oto_mod1938_naval_user_cannon;135 mm/45 O.T.O. Mod. 1937 cannon
weapons/6_5mm_breda_mod30_naval_user_machinegun;6.5 mm Breda Mod.30 machine gun
weapons/20mm_oerlikon_3s_single_naval_user_cannon;20 mm/70 Oerlikon 3S autocannon
weapons/germ_mine_emc;EMC moored contact mine
weapons/germ_mine_emc/short;EMC
weapons/germ_mine_emd;EMD moored contact mine
weapons/germ_mine_emd/short;EMD
weapons/germ_mine_emf;EMF moored magnetic mine
weapons/germ_mine_emf/short;EMF
weapons/it_mine_elia145_1925;Vickers-Elia 145/1925 moored magnetic mine
weapons/it_mine_elia145_1925/short;VE 145
weapons/it_mine_bollo_p125_1932;Bollo P.125/1932 moored contact mine
weapons/it_mine_bollo_p125_1932/short;P.125
weapons/it_mine_bollo_p200_p5;Bollo P.200/1936 moored contact mine
weapons/it_mine_bollo_p200_p5/short;P.200
weapons/jp_mine_mk6_mod1;Mk.6 mod1 moored contact mine
weapons/jp_mine_mk6_mod1/short;Mk.6
weapons/jp_mine_type88_mod1;Type 88 mod1 moored contact mine
weapons/jp_mine_type88_mod1/short;Type 88
weapons/jp_mine_type93_mod1;Type 93 mod1 moored contact mine
weapons/jp_mine_type93_mod1/short;Type 93
weapons/ussr_mine_1908_1939_115;Pattern 1908/39 moored contact mine
weapons/ussr_mine_1908_1939_115/short;Pat. 1908/39
weapons/ussr_mine_1912_100;Pattern 1912 moored contact mine
weapons/ussr_mine_1912_100/short;Pat. 1912
weapons/ussr_mine_amd_1000;AMD-1000 aircraft laid magnetic ground mine
weapons/ussr_mine_amd_1000/short;AMD-1000
weapons/ussr_mine_kb1_1931;KB-1 pattern 1931 moored contact mine
weapons/ussr_mine_kb1_1931/short;KB-1
weapons/ussr_mine_kb3_1940;KB-3 pattern 1940 moored contact mine
weapons/ussr_mine_kb3_1940/short;KB-3
weapons/ussr_mine_kmd2_500;KMD-2-500 magnetic ground mine
weapons/ussr_mine_kmd2_500/short;KMD-2-500
weapons/ussr_mine_kmd2_1000;KMD-2-1000 magnetic ground mine
weapons/ussr_mine_kmd2_1000/short;KMD-2-1000
weapons/ussr_mine_m26;M-26 moored contact mine
weapons/ussr_mine_m26/short;M-26
weapons/ussr_mine_r1;R-1 moored contact mine
weapons/ussr_mine_r1/short;R-1
weapons/ussr_mine_yam43;YAM-43 small moored contact coastal mine
weapons/ussr_mine_yam43/short;YAM-43
weapons/ussr_mine_mirab;MIRAB magnetic ground mine
weapons/ussr_mine_mirab/short;MIRAB
weapons/uk_mine_type_a_mk1;1500 lbs Type A Mark I aircraft laid magnetic mine
weapons/uk_mine_type_a_mk1/short;Type A Mk I
weapons/uk_mine_type_m_mk1;1123/1323 lbs Type M Mark I moored contact mine
weapons/uk_mine_type_m_mk1/short;Type M Mk I
weapons/uk_mine_type_m_mk2;1760 lbs Type M Mark II magnetic ground mine
weapons/uk_mine_type_m_mk2/short;Type M Mk II
weapons/12_7mm_63_breda_safat_naval_user_machinegun;12.7 mm Breda-SAFAT heavy machine gun
weapons/cannon_type23_2k;23 mm 23-2K cannon
weapons/305mm_52_obr1907_naval_user_cannon;12-inch/52 pattern 1907 cannon
weapons/76mm_50_canet_obr1892_naval_user_cannon;75 mm/50 Canet patt.1892 cannon
weapons/120mm_50_obr1905_naval_user_cannon;120 mm/50 pattern 1905 cannon
weapons/76mm_45_3in_20cwt_qf_mk1_naval_user_cannon;76 mm/45 QF 3in 20cwt HA Mark I cannon
weapons/305mm_45_12inch_mark10_naval_user_cannon;305 mm/45 Mark X cannon
weapons/305mm_50_12inch_mk7_naval_user_cannon;12 inch/50 Mk.7 cannon
weapons/76mm_50_3inch_12pdr_18cwt_qf_mk1_naval_user_cannon;76 mm/50 12pdr 18cwt QF Mark I cannon
weapons/127mm_54_mk42_naval_user_cannon;5 inch/54 Mk.42 cannon
weapons/283mm_45_skl_45_naval_user_cannon;283 mm/45 SK L/45 cannon
weapons/150mm_45_skl_45_naval_user_cannon;150 mm/45 SK L/45 cannon
weapons/88mm_45_skl_45_mpl_c06_naval_user_cannon;88 mm/45 SK L/45 cannon
weapons/88mm_45_skl_45_mpl_c13_ha_naval_user_cannon;88 mm/45 SK L/45 AA-cannon
weapons/7_92mm_mg08_1908_naval_user_machinegun;7.92 mm MG08 pattern 1908 machine gun
weapons/305mm_45_12inch_mk5_naval_user_cannon;12-inch/45 Mk.5 cannon
weapons/76mm_3_50_mk10_ww1_mk11_mount_naval_user_cannon;3-inch/50 Mk.10 cannon
weapons/127mm_50_mk5_naval_user_cannon;5-inch/50 Mk.5 cannon
weapons/305mm_50_41st_year_type_naval_user_cannon;12-inch/50 Vickers cannon
weapons/305mm_45_41st_year_type_naval_user_cannon;12-inch/45 Vickers cannon
weapons/152mm_45_41st_year_type_naval_user_cannon;6-inch/45 Type 41 cannon
weapons/120mm_45_3rd_year_type_ww1_naval_user_cannon;4,7-inch/40 Armstrong cannon
weapons/76mm_40_41st_year_type_naval_user_cannon;3-inch/40 Type 41 cannon
weapons/100mm_70_ak100_naval_user_cannon;100 mm/70 AK-100 cannon
weapons/30mm_54_ak630_naval_user_cannon;30 mm/54 AK-630 automatic cannon
weapons/305mm_50_skl_50_naval_user_cannon;305 mm/50 SK L/50 cannon
weapons/305mm_50_12inch_mark11_naval_user_cannon;12 inch/50 Mark XI cannon
weapons/102mm_50_4inch_bl_mk7_naval_user_cannon;4 inch/50 BL Mark VII cannon
weapons/203mm_55_8inch_mk12_naval_user_cannon;8 inch/55 Mark 12 cannon
weapons/102mm_40_4in_qf_mark3_naval_user_cannon;4 inch/40 QF mark III cannon
weapons/76mm_60_ak_126_naval_user_cannon;76 mm/60 AK-176M automatic cannon
weapons/bomb_ussr_rgb12;RBU-1200 mortar
weapons/bomb_ussr_rgb12/short;RGB-12
weapons/356mm_45_41st_year_type_naval_user_cannon;36 cm/45 Type 41 cannon
weapons/127mm_38_mk12_turret_mk32_twin_naval_user_cannon;5 inch/38 Mk.12 cannon, mount Mk.32
weapons/bomb_uk_limbo;Limbo mortar
weapons/bomb_uk_limbo/short;Limbo
weapons/65mm_64_ansaldo_terni_mod_1939_naval_user_cannon;65 mm/64 Ansaldo-Terni Mod.1939 cannon
weapons/7_62mm_maxim_naval_user_machinegun;7.62 mm Maxim machine gun
weapons/30mm_SAW_user_cannon;30 mm SAW automatic cannon
weapons/15mm_SAW_user_machinegun;15 mm SAW machine gun
weapons/27mm_CoAW_user_cannon;27 mm CoAW automatic cannon
weapons/60mm_aa_user_cannon;60 mm ADW automatic cannon
weapons/140mm_utc_l55_user_cannon;140 mm ATW cannon
weapons/130mm_ASuW_launcher_user_cannon;130 mm ASuW launcher
weapons/85mm_52_92k_naval_user_cannon;85 mm/52 92-K cannon
weapons/13_2mm_hotchkiss_naval_user_machinegun;13.2 mm Hotchkiss machine gun
weapons/305mm_46_armstrong_mod_1909_naval_user_cannon;305 mm/46 Armstrong cannon, model 1909
weapons/120mm_50_armstrong_1909_naval_user_cannon;120 mm/50 Armstrong cannon, model 1909
weapons/76mm_40_armstrong_mod_1897_1910_naval_user_cannon;76 mm/40 Armstrong cannon, mod.1897/1910
weapons/76mm_40_armstrong_mod_1897_1912_naval_user_cannon;76 mm/40 Armstrong cannon, mod.1897/1912
weapons/127mm_51_mk7_naval_user_cannon;5 inch/51 Mk.7 cannon
weapons/7_62mm_fn_mag_naval_user_machinegun;7.62 mm FN MAG machine gun
weapons/305mm_52_obr1907_1941_naval_user_cannon;12-inch/52 pattern 1907 cannon
weapons/20mm_65_rh_202_naval_user_cannon;20 mm/65 Rh 202 automatic cannon
weapons/7_62mm_mg3_naval_user_machinegun;7.62 MG-3 machine gun
weapons/203mm_55_8inch_mk9_naval_user_cannon;8 inch/55 Mark 9 cannon
weapons/57mm_50_6pdr_7cwt_mk5_naval_user_cannon;57 mm 6pdr QF Mk.V cannon
weapons/bomb_uk_107mm_17;Ordnance ML 4.2-inch mortar
weapons/bomb_uk_107mm_17/short;mortar
weapons/100mm_47_1937_naval_user_cannon;100 mm/47 O.T.O. Mod. 1937 cannon
weapons/120mm_45_canet_schneider_armstrong_1918_naval_user_cannon;120 mm/45 Canet-Schneider-Armstrong cannon mod.1918-19
weapons/127mm_54_mk18_turret_mk42_single_naval_user_cannon;127 mm/54 Mark 18 cannon
weapons/343mm_45_mk5h_naval_user_cannon;13.5 inch/45 Mark 5(H) cannon
weapons/152mm_6inch_45_bl_mk7_naval_user_cannon;6 inch/45 BL Mark VII cannon
weapons/76mm_40_ansaldo_mod_1917_naval_user_cannon;76 mm/40 Ansaldo cannon, mod.1917
weapons/283mm_54_5_skc_34_naval_user_cannon;283 mm/54,5 SK C/34 cannon
weapons/37mm_57_flak_36_naval_user_cannon;37 mm FlaK.36 cannon
weapons/88mm_56_flak18_naval_user_cannon;88 mm/56 FlaK.18 cannon
weapons/37mm_57_flak_43_naval_user_cannon;37 mm FlaK.43 cannon
weapons/76mm_70_mark_37_naval_user_cannon;3-inch/70 Mk.37 cannon
weapons/45mm_89_sm_21_zif_naval_user_cannon;45 mm/89 SM-21-ZIF automatic cannon
weapons/76mm_62_smp_3_naval_user_cannon;76 mm/62 SMP 3 gun
weapons/40mm_l70_bofors_early_breda_naval_user_cannon;40 mm L70 Bofors-Breda gun
weapons/356mm_45_14inch_mk8_naval_user_cannon;14 inch/45 Mk.8 cannon
weapons/356mm_45_14inch_mk12_naval_user_cannon;14 inch/45 Mk.12 cannon
weapons/127mm_25_5inch_mk11_naval_user_cannon;5 inch/25 Mk.11 cannon
weapons/380mm_45_skl_45_naval_user_cannon;38 cm/45 SK L/45 cannon
weapons/305mm_54_b_50_naval_user_cannon;305 mm/54 B-50 cannon
weapons/37mm_67_70k_quad_naval_user_cannon;37 mm/67 70-K automatic cannon
weapons/100mm_56_b34_aa_1940_naval_user_cannon;100 mm/56 B-34 universal naval cannon, pattern 1940
weapons/100mm_56_b34_aa_1940_naval_user_cannon/short;B-34
weapons/381mm_42_bl_mk1_naval_user_cannon;15 inch/42 BL Mark I cannon
weapons/178mm_up_mk1_naval_rocket_launcher;178 mm UP Mk.1
weapons/178mm_up_mk1_naval_rocket_launcher/short;UP Mk.1
weapons/rocket_rim_24_a_naval_rocket_launcher;343 mm RIM-24A missile launcher
weapons/rocket_rim_24_a_naval_rocket_launcher/short;RIM-24A
weapons/52mm_55_skl55_naval_user_cannon;52 mm/55 SK L/55 cannon
weapons/bomb_ussr_rku36u;RKU-36U mortar
weapons/bomb_ussr_rku36u/short;RKU-36U
weapons/305mm_50_12inch_mk8_naval_user_cannon;12-inch/50 Mark 8 cannon
weapons/305mm_46_vickers_mod_1909_naval_user_cannon;305 mm/46 Vickers cannon, model 1909
weapons/152mm_45_schneider_mod1911_naval_user_cannon;152 mm/45 Schneider cannon, model 1911
weapons/76mm_45_schneider_mod1911_naval_user_cannon;76 mm/45 Schneider cannon, mod.1911
weapons/25mm_87_mark_38_naval_user_cannon;25-mm/87 mk.38 cannon
weapons/40mm_l70_bofors_model48_naval_user_cannon;40 mm Bofors L/70 model 1948 cannon
weapons/152mm_40_armstrong_mod_1899_1916_naval_user_cannon;152 mm/40 Armstrong cannon mod.1899/1916
weapons/7_62mm_m73_naval_user_machinegun;7.62 mm M73 machine gun
weapons/203mm_55_8inch_mk16_naval_user_cannon;8 inch/55 Mark 16 cannon
weapons/152mm_55_mod_45_1934_naval_user_cannon;152/55 mm Ansaldo Mod.1934 cannon
weapons/128mm_45_skc_41_naval_user_cannon;12.8 cm/45 SK C/41 naval gun
weapons/128mm_45_skc_41_naval_user_cannon/short;12.8 cm/45 SK C/41
weapons/23mm_2a14_naval_user_cannon;23 mm ZU-23 automatic cannon
weapons/germ_mine_udm_e;Universal ground mine UDM-E
weapons/germ_mine_udm_e/short;UDM-E
weapons/40mm_67_skoda_naval_user_cannon;4 cm Skoda anti-aircraft gun
weapons/40mm_67_skoda_naval_user_cannon/short;4 cm Skoda
weapons/88mm_45_skc_30_naval_user_cannon;8.8 cm/45 SK C/30 cannon
weapons/88mm_45_skc_30_naval_user_cannon/short;8.8 cm SK C/30
weapons/120mm_50_mk4_bofors_1924_naval_user_cannon;120 mm/50 Mk.4 Bofors M1924 cannon
weapons/120mm_50_mk4_bofors_1924_naval_user_cannon/short;120 mm/50 Mk.4 Bofors
weapons/rocket_bm21_launcher;122 mm BM-21 rocket launcher
weapons/rocket_bm21_launcher/short;BM-21
weapons/138mm_40_model_1927_naval_user_cannon;138.6 mm/40 model 1927 gun
weapons/138mm_40_model_1927_naval_user_cannon/short;138.6 mm/40 model 1927
weapons/37mm_50_model1925_naval_user_cannon;37 mm/50 model 1925 gun
weapons/37mm_50_model1925_naval_user_cannon/short;37 mm/50 model 1925
weapons/37mm_50_model1933_naval_user_cannon;37 mm/50 model 1933 gun
weapons/37mm_50_model1933_naval_user_cannon/short;37 mm/50 model 1933
weapons/13_2mm_76_model1929_naval_user_machinegun;13.2 mm model 1929 Hotchkiss machine gun
weapons/13_2mm_76_model1929_naval_user_machinegun/short;13.2 mm/76 model 1929
weapons/155mm_50_model_20_naval_user_cannon;155 mm/50 model 1920 gun
weapons/155mm_50_model_20_naval_user_cannon/short;155 mm/50 model 1920
weapons/75mm_50_model_1922_aa_naval_user_cannon;75 mm/50 model 1922 gun
weapons/75mm_50_model_1922_aa_naval_user_cannon/short;75 mm/50 mod. 1922
weapons/75mm_50_model_1927_aa_naval_user_cannon;75 mm/35 model 1925 gun
weapons/75mm_50_model_1927_aa_naval_user_cannon/short;75 mm/35 mod. 1925
weapons/320mm_40_mod_1936_naval_user_cannon;320 mm/44 Ansaldo model 1936 gun
weapons/320mm_40_mod_1936_naval_user_cannon/short;320 mm/44 Ansaldo model 1936
weapons/90mm_50_ansaldo_mod_1939_naval_user_cannon;90 mm/50 Ansaldo model 1939 gun
weapons/90mm_50_ansaldo_mod_1939_naval_user_cannon/short;90 mm/50 Ansaldo model 1939
weapons/130mm_40_model_1919_naval_user_cannon;130 mm/40 model 1919 gun
weapons/130mm_40_model_1919_naval_user_cannon/short;130 mm/40 model 1919
weapons/rocket_5v24_v600p_naval_rocket_launcher;379 mm Volna-M missile launcher
weapons/rocket_5v24_v600p_naval_rocket_launcher/short;Volna-M
weapons/100mm_atomic_hedgie_rocket_launcher;Power core
weapons/100mm_atomic_hedgie_rocket_launcher/short;Power core
weapons/21mm_exo_smoke_launcher;21 mm smoke grenade launcher
weapons/21mm_exo_smoke_launcher/short;smoke
weapons/112mm_exo_APILAS_rocket_launcher;112 mm APILAS anti-tank rocket launcher
weapons/125mm_exo_RPG_28_rocket_launcher;125 mm RPG-28 anti-tank rocket launcher
weapons/30mm_exo_2A72_sniper_user_cannon;30 mm 2A72S semi-automatic sniper cannon
weapons/30mm_exo_XM914_sniper_user_cannon;30 mm XM914A semi-automatic sniper cannon
weapons/152mm_exo_BGM_71_tow_launcher_user_cannon;M220A2 ATGM launcher
weapons/152mm_exo_9M133_launcher_user_cannon;9M133 ATGM launcher
weapons/43mm_exo_GM_93_user_cannon;43 mm GM-93P under-barrel grenade launcher
weapons/12_7mm_exo_6P51_user_machinegun;12.7 mm 6P51 machine gun
weapons/12_7mm_exo_M2_HB_user_machinegun;12.7 mm M2HB machine gun
weapons/8_6mm_exo_MG338_user_machinegun;8.6 mm MG338 machine gun
weapons/70mm_exo_FIM_92X_rocket_launcher;FIM-92 SAM launcher
weapons/72mm_exo_9M336M_rocket_launcher;9M336
weapons/110mm_exo_spike_sr_rocket_launcher;Spike ATGM
weapons/130mm_exo_9M115M_rocket_launcher;9M115M ATGM
weapons/90mm_50_mle_1926_naval_user_cannon;90 mm/50 model 1926 gun
weapons/90mm_50_mle_1926_naval_user_cannon/short;90 mm/50 model 1926
weapons/203mm_50_mle_1924_naval_user_cannon;203 mm/50 model 1924 gun
weapons/203mm_50_mle_1924_naval_user_cannon/short;203 mm/50 model 1924
weapons/138mm_50_model_1929_naval_user_cannon;138.6 mm/50 model 1929 gun
weapons/138mm_50_model_1929_naval_user_cannon/short;138.6 mm/50 model 1929
weapons/depth_charge_fr_guiraud_100;Guiraud 100kg depth charge
weapons/depth_charge_fr_guiraud_100/short;Guiraud 100kg
weapons/138mm_55_model_1910_naval_user_cannon;138.6 mm/55 model 1910 gun
weapons/138mm_55_model_1910_naval_user_cannon/short;138.6 mm/55 model 1910
weapons/305mm_45_model_1906_10_naval_user_cannon;305 mm/45 model 1906-10 gun
weapons/305mm_45_model_1906_10_naval_user_cannon/short;305 mm/45 model 1906-10
weapons/75mm_50_model_1922_naval_user_cannon;75 mm/50 model 1922 gun
weapons/75mm_50_model_1922_naval_user_cannon/short;75 mm/50 model 1922
weapons/340mm_45_model_1912_naval_user_cannon;340 mm/45 model 1912 gun
weapons/340mm_45_model_1912_naval_user_cannon/short;340 mm/45 model 1912
weapons/13_2mm_browning_naval_user_machinegun;13.2 mm Browning machine gun
weapons/152mm_55_model_1930_naval_user_cannon;152 mm/55 model 1930 gun
weapons/152mm_55_model_1930_naval_user_cannon/short;152 mm/55 model 1930
weapons/75mm_35_model_1925_naval_user_cannon;75 mm/35 model 1925
weapons/75mm_35_model_1925_naval_user_cannon/short;75 mm/35 mod. 1925
weapons/200mm_45_type_41_naval_user_cannon;20 cm/45 Type 41 cannonn
weapons/20mm_Solothurn_QF_36M_user_cannon;20 mm Solothurn QF.36M cannon
weapons/fr_mine_b4m;B4M moored contact mine
weapons/fr_mine_b4m/short;B4M
weapons/bomb_it_bas;305 mm BAS depth charge
weapons/bomb_it_bas/short;305 mm BAS
weapons/ato_200_flamethrower;Flamethrower
weapons/100mm_D10T2S_TO_55_user_cannon;100 mm D-10T2S cannon
weapons/122mm_2A31_user_cannon;122 mm 2A31 cannon
weapons/162mm_MGM166_launcher_user_cannon;MGM-166 ATGM launcher
weapons/155mm_CN98_user_cannon;155 mm CN98 cannon
weapons/40mm_41M_user_cannon;40 mm MAVAG 41.M 40/51
weapons/105mm_Mavag_40_43M_user_cannon;105 mm Mavag 40/43M
weapons/320mm_40_oto_mod_1934_naval_user_cannon;320 mm/44 OTO model 1934 gun
weapons/320mm_40_oto_mod_1934_naval_user_cannon/short;320-mm/44 OTO 1934
weapons/us_depth_charge_mk_6_mortar;Mk.6 mortar depth charge
weapons/us_depth_charge_mk_6_mortar/short;Mk.6
weapons/us_depth_charge_mk_6;Mk.6 depth charge
weapons/us_depth_charge_mk_6/short;Mk.6
weapons/uk_depth_charge_hedgehog_mortar;Mk.10 ''Hedgehog'' mortar
weapons/uk_depth_charge_hedgehog_mortar/short;Mk.10
weapons/germ_mine_tma_1;Tube-launched moored magnetic mine TMA-I
weapons/germ_mine_tma_1/short;TMA-I
weapons/152mm_6inch_47_mk_16_dp_naval_user_cannon;6 inch/47 DP Mk.16 cannon
weapons/120mm_rheinmetall_l55_a1_user_cannon;120 mm Rh120-55A1 cannon
weapons/343mm_45_mk5l_naval_user_cannon;13.5 inch/45 Mark 5(L) cannon
weapons/155mm_type_99_l52_user_cannon;152 mm JSW L/52 cannon
weapons/76mm_50_vickers_mod1909_naval_user_cannon;76 mm/50 Vickers cannon, mod.1909
weapons/cannonDEFA554_gunpod;30 mm DEFA 554
weapons/30mm_Bushmaster_2_Mk_44_VILKAS_user_cannon;30 mm Bushmaster 2 Mk.44S cannon
weapons/320mm_40_ansaldo_mod_1934_naval_user_cannon;320 mm/44 Ansaldo model 1934 gun
weapons/114mm_m7_naval_rocket_launcher;4.5inch Mk7 barrage rocket
weapons/356mm_50_14inch_mk11_naval_user_cannon;14 inch/50 Mk.11 cannon
weapons/gunUBK_turret;12.7 mm Berezin UBK machine gun
weapons/120mm_50_oto_1933_naval_user_cannon;120 mm/50 O.T.O. Mod.1933 cannon
weapons/152mm_LP83_user_cannon;152mm LR-83 cannon
weapons/155mm_m126e1_user_cannon;155 mm M126E1 cannon
weapons/30mm_mk103_45_user_cannon;30 mm MK 103/45 automatic cannon
weapons/125mm_2A46_M1_T_80UD_user_cannon;125 mm 2A46M-1 cannon
weapons/410mm_45_type_3_naval_user_cannon;410 mm/45 Type 3 gun
weapons/100mm_2a70_zbd_user_cannon;100 mm ZPL04 cannon
weapons/30mm_zpt_99_user_cannon;30 mm ZPZ02 automatic cannon
weapons/76mm_50_canet_mod1891_naval_user_cannon;75 mm/50 Canet model 1891 cannon
weapons/cannonM197_external;20 mm M197 cannon
weapons/152mm_m81_naval_user_cannon;152mm gun/launcher M81
weapons/130mm_pl_59a_gai_user_cannon;130 mm PL59 Gai cannon
weapons/170mm_bae_swingfire_fv438_launcher_user_cannon;BAe Swingfire ATGM launcher
weapons/20mm_m139_user_cannon;20 mm M139 automatic cannon
weapons/120mm_rheinmetall_l44_can_user_cannon;120 mm Rh120-44 cannon
weapons/rocket_9k32m_strela2m_naval_rocket_launcher;Strela-2M launcher
weapons/30mm_54_ak630m_naval_user_cannon;30 mm/54 AK-630M automatic cannon
weapons/230mm_petard_spigot_mortar_user_cannon;230mm Petard Mortar
weapons/25mm_zpt90_user_cannon;25 mm ZPT90 automatic cannon
weapons/105mm_giat_105_g1_user_cannon;105 mm CN105 G2 cannon
weapons/gunBrowningM36No3Holand;7.92mm FN-Browning M.36 No.3 Machine Gun
weapons/gunBrowningM36No4Holand_turret;7.92mm FN-Browning M.36 No.4 Machine Gun
weapons/57mm_60_mle1951_naval_user_cannon;57 mm/60 ACAD Mle 1951
weapons/20mm_Oerlikon_204gk_user_cannon;20 mm Oerlikon 204 GK automatic cannon
weapons/35mm_bushmaster_3_user_cannon;35 mm Bushmaster III automatic cannon
weapons/125mm_2A46_M1_T_80U_e1_user_cannon;125 mm 2A46M-4 cannon
weapons/25mm_M242_desert_warrior_user_cannon;25 mm M242 automatic cannon
weapons/66mm_modern_us_smoke_grenade_launcher;66 mm smoke grenade launcher
weapons/76mm_modern_germ_smoke_grenade_launcher;76 mm smoke grenade launcher
weapons/66mm_modern_uk_smoke_grenade_launcher;66 mm smoke grenade launcher
weapons/30mm_Bushmaster_2_Mk_44_NAMER_user_cannon;30 mm Bushmaster 2 Mk.44 cannon
weapons/155mm_soltam_user_cannon;155 mm Soltam M839 cannon
weapons/bomb_it_mk4/short;Mk.4
weapons/bomb_it_mk4;305 mm Mk.4 depth charge
weapons/90mm_T7_user_cannon;90 mm T7 cannon
weapons/cannonGSh_6_23M/short;23 mm GSh-6-23M
weapons/cannonGSh_6_23M;23 mm GSh-6-23M cannon
weapons/110mm_mells_rocket_launchr_user_cannon/short;MELLS ATGM launcher
weapons/110mm_mells_rocket_launchr_user_cannon;MELLS ATGM launcher
weapons/356mm_52_obr1913_naval_user_cannon;14-inch/52 pattern 1913 gun
weapons/63mm_38_obr1916_naval_user_cannon;63 mm/38 pattern 1916 gun
weapons/25mm_GAU_12U_user_cannon;25 mm GAU-12U automatic cannon
weapons/7_7mm_darne_mle1922_naval_user_machinegun;7.7 mm Darne M1922 machine gun
weapons/rocket_ss11_naval_rocket_launcher/short;SS.11
weapons/rocket_ss11_naval_rocket_launcher;SS.11 missile launcher
weapons/87_6mm_31_ordnance_qf_naval_user_cannon;87.6 mm Ordnance QF 25pdr gun
weapons/7_62mm_Mk52_user_machinegun;7.62 mm Mk.52 machine gun
weapons/8mm_hotchkiss_1914_naval_user_machinegun;8 mm Hotchkiss pattern 1914 machine gun
weapons/75mm_35_model_1897_naval_user_cannon;75 mm/35 model 1897
weapons/138mm_50_model_1934_naval_user_cannon/short;138.6 mm/50 model 1934 R1938
weapons/138mm_50_model_1934_naval_user_cannon;138.6 mm/50 model 1934 R1938 gun
weapons/8mm_breda_mod37_naval_user_machinegun;8 mm Breda mod.37 machine gun
weapons/125mm_9m113_launcher_user_cannon;9M113 “Konkurs” ATGM
weapons/105mm_cockerill_hp_user_cannon;105 mm Cockerill 105HP cannon
weapons/12_7mm_m2_hb_t77e1_user_machinegun;12.7 mm M2HB machine gun
weapons/20mm_luchs_a2_user_cannon;20 mm Rh202 automatic cannon
weapons/100mm_D54TS_user_cannon;100 mm D-54TS cannon
weapons/gunKord;12.7 mm Kord machine gun
weapons/155mm_PL05_user_cannon;155 mm PL05 cannon
weapons/330mm_52_model_1931_naval_user_cannon;330 mm/52 model 1931 gun
weapons/130mm_45_model_1932_naval_user_cannon;130 mm/45 model 1932 gun
weapons/30mm_2a42_md_user_cannon;30 mm 2A42 automatic cannon
weapons/120mm_IMI_MG253_user_cannon;120 mm IMI MG253 cannon
weapons/7_62mm_Beretta_MG42_59_600_user_machinegun;7.62 mm Beretta MG42/59 machine gun
weapons/cannonType98;37 mm Type 98
weapons/12_7mm_M2_HB_user_machinegun_for_leclerc;12.7 mm CRC F1 machine gun
weapons/381mm_40_armstrong_mod_1914_naval_user_cannon;381 mm/40 Ansaldo cannon, mod.1914 gun
weapons/102mm_35_sav_mod_1915_aa_naval_user_cannon;102 mm/35 S.A.V. cannon, mod.1915
weapons/cannonM61A1_pgu_28_f15;20 mm M61A1 cannon
weapons/cannonJM61A1_pgu_28;20 mm JM61A1 cannon
weapons/127mm_54_mk16_single_naval_user_cannon;5 inch/54 Mk.16 cannon
weapons/155mm_m45_user_cannon;155 mm M45 howitzer
weapons/155mm_l52_user_cannon;155 mm Rheinmetall L/52 howitzer
weapons/cannonGLAT_M791;30 mm DEFA 791 cannon
weapons/25mm_cn25_m811_user_cannon;25 mm M811 automatic cannon
weapons/25mm_60_hotchkiss_naval_user_cannon;25 mm/60 Hotchkiss automatic cannon
weapons/152mm_6inch_50_bl_mk22_naval_user_cannon;6 inch/50 BL Mark XXII cannon
weapons/406mm_45_bl_mk1_r1_naval_user_cannon;16 inch/45 BL Mark I cannon
weapons/406mm_45_bl_mk1_r2_naval_user_cannon;16 inch/45 BL Mark I mod.2 cannon
weapons/120mm_40_qf_mk12_mount_ha_single_naval_user_cannon;4.7 inch/40 Mk.XII cannon
weapons/12_7mm_6P50_Kord_t_90m_2020_user_machinegun;12.7 mm 6P49MT machine gun
weapons/cannonBT20_turret;20 mm BT-20 cannon
weapons/103mm_MILAN_rocket_launcher;MILAN ATGM launcher
weapons/152mm_XM150E6_user_cannon;152 mm XM150E6 gun/launcher
weapons/152mm_2A64_user_cannon;152 mm 2A64 cannon
weapons/152mm_2A65_m2_user_cannon;152mm 2A64M2 cannon
weapons/105mm_CN_105_G1_user_cannon;105 mm CN105 G1 cannon
weapons/100mm_45_m1917_naval_user_cannon;100 mm/45 model 1917 gun
weapons/65mm_50_m1902_naval_user_cannon;65 mm/50 model 1902 gun
weapons/120mm_IMI_MG251_LR_user_cannon;120 mm MG251-LR cannon
weapons/cannonType_30_4;30 mm 30-4 cannon
weapons/euro_trigat_lr/short;AC 3G
weapons/euro_trigat_lr;AntiChar de 3ème Génération Longue Portée
weapons/50mm_firos_6_user_cannon;50 mm FIROS 6 rocket launcher
weapons/gunTe4;7.7 mm Te-4 machine gun
weapons/35mm_Oerlikon_us_xm246_user_cannon;35 mm Oerlikon KDA automatic cannon
weapons/20mm_M_693_marder_clovis_user_cannon;20 mm CN-MIT 20 F2 automatic cannon
weapons/105mm_ZPL151A_user_cannon;105 mm ZPL151A cannon
weapons/406mm_45_mk5_naval_user_cannon;16 inch/45 Mk.5 cannon
weapons/57mm_maxim_nordenfelt_user_cannon;57 mm Maxim-Nordenfelt cannon
weapons/7_92mm_mg08_user_machinegun;7.92 mm MG 08 machine gun
weapons/7_7mm_mg_lewis_user_machinegun;7.72 mm Lewis machine gun
weapons/76mm_1910_16_user_cannon;76.2 mm Model 1910 cannon
weapons/gunLMG0815;7.92 mm LMG 08/15
weapons/gunMG14_turret;7.92 mm MG 14 machine gun
weapons/75mm_1897_user_cannon;75 mm Mle 1897 cannon
weapons/57mm_qf_6pdr_user_cannon;57 mm 6pdr OQF Hotchkiss Mk.I cannon
weapons/7_62mm_maxim_garford_user_machinegun;7.62 mm Maxim’s machine gun
weapons/gunVikkersMkI;7.7 mm Vickers Mk.I machine gun
weapons/7_62mm_FN_MAG60_40_namer_user_machinegun;7.62 mm FN MAG 60-40 machine gun
weapons/125mm_2A46_M5_t_90s_bheeshma_user_cannon;125 mm 2A46M cannon
weapons/125mm_9M113_rocket_launcher;9M113 ATGM launcher
weapons/120mm_type_64_mat_launcher_user_cannon;Type 64 MAT ATGM launcher
weapons/V_759;V-759
weapons/654mm_S_75_V_755_20DS_rocket_launcher;SM-90 SAM launcher
weapons/37mm_70_model1935_naval_user_cannon;37 mm/70 model 1935 gun
weapons/cannonBK75;75 mm BK 7.5 cannon
weapons/gunType2_turret;13 mm Type 2 machine gun
weapons/gunType1_turret;7.92 mm Type 1 machine gun
weapons/85mm_D70_user_cannon;85 mm D-70 cannon
weapons/130mm_9M114_rocket_launcher;9M114 ATGM launcher
weapons/130mm_9M114_rocket_launcher/short;9M114 ATGM launcher
weapons/130mm_9M120_rocket_launcher;9M120
weapons/130mm_9M120_rocket_launcher/short;9M120
weapons/70mm_QN201DD_rocket_launcher;QN201DD ATGM launcher
weapons/70mm_QN201DD_rocket_launcher/short;QN201DD ATGM launcher
weapons/151mm_QN502CDD_rocket_launcher;QN502CDD ATGM launcher
weapons/151mm_QN502CDD_rocket_launcher/short;QN502CDD ATGM launcher
weapons/110mm_Spike_freccia_rocket_launchr_user_cannon;Spike LR2 ATGM launcher
weapons/110mm_Spike_freccia_rocket_launchr_user_cannon/short;Spike LR2 ATGM launcher
weapons/110mm_Spike_kf_41_rocket_launchr_user_cannon;Spike LR2 ATGM launcher
weapons/110mm_Spike_kf_41_rocket_launchr_user_cannon/short;Spike LR2 ATGM launcher
weapons/cannonHo115;30 mm Ho-115 cannon
weapons/gunType3;13.2 mm Type 3 machine gun
weapons/depth_charge_de_wbg;WBG depth charge
weapons/depth_charge_mk_9_mortar;K-gun Mk.9 depth charge
weapons/depth_charge_mk_9_mortar/short;Mk.9
weapons/depth_charge_mk_9;Mk.9 depth charge
weapons/depth_charge_mk_9/short;Mk.9
weapons/depth_charge_de_wbf;WBF depth charge
weapons/depth_charge_de_wbf/short;WBF
weapons/bomb_mark36_srboc_launcher;130 mm Mark 36 SRBOC decoy system
weapons/bomb_mark36_srboc_launcher/short;130 mm Mark 36 SRBOC
weapons/depth_charge_it_btg;B TG depth charge
weapons/depth_charge_it_btg/short;B TG
weapons/depth_charge_jp_type2_mod_1;Type 2 Mod 1 depth charge
weapons/depth_charge_it_btg100;B TG 100 depth charge
weapons/depth_charge_it_btg100/short;BTG 100
weapons/laser_cwis;CWIS
weapons/aa_fcv_launcher_user_cannon;AAMW
weapons/cn_hj_9/short;HJ-9
weapons/cn_hj_9;HJ-9 missiles
weapons/76mm_3_40_12cwt_qf_mk5_naval_user_cannon;3 inch 12pdr 12 cwt QF Mk.V cannon
weapons/rls_kopio_25;Kopyo-25 radar pod
weapons/rls_kopio_25/short;Kopyo-25
weapons/it_aspide_control_station;Aspide aim block
weapons/it_aspide_control_station/short;Aspide aim block
weapons/mirage_3c_sepr_841_rocket;Fuel tank SEPR 841 Pod
weapons/mirage_3c_sepr_841_rocket/short;SEPR 841
weapons/mirage_3c_fuel_tank_7_8;Fuel tank SEPR 841 Pod
weapons/mirage_3c_fuel_tank_7_8/short;Fuel Tank
weapons/mirage_3e_fuel_tank_7_8;Fuel tank SEPR 844 Pod
weapons/mirage_3e_fuel_tank_7_8/short;Fuel Tank
weapons/mirage_3c_sepr_844_rocket;Fuel tank SEPR 844 Pod
weapons/mirage_3c_sepr_844_rocket/short;SEPR 844
weapons/12_7mm_M80_20_user_machinegun;12.7 mm M8C machine gun
weapons/cannonXM301;20 mm XM301 cannon
weapons/406mm_50_mk7_naval_user_cannon;16 inch/50 Mk.7 cannon
weapons/cannonFlzKan_76;20 mm Flz.Kan. 76 cannon
weapons/cannonM61A2_switzerland;20 mm Flz.Kan. 92 cannon
weapons/cannonDEFA552A_switzerland;30 mm Flz.Kan. 65 cannon
weapons/406mm_50_b37_naval_user_cannon;406 mm/50 B-37 cannon
weapons/30mm_denel_gi30_user_cannon;30 mm GI-30 cannon
weapnos/7_62mm_ss77_user_machinegun;7.62 mm SS-77 machine gun
weapons/460mm_45_type_3_naval_user_cannon;460 mm/45 Type 94 cannon
weapons/30mm_pgz_625_user_cannon;30 mm PGZ625 automatic cannon
weapons/381mm_50_ansaldo_oto_mod_1934_naval_user_cannon;381 mm/50 Ansaldo-OTO Mod.1934 cannon
weapons/120mm_giat_cn120_26_f1_msc_user_cannon;120 mm CN120-26 F1 cannon
weapons/380mm_45_mle_1935_naval_user_cannon;380 mm/45 model 1935 cannon
weapons/100mm_45_mle_1930_naval_user_cannon;100 mm/45 model 1930 cannon
weapons/gun_fl_mg_27;7.45 mm Fl.Mg.29 machine gun
weapons/gun_mg_29_turret;7.5 mm Beob.-Doppel.-Mg.29 machine gun
weapons/cannon_fm_k_45;20 mm FMK 45 HS cannon
weapons/cannon_ff_k_45;20 mm FFK 45 HS cannon
weapons/gun_pk3;7.62 mm PK machine gun
weapons/mirage_3s_fuel_tank_6;Conformal fuel tank
weapons/mirage_3s_fuel_tank_6/short;CFT
weapons/mirage_3s_sepr_tank_7;Fuel tank SEPR 844 Pod
weapons/mirage_3s_sepr_tank_7/short;Fuel
weapons/mirage_3s_sepr_tank_8;Fuel tank SEPR 844 Pod
weapons/mirage_3s_sepr_tank_8/short;Fuel
weapons/jato_booster_left/short;JATO
weapons/jato_booster_left;Jet Assisted Take-Off booster
weapons/jato_booster_right/short;JATO
weapons/jato_booster_right;Jet Assisted Take-Off booster
weapons/pucara_jato_1/short;JATO
weapons/pucara_jato_1;Jet Assisted Take-Off booster
weapons/pucara_jato_2/short;JATO
weapons/pucara_jato_2;Jet Assisted Take-Off booster
weapons/pucara_jato_3/short;JATO
weapons/pucara_jato_3;Jet Assisted Take-Off booster
weapons/105mm_type_75_user_cannon;105 mm PW1975 recoilless rifle
weapons/12_7mm_type_77_user_machinegun;12.7 mm QJG1977 machine gun
weapons/155mm_t180_user_cannon;155 mm T180 cannon
weapons/203mm_m47_user_cannon;203.2 mm M47 howitzer
weapons/350mm_45_skl_45_naval_user_cannon;35 cm/45 SK L/45 cannon
weapons/57mm_ak_725_naval_user_cannon;57 mm AK-725 automatic cannon
weapons/rocket_9m33_naval_rocket_launcher;ZIF-122
weapons/360mm_9m317m_user_cannon;9M317M SAM launcher
weapons/166mm_camm_user_cannon;iLauncher
weapons/120mm_45_qf_mk9_single_naval_user_cannon;4.7 inch/45 Mk.IX cannon
weapons/7_62mm_KT_user_machinegun;7.62 mm KT-7,62 machine gun
weapons/12_7mm_KT_user_cannon;12.7 mm KT-12,7 machine gun
weapons/125mm_KBA_3_user_cannon;125 mm KBA-3 cannon
weapons/380mm_aster_30_user_cannon;SYLVER A50
weapons/152mm_9M133_btr_82at_launcher_user_cannon;9P163-1
weapons/105mm_m35_user_cannon;105 mm M35 cannon
weapons/130mm_9M120_BMPT_launcher_user_cannon;9M120 launcher
weapons/320mm_type_03_user_cannon;Type 03 Chū-SAM Launch System
weapons/250mm_FM_3000_user_cannon;FM-3000 Launch System
weapons/178mm_nasams_user_cannon;Multi-Mission Launcher
weapons/sw_nasams_launcher_common;Multi-Mission Launcher
snowball_tank;Snowball
weapons/30mm_xm_813_user_cannon;30 mm XM813 automatic cannon
weapons/155mm_L_31_user_cannon;155 mm L31A1 howitzer
weapons/155mm_L_39_user_cannon;155 mm L39 howitzer
weapons/105mm_type_91_user_cannon;105 mm Type 91 cannon
weapons/130mm_barrier_launcher_user_cannon;Barrier ATMS
weapons/30mm_ztm1_BTR_user_cannon;30 mm ZTM-1 automatic cannon
weapons/gun_gebauer_26_31m;8 mm Gebauer 1926/39.M machine gun
weapons/gun_gebauer_34_37m_turret;8 mm Gebauer 1934/37.M machine gun
weapons/gun_gebauer_1940m_gkm;12.7 mm Gebauer 1940.M GKM machine gun
weapons/gun_gebauer_1939m;8.56 mm Gebauer 1939.M machine gun
weapons/cannon_mavag_39m;40 mm 36.M cannon
weapons/120mm_OTO_Leonardo_120_45_user_cannons;120 mm OTO LEONARDO 120/45 cannon
weapons/30mm_AG_17_user_cannon;30 mm KBA-117 automatic grenade launcher
weapons/ato_41_flamethrower;ATO-41
weapons/120mm_M256_M1A3_user_cannon;120 mm M256 cannon
weapons/150mm_sfh_18_user_cannon;150 mm s.F.H.18 howitzer
weapons/37mm_type_76_user_cannon;37 mm Type 76 cannon
weapons/155mm_FH70_L_39_user_cannon;155 mm/41 FH 70 cannon
weapons/127mm_aim_9x_nomads_user_cannon;SHORAD launcher
weapons/57mm_s_5sk/short;S-5KP
weapons/57mm_s_5sk;S-5KP rockets
weapons/57mm_ub_16_user_cannon;UB-16-57
weapons/20mm_Rh_202_6616_user_cannon;20 mm MK 20
weapons/120mm_arjun_mk1_user_cannon;120-mm ARDE Rifled Tank Gun
weapons/180mm_FK_2000_rocket_launcher;FK-2000 SAM launcher
;
;
;
<Ammunition>;
;
152mm_bee_7;BEE7-152
152mm_bee_7_vt;BEE7-152 (VT)
V_759;V-759
76mm_1910_he;UOF
76mm_1910_shrapnel;USh
57mm_gr_p;Gr.m.P.
57mm_gr;Gr.
57mm_qf_ap;Steel Shell
57mm_qf_he;Common Shell
406mm_mk13_hc;406 mm Mk.13 HC
406mm_mk3_apcbc;406 mm Mk.3 APCBC
406mm_mk5_apcbc;406 mm Mk.5 APCBC
50mm_arf_8m3;ARF/8M3
100mm_45_common;100 mm M1902 common
100mm_45_ap;100 mm M1913 AP
65mm_50_fr_common;65 mm M1892 common
65mm_50_fr_ap;65 mm M1902 AP
152mm_3of45;3OF45
152mm_3of45_vt;3OF45 (VT)
381mm_mark_17b_6crh_apc;381 mm Mk.XVIIb APC
155mm_oa_mle14;OA Mle1914
406mm_uk_he;16 inch HE
406mm_mark_1a_apcbc;16 inch Mark Ia APCBC
152mm_50_mk25b_cpbc;6 inch Mark XXVb CPC
381mm_mark_1a_4crh_apc;381 mm Mk.Ia APC
130mm_oea1934_he;130 mm OEA Mle 1934 HE
130mm_opf1933_sap;130 mm OPF Mle 1933 SAP
130mm_oea1934_he_tf;130 OEA Mle 1934 HE-TF
330mm_oea_mle1935_he;330 mm OEA Mle 1935 HE
330mm_opf_mle1935_sapcbc;330 mm OPF Mle 1935 SAPCBC
381mm_40_sapcbc;381 mm SAPCBC
102mm_35_contro_aerea_he;102 mm HE-TF
100mm_d54ts_apds;3BM8
100mm_d54ts_apcbc;3BR2
100mm_d54ts_heat;3BK1
100mm_d54ts_he;3OF12
155mm_plz_05_he;DDB02-155
155mm_plz_05_he_vt;DDB02-155 (VT)
155mm_bea_1;BEA1-155
105mm_btm_1;BTM1-105
105mm_oe_60;OE 105-60
138mm_oea1932_he;138.6 mm OEA Mle.1932 HE
356mm_obr1913_he;14-inch HE patt.1913
356mm_obr1911_ap;14-inch AP patt.1911
63mm_he_df;63 mm HE-TF
75mm_xm884;MK 199 MOD 1
155mm_m401;M401
155mm_m401_pf;M401 (PF)
120mm_m908;M908
20mm_m599;M599
35mm_pmd062;PMD062
35mm_pmc343;PMC343
105mm_ofl_f2;OFL 105 F2
no_1_demolition_bomb;No.1 Demolition Bomb
130mm_djb_1;DJB1
130mm_djb_1_vt;DJB1 (VT)
130mm_djb_1_smoke;DJF1
410mm_ordinary_type0_sap;410mm Common Type 0
410mm_no5_apc;410mm No5 APC
100mm_aps_03;APS03
152mm_lp_83_apfsds;Grifel-1
152mm_lp_83_he_fs;Grifel-3
164mm_lfk_ss_11b;LFK SS.11B
155mm_l15_a2;L15A2
343mm_he_l;13.5 inch HE
343mm_mark2a_apc;13.5 inch APC Mk.IIa
343mm_cpc_l;13.5 inch CPBC
105mm_38_33m;105 mm 38/33M
105mm_42m;105 mm 42M
155mm_oe_f3;155 mm OE F3
122mm_3of24;3OF24
122mm_3of56;3OF56
122mm_3of7_vt;3OF7
162mm_losat;MGM-166
200mm_type3_common;200 mm Type 3 HE common
200mm_type3_apc;200 mm Type 3 APC
20mm_36M_pancelgranat;20 mm 36M pancelgranat
75mm_oea_mle1917;75 mm OEA Mle 1917 HE
75mm_oea_mle1917_tf;75 mm OEA Mle 1917 HE-TF
75mm_opf_mle1917;75 mm OPF Mle 1917 SAP
340mm_oea_mle1926_he;340 mm OEA Mle 1926 HE
340mm_opf_mle1921_apcbc;340 mm OPF Mle 1921 APCBC
340mm_opf_mle1912_apc;340 mm OPF Mle 1912 APC
152mm_m1937_he;152 mm OEA Mle 1937 HE
152mm_m1937_sap;152 mm OPF Mle 1937 SAPBC
152mm_fr_us_ap_mk35;152 mm OPF Mle 1943 APCBC
138mm_oea1919_he;138.6 mm OEA Mle 1919 HE
138mm_opfa1910_sap;138.6 mm OPF Mle 1910 SAP
138mm_opfa1921_sap;138.6 mm OPF Mle 1921 SAPBC
305mm_oea_mle1927_he;305 mm OEA Mle 1927 HE
305mm_opf_mle1910_apc;305 mm OPF Mle 1910 APC
203mm_oea_mle1927_he;203 mm OEA Mle 1927 HE
203mm_50_opf_mle1927_sapbc;203 mm OPF Mle 1927 SAPBC
90mm_oea_mle1925;90 mm OEA Mle 1925 HE
90mm_oea_mle1925_tf;90 mm OEA Mle 1925 HE-TF
5v24;V-600P
30mm_HE_DP;30 mm HEDP
21mm_3d27;21 mm 3D27 smoke grenade
112mm_apilas;APILAS
125mm_rpg_28;RPG-28
152mm_9m133m6;9M133M6
125mm_9M115m;9M115M
152mm_tow_2n;TOW-2N
70mm_fim_92x;FIM-92X
su_9M336M;9M336M1
110mm_spike_sr;Spike-SR4
110mm_spike_srme;Spike-SR4ME
43mm_VK_94;VK-94
130mm_oea1932_he;130 mm OEA Mle 1932
130mm_opfa1923_sap;130 mm OPFA Mle 1923
90mm_50_granata_dirompente_contro_aerea_he_df;90 mm HE-TF
40mm_skoda_he;4 cm HE Skoda
120mm_bofors_m1924_he;120 mm HE Bofors
23mm_2a14_naval_hei/name;23 mm HE incendiary shells with tracers
23mm_2a14_naval_hei/name/short;HEI-T
122mm_9m22;M-21OF
37mm_oea1925_he;37 mm OEA Mle 1925
138mm_oea1928_he;138.6 mm OEA Mle 1928
138mm_opfa1924_sap;138.6 mm OPFA Mle 1924
155mm_m1924_he;155 mm M1924 HE
155mm_m1924_he_bdz;155 mm M1924 HE-BF
155mm_m1924_sap;155 mm M1924 SAP
75mm_oea_mle1925;75 mm OEA Mle 1925
75mm_oea_mle1925_tf;75 mm HE-TF OEA Mle 1925
320mm_40_perforante_sap;320 mm Granata Perforante
320mm_40_palla_apcbc;320 mm APHEBC Palla
152mm_45_schneider_he;152 mm HE Dirompente
152mm_45_schneider_aphe;152 mm APHE Perforante
152mm_45_schneider_mod1916_aphe;152 mm APHE Perforante da 152/45-50
76mm_it_schneider_navy_he;76 mm HE Dirompente
152mm_40_granata_mina_he;152 mm Granata mina HE
152mm_40_palla_apc;152 mm Palla APC
152mm_40_perforante_saphe;152 mm Perforante SAPHE
152mm_55_palla_aphebc;152 mm APHEBC Palla
128mm_sprgr_l45_kpfz;12.8 cm Spgr. L/4,5 Kz (mHb)
128mm_sprgr_l45_bdz;12.8 cm Spgr. L/4,5 Bd.Z (mHb)
128mm_sprgr_l45_ztz;12.8 cm Spgr. L/4,5 Zt.Z (mHb)
380mm_sprgr_l_4_6_kz_ha;380 mm Spgr. L/4,6 Zt.Z HE-DF
380mm_45_sprgr_l_4_1_bdz;380 mm Spr.gr. L/4,1 Bdz.
380mm_45_psgr_l_3_5_ap;380 mm Psgr. L/3,5 APCBC
305mm_b_50_ap;12 inch APCBC
305mm_ds_15_he;12 inch HE patt. 1928
381mm_4crh_cpc;15 inch 4crh CPC
381mm_mark_12a_4crh_apc;15 inch 4crh Mark XIIa APC
rim_24;RIM-24A
52mm_sprgr_he;52-mm HE
302mm_rku36;RBK
305mm_mk17_he;12-inch Mk.17 HC
356mm_mk19_hc;14 inch Mk.19 HC
356mm_mk16_apcbc;14 inch Mk.16 APCBC
356mm_class_b_mk9_he;14 inch Mk.9 HE
356mm_class_b_mk11_he;14 inch Mk.11 HE
356mm_mk8_apcbc;14 inch Mk.8 APCBC
127mm_54_mk42_mod0_common;5 inch SP Common Mk.42
127mm_54_hc_mk41_mod0;5 inch HC Mk.41
343mm_mark1a_apc;13.5 inch APC Mk.Ia
343mm_he_h;13.5 inch HE
343mm_cpc_h;13.5 inch CPBC
76mm_it_ansaldo_navy_aphe;76 mm APHE
76mm_it_ansaldo_navy_he_df;76 mm HE-TF
76mm_it_ansaldo_navy_he;76 mm HE
343mm_mark3a_apc;13.5 inch APC Mk.IIIa
283mm_pzgr_l_4_4;283 mm Psgr. L/4.4 APCBC
283mm_spgr_l_4_4_bdz;283 mm Spgr. L/4,4 Bd.Z SAP
283mm_sprgr_l_4_4_kz;283 mm Spgr. L/4,4 Kpf.Z HE
283mm_sprgr_l_4_4_kz_ha;283 mm Spgr. L/4,4 Zt.Z HE-DF
76mm_mk34_mod1_navy_he;76 mm Mk.34 HE
76mm_mk34_mod1_navy_he_vt;76 mm Mk.34 HE-VT
76mm_it_om1_navy_he;76 mm OM-1 HE
76mm_it_om2_navy_he;76 mm OM-2 HE
76mm_it_om2_navy_he_vt;76 mm OM-2 HE-VT
107mm_he_mk2;4.2 inch HE bomb Mk.2
128mm_sprgr;Sprgr. L/5
128mm_pzrg_39_43;PzGr
128mm_pzrg_40_43;PzGr 43
105mm_sprgr;Sprgr. L/4.4
105mm_pzrg_40;PzGr 40
105mm_pzrg;PzGr
105mm_pzrg_39;PzGr.Rot
105mm_fhgr;F.H.Gr.
105mm_grhl_39_a;Gr.39 rot Hl/A
105mm_grhl_39_b;Gr.39 rot Hl/B
105mm_grhl_39_c;Gr.39 rot Hl/C
88mm_sprgr_43;Sprgr.43
88mm_sprgr_flak_41;Sprgr. Flak 41
88mm_sprgr;Sprgr. L/4.5
88mm_pzrg_40;PzGr 40
88mm_pzrg_40_43;PzGr 40/43
88mm_pzrg_39;PzGr 39
88mm_pzrg_39_43;PzGr 39/43
88mm_grhl39;Hl.Gr 39
75mm_sprgr_42;Sprgr. 42
75mm_pzrg_40_42;PzGr 40/42
75mm_pzrg_39_42;PzGr 39/42
75mm_pzgr_40w;PzGr 40W
75mm_pzgr_40;PzGr 40
75mm_pzgr_39;PzGr 39
76mm_pzgr_39_rot;PzGr 39 rot
76mm_sprgr_39;Sprgr. 39
76mm_pzgr_40;PzGr 40
76mm_grhl_38_c;Hl.Gr 38C
75mm_grhl_38_c;Hl.Gr 38C
75mm_grhl_38_b;Hl.Gr 38B
75mm_sprgr_34;Sprgr. 34
75mm_pzgr_rot;K.Gr.rot Pz.
75mm_grhl_39;Hl.Gr 39
50mm_sprgr_38;Sprgr. 38
50mm_pzgr_40;PzGr 40
50mm_pzgr_40_1;PzGr 40/1
50mm_pzgr_39;PzGr 39
37mm_sprgr_18;Sprgr. 18
37mm_sprgr_umg;Gr. 34(t)
37mm_pzgr;Pzgr.18
37mm_pzgr_t;Pzgr. 34(t)
37mm_pzgr_t_umg;Pzgr.(t) umg.
37mm_pzgr_40;PzGr 40
37mm_pzgr_40_37_t;PzGr. 40
30mm_MGr;M.Gr.
30mm_PzGr;Pz.Gr.
30mm_PzBrGr;Pz.Br.Gr.
30mm_PzGr_H;Pz.Gr. H
20mm_sprgr;Sprgr.
20mm_pzgr;PzGr
20mm_pzgr_40;PzGr 40
25mm_br_132;BR-132
25mm_ozr_132;OZR-132
25mm_br85;BR-132
25mm_ozr85;OZR-85
37mm_BT;BT
37mm_OFZ;OFZ
37mm_UBR_167P;BR-167P
37mm_UBR_167;BR-167
37mm_UOR_167;UO-167
85mm_o_365m;O-365M
85mm_o_365k;O-365K
85mm_br_367p;BR-367P
85mm_br_367;BR-367
85mm_br_365p;BR-365P
85mm_br_365k;BR-365K
85mm_br_365a;BR-365A
85mm_br_365;BR-365
76mm_sh_353;Sh-353
76mm_sh_354t;Sh-354T
76mm_of_350m;OF-350
76mm_br_350sp;BR-350SP
76mm_br_354p;BR-354P
76mm_br_350b;BR-350B (MD-8 fuze)
76mm_br_350a;BR-350A (MD-5 fuze)
76mm_bp_350m;BP-350M
76mm_bp_350a;BP-353A
76mm_br_354n;BR-354N
76mm_bk_354m;BK-354M
76mm_br_354;BR-354
57mm_o_271;O-271
57mm_br_271sp;BR-271SP
57mm_br_271p;BR-271P
57mm_br_271m;BR-271M
57mm_br_271n;BR-271N
57mm_br_271k;BR-271К
57mm_br_271;BR-271
57mm_or_281u;OR-281U
57mm_br_281u;BR-281U
57mm_br_281sp;BR-281SP
57mm_br_281;BR-281
57mm_3ubr_22;3UBM22
57mm_3uo8;3UO8
57mm_m70;M70
57mm_m86;M86
45mm_sprgr;Sprgr
45mm_pzgr42;PzGr 42
45mm_pzgr40;PzGr 40
45mm_pzgr;PzGr
45mm_o_243;O-240
45mm_br_243sp;BR-240SP
45mm_br_243p;BR-240P
45mm_br_243;BR-240
152mm_of_540;OF-540
152mm_of_530;OF-530
152mm_br_540;BR-540
152mm_br_540b;BR-540B
152mm_bp_540;BP-540
152mm_pb_35;PB-35
152mm_g_530;G-530
152mm_pzgr;PzGr
152mm_sprgr;Sprgr
130mm_pb_46a;PB-46A
130mm_of_46;OF-46
122mm_bp_462;BP-460A
122mm_of_472;OF-472
122mm_of_462;OF-462
122mm_of_471;OF-471
122mm_br_472;BR-472
122mm_br_471b;BR-471B
122mm_br_471;BR-471
122mm_br_471d;BR-471D
122mm_zbk_10;3BK10
122mm_zbk_9;3BK9
122mm_zbm_11;3BM11
122mm_zbm_7;3BM7
100mm_of_412;OF-412
100mm_br_412b;BR-412B
100mm_br_412;BR-412
100mm_br_412d;BR-412D
100mm_br_412p;BR-412P
100mm_zbk_5;3BK5
100mm_zbm8;3BM8
40mm_MkII;Mk.II
40mm_M81A1;M81A1
40mm_l70_ap;40 mm AP-T
40mm_l70_he;40 mm HE-T
37mm_m74;M74
37mm_m59a1;M59A1
37mm_m54;M54
37mm_m74b1;M74B1
37mm_m51b1b2;M51B1/B2
37mm_m51b1;M51B1
37mm_m63;M63
75mm_m48;M48
75mm_t45;T45
75mm_m61;M61
75mm_m72;M72
76mm_m352;M352
76mm_m496;M496
76mm_m331a2;M331A2
76mm_m319;M319
76mm_m339;M339
76mm_m93;M93
76mm_m79;M79
76mm_m62;M62A1
76mm_m42a1;M42A1
105mm_m1;M1
105mm_m67;M67
105mm_t29e3;T29E3
105mm_t30e1;T30E1
105mm_t32;T32
105mm_dm12;DM 12
105mm_dm13;DM 13
105mm_dm23;DM 23
105mm_dm33;DM 33
105mm_dm63;DM 63
105mm_imi_m413;M413 Hetz-7
105mm_imi_m426;M426 Hetz-10
105mm_dm502;DM 512
105mm_m392a2;M392A2
105mm_m393a2;M393A2
105mm_m456;M456
120mm_m469;M469
120mm_m358;M358
120mm_m356;M356
90mm_m304;M304
90mm_m318;M318
90mm_m332a1;M332A1
90mm_m332;M332
90mm_m71;M71
90mm_m77_da90_50;M77 da 90/50
90mm_m71_da90_50;M71 da 90/50
90mm_m82_da90_50;M82 da 90/50
90mm_m304_da90_50;M304 da 90/50
90mm_m332_da90_50;M332 da 90/50
90mm_t108_da90_50;T108 da 90/50
90mm_m313_da90_50;M313 da 90/50
90mm_m77;M77
90mm_m82;M82
90mm_t41;T41
90mm_m431;M431
90mm_t108;T108
90mm_m348;M348
90mm_t33;T33
90mm_m71a1;M71A1
90mm_m318a1;M318A1
90mm_ap_shot;AP Shot
90mm_he_shell;HE Shell
90mm_hvap_shot;HVAP Shot
90mm_t42;T42
90mm_t43;T43
90mm_t44;T44
76mm_shot_mk6_ap;Shot Mk.6
76mm_shot_mk4_apc;Shot Mk.4
76mm_shot_mk8_apcbc;Shot Mk.8
76mm_shot_sv_mk1_apds;Shot SV Mk.1
76mm_shell_mk1_he;Shell Mk.1
40mm_shot_mk1_aphv;Shot Mk.1 APHV/T
40mm_shot_mk1_apcbct;Shot Mk.IXB APCBC/T
40mm_shot_mk1_apt;Shot Mk.1 AP/T
40mm_shell_mk1_apt;Shell Mk.1 AP/T
40mm_shell_mk2;Shell Mk.2
20mm_oerlikon_he_t;HET
20mm_oerlikon_he_i;HEI
20mm_oerlikon_ap;APT
20mm_oerlikon_he;HE
30_170mm_apds_t;30х170 APDS-T
30_170mm_aphe_i;30x170 APHE-I
30_170mm_he_i;30x170 HE-I
30_170mm_he_i_t;30x170 HE-I-T
57mm_shell_mk10t;Shell Mk.10
57mm_shot_mk5t;Shot Mk.5
57mm_shot_mk5t_hv;Shot Mk.5 HV
57mm_shot_mk8t;Shot Mk.8
57mm_shot_mk9t;Shot Mk.9
57mm_shot_mk1bt;Shot Mk.1BT
76mm_shell_he;Shell HE
76mm_shot_mk2_ap;Shot Mk.2
77mm_shell_mk1_he;Shell Mk.1
77mm_shot_mk4_apc;Shot Mk.4
77mm_shot_mk6_ap;Shot Mk.6
77mm_shot_mk8_apcbc;Shot Mk.8
77mm_shot_sv_mk1_apds;Shot SV Mk.1
83mm_shell_mk1;Shell Mk.1
83mm_shot_mk1;Shot Mk.1
83mm_shot_mk3;Shot Mk.3
83mm_slpprj;slpprj
83mm_slsgr_m53;slsgr m/53
83mm_rokgr_m53;rökgr m/53
83mm_pvlng_m54;slpprj m/54
105mm_slspgr_m61;slspgr m/61
105mm_slpprj_m90c;slpprj m/90c
120mm_slsgr_m95;slsgr m/95
94mm_shell_mk1;Shell Mk.1
94mm_shot_mk1;Shot Mk.1
105mm_l28a1;L28A1
105mm_l35;L35A1
120mm_l1tk;L1TK
120mm_l37a7;L31A7
120mm_l1g;L1G
120mm_l15a5;L15A5
120mm_l15a3;L15A3
120mm_l23;L23
120mm_l23a1;L23A1
105mm_pzrg_rot;Pzgr.rot
105mm_gr19;Gr.19
47mm_sprgr_36t;Gr.36(t)
47mm_pzgr_36t;Pzgr.36(t)
47mm_pzgr_40;Pzgr.40
107mm_b420;B-420
107mm_of_420;OF-420
155mm_m1;M1
155mm_m1_pf;M1 (PF)
155mm_g6_smoke;G6 Smoke
155mm_m107_pf;M107 (PF)
155mm_type75;Type 75
152mm_m409a1;M409A1
152mm_m657a2;M657A2
152mm_mgm_61b;MGM-51B Shillelagh
85mm_br_372;BR-372
85mm_of_372;OF-372
85mm_3bk7;3BK7
70mm_QN201DD;QN201DD
151mm_QN502CDD;QN502CDD
110mm_spike_mr;Spike LR2
110mm_spike_lr2;Spike LR2
152mm_9m133fm_3;9M133FM-3
152mm_9m133;9M133
152mm_9m123;9M123
152mm_9m123f;9M123F
136mm_k3s_hot;HOT
150mm_k3s_hot_2;HOT-2
130mm_9m114;9M114
130mm_9m120;9M120
130mm_9m120f_1;9M120F-1
130mm_9m220o;9M220O
180mm_3m7;3M7
164mm_robot_52;Rb 52
164mm_lfk_ss_11;LFK SS.11
250kg_tt;TT-250
152mm_wgr_41;Wgr.41 Spr
152mm_rp_3;RP-3
114mm_m8;M8
82mm_m_8;M-8
120mm_type64;Type 64
105mm_t13;T13
115mm_3bk_4;3BK4
115mm_3bm4;3BM4
115mm_3of_11;3OF11
115mm_3bm3;3BM3
150mm_jgr_38;I.Gr.38
150mm_jgr_39;I.Gr.39 HI/A
37mm_mgr_18;M.Gr.18
105mm_m728;M728
35_228mm_he_i_t;DM 11A1
35_228mm_apds_t;DM 23
35_228mm_aphe_i;DM 13
20mm_granata_m35;Granata mod.35
20mm_perforante_m35;Perforante mod.35
105mm_imi_m156;M156
105mm_imi_m152;M152
37mm_perforante;Granata Perforante da 37 mm
20mm_Oerlikon_AP/name;20 mm AP belt
20mm_Oerlikon_AP/name/short;AP, 20 mm
20mm_Oerlikon_HE/name;20 mm HE belt
20mm_Oerlikon_HE/name/short;HE, 20 mm
15mm_ger_he/name;15 mm HE belt
15mm_ger_he/name/short;HE, 15 mm
15mm_ger_ap/name;15 mm AP belt
15mm_ger_ap/name/short;AP, 15 mm
15mm_ger_apcr/name;15 mm APCR belt
15mm_ger_apcr/name/short;APCR, 15 mm
20mm_m594;M594
20mm_m601;M601
25mm_m792;M792
25mm_m791;M791
76mm_m464;M464
155mm_sgr_m60;sgr m/60
60mm_m300;M300
60mm_oto_he;OTO HE
60mm_oto_he_vt;OTO HE-VT
105mm_ofl_g2;OFL 105 G2
305mm_46_perforante_sap;305 mm SAP
305mm_46_palla_apcbc;305 mm APCBC
120mm_50_gr_perf_1909_sap;120 mm SAP
76mm_40_gr_perf_aphe;76 mm APHE
76mm_40_contro_aerea;76 mm HE-TF
127mm_51_apc;5 inch APC
65mm_granata_dirompente;65 mm HE Dirompente
65mm_contro_aerea;65 mm HE-TF Contro Aerea
127mm_54_vt_hc_mk41;5 inch Mark 41 HC-VT
283mm_spgr_l_3_6_he_bdz;283 mm Sprgr. L/3.6 Bdz
283mm_psgr_l_3_2;283 mm Psgr. L/3.2
150mm_spgr_l_3_2_kz_he;150 mm Sprgr. L/4.1 Kz
150mm_spgr_l_3_2_sap;150 mm Sprgr. L/4.1 Bdz
150mm_45_pzgr_l_3_7;150 mm Psgr. L/3.7
88mm_45_spgr_l_3_6;88 mm Spgr. L/3.6 Kz
88mm_sprgr_skl45_ztz;88 mm Spgr. Ztz
305mm_7crh_mk15_apc;12-inch Mk.15 APC
127mm_50_mk15_common;5-inch Mk.15 common
127mm_50_apc;5-inch APC
76mm_aa_mk23_he_tf;3-inch AA HE-TF
305mm_50_41st_yt_he;12-inch HE
305mm_50_41st_yt_apc;12-inch APC
120mm_45_3rd_yt_he;4,7-inch HE
152mm_45_41st_yt_he;6-inch HE
152mm_45_41st_yt_apc;6-inch APC
76mm_40_41st_yt_he_tf;3-inch AA HE-TF
100mm_zs_58r;100 mm ZS-58R HE-VT
305mm_spgr_l_3_8_bdz_he;305 mm Spgr. L/3.8 Bdz
305mm_spgr_l_3_3_bdz_sap;305 mm Spgr. L/3.3 SAP
305_psgr_l_3_4_apc;305 mm Psgr. L/3.4
305mm_spgr_l_3_3_bdz_he;305 mm Spgr. L/3.3 SAP
102mm_50_bl_he;4 inch HE
102mm_50_bl_cpc;4 inch CPC
305mm_mk18_ap;12-inch Mk.18 AP
305mm_mk7_apcbc;12-inch Mk.7 APCBC
305mm_cl_b_he;12-inch Cl.B HE
203mm_mk_21_apc;8 inch Mk.21 APCBC
356mm_ordinary_type_sap;356 mm ordinary SAP
356mm_ordinary_type0_sap;356 mm Common Type 0
356mm_type3_apc;356 mm 3rd Year Type APC
356mm_type91_apc;356 mm Type 91 APC
305mm_obr1911_ap;12-inch AP patt.1911
305mm_obr1911_he;12-inch HE patt.1911
305mm_obr1911_sap;12-inch SAP patt.1911
305mm_obr1928_er_he;12-inch HE patt.1928
75mm_obr1915_hetf;75 mm HE-TF
76mm_obr1915_hetf;76 mm HE-TF
130mm_obr1911_he;130 mm HE patt.1911
130mm_obr1911_sap;130 mm AP patt.1911
120mm_obr1911_he;120 mm patt.1911 HE
120mm_obr1911_sap;120 mm patt.1911 SAP
76mm_45_ww_i_tf;76 mm HE-TF
305mm_4crh_mark_2a_he;305 mm Mark IIa HE
305mm_4crh_mark_6a_apc;305 mm Mark VIa APC
305mm_4crh_mark_7a_cpc;305 mm Mark VIIa SAPCBC
305mm_mk15_ap;12 inch Mk.15 APC
76mm_50_mk2_common;76 mm CP
130mm_of_482m;OF-482M
130mm_br_482b;BR-482B
76mm_he_mom;76/62 HE-MOM
76mm_he_mom_vt;76/62 HE-VT MOM
76mm_sapom_sap;76/62 SAPOM
76mm_oto_apfsds;76/62 APFSDS
gr_perforante_mod_39;Granata Perforante mod.39
granata_mod_34;Granata mod.34
75mm_gr_perforante_75;Granata Perforante da 75
75mm_m32;Granata mod.32
75mm_gr_perforante_75_32;Granata Perforante mod.32
75mm_m42_eps;EPS M42
75mm_eps_m42;EPS M42
75mm_gr_fumogena;Gr. Fumogena
47mm_m35_he;Granata mod.35
47mm_m35_ap;Granata Perforante mod.35
47mm_m39_apc;Granata Perforante mod.39
90mm_gr_90;Granata da 90
90mm_gr_perforante;Granata Perforante da 90
90mm_gr_perforante_m43;Granata Perforante mod.43
90mm_gr_ca;Granata Esplosiva mod.36R
90mm_m625a1;M625A1
90mm_m652a1;M652A1
90mm_m620a1;M620A1
90mm_m618a1;M618A1
100mm_gr_mod32;Granata da 100 Mod.32
100mm_gr_mod914;Granata da 100 Mod.914
100mm_ep;Effetto Pronto da 100
105mm_gr_perforante;Granata Perforante da 105
105mm_ep_m43;Effetto Pronto mod.43
20mm_m52a1;M52A1
20mm_m53;M53
20mm_m56a3;M56A3
20mm_m242a1;M242A1
20mm_m246a1;M246A1
47mm_aphe;Shell Mk.I
88mm_pzgr;Pzgr.
23mm_apit;API-T
23mm_heit;HEI-T
30mm_vog_30;VOG-30
35mm_dkp_01a;DKP01A-35
35mm_dkg_01a;DKG01A-35
100mm_9m_117;9M117
100mm_9m_117m1;9M117M1
105mm_falaric;Falarick 105
40mm_m811;M811
40mm_m811_fuze_delay;M811 Fuze Delay
40mm_m822;M822
105mm_t298e1;T298E1
105mm_t182e1;T182E1
105mm_t279;T279
105mm_m111;M111 Hetz-6
30mm_UBR6;3UBR6
30mm_UOF8;3UOF8
30mm_UOR6;3UOR6
30mm_3UBR8;3UBR8
30mm_3ubr_11;3UBR11
170mm_bae_swingfire;BAe Swingfire
76mm_type0_navy_he;8 cm Type 0 HE
45mm_br_240_ap;BR-240
76mm_dm261;76 mm DM-261
76mm_dm251;76 mm DM-251
76mm_mk29;76 mm AP Mk.29
76mm_hc_mk27;76 mm HC Mk.27
76mm_mk31;76 mm HE-VT
76mm_m78;76 mm APHE
120mm_50_granata_perforante_ap;120 mm APCBC Perforante
120mm_50_granata_dirompente_he;120 mm HE Dirompente
120mm_50_granata_dirompente_contro_aerea_he;120 mm HE-TF Contro-aerea
120mm_50;120 mm HE
102mm_45_sap;4 inch SAP
75_32_apcbc;Granata Perforante 75/32
75_32_he;Granata 75/32
81mm_3d17;81 mm smoke grenade 3D17
127_bgm_71_TOW;TOW
127mm_atgm_tow;TOW
152mm_hj9;HJ-9
70mm_m247;M247
25mm_ pgu_25_u;PGU-25/U
25mm_m919;M919
25mm_pmb_09;PMB 090
30mm_mk258;MK258
30mm_mk_266;MK266
30mm_m928;M928
127mm_swift;ZT3A1
127mm_ingwe;ZT3A2
127mm_i_tow;I-TOW
152mm_tow_2;TOW-2
152mm_tow_2a;TOW-2A
127mm_tow_2b;TOW-2B
103_milan;MILAN
120mm_122tm_he;HEF-FS
120mm_122tm_steel;120-I
120mm_122tm_tungsten;120-II
120mm_122tm_heat;HEAT-FS
atgm_302;302 Anti-tank Missile
115_milan_2;MILAN 2
type_79_asm;Type 79 ASM
type_79_atgm;Type 79
127_bgm_71_itow;I-TOW
75mm_43m;43.M pancelgranat
75mm_43m_he;43.M repeszgranat
75mm_43m_heat;43.M pancelrobbantogranat
75mm_42m;42.M
75mm_42_38m;42/38.M
75mm_42_36m;42/36.M
57_438mm_ap;57х438 AP-T
57_438mm_he;57х438 HE-T
57_438mm_he_vt;57х438 HE-VT
57_438mm_sap;57х438 SAP-T
155mm_oe_155_56_he;OE 155 56
120mm_obus_de_rupture;120 mm Obus de rupture
120mm_obus_explosif;120 mm Obus explosif
30mm_jfsv_53_he;30-JFSv-53
30mm_jpzsv_53_59;30-JPZSv-53/59
100mm_sa47_apcbc;100 mm Obus de rupture
100mm_sa47_he;100 mm Obus explosif
142mm_muc;MUC
142mm_acra;MP ACRA
125mm_bur;BUR
125mm_rubin;Rubin
90mm_occ_90_f2;OCC 90 F2
90mm_ofum_90_f1;OFUM 90 F1
90mm_ofl_f1;OFL 90 F1
90mm_ofum_ph90;OFUM PH90-F2
90mm_oe_90_f1;OE 90 F1
90mm_occ_90_62;OCC 90-62
75mm_xm885;XM885
105mm_ofl_f3;OFL 105 F3
105mm_occ_f3;OCC 105 F3
105mm_o_fum_ph_f3;O-FUM-PH-105 F3
105mm_oe_f3;OE 105 F3
105mm_occ_f1;OCC 105 F1
105mm_ofl_105_f1;OFL 105 F1
105mm_ofl_105_g1;OFL 105 G1
105mm_oe_f1_mle60;OE 105 F1 Mle.60
105mm_ofph_f1;OFPH 105 F1
90mm_sa45_apc;PCO-50
90mm_sa45_he;90 mm Obus explosif
13mm_p;P
13mm_tp;TP
75mm_obus_de_rupture;75 mm OR Mle.44
75mm_obus_explosif;75 mm OE Mle.28
75mm_sa50_he;OE Mle 1951
75mm_pot51a;POT-51A
75mm_pcot51p;PCOT-51P
25mm_mle1934_tp_ch_f;Mle1934 TP (Ch.F)
20mm_B;20 mm AP
165mm_m123;M123
75mm_mle1917;Mle.1917
164mm_nord_ss11;SS.11
47mm_mle1892g;Mle.1892G
47mm_mle1935;Mle.1935
47mm_mle1935_he;Mle.1935 HE
75mm_mle1915;Mle.1915
75mm_mle1910m;Mle.1910M
47mm_mle1936;Mle.1936
155mm_mle15;Mle.1915
75mm_mle_1900_he;Mle.1900
75mm_mle1916;Mle.1916
30mm_pmc287;PMC287
30mm_pmc308;PMC308
120mm_m322;CL3143
120mm_m338;M338
120mm_m322_idf;M322
120mm_m325;M325
120mm_m339;M339
203mm_50_53_gr_dir_he;203 mm HE Dirompente
203mm_50_53_gr_dir_contro_aerea_he;203 mm HE-TF Contro-aerea
203mm_50_53_gr_perf_aphebc;203 mm APHEBC Perforante
37mm_gr_tracciante_da37ca_he_t;37 mm HE-TF DA 37 c.a.
40mm_apfs_ds;40 mm APFSDS
40mm_bofors_breda_hei_t;40 mm HEI-T
40mm_bofors_breda_he_pff;40 mm HE-PFF
nettuno_mk1_asw;Nettuno Mk.1 anti-ship missile
120mm_45_granata_dirompente_he;120 mm HE Dirompente
120mm_45_granata_perforante_ap;120 mm APBC Perforante
120mm_45_granata_dirompente_contro_aerea_he;120 mm HE-TF Contro-aerea
135mm_45_gr_dir_he;135 mm HE Dirompente
135mm_45_gr_perf_aphebc;135 mm APHEBC Perforante
135mm_45_gr_dir_contro_aerea_he_tf;135 mm HE-TF Contro-aerea
203mm_50_mk_ib_sapcbc;8 inch Mark I.B. SAPCBC
203mm_50_mk8_he;8 inch HE
45mm_f75_he;45 mm F-75 HE
45mm_or75_heit;45 mm OR-75 HEF-T
130mm_naval_of_42;130 mm OF-42 HE
130mm_naval_pb_42;130 mm PB-42 SAP
130mm_aa_zs_42p;130 mm ZS-42R HE-VT
100mm_oea_f1_he;100 mm OEA F1 HE
100mm_opf_f4_aavt;100 mm OPF F4 PFHE
375mm_erika;375 mm M/50 Bofors anti submarine rocket launcher
283mm_sprgr_l_4_2_kz;283 mm Spgr L/4.2 Kz HE
283mm_spgr_l_4_2_bdz;283 mm Spgr L/4.2 Bdz SAP
283mm_psgr_l_3_7;283 mm Psgr L/3.7 APBC
320mm_rur4;320 mm RUR-4 antisubmarine rocket
320mm_rur/short;RUR-4
155mm_60_type0_he;155 mm Type 0 HE
155mm_60_type91_ap;155 mm Type 91 APHE
37mm_jp_type_94_aphe;37 mm APHE
37mm_jp_type_94_he;37 mm HE
37mm_jp_type_11_he;37 mm HE
152mm_50_qf_mk5_navy_ap;6 inch AP
152mm_50_qf_mk5_navy_he;6 inch HE
152mm_50_qf_mk5_navy_vt_he;6 inch HE-VT
76mm_nc101_navy_he_vt;3 inch NC101 HE-VT
76mm_jp_type90_he;75 mm type 90 HE
76mm_jp_type90_he_tf;75 mm type 90 HE-TF
76mm_jp_type95_he;75 mm type 95 AP
20mm_mk_149_apds;20 mm Mk.149 APDS
130mm_srboc;130 mm cartridge
120mm_common_type1;120 mm Type 1 HE
120mm_jp_type_0;120 mm Type 0 HE
120mm_type1_sap;120 mm Type 1 SAP
127mm_jp_type_1;127 mm Type 1 HE
127mm_jp_type_1_tf;127 mm HE-TF
140mm_1940_type0_he;140 mm type 0 HE
140mm_1940_type0_he_tf;140 mm type 0 HE-TF
140mm_1940_type2_sap;140 mm type 2 SAP
140mm_1934_mod1_sap;140 mm mod 1 SAP
80mm_common_type_0;76.2 mm type 0 HE
200mm_type4_common_he;200 mm HE common
200mm_type88_no6_apc;200 mm Type 88 APCBC
203mm_type91_ap;20.3 cm Type 91 AP
203mm_type91_common_he;20.3 cm Type 91 common HE
203mm_type0_he;20.3 cm Type 0 HE
203mm_type0_he_tf;20.3 cm Type 0 HE-TF
152mm_type4_sap;152 mm Type 4 SAP
152mm_type0_he;152 mm Type 0 HE
152mm_type0_he_tf;152 mm Type 0 HE-TF
80mm_common_type_98;76.2 mm Type 98 HE
80mm_common_type_98_tf;76.2 mm Type 98 HE-TF
203mm_spgr_l_4_7_kz_he;20.3 cm L/4.7 Kz HE
203mm_pzgr_l_4_4;20.3 cm L/4.4 (m.Hb) APBC
203mm_sprgr_l_4_7_bdz_he;20.3 cm L/4.7 Bdz (m.Hb) SAP
105mm_pzrg_l_4_2_apc;10.5 cm L/4.2 AP
152mm_of35;152 mm OF-35 HE
152mm_b35;152 mm B-35 AP
152mm_pb35;152 mm PB-35 SAP
152mm_zs35;152 mm ZS-35 AA
100mm_of_55;100 mm OF-55 HE
100mm_zs_55;100 mm ZS-55 AA
100mm_f_55;100 mm F-55 HE-F
100mm_zs_55r;100 mm ZS-55R AA-VT
82mm_o_832_he;82 mm O-832 mortar bomb
203mm_mk_14_common;8 inch Mk.14 Common
203mm_mk_19_apc;8 inch Mk.19 APCBC
203mm_mk25_hc;8 inch Mk.25 HC
203mm_mk17_special_common;8 inch Mk.17 SP Common
190mm_45_bl_sap;7.5 inch SAPC
190mm_45_bl_he;7.5 inch HE
uk_114mm_45_sap;4.5 inch SAP
uk_114mm_45_he;4.5 inch HE
uk_114mm_45_he_dist_fuse;4.5 inch HE-TF
uk_114mm_45_he_radio_fuse;4.5 inch HE-VT
30mm_vog_17a;30 mm HE grenade
45mm_f_73;45 mm F-73
76mm_ww_ii_he;76 mm HE shell
212mm_rgb25;RGB-25
212mm_rgb60;RGB-60
140mm_m_140of;M-140F
127mm_25_aac_mk36;5 inch Mk.36 AAC
127mm_25_vt_aac_mk28;5 inch Mk.28 AAC-VT
130mm_obr1928_he;130 mm pat.1928 HE
130mm_obr1928_sap;130 mm pat.1928 SAP
130mm_obr1928_dist;130 mm dist. granade
88mm_sprgr_32;8.8 cm Sprgr. 32 L/4.5
88mm_sprgr_ztz;8.8 cm Sprgr. L/4.5 Zt.Z
133mm_qf_mk1_he;5.25 inch HE
133mm_qf_mk1_vt_he;5.25 inch HE-VT
133mm_mark_ii_sap;5.25 inch Mark II SAP
152mm_50_5_10crh_he;6 inch HE
152mm_50_5_10crh_df_he;6 inch HE-TF
152mm_50_5_10crh_vt_he;6 inch HE-VT
152mm_50_5_10crh_cpbc;6 inch CPBC
130mm_naval_pb_46a;130 mm PB-46A SAPBC
130mm_aa_zs_46p;130 mm ZS-46R HE-VT
130mm_naval_of_46;130 mm OF-46 HE
76mm_naval_br_361;76 mm BR-361
85mm_naval_o_365m;85 mm O-365M
85mm_naval_o_365k;85 mm O-365K
85mm_naval_br_365;85 mm BR-365
45mm_naval_br_240_ap;45 mm BR-240
76mm_naval_of_350m;76 mm OF-350M
76mm_naval_br_350a;76 mm BR-350A
100mm_f_56;100 mm F-56 HE
100mm_zs56_aa;100 mm ZS-56 HE
100mm_zs56r_vt;100 mm ZS-56R HE-VT
100mm_2_01542_aa;100 mm anti-air HE
100mm_1928_navy_HE;100 mm HE
102mm_mod1915_navy_HE;102 mm HE
102mm_mod191_navy_shrapnel;102 mm shrapnel
76mm_sh_354p_navy_shrapnel;76 mm shrapnel
76mm_o_361k;76 mm O-361K
76mm_o_361d;76 mm O-361D
76mm_qf_shrapnel_mk_i_navy_shrapnel;76 mm Mk.I shrapnel
40mm_158R_hv_mk_ii;40 mm HE 2Pr Mk. II
40mm_158R_ap_mk_ii;40 mm AP
102mm_qf_navy_shrapnel;102 mm shrapnel
100mm_3_9_inch_he;100 mm HE
120mm_50_ansaldo_1926_ap;120 mm AP
100mm_3_9_inch_he_tf;100 mm HE-TF
20mm_mod35_he;20 mm HE
20mm_sprgr_l_spur;20 mm HET
20mm_pzgr_l_spur;20 mm APT
40mm_vickers_terni_mod30_he;40 mm HE-F
40mm_vickers_terni_mod15_17_he;40 mm HE-TF
152mm_45_he;6 inch HE
152mm_45_cpbc;6 inch CPBC
152mm_45_cpc;6 inch CPC
152mm_53_granata_dirompente_he;152 mm HE Dirompente
152mm_53_granata_dirompente_he_tf;152 mm HE-TF Contro-aerea
152mm_53_palla_aphebc;152 mm APHEBC Palla
100mm_47_granata_dirompente_he;100 mm HE Dirompente
100mm_47_granata_perforante_aphe;100 mm APHE Perforante
100mm_47_granata_dirompente_contro_aerea_he_df;100 mm HE-TF Contro-aerea
40mm_39_he;40 mm HE
102mm_45_he;4 inch HE
102mm_45_df_he;4 inch HE-TF
102mm_45_vt_he;4 inch HE-VT
102mm_mark_va;4 inch SAP
120mm_l_45_he;120 mm HE
150mm_pzgr_l_3_7;15 cm Pzgr. L/3.7 (m.Hb)
150mm_spgr_l_4_4_bdz;15 cm Spgr. L/4.4 Bdz (m.Hb)
150mm_spgr_l_4_4_kz_he;15 cm Spgr. L/4.4 Kz
150mm_spgr_l_4_5_kz_he;15 cm Spgr. L/4.5 Kz (m.Hb)
150mm_spgr_l_4_5_bdz_he;15 cm Spgr. L/4.5 Bdz (m.Hb)
150mm_spgr_l_4_5_ztz_he;15 cm Spgr. L/4.5 Zt.Z
150mm_spgr_l_4_6_kz_he;15 cm Spgr. L/4.5 Kz (m.Hb)
152mm_sc_mk27_ap;6 inch Mk.27 SC
152mm_hc_mk_34;6 inch Mk.34 HC
152mm_hc_mk_34_bf;6 inch Mk.34 HC (base fuze)
152mm_hc_mk_34_vt;6 inch Mk.34 HC-VT
152mm_47_ap_mk35;6 inch Mk.35 AP
25mm_mk1_sd;1.1 inch Mk.1 HE-T
102mm_hc_mk15;4 inch HC Mk.15
102mm_hc_mk15_bf;4 inch HC Mk.15 (base fuze)
102mm_sp_common_mk16;4 inch SP Common
76mm_mk3_common;3 inch Common Mk.3
76mm_mk26_aa;3 inch AA Mk.26
105mm_sprgr_l_44_kz;10.5 cm Sprgr. L/4.4 Kpf.Z
105mm_sprgr_l_44_bdz;10.5 cm Sprgr. L/4.4 Bd.Z
105mm_sprgr_l_44_ztz;10.5 cm Sprgr. L/4.4 Zt.Z
150mm_spgr_l_45_kz;15 cm Spgr. L/4.5 Kpf.Z
380mm_psgr_l_44_ap;Psgr. L/4.4
380mm_spr_gr_l_4_5_bdz;Sprgr. L/4.5
380mm_spr_gr_l_4_6_kz;Sprgr. L/4.6
30mm_of_83;30 mm HEF-I
30mm_f_83;30 mm HE
30mm_br_83;30 mm APT
76mm_OF62_navy;76 mm HE OF-62
76mm_zs62_navy;76 mm HE ZS-62
180mm_of32_1928;180 mm OF-32
180mm_b32_1928;180 mm B-32
180mm_pb32_1928;180 mm PB-32
180mm_zs32_1928;180 mm ZS-32
20mm_oerlikon_mk7_he_t;20 mm Mk.7 HET
20mm_oerlikon_mk9_ap_t;20 mm Mk.9 AP-T
45mm_or_73a;45 mm OR-73A HET
45mm_o_240;45 mm O-240 HE
47mm_pdr_he;3 pdr Mk.2 HE
85mm_type1956;DTP56-85
100mm_type1959;DTW59-100
37mm_spgr_lh_37;37 mm Spgr L/4.1 Lh 37
37mm_pzgr_zerl;37 mm Psgr L'spur Zerl
75mm_type4_ap_kou;Type 4 Kou
75mm_type_4_apcr;Type 4 APCR
100mm_3d3;3D3
128mm_sprgr_l44_bdz;12.8 cm Sprgr. L/4.4 Bd.Z
128mm_sprgr_l44_kpfz;12.8 cm Sprgr. L/4.4 Kpf.Z
128mm_sprgr_l44_ztz;12.8 cm Sprgr. L/4.4 Zt.Z
170mm_swingfire;BAe Swingfire
170mm_swingfire_mk_2;BAe Swingfire Mk.2
127mm_type_0;127 mm HE
127mm_type_0_aa;127 mm HE-TF
20mm_Shot_AP_T;20 mm APT
20mm_Shell_HE;20 mm HE
127mm_aa_mk34_mod10;5 inch AAC Mk.34
127mm_mk32_common;5 inch Common Mk.32
127mm_aa_mk31_mod1;5 inch AAVT Mk.31
127mm_mk46_special_common;5 inch SP Common Mk.46
127mm_it_aa_mk34_mod10;127 mm AAC Mk.34
127mm_it_mk32_common;127 mm Common Mk.32
127mm_it_aa_mk31_mod1;127 mm AAVT Mk.31
127mm_it_mk46_special_common;127 mm SP Common Mk.46
75mm_m66;M66
90mm_dm502;DM 502
120mm_l26;L26A1
120mm_l27a1;L27A1
105mm_type93;Type 93
183mm_hesh;L1
120mm_t14e3;T14E3
120mm_t17e1;T17E1
155mm_m107;M107
155mm_m110;M110
155mm_m112b1;M112B1
155mm_t29e1;T29E1
120mm_t20e3;T20E3
120mm_m73;M73
88mm_spgr_lh31;8.8 cm Spgr. L/4.5 Lh 31
88mm_spgr_br_lh31;8.8 cm Spgr. L/4.5 Br. Lh 31
85mm_3bk2;3BK2
15mm_sprgr;SprGr
15mm_pzgr;Pzgr. L'spur
15mm_brsprgr;Brsprgr. L'spur
15mm_pzbrgr;Pzbrgr.
76mm_br_361;BR-361
76mm_o_361;O-361
90mm_t142e3;T142E3
76mm_howitzer_shell_he;3-inch Mark II
152mm_m69_he_fs;152 mm HE
152mm_m69_apds_fs;152 mm APDS-FS
152mm_m69_heat;152 mm HEAT-FS
132mm_m_13;M-13
300mm_m_31_uk;M-31-UK
100mm_3bk_17m;3BK17M
100mm_m1000a1;M1000A1
100mm_3bm25;3BM25
100mm_3of_32;3OF32
100mm_3of_70;3OF70
20mm_brgr;2cm Brgr.L'Spur 151
20mm_pzbrgr_ph;2cm Pzbrgr.(Ph) 151
20mm_dm63;DM 63
20mm_dm43;DM 43
20mm_dm51a1;DM 51A1
40mm_36m;36M
40mm_39m;39M
40mm_43m;43M
90mm_t320;T320E60
90mm_t340e14h;T340E14H
90mm_t339e14;T339E14
76mm_d350a;D-350A
122mm_d462a;D-462A
105mm_exp_he;Experimental HE
105mm_type2_aphe;Type 2 APHE
76mm_shell_ss_mk1;17pdr Shell SS Mk.1
83mm_shell_ss_mk1;20pdr Shell SS Mk.1
120mm_smoke_l34;L34A2
178mm_hedgehog_projectile;Hedgehog projectile
105mm_f_h_gr_nb;F.H.Gr.Nb.
75mm_k_gr_rot_nb;K.Gr.Rot Nb.
75mm_m89;M89
75mm_m88;M88
75mm_m64;M64
75mm_m361;M361
90mm_m313;M313
105mm_m84;M84
105mm_m416;M416
120mm_m357;M357
40mm_m_dn51;40 mm M-DN51 HE-T
40mm_he_t_pf;40 mm HE-T-PF
114mm_he_shell;114 mm HE
25mm_type96_apt;25 mm APT
120mm_schneider_canet_common;Schneider-Canet SAP
120mm_schneider_canet_he;Schneider-Canet HE
70mm_type92_he;Type 92 HE
70mm_type95_ap;Type 95 APHE
120mm_common_he_base_fuze;C.P.(BF)
120mm_ordinary_mod_1;Ordinary, Mod.1
type_56_he;DTB56-85
type_56_apc;DTU56-85
type_56_hvap;BR-367P
type_56_ap;Type 56 AP
type_56_apbc;BR-365
type_56_apcr;Type 56 APCR
85mm_djw_85;DJW1-85
20mm_type100_ap;Type 100 AP-T
20mm_type100_he;Type 100 HE-T
37mm_aphe;Type 94 APHE
37mm_type1_ap;Type 1 APHE
47mm_type1_ap;Type 1 APHE
47mm_type1_he;Type 1 HE
57mm_type90_ap;Type 92 APHE
57mm_type90_he;Type 90 HE
57mm_type3;Type 3 HEAT
70mm_type3;Type 3 HEAT
75mm_type1_ap;Type 1 APHE
75mm_type2;Type 2 HEAT
75mm_type90;Type 90 HE
75mm_type94_he;Type 94 HE
75mm_type90_smoke;Type 90 Smoke
75mm_type95;Type 95 APHE
120mm_type88_mod4_fuze;Short Ordinary HE
120mm_type88_selective_fuze;Selective Fuze HE
150mm_type_92;Type 92 HE
150mm_type_95;Type 95 APHE
106mm_m344a1;M344A1
106mm_m361a1;M361A1
15mm_h_pzgr;H-Pzgr.
40mm_sprgr_patr_flak28_he;40 mm HE-T
37mm_m80;M80
76mm_howitzer_shell_smoke;3-inch Smoke
76mm_smoke_grenade;Smoke grenade
63mm_smoke_grenade;Smoke grenade
66mm_smoke_grenade;Smoke grenade
81mm_smoke_grenade;Smoke grenade
80mm_galix_smoke_grenade;Smoke grenade
125mm_3bm42m;3BM42M
125mm_3bm42_2;3BM44-2
125mm_3bm46;3BM46
125mm_3bm60;3BM60
125mm_tapna;TAPNA
120_aft_07;HJ-73E
125mm_hj_73;HJ-73
125mm_hj_73e;HJ-73E
125mm_9m_119m1;9M119M1
125mm_3bm42;3BM42
125mm_practice;3P11
125mm_9m_112;9M112
125mm_9m_119;9M119
125mm_3bk_12m;3BK12M
125mm_3bk_18m;3BK18M
125mm_3bm9;3BM9
125mm_3bm12;3BM12
125mm_3bm15;3BM15
125mm_3bm22;3BM22
125mm_3of_19;3OF19
125mm_3of_26;3OF26
125mm_3of_26_edkv;3OF26 EDKV
125mm_3of_82;3OF82
125mm_9M14;9М14
125mm_9M113;9М113
105mm_m735;M735
105mm_m456a2;M456A2
105mm_m774;M774
105mm_c76a1;C76A1
105mm_m833;M833
152mm_xm410e1;XM410E1
152mm_mgm_61c;MGM-51C
152mm_xm578e1;XM578E1
73mm_type_85_heat;DYP-73
73mm_type_85_he;DYS-73
73mm_og_9;OG-9
73mm_pg_9;PG-9
100mm_1_72_13;1-72-13 HEAT-FS
100mm_1_72_85;DTW71-100
100mm_1_71_74;DTB71-100
100mm_type1973;DTP71-100
type_44_he;DTB59
type_44_ap;DTC59
40mm_mk_i_navy;Mk.I (Navy)
120mm_mark_va;4.7 inch SAP Mk.VA
120mm_mark_viia;4.7 inch HE Mk.VIIA
120mm_mark_viia_df;4.7 inch HE-TF Mk.VIIA
120mm_mark_viia_vt;4.7 inch HE-VT Mk.VIIA
76mm_naval_he;76 mm HE
40mm_HF_MKII_TL;40 mm HET
40mm_M81_AP;40 mm APT
20x138B;20 mm AP
81mm_he_m43a1;M43A1
150mm_bill_2;rb 56B
150mm_bill;rb 56A
127mm_rb_55;rb 55
152mm_rb_55_c;rb 55C
127mm_rb_55_b;rb 55B
rbs_55;rb 55
25mm_pgu_25_u;PGU-25/U
25mm_pgu_20_u;PGU-20/U
120mm_m50z;sgr m/50Z
120mm_m50;hpgr m/50
155mm_zonar_m65;sgr m/60 (PF)
105mm_slsgr_m61;slsgr m/61A
105mm_slpprj_m61;slpprj m/61
105mm_slpprj_m62;slpprj m/62
105mm_slpprj_m66;slpprj m/66
105mm_rokgr_m61;rökgr m/61
105mm_slpprj_m80;slpprj m/80
95mm_shell_heat;Shell H.E./A.T.
95mm_shell_mk1a_he;Shell Mk.Ia
95mm_shell_se_mk1;Shell SE Mk,I
120mm_dm13;DM 13
120mm_dm12;DM 12
120mm_dm12a1;DM 12A1
37mm_mle1892;Mle1892
37mm_mle1937;Mle1937
130mm_type75;130 mm Type 75
105mm_type75;Type 75
105mm_type91;Type 91
37mm_mle1938;Mle1938
105mm_TYPE83_APDS;DTW1-105
105mm_TYPE83_HEAT;DTP1-105
105mm_TYPE83_HESH;DTJ1-105
105mm_dtb_1_he;DTB1-105
28_20mm_pzgr41;2.8/2cm Pzgr.41
120mm_ke_w;KE-W
120mm_m830a1;M830A1
120mm_m830;M830
120mm_m829;M829
120mm_m829a1;M829A1
120mm_m829a2;M829A2
105mm_gp_105;APS04
100mm_dyw_pt_86_100;DYW-100
125mm_dtp_125;DTP-125
125mm_dtb_125;DTB-125
125mm_dtw_125;DTW-125
125mm_GP125;GP125
125mm_dtb_12_he;DTB12-125
125mm_dtc10_125;DTC10-125
125mm_125_1;DTW85-1
105mm_dtw2_105;DTW2-105
120mm_dyw_1;DYW1-120
120mm_dys_120;DYS-120
120mm_ofl_120_f2;OFL 120 F2
120mm_ofl_120_f1;OFL 120 F1B
120mm_occ_120_g1;OCC 120 G1
120mm_ofl_120_g1;OFL 120 G1
115mm_3bk_15m;3BK15M
115mm_3bm21;3BM21
115mm_3bm28;3BM28
115mm_3of_27;3OF27
115mm_9m_117;9M117
120mm_jm12a1;JM 12A1
120mm_jm33;JM 33
120mm_dm23;DM 23
120mm_dm33;DM 33
120mm_dm43;DM 43A1
120mm_dm53;DM 53
120mm_dm_11;DM 11
165mm_l33a1;L33A1
75mm_slpprj_m40;slpprj m/40
75mm_sgr_m40;sgr m/40
75mm_rokgr_m22;rökgr m/22
75mm_slpprj_m40b;slpprj m/40B
75mm_slpgr_m39;slpgr m/39
75mm_sgr_m22_38;sgr m/22-38
105mm_slpprj_m44;slpprj m/44
105mm_slpsgr_m65;slpsgr m/65
120mm_slpprj_m95;slpprj m/95
20mm_slpgr_m42;slpgr m/42
20mm_slpprj_m40;slpprj m/40
20mm_slsgr_m42;slsgr m/42
40mm_kulsgr_m90;kulsgr m/90
40mm_slhpgr_m43;slhpgr m/43
40mm_slpprj_m01;slpprj m/01
40mm_slpprj_m42;slpprj m/42
40mm_slpprj_m42b;slpprj m/42B
40mm_slpprj_m90;slpprj m/90
40mm_slsgr_m36c;slsgr m/36C
40mm_slsgr_m90;slsgr m/90
40mm_slsgr_m484;slsgr m/484
81mm_pl03;Pl-3
81mm_ssk032;SSK 032
105mm_m1061;M1061
57mm_sgr_m43;sgr m/43
57mm_slpgr_m43;slpgr m/43
57mm_slpprj_m43;slpprj m/43
57mm_slpprj_m49;slpprj m/49
114mm_akr;akr 32/41
114mm_hkr;hkr 42/C
37mm_psav;psav Vj4
37mm_pstkr;pstkr 27-34
75mm_slpprj_m41;slpprj m/41
75mm_sgr_m38;sgr m/38
75mm_slpgr_m43;slpgr m/43
105mm_slsgr_m43;slpgr m/43
105mm_sgr_m34_lt;sgr m/34 LT
105mm_rokgr_m49;rökgr m/49
105mm_psgr_m49;psgr m/49
20mm_slpprj_m68;slpprj m/68
20mm_slsgr_71;slsgr m/71
150mm_sgr_m38;sgr m/38
37mm_slpprj_m38;slpprj m/38
37mm_slpgr_m39;slpgr m/39
37mm_slpprj_m49;3,7 cm slpprj m/49
75mm_slpprj_m49;7,5 cm slpprj m/49
90mm_slpsgr_m72;slpsgr m/72
90mm_slsgr_m72;slsgr m/72
105mm_l52a1;L52A1
410mm_no3_apc;410 mm No.3 APC
406mm_mk8_mod6_apcbc;406 mm Mk.8 Mod.6 APCBC
406mm_obr1915_28_sapcbc;406 mm SAPCBC patt.1928
406mm_obr1915_28_apcbc;406 mm APCBC patt.1928
460mm_type0_common_he;460 mm Type 0 common
460mm_type91_apc;460 mm Type 91 APCBC
381mm_50_sapcbc;381 mm Granata Perforante
381mm_50_apcbc;381 mm Palla APCBC
380mm_oea_mle1949_he;380 mm OEA Mle 1949 HE
380mm_opf_mle1936_apcbc;380 mm OPF Mle 1936 APCBC
380mm_opf_mle1943_apcbc;380 mm OPF Mle 1943 APCBC
76mm_gt4_he;76/62 HE
105mm_m900;M900A1
57mm_dky_1;DKY1-57
type_59_he;DKY59
type_59_ap;DKG59
type_59_apcbc;DKG59
25mm_type_87_he;DKU-25
25mm_type_87_api;DKL-25
30mm_zpz02_hei;DTY02-30
30mm_zpz02_apds;DTC04-30
40mm_im219_ap;IM219
40mm_m2_he;HE-I-T-M2
152mm_ddb_1;DDB37-152
152mm_ddb_1_vt;DDB66-152
152mm_3of25;3OF25
120mm_type_10;Type 10
380mm_sprgr4581;38 cm R Spgr.4581
128mm_pzgr_ts;12,8/8,8 Pzgr.TS
30mm_china_PTFP;BAH06-30
30mm_china_HE;BAE05-30
105mm_type_75_hesh;DTJ-105
105mm_type_75_heat;DYP-105
155mm_t267;T267
155mm_t152;T152E5
203mm_m106;M106
209mm_9m33;9M33
360mm_9m317ma;9M317MA
166mm_camm;CAMM
166mm_camm_er;CAMM-ER
125mm_bta4;BTA4-125
380mm_aster_30;Aster 30 Blk.1
30mm_dtc10_30;DTC10-30
350_psgr_l_4_2_apc;350 mm Spr.gr. L/4,2 Bdz.
350_psgr_l_3_6_apc;350 mm Psgr. L/3,6 APCBC
140mm_akeron_mp;Akeron MP
jp_type_03;SAM-4
cn_fm_3000;FM-3000
weapons/us_amraam_er/short;AMRAAM-ER
weapons/us_amraam_er;AMRAAM Extended Range
120mm_ke_w_a2;KE-W A2
130mm_9m120_1;9M120-1
130mm_9m120_1f;9M120-1F
30mm_UOF23;3UOF23
30mm_mk_310;MK310
105mm_type91_he;Type 91 HE
105mm_type91_heat;Type 3 HEAT
130mm_r2;RK-2S
120mm_f1_he;OE 120 F1
120mm_m829a3;M829A3
120mm_xm1147;M1147 AMP
150mm_gr_19_he;Gr.19
150mm_gr_39_hl_a_heat;Gr.39 Hl/A
150mm_gr_19_nb;Gr.19 Nb
150mm_gr_36_he;Gr.36
150mm_gr_19_be_sap;Gr.19 Be
150mm_pzgr_39_ts;Pzgr.39 TS
155mm_p3;P3
155mm_p5;P5
105mm_m393a3;M393A3
120mm_im_he;IM HE
rim_66c;SM-2MR Blk.1
30mm_l21a1;L21A1
120mm_Arjun_Mk1;120-mm FSAPDS Mk-I
120mm_Arjun_Mk2;120-mm FSAPDS Mk-II
120mm_Arjun_PCB;120-mm PCB
120mm_arjun_HESH;120-mm HESH
105mm_m_1010;M1010
fk_2000_rocket;FK-2000
155mm_ddb01_he;DDB01
155mm_ddb01_he_vt;DDB01 (VT)
;
;
;
<misc>;
;
caliber_5.56/desc;5.56 mm machine gun shell rack filled with %s bullets
caliber_5.8/desc;5.8 mm machine gun shell rack filled with %s bullets
caliber_6.5/desc;6.5 mm machine gun shell rack filled with %s bullets
caliber_7.5/desc;7.5 mm machine gun shell rack filled with %s bullets
caliber_7.62/desc;7.62 mm machine gun shell rack filled with %s bullets
caliber_7.7/desc;7.7 mm machine gun shell rack filled with %s bullets
caliber_7.92/desc;7.92 mm machine gun shell rack filled with %s bullets
caliber_8/desc;8 mm machine gun shell rack filled with %s bullets
caliber_8.6/desc;8.6 mm machine gun shell rack filled with %s bullets
caliber_12.7/desc;12.7 mm machine gun shell rack filled with %s bullets
caliber_13/desc;13 mm machine gun shell rack filled with %s bullets
caliber_13.2/desc;13.2 mm machine gun shell rack filled with %s bullets
caliber_14.5/desc;14.5 mm machine gun shell rack filled with %s bullets
caliber_15/desc;15 mm machine gun shell rack filled with %s bullets
caliber_20/desc;20 mm cannon shell rack filled with %s shells
caliber_23/desc;23 mm cannon shell rack filled with %s shells
caliber_25/desc;25 mm cannon shell rack filled with %s shells
caliber_27/desc;27 mm cannon shell rack filled with %s shells
caliber_30/desc;30 mm cannon shell rack filled with %s shells
caliber_35/desc;35 mm cannon shell rack filled with %s shells
caliber_37/desc;37 mm cannon shell rack filled with %s shells
caliber_40/desc;40 mm cannon shell rack filled with %s shells
caliber_45/desc;45 mm cannon shell rack filled with %s shells
caliber_47/desc;47 mm cannon shell rack filled with %s shells
caliber_50/desc;50 mm cannon shell rack filled with %s shells
caliber_57/desc;57 mm cannon shell rack filled with %s shells
caliber_75/desc;75 mm cannon shell rack filled with %s shells
caliber_76.2/desc;76 mm cannon shell rack filled with %s shells
caliber_85/desc;85 mm cannon shell rack filled with %s shells
caliber_88/desc;88 mm cannon shell rack filled with %s shells
caliber_100/desc;100 mm cannon shell rack filled with %s shells
caliber_102/desc;102 mm cannon shell rack filled with %s shells
caliber_105/desc;105 mm cannon shell rack filled with %s shells
caliber_122/desc;122 mm cannon shell rack filled with %s shells
caliber_128/desc;128 mm cannon shell rack filled with %s shells
caliber_130/desc;130 mm cannon shell rack filled with %s shells
caliber_152/desc;152 mm cannon shell rack filled with %s shells
;
;
universal/name;Omni-purpose %s mm ammunition belt
universal/name/short;Universal
ground_targets/name;%s mm ammunition belt for ground targets
ground_targets/name/short;Ground targets
all_tracers/name;%s mm ammunition belt with tracers
all_tracers/name/short;Tracers
stealth/name;%s mm ammunition belt for stealth attack
stealth/name/short;Stealth
tracers/name;%s mm ammunition belt with tracers
tracers/name/short;Tracers
tracer/name;%s mm ammunition belt with tracers
tracer/name/short;Tracers
antitank/name;%s mm ammunition belt for armored targets
antitank/name/short;Armored targets
armor_targets/name;%s mm ammunition belt for armored targets
armor_targets/name/short;Armored targets
armor_target/name;%s mm ammunition belt for armored targets
armor_target/name/short;Armored targets
antibomber/name;%s mm ammunition belt for air targets
antibomber/name/short;Air targets
air_targets/name;%s mm ammunition belt for air targets
air_targets/name/short;Air targets
air_target/name;%s mm ammunition belt for air targets
air_target/name/short;Air targets
fighter/name;%s mm ammunition belt for air targets
fighter/name/short;Air targets
night/name;%s mm night fighters ammunition belt
night/name/short;Night
apit/name;%s mm ammunition belt with API-T shells
apit/name/short;API-T
apt/name;%s mm ammunition belt with AP-T shells
apt/name/short;AP-T
api_apt/name;%s mm ammunition belt with AP-T and API shells
api_apt/name/short;AP-T/API
heit/name;%s mm ammunition belt with HEIT or IAI shells
heit/name/short;HEFI-T/IAI
mix/name;%s mm ammunition belt with API-T and HEFI-T shells
mix/name/short;Universal
turret_ap/name;%s mm turret ammunition belt with AP shells
turret_ap/name/short;Armored targets
turret_apit/name;%s mm turret ammunition belt with API shells
turret_apit/name/short;Universal
turret_api/name;%s mm turret ammunition belt with API shells
turret_api/name/short;Universal
turret_ap_he/name;%s mm turret ammunition belt with AP and HEF shells
turret_ap_he/name/short;Universal
turret_het/name;%s mm turret ammunition belt with AP and HEF shells
turret_het/name/short;Air targets
13mm_hotckiss_AP/name;AP-T
13mm_hotckiss_AP/name/short;AP-T
12mm_usa_M2HB_common/name;Common
12mm_usa_M2HB_common/name/short;Common
14mm_ussr_KPVT_HEI/name;IAI
14mm_ussr_KPVT_HEI/name/short;IAI
14mm_ussr_KPVT_API/name;API-T
14mm_ussr_KPVT_API/name/short;API-T
14mm_apit;API-T
14mm_mdz;IAI
7_92mm_BESA_API/name;API-T
7_92mm_BESA_API/name/short;API-T
7_92mm_BESA_AP/name;AP-T
7_92mm_BESA_AP/name/short;AP-T
turret_ap_t/name;%s mm turret ammunition belt with AP-T shells
turret_ap_t/name/short;AP-T
turret_he/name;%s mm turret ammunition belt with AP and HEF shells
turret_he/name/short;Air targets
turret_apt/name;%s mm turret ammunition belt with AP shells
turret_apt/name/short;Armored targets
napalm;Incendiary mixture
mg131_fighter/name;Omni-purpose ammunition belt for 13 mm machine gun
mg131_fighter/name/short;Universal
mg131_apt/name;13 mm machine gun ammunition belt with APT bullets
mg131_apt/name/short;APIT
mg131_heit/name;13 mm machine gun ammunition belt with HEIT bullets
mg131_heit/name/short;IAI
mgc30l_apit/name;20 mm armor-piercing incendiary shells with tracers
mgc30l_apit/name/short;APIT
mgc30l_heit/name;20 mm HE fragmentation-incendiary shells with tracers
mgc30l_heit/name/short;HEFI-T
mgc30l_mix/name;20 mm HE fragmentation-incendiary and armor-piercing incendiary shells with tracers.
mgc30l_mix/name/short;Universal
nr23_turret_heit/name;23 mm fragmentation-incendiary shells with tracers
nr23_turret_heit/name/short;FI-T
nr23_turret_apit/name;23 mm armor-piercing incendiary shells with tracers
nr23_turret_apit/name/short;APIT
23mm_ussr_HEIT/name;23 mm HE fragmentation-incendiary shells with tracers
23mm_ussr_HEIT/name/short;HEFI-T
23mm_ussr_APIT/name;23 mm armor-piercing incendiary shells with tracers
23mm_ussr_APIT/name/short;APIT
20mm_Vulcan_HEI/name;20 mm HE fragmentation-incendiary shells with tracers
20mm_Vulcan_HEI/name/short;HEFI-T
20mm_Vulcan_API/name;20 mm armor-piercing incendiary shells with tracers
20mm_Vulcan_API/name/short;APIT
ap_i_ball_m8;API
ap_i_t_ball_m20;API-T
ap_i_t_ball_bzt_44;API-T
;
;
;
<Random Naval Ammo> ;
;
modification/12mm_usa_M2HB_APIT_navy_ammo_pack;.50 APIT belt
modification/15mm_ger_ap_navy_ammo_pack;15 mm APIT belts
modification/15mm_ger_he_navy_ammo_pack;15 mm HEIT belts
15mm_ger_ap_navy/name;15 mm APIT belts
15mm_ger_he_navy/name;15 mm HEIT belts
12mm_usa_M2HB_APIT_navy/name;.50 APIT belt
12mm_usa_M2HB_AP_navy/name;.50 AP belt
modification/12mm_usa_M2HB_API_navy_ammo_pack;.50 API belt
modification/12mm_usa_M2HB_AP_navy_ammo_pack;.50 AP belt
modification/7_7mm_lewis_navy_ap_ammo_pack;7.7 mm AP belt
modification/7_7mm_lewis_navy_incendiary_pack;7.7 mm API belt
7_7mm_lewis_navy_ap/name;7.7 mm AP belt
7_7mm_lewis_navy_incendiary/name;7.7 mm API belt
13mm_type93_naval_heit/name;13 mm HEIT belt
13mm_type93_naval_heit_ammo_pack/name;13 mm HEIT belt
13mm_type93_naval_apt_ammo_pack/name;13 mm APT belt
13mm_type93_naval_apt/name;13 mm APT belt
20mm_ger_c38_navy_ap/name;20 mm APT magazines
20mm_ger_c38_navy_he/name;20 mm HET magazines
modification/20mm_ger_c38_navy_ap_ammo_pack;20 mm APT magazines
modification/20mm_ger_c38_navy_he_ammo_pack;20 mm HET magazines
modification/20mm_oerlikon_navy_he_ammo_pack;20 mm HE magazines
modification/20mm_oerlikon_navy_ap_ammo_pack;20 mm AP magazines
25mm_type96_naval_ap/name;25 mm APT belt
25mm_type96_naval_incendiary/name;25 mm HEIT belts
20mm_jp_type98_naval_he/name;20 mm HET magazines
20mm_jp_type98_naval_ap/name;20 mm APT magazines
40mm_type91_naval_he/name;40 mm HE clips
40mm_type91_naval_sap/name;40 mm AP clips
40mm_type91_naval_dist_fuse/name;40 mm HE-TF clips
20mm_oerlikon_navy_he/name;20 mm HE
20mm_oerlikon_navy_ap/name;20 mm AP
modification/76mm_usa_AA_radio_fuze_ammo_pack;76 mm HE-RF
modification/76mm_usa_navy_AP_ammo_pack;76 mm AP
76mm_usa_navy_AP/name;76 mm AP
88mm_ger_flak36_navy_disnant_fuse_HE/name;88 mm HE (distant fuse)
modification/88mm_ger_flak36_navy_disnant_fuse_HE_ammo_pack;88 mm HE (distant fuse)
modification/20mm_ger_flak38_HE_ammo_pack;20 mm HE magazines
modification/20mm_ger_flak38_AP_ammo_pack;20 mm AP magazines
20mm_ger_flak38_HE/name;20 mm HE magazines
20mm_ger_flak38_AP/name;20 mm AP magazines
37mm_ger_skc30_HE/name;37 mm Pzgr Zerl
37mm_ger_skc30_APHE/name;37 mm Spgr Lh 37
modification/37mm_ger_skc30_HE_ammo_pack;37 mm Pzgr Zerl
modification/37mm_ger_skc30_APHE_ammo_pack;37 mm Spgr Lh 37
37mm_ger_flak_navy_he/name;37 mm HE clips
37mm_ger_flak_navy_ap/name;37 mm APT clips
modification/37mm_ger_flak_navy_he_ammo_pack;37 mm HE clips
modification/37mm_ger_flak_navy_ap_ammo_pack;37 mm APT clips
40mm_bofors_l60_navy_ap/name;40 mm AP clips
40mm_bofors_l60_navy_he/name;40 mm HE clips
modification/40mm_bofors_l60_navy_ap_ammo_pack;40 mm AP clips
modification/40mm_bofors_l60_navy_he_ammo_pack;40 mm HE clips
modification/152mm_it_naval_APHE_delayed_fuse_ammo_pack;152 mm AP (delayed fuse)
modification/152mm_it_naval_HE_delayed_fuse_ammo_pack;152 mm HE (delayed fuse)
modification/76mm_ger_dm261_HE_radio_fuse_ammo_pack;76 mm HE-RF
25mm_2m3_he_navy/name;25 mm HE magazines
25mm_2m3_ap_navy/name;25 mm AP magazines
modification/12mm_vickers_mk5_navy_API_ammo_pack;12.7 mm API
modification/12mm_vickers_mk5_navy_HEI_ammo_pack;12.7 mm I
12mm_vickers_mk5_navy_HEI/name;12.7 mm I
12mm_vickers_mk5_navy_API/name;12.7 mm API
12mm_dshk_navy_he/name;12.7 mm HE belts
12mm_dshk_navy_ap/name;12.7 mm APIT belts
modification/new_gun;New MGs and cannons
modification/30mm_mk_103_38_AP_navy_ammo_pack;30 mm API magazines
modification/30mm_mk_103_38_APCR_navy_ammo_pack;30 mm HEIT magazines
30mm_mk_103_38_AP_navy/name;30 mm API magazines
30mm_mk_103_38_APCR_navy/name;30 mm HEIT magazines
modification/37mm_ussr_61K_naval_AP_HE_ammo_pack;37mm APIT clips
40mm_qf_mkxv_he/name;40 mm HE
40mm_qf_mkxv_ap/name;40 mm AP
20mm_shvak_navy_he/name;20 mm HE belts
20mm_shvak_navy_ap/name;20 mm AP belts
20mm_ger_mg151_20_navy_ap/name;20 mm AP belts
20mm_ger_mg151_20_navy_he/name;20 mm HE belts
37mm_ussr_70K_naval_HE/name;37 mm HE clips
37mm_ussr_70K_naval_AP/name;37 mm AP clips
modification/37mm_ussr_70K_naval_HE_ammo_pack;37 mm HE clips
modification/37mm_ussr_70K_naval_AP_ammo_pack;37 mm AP clips
20mm_it_breda_he/name;20 mm HE belts
20mm_it_breda_ap/name;20 mm AP belts
30mm_ussr_naval_he/name;30 mm HE belts
30mm_ussr_naval_he_frag/name;30 mm HE-I belts
20mm_jm61_rfs_naval_hei/name;20 mm HEI belts
20mm_jm61_rfs_naval_apit/name;20 mm APIT belts
20mm_jm61_rfs_naval_apds/name;20 mm APDS belts
12mm_breda_safat_he/name;12,7 mm HE belts
12mm_breda_safat_incendiary/name;12,7 mm Incendiary belts
12mm_breda_safat_ap/name;12,7 mm AP belts
modification/40mm_vickers_terni_mod_1915_17_he_df;40 mm HE-TF
20mm_rh202_naval_heit/name;20 mm HEIT belts
modification/20mm_rh202_naval_heit_ammo_pack;20 mm HEIT belts
20mm_rh202_naval_apit/name;20 mm APIT belts
modification/20mm_rh202_naval_apit_ammo_pack;20 mm APIT belts
20mm_rh202_naval_apds/name;20 mm APDS belts
modification/20mm_rh202_naval_apds_ammo_pack;20 mm APDS belts
modification/57mm_britain_6pdr_apc_navy_ammo_pack;Shot Mk.8
57mm_britain_6pdr_apc_navy/name;Shot Mk.8
modification/305mm_ussr_52_obr1907_1941_navy_he;12-inch HE patt.1928
modification/305mm_ussr_52_obr1907_1941_navy_he_ammo_pack;12-inch HE patt.1928
modification/127mm_usa_mk42_mod0_common_sap;5-inch Common SP Mk.42
modification/127mm_usa_mk42_mod0_common_sap_ammo_pack;5-inch Common SP Mk.42
modification/127mm_usa_mk41_mod0_he_vt;5-inch HC-VT Mk.41
modification/127mm_usa_mk41_mod0_he_vt_ammo_pack;5-inch HC-VT Mk.41
modification/343mm_uk_navy_cpc_h;13.5 inch CPC
modification/343mm_uk_navy_cpc_h_ammo_pack;13.5 inch CPC
modification/343mm_uk_mark1a_navy_apc;13.5 inch APC Mk.Ia
modification/343mm_uk_mark1a_navy_apc_ammo_pack;13.5 inch APC Mk.Ia
modification/76mm_it_armstrong_navy_aphe;76-mm APHE
modification/76mm_it_ansaldo_navy_he_df;76-mm HE-TF
modification/76mm_it_ansaldo_navy_he_df_ammo_pack;76-mm HE-TF
modification/76mm_it_ansaldo_navy_he;76-mm HE
modification/76mm_it_ansaldo_navy_he_ammo_pack;76-mm HE
modification/343mm_uk_mark3a_navy_apc;13.5 inch APC Mk.IIIa
modification/343mm_uk_mark3a_navy_apc_ammo_pack;13.5 inch APC Mk.IIIa
modification/280mm_ger_skc34_sprgr_kz_navy_he;283-mm Spgr. L/4.4 Kz HE
modification/280mm_ger_skc34_pzgr_navy_apc;283-mm Psgr. L/4,4 APCBC
modification/280mm_ger_skc34_pzgr_navy_apc_ammo_pack;283-mm Psgr. L/4,4 APCBC
modification/280mm_ger_skc34_spgr_bdz_navy_sap;283-mm Spgr. L/4,4 Bdz SAP
modification/280mm_ger_skc34_spgr_bdz_navy_sap_ammo_pack;283-mm Spgr. L/4,4 Bdz SAP
modification/280mm_ger_skc34_aa_distant_fuse_navy_he;283-mm Spgr. L/4,4 Zt.Z HE-DF
modification/280mm_ger_skc34_aa_distant_fuse_navy_he_ammo_pack;283-mm Spgr. L/4,4 Zt.Z HE-DF
modification/380mm_ger_skc34_aa_distant_fuse_navy_he;380-mm Spgr. L/4,6 Zt.Z HE-DF
modification/380mm_ger_skc34_aa_distant_fuse_navy_he_ammo_pack;380-mm Spgr. L/4,6 Zt.Z HE-DF
modification/76mm_us_mk34_navy_he;76 mm Mk.34 HE
modification/76mm_us_mk34_navy_he_radio_fuse;76 mm Mk.34 HE-VT
modification/76mm_us_mk34_navy_he_radio_fuse_ammo_pack;76 mm HE-VT
modification/76mm_it_om1_he;76 mm OM-1 HE
modification/76mm_it_om2_he;76 mm OM-2 HE
modification/76mm_it_om2_he_ammo_pack;76 mm OM-2 HE
modification/76mm_it_om2_he_radio_fuse;76 mm OM-2 HE-VT
modification/76mm_it_om2_he_radio_fuse_ammo_pack;76 mm OM-2 HE-VT
modification/381mm_uk_bl_mk1_4crh_navy_cpc;15-inch 4crh CPC
modification/381mm_uk_bl_mk1_4crh_navy_apc;15-inch 4crh Mark IIa APC
modification/381mm_uk_bl_mk1_4crh_navy_apc_ammo_pack;15-inch 4crh Mark IIa APC
modification/380mm_germ_skl_45_base_fuse_navy_he;380-mm Spr.gr. L/4,1 Bdz.
modification/380mm_germ_skl_45_navy_apcbc;380-mm Psgr. L/3,5 APCBC
modification/380mm_germ_skl_45_navy_apcbc_ammo_pack;380-mm Psgr. L/3,5 APCBC
modification/305mm_ussr_54_b_50_navy_ap;305-mm APCBC
modification/305mm_ussr_54_b_50_navy_ap_ammo_pack;305-mm APCBC
modification/152mm_it_45cal_schneider_naval_he;152 mm HE Dirompente
modification/152mm_it_45cal_schneider_naval_ap;152 mm APHE Perforante
modification/152mm_it_45cal_schneider_naval_ap_ammo_pack;152 mm APHE Perforante
modification/152mm_it_45cal_schneider_mod1916_naval_ap;152 mm APHE Perforante da 152/45-50
modification/152mm_it_45cal_schneider_mod1916_naval_ap_ammo_pack;152 mm APHE Perforante da 152/45-50
modification/25mm_mk38_naval_he;25 mm HEIT belts
modification/25mm_mk38_naval_he_ammo_pack;25 mm HEIT belts
modification/25mm_mk38_naval_apds;25 mm APDS belts
modification/25mm_mk38_naval_apds_ammo_pack;25 mm APDS belts
25mm_mk38_naval_he/name;25 mm HEIT belts
25mm_mk38_naval_apds/name;25 mm APDS belts
modification/128mm_ger_c41_naval_HE;12.8 cm Spgr. L/4,5 Kz (mHb)
modification/128mm_ger_c41_naval_HE_base_fuze;12.8 cm Spgr. L/4,5 Bd.Z (mHb)
modification/128mm_ger_c41_naval_HE_base_fuze_ammo_pack;12.8 cm Spgr. L/4,5 Bd.Z (mHb)
modification/128mm_ger_c41_naval_HE_dist_fuze_ap;12.8 cm Spgr. L/4,5 Zt.Z (mHb)
modification/128mm_ger_c41_naval_HE_dist_fuze_ap_ammo_pack;12.8 cm Spgr. L/4,5 Zt.Z (mHb)
modification/120mm_ussr_50cal_Bofors_he;120 mm HE Bofors
modification/37mm_fr_50_he;37 mm HE
modification/138mm_fr_40_1927_he;138.6 mm HE
modification/138mm_fr_40_1927_sap;138.6 mm SAP
modification/138mm_fr_40_1927_sap_ammo_pack;138.6 mm SAP
modification/155mm_fr_m1924_navy_he;155 mm M1924 HE
modification/155mm_fr_m1924_naval_he_base_fuse;155 mm M1924 HE-TF
modification/155mm_fr_m1924_naval_he_base_fuse_ammo_pack;155 mm M1924 HE-TF
modification/155mm_fr_m1924_navy_sap;155 mm M1924 SAP
modification/155mm_fr_m1924_navy_sap_ammo_pack;155 mm M1924 SAP
modification/75mm_oea_mle1925_navy_he_nose_fuse;75 mm OEA Mle 1925
modification/320mm_it_40_navy_sap;320 mm Granata Perforante
modification/320mm_it_40_palla_navy_apcbc;320 mm APHEBC Palla
modification/320mm_it_40_palla_navy_apcbc_ammo_pack;320 mm APHEBC Palla
modification/90mm_50_it_navy_he_df;90 mm HE-TF
modification/203mm_fr_oea_mle1927_navy_he;203 mm 1927 HE
modification/203mm_opf_mle1927_navy_sapc;203 mm 1927 SAP
modification/203mm_opf_mle1927_navy_sapc_ammo_pack;203 mm 1927 SAP
modification/90mm_50_fr_oea_mle1925_navy_he;90 mm 1925 HE
modification/90mm_50_fr_oea_mle1925_navy_he_df;90 mm 1925 HE-TF
modification/90mm_50_fr_oea_mle1925_navy_he_df_ammo_pack;90 mm 1925 HE-TF
modification/305mm_fr_45_opf_mle1910_navy_apc;305 mm 1910 APC
modification/305mm_fr_45_opf_mle1910_navy_apc_ammo_pack;305 mm 1910 APC
modification/138mm_fr_55_1910_sap;138.6 mm 1910 SAP
modification/138mm_fr_55_1910_sap_ammo_pack;138.6 mm 1910 SAP
modification/138mm_fr_55_1921_sap;138.6 mm 1921 common SAP
modification/138mm_fr_55_1921_sap_ammo_pack;138.6 mm 1921 common SAP
modification/340mm_fr_mle_1912_navy_apc;340 mm 1912 APC
modification/340mm_fr_mle_1912_navy_apc_ammo_pack;340 mm 1912 APC
modification/340mm_fr_mle_1921_navy_apc;340 mm 1921 APCBC
modification/340mm_fr_mle_1921_navy_apc_ammo_pack;340 mm 1921 APCBC
modification/130mm_fr_40_1932_navy_he;130 mm M1932 HE
modification/130mm_fr_40_1923_navy_sap;130 mm M1923 SAP
modification/130mm_fr_40_1923_navy_sap_ammo_pack;130 mm M1923 SAP
modification/152mm_fr_m1937_navy_he;152 mm M1937 HE
modification/152mm_fr_m1937_naval_sap;152 mm M1937 SAP
modification/152mm_fr_m1937_naval_sap_ammo_pack;152 mm M1937 SAP
modification/152mm_fr_us_navy_apcbc;152 mm M1923 SAP
modification/152mm_fr_us_navy_apcbc_ammo_pack;152 mm M1923 SAP
modification/200mm_jp_type3_navy_common;203 mm Type 3 HE
modification/200mm_jp_type3_navy_apc;203 mm Type 3 AP
modification/200mm_jp_type3_navy_apc_ammo_pack;203 mm Type 3 AP
