<HUD>;
;
;
;
<RWR>;
;
hud/rwr_threat_ai;AI
hud/rwr_threat_ai/desc;Air Intercept radar
hud/rwr_threat_aaa;A
hud/rwr_threat_aaa/desc;Surface-to-Air Missile System
hud/rwr_threat_naval;NV
hud/rwr_threat_naval/desc;Surface ship
hud/rwr_threat_attacker;AT
hud/rwr_threat_attacker/desc;Attacker Radar
;
hud/rwr_threat_pulse;PULSE
hud/rwr_threat_pulse/desc;Pulse signal
hud/rwr_threat_mprf;MPRF
hud/rwr_threat_mprf/desc;Pulse-Doppler radar with medium pulse repetition frequency
hud/rwr_threat_hprf;HPRF
hud/rwr_threat_hprf/desc;Pulse-Doppler radar with high pulse repetition frequency
hud/rwr_threat_pd;PD
hud/rwr_threat_pd/desc;Pulse-Doppler radar
hud/rwr_threat_cw;CW
hud/rwr_threat_cw/desc;Continuous wave signal
hud/rwr_threat_cw_pd;CW/PD
hud/rwr_threat_cw_pd/desc;Continuous wave or Pulse-Doppler signal
hud/rwr_threat_tws;TWS
hud/rwr_threat_tws/desc;Track-while-scan
hud/rwr_threat_ai_pd;AI PD
hud/rwr_threat_ai_pd/desc;Pulse-Doppler Air Intercept radar
hud/rwr_threat_ai_ro;AI R/O
hud/rwr_threat_ai_ro/desc;Airborne Range Finder
hud/rwr_threat_aaa_ai;AAA/AI
hud/rwr_threat_aaa_ai/desc;Anti-Aircraft Artillery or Air Intercept radar
hud/rwr_threat_air_defence;A/D
hud/rwr_threat_air_defence/desc;Air Defence System
hud/rwr_threat_ai_track;AI TRK
hud/rwr_threat_ai_track/desc;Air Intercept radar in track mode
hud/rwr_threat_aaa_track;AAA TRK
hud/rwr_threat_aaa_track/desc;Anti-Aircraft Artillery in track mode
hud/rwr_threat_sam_track;SAM TRK
hud/rwr_threat_sam_track/desc;Surface-to-Air Missile System in track mode
hud/rwr_threat_sam_launch;SAM LNC
hud/rwr_threat_sam_launch/desc;Surface-to-Air Missile System in missile launch mode
hud/rwr_threat_low;LO
hud/rwr_threat_low/desc;Threat in low frequency band
hud/rwr_threat_mid;MID
hud/rwr_threat_mid/desc;Threat in medium frequency band
hud/rwr_threat_high;HI
hud/rwr_threat_high/desc;Threat in high frequency band
hud/rwr_threat_sam_low;SAM LO
hud/rwr_threat_sam_low/desc;Surface-to-Air Missile System in low frequency band
hud/rwr_threat_sam_mid;SAM MID
hud/rwr_threat_sam_mid/desc;Surface-to-Air Missile System in medium frequency band
hud/rwr_threat_sam_high;Surface-to-Air Missile System in medium frequency band
hud/rwr_threat_sam_high/desc;Surface-to-Air Missile System in high frequency band
hud/rwr_threat_aaa_low;AAA LO
hud/rwr_threat_aaa_low/desc;Anti-Aircraft Artillery in low frequency band
hud/rwr_threat_aaa_ai_mid;AAA/AI
hud/rwr_threat_aaa_ai_mid/desc;Anti-Aircraft Artillery or Air Intercept radar
hud/rwr_threat_ai_high;AI HI
hud/rwr_threat_ai_high/desc;Air Intercept radar in high frequency band
hud/rwr_threat_nike_hercules;N-H
hud/rwr_threat_nike_hercules/desc;MIM-14 Nike-Hercules
hud/rwr_threat_hawk;HAWK
hud/rwr_threat_hawk/desc;MIM-23 Hawk
hud/rwr_threat_sa_75;SA75
hud/rwr_threat_sa_75/desc;SA-75 Dvina
hud/rwr_threat_s_75;S75
hud/rwr_threat_s_75/desc;S-75 Desna
hud/rwr_threat_s_125;S125
hud/rwr_threat_s_125/desc;S-125 Neva
hud/lws_laser;LSR
hud/mlws_missile;MSL
;
;
;
<RWR ID>;
;
MSL;M
?;U
;
HRR;AV
F4E;4E
F4J;4J
F4;4
F5;5
F14;14
F15;15
F16;16
F18;18
A64;64
;
M19;19
M21;21
M23;23
S24;24
M25;25
M29;29
S30;30
S34;34
M28;28
K52;52
;
TRF;F3
E2K;EF
;
F2;F2
;
J10;10
J17;JF
;
M2K;M2
RFL;RF
;
A32;32
J35;35
J37;37
J39;39
;
C10;KF
;
;
ADS;AD
SNL;NS
PRT;P
;
GPD;A
RLD;RO
IRS;4D
;
Z23;A
Z37;A
S75;2
S125;3
2K11;4
93;8
S300;10
BUK;11
9K3;15
2S6;19
S1;22
22;22
9K7;27
;
MSM;A
RPR;RP
GRF;1X
;
81;81
3;3
;
625;CS
HQ11;11
;
CRT;CR
ABL;AB
;
ASR;AS
;
SPR;SP
;
;
;
<NCTR>;
;
hud/single prop;PROP
hud/multi prop;MPROP
hud/single jet;JET
hud/multi jet;MJET
hud/helicopter;HELI
hud/rocket;MSL
hud/small;SMAL
hud/medium;MED
hud/large;LARG
;
hud/a_4;A4
hud/a_6;A6
hud/a_7;A7
hud/a_10;A10
hud/f_100;F100
hud/f_101;F101
hud/f_104;F104
hud/f_105;F105
hud/f_106;F106
hud/f_111;F111
hud/f_117;F117
hud/b_52;B52
hud/b_66;B66
hud/f3h_2;F3H
hud/f4d_1;F4D
hud/f_84;F84
hud/f_86;F86
hud/f_89;F89
hud/f_11;F11
hud/f_4;F4
hud/f_5;F5
hud/f_8;F8
hud/f_14;F14
hud/f_15;F15
hud/f_16;F16
hud/f_18;F18
hud/f_20;F20
hud/mq_1;MQ1
;
hud/alpha_jet;ALPH
hud/p_16;P16
;
hud/mig_15;MG15
hud/mig_17;MG17
hud/mig_19;MG19
hud/mig_21;MG21
hud/mig_23;MG23
hud/mig_25;MG25
hud/mig_29;MG29
hud/yak_28;YK28
hud/yak_30;YK30
hud/yak_38;YK38
hud/yak_141;YK41
hud/yak_130;Y130
hud/su_7;SU7
hud/su_15;SU15
hud/su_17;SU17
hud/su_24;SU24
hud/su_25;SU25
hud/su_27;SU27
hud/tu_95;TU95
hud/l_39;L39
;
hud/javelin;JAVL
hud/scimitar;SCIM
hud/hunter;HNTR
hud/lightning;LGTN
hud/harrier;HARR
hud/jaguar;JAGR
hud/tornado;TORN
hud/typhoon;EUFI
hud/buccanier;BUCC
;
hud/f_1;F1
;
hud/q_5;Q5
hud/jh_7;JH7
hud/j_8;J8
hud/j_10;J10
hud/jf_17;JF17
hud/wing_loong;GJ1
;
hud/g_91;G91
hud/sagittario;SAGI
hud/amx;A11
hud/iar_93;IA93
;
hud/mystere;MYST
hud/super_mystere;SMYS
hud/mirage_3;MIR3
hud/mirage_f1;MF1
hud/mirage_2000;M2K
hud/mirage_4000;M4K
hud/rafale;RAF
hud/etendard;ETND
;
hud/tunnan;J29
hud/lansen;J32
hud/draken;J35
hud/viggen;J37
hud/gripen;J39
;
;
;
<ARM NCTR>;
;
hud/short_range_spaa;SSAM
hud/medium_range_spaa;MSAM
hud/long_range_spaa;LSAM
hud/ewr;EWR
hud/aircraft;AIR
hud/ship;SHIP
;
;
hud/m_163;M163
hud/xm_246;M246
hud/m_247;M247
hud/adats;ADTS
hud/claws;SLAM
hud/hawk;HAWK
hud/patriot;PTRT
;
hud/gepard;GPRD
hud/roland;RLND
hud/iris_t;IRIS
;
hud/zsu_23_4;ZS23
hud/zsu_37_2;ZS37
hud/strela_10;STRL
hud/osa;OSA
hud/2s6;2S6
hud/tor;TOR
hud/buk;BUK
hud/buk_m3;BUK3
hud/pantsir_s1;S1
hud/pantsir_sm_sv;SMSV
hud/s300;S300
;
hud/falcon;FLCN
hud/marksman;MKSM
hud/za_35;ZA35
hud/rapier;RAPR
hud/sky_sabre;SSBR
;
hud/type_87;TY87
hud/type_81;TY81
hud/type_03;TY03
;
hud/pgz_88;PG88
hud/pgz_09;PG09
hud/pgz_04;PG04
hud/antelope;CHN1
hud/hq17;AK17
hud/hq11;AK11
hud/pgz_625;CSA5
;
hud/otomatic;OTOM
;
hud/amx_30_dca;DCA
hud/crotale;CRTL
hud/samp_t;SAMP
;
hud/lvkv_9040_c;LVKV
hud/asrad;ASRD
hud/elde_98;EL98
hud/nomads;NMDS
;
hud/spyder;SPDR
;
;
;
<US A-A>;
;
ils/us_aim7e_sparrow;SP
ils/us_aim7e2_dogfight_sparrow;SP
ils/us_aim7f_sparrow;SP
ils/us_aim7f_sparrow_f_14;SP
ils/us_aim7f_sparrow_f_14/f_20;SP
ils/us_aim7m_sparrow;SP
ils/us_aim7m_sparrow_f_14;SP
ils/us_aim7m_sparrow_f_15;SP
ils/us_aim7m_sparrow_f_15_default;SP
ils/us_aim7m_sparrow_f_15/f15mfd;7M
ils/us_aim7m_sparrow_f_16;SP
ils/us_aim7m_sparrow_f_16_default;SP
ils/us_aim7f_sparrow/f_15e/1;F
ils/us_aim7f_sparrow/f_15e/2;F
ils/us_aim7m_sparrow/f_15e/1;M
ils/us_aim7m_sparrow/f_15e/2;M
ils/us_aim7m_sparrow_default/f_15e/1;M
ils/us_aim7m_sparrow_default/f_15e/2;M
ils/us_aim7p_sparrow_f_15/f_15e/1;P
ils/us_aim7p_sparrow_f_15/f_15e/2;P
ils/us_aim7p_sparrow_fa_18;SP
ils/us_aim7p_sparrow_fa_18_default;SP
ils/us_aim7p_sparrow_fa_18/f_15e/1;P
ils/us_aim7p_sparrow_fa_18/f_15e/2;P
;
ils/us_aim9d_sidewinder;SW
ils/us_aim9d_sidewinder_default;SW
ils/us_aim9g_sidewinder;SW
ils/us_aim9h_sidewinder;SW
ils/us_aim9l_sidewinder;SW
ils/us_aim9l_sidewinder_default/f_20;SW
ils/us_aim9l_sidewinder_default;9L
ils/us_aim9l_sidewinder/su_145;9L
ils/us_aim9l_sidewinder_default/su_145;9L
ils/us_aim9l_sidewinder_default_bol_pod/su_145;9L
ils/us_aim9l_sidewinder_bol_pod/su_145;9L
ils/us_aim9l_sidewinder/f15mfd;9L
ils/us_aim9l_sidewinder_default/f15mfd;9L
ils/us_aim9l_sidewinder/a_10c;AIM9L
ils/us_aim9m_sidewinder;SW
ils/us_aim9m_sidewinder_default;SW
ils/us_aim9m_sidewinder/su_145;9M
ils/us_aim9m_sidewinder_default/su_145;9M
ils/us_aim9m_sidewinder_bol_pod/su_145;9M
ils/us_aim9m_sidewinder/f15mfd;9M
ils/us_aim9m_sidewinder_default/f15mfd;9M
ils/us_aim9l_sidewinder_default/a_10c;AIM9L
ils/us_aim9m_sidewinder/a_10c;AIM9M
ils/us_aim9p4_sidewinder;SW
ils/us_aim9l_sidewinder/f_15e/1;S
ils/us_aim9l_sidewinder/f_15e/2;L
ils/us_aim9l_sidewinder_default/f_15e/1;S
ils/us_aim9l_sidewinder_default/f_15e/2;L
ils/us_aim9m_sidewinder/f_15e/1;S
ils/us_aim9m_sidewinder/f_15e/2;M
ils/us_aim9m_sidewinder_default/f_15e/1;S
ils/us_aim9m_sidewinder_default/f_15e/2;M
;
ils/us_aim_54a;PH
ils/us_aim_54a_default;PH
ils/us_aim_54c;PH
ils/us_aim_54c_default;PH
;
ils/us_aim_120a;MRM
ils/us_aim_120a_default;MRM
ils/us_aim_120b;MRM
ils/us_aim_120b_default;MRM
ils/us_aim_120a/f15mfd;120A
ils/us_aim_120a_default/f15mfd;120A
ils/us_aim_120a/f15mfd;120A
ils/us_aim_120a_default/f15mfd;120A
ils/us_aim_120a_default/su_145;120A
ils/us_aim_120b/f15mfd;120B
ils/us_aim_120b_default/f15mfd;120B
ils/us_aim_120c_5/f15mfd;120C
ils/us_aim_120c_5_default/f15mfd;120C
ils/us_aim_120c_5_switzerland/f15mfd;120C
ils/us_aim_120c_5_default_switzerland/f15mfd;120C
ils/us_aim_120a/f_15e/1;A
ils/us_aim_120a/f_15e/2;A
ils/us_aim_120a_default/f_15e/1;A
ils/us_aim_120a_default/f_15e/2;A
ils/us_aim_120b/f_15e/1;A
ils/us_aim_120b/f_15e/2;B
ils/us_aim_120b_default/f_15e/1;A
ils/us_aim_120b_default/f_15e/2;B
ils/us_aim_120c_5/f_15e/1;A
ils/us_aim_120c_5/f_15e/2;C
ils/us_aim_120c_5_default/f_15e/1;A
ils/us_aim_120c_5_default/f_15e/2;C
ils/us_aim_120c_5_switzerland/f_15e/1;A
ils/us_aim_120c_5_switzerland/f_15e/2;C
ils/us_aim_120c_5_default_switzerland/f_15e/1;A
ils/us_aim_120c_5_default_switzerland/f_15e/2;C
;
;
;
<US A-G>;
;
ils/us_gbu_10_paveway_2/a_10c;GBU10
ils/us_gbu_10_paveway_2;GBU10
ils/us_gbu_12_paveway_2/a_10c;GBU12
ils/us_gbu_12_paveway_2;GBU12
ils/us_gbu_16_paveway_2;GBU16
ils/us_2000lb_gbu_24;GBU24
ils/us_2000lb_gbu31_usaf;GBU31
ils/us_2000lb_gbu31_usnavy;GBU31
ils/us_500lb_gbu38_usaf;GBU38
ils/us_500lb_gbu38_usnavy;GBU38
ils/us_gbu_39/a_10c;GBU39
ils/us_gbu_49_paveway_2;GBU49
ils/us_gbu_49_paveway_2/a_10c;GBU49
ils/us_500lb_gbu_54b_navy/f_15e/1;GBU54
ils/us_500lb_gbu_54b_navy/f_15e/2;
ils/us_2000lb_agm_130a_12/f_15e/1;AGM130
ils/us_2000lb_agm_130a_12/f_15e/2;
ils/us_2000lb_mk_84_ldgp/f_15e/1;MK84
ils/us_2000lb_mk_84_ldgp/f_15e/2;
ils/us_2000lb_mk_84_ldgp_air/f_15e/1;MK84AIR
ils/us_2000lb_mk_84_ldgp_air/f_15e/2;
ils/us_gbu_12_paveway_2/f_15e/1;GBU12
ils/us_gbu_12_paveway_2/f_15e/2;
ils/us_gbu_10_paveway_2/f_15e/1;GBU10
ils/us_gbu_10_paveway_2/f_15e/2;
ils/us_2000lb_gbu_24/f_15e/1;GBU24
ils/us_2000lb_gbu_24/f_15e/2;
ils/us_2000lb_egbu_24_paveway_3/f_15e/1;EGBU24B
ils/us_2000lb_egbu_24_paveway_3/f_15e/2;
ils/us_2000lb_gbu_15v2/f_15e/1;GBU15
ils/us_2000lb_gbu_15v2/f_15e/2;
ils/us_500lb_gbu38_usaf/f_15e/1;GBU38
ils/us_500lb_gbu38_usaf/f_15e/2;
ils/us_2000lb_gbu31_usaf/f_15e/1;GBU31
ils/us_2000lb_gbu31_usaf/f_15e/2;
ils/us_gbu_39/f_15e/1;GBU39
ils/us_gbu_39/f_15e/2;
ils/us_500lb_gbu_62_jdam_er/f_15e/1;GBU62
ils/us_500lb_gbu_62_jdam_er/f_15e/2;
ils/us_500lb_gbu_62_ljdam_er/f_15e/1;GBU62
ils/us_500lb_gbu_62_ljdam_er/f_15e/2;
ils/us_2000lb_gbu_64_jdam_er/f_15e/1;GBU64
ils/us_2000lb_gbu_64_jdam_er/f_15e/2;
ils/us_agm_62a_2_erdl/f_15e/1;WALY
ils/us_agm_62a_2_erdl/f_15e/2;
ils/us_agm_65g/f_15e/1;AGM65G
ils/us_agm_65g/f_15e/2;
ils/us_agm_65d/f_15e/1;AGM65D
ils/us_agm_65d/f_15e/2;
ils/us_agm_65e/f_15e/1;AGM65E
ils/us_agm_65e/f_15e/2;
ils/us_agm_65f/f_15e/1;AGM65F
ils/us_agm_65f/f_15e/2;
ils/us_agm_65f;AGM65F
ils/us_500lb_mk_82_ldgp/f_15e/1;MK82
ils/us_500lb_mk_82_ldgp/f_15e/2;
ils/us_500lb_mk_82_ldgp_snakeye/f_15e/1;MK82SN
ils/us_500lb_mk_82_ldgp_snakeye/f_15e/2;
ils/il_spice_2000/f_15e/1;SPICE
ils/il_spice_2000/f_15e/2;
;
ils/us_500lbs_mk_82_ldgp;MK82
ils/us_500lb_mk_82_ldgp_snakeye;MK82SN
ils/us_500lb_mk_82_ldgp/a_10c;MK82LD
ils/us_500lb_mk_82_ldgp_default/a_10c;MK82LD
ils/us_500lb_mk_82_ldgp_air/a_10c;MK82AIR
;
ils/us_2000lb_mk_84_ldgp/a_10c;MK84LD
ils/us_2000lb_mk_84_ldgp_air/a_10c;MK84AIR
ils/us_1000lb_mk_83_ldgp;MK83
ils/us_agm_65b;AGM65B
ils/us_agm_65d/a_10c;AGM65D
ils/us_agm_65g/a_10c;AGM65G
ils/us_agm_65g;AGM65G
ils/us_agm_65h;AGM65H
ils/us_agm_65l/a_10c;AGM65L
;
ils/us_hydra_70_m247/a_10c;ROCKETS
ils/us_hydra_70_m247_default/a_10c;ROCKETS
ils/us_apkws_m151/a_10c;AGR20A
ils/us_apkws_m282/a_10c;AGR20B
ils/us_2_75_in_ffar_mighty_mouse/f_15e/1;FFAR
ils/us_2_75_in_ffar_mighty_mouse/f_15e/2;
;
;
;
<RUS A-A>;
;
ils/su_r_13m1_default;Р13М1
ils/su_r_27t;27Т
ils/su_r_27t1;27Т1
ils/su_r_27r;27Р
ils/su_r_27r_default;27Р
ils/su_r_27r1;27Р1
ils/su_r_27r1_default;27Р1
ils/su_r_27er;27ЭР
ils/su_r_27er1;27ЭР1
ils/su_r_27et;27ЭТ
ils/su_r_27et1;27ЭТ1
;
ils/su_r_60;60
ils/su_r_60_default;60
ils/su_r_60m;60М
ils/su_r_60m_default;60М
ils/su_r_60mk;60МK
ils/su_r_60mk_default;60МK
ils/su_r_73;73
ils/su_r_73_default;73
ils/su_r_73e;73E
ils/su_r_73e_default;73E
ils/su_r_77;77
ils/su_r_77_default;77
ils/su_r_77_1;77-1
ils/us_r_77_1_default;77-1
ils/su_rvv_ae;RVVAE
ils/su_rvv_ae_default;RVVAE
;
ils/su_9M39/ils_28;ИГЛА
;
;
;
<RUS A-G>;
;
ils/su_ofab100_120;АБ
ils/su_fab250_m54;АБ
ils/su_fab_250m_62;АБ
ils/su_ofab250;АБ
ils/su_ofab250/ils_28;АБ
ils/su_ofab250sh;АБ
ils/su_fab_500m_62t;АБ
ils/su_fab500_m54;АБ
ils/su_fab500sh;АБ
ils/su_zb_500;АБ
ils/su_fab_1500m_54;1500M-54
;
ils/su_kab_250lg;250ЛГ
ils/su_kab_500kr;500Кр
ils/su_kab_500kr_e;500Кр
ils/su_kab_500l;500Л
ils/su_kab_500s;500С
ils/su_kab_1500l;1500Л
ils/su_upab_1500b;1500Б
ils/su_kab_1500lg;1500ЛГ
;
ils/su_s_5k_rocket;С5К
ils/su_s_8ko_rocket;С8
ils/su_s_8ko_rocket/ils_28;С-8
ils/su_s_13of_rocket;С13
ils/su_s_13of_rocket/ils_28;С-13
ils/su_s_24_rocket;С24
ils/su_s_24b_rocket;С24
ils/su_s_25o_rocket;С25О
ils/su_s_25of_rocket;С25ОФ
ils/su_s_25ofm_rocket;С25ОФМ
ils/su_s_25l_rocket;С25Л
;
ils/su_kh_25_haslaserchannel;25
ils/su_kh_25ml;25МЛ
ils/su_kh_29t;29Т
ils/su_kh_29td;29ТД
ils/su_kh_29te;29ТЕ
ils/su_kh_29l;29Л
ils/su_grom_1;ГРОМ
ils/su_grom_2;ГРОМ
ils/su_kh_38ml;38МЛ
ils/su_kh_38mt;38МТ
ils/su_kh_59m;59M
ils/su_kh_59me;59M
;
ils_mi35/su_9M114_default;9M114
ils_mi35/su_9M114;9M114
ils_mi35/su_9M120;9M120
ils/su_9M120M/ils_28;К
ils/su_9M120M/ils_28_st;К
ils/su_9M120M_laser_guided/ils_28;УР-А
ils/su_9M120M_laser_guided/ils_28_st;К
ils/su_9M120M_laser_guided_default/ils_28_st;К
ils/su_9m127_1/ils_28;УР-В
ils/su_9m127_1/ils_28_st;В-П
ils/su_9M127;9К121
ils/su_lmur/ils_28;305
ils/su_lmur/ils_28_st;305
;
ils/su_su34_3000l_drop_tank;ПТБ
;
;
;
<GBR A-A>;
;
ils/uk_skyflash_aim_7_dogfight_tornado/tornado;M
ils/uk_skyflash_aim_7_dogfight_tornado_default/tornado;M
ils/uk_skyflash_temp/tornado;M
;
ils/us_aim9l_sidewinder/tornado;S
ils/us_aim9l_sidewinder_default/tornado;S
;
ils/us_aim_120b/tornado;M
ils/r_darter;RD
ils/r_darter_default;RD
;
ils/us_aim9l_sidewinder/sea_harrier_fa2;STM
ils/us_aim9l_sidewinder_default/sea_harrier_fa2;STM
ils/us_aim9m_sidewinder/sea_harrier_fa2;STM
ils/us_aim9m_sidewinder_bol_pod/sea_harrier_fa2;STM
ils/us_aim_120b/sea_harrier_fa2;STM
ils/us_aim_120b_default/sea_harrier_fa2;STM
ils/us_aim_120b_bol_pod/sea_harrier_fa2;STM
;
;
;
<GBR A-G>;
;
ils/sa_zt_35_ingwe_ils_28;ZT3
ils/sa_zt_35_ingwe_ils_28_st;ZT3
ils/sa_zt_35_ingwe;ZT35
;
ils/uk_540lbs/sea_harrier_fa2;DFF
ils/uk_1000lbs_gp/sea_harrier_fa2;KFF
ils/uk_1000lbs_gp_n117/sea_harrier_fa2;KVT
ils/fr_sneb_type23/sea_harrier_fa2;2RP
ils/cannonADEN_mk4/sea_harrier_fa2;6GZ
;
;
;
<JPN A-A>;
;
ils/jp_aam3;AAM3
ils/jp_aam3/f15mfd;AAM3
ils/jp_aam3_default;AAM3
ils/jp_aam3_default/f15mfd;AAM3
;
ils/jp_aam4;AAM4
ils/jp_aam4/f15mfd;AAM4
ils/jp_aam4_default;AAM4
ils/jp_aam4_default/f15mfd;AAM4
;
;
;
<JPN A-G>;
;
ils/jp_asm1;ASM
ils/jp_asm1/f_15e/1;ASM1
ils/jp_asm1/f_15e/2;
ils/jp_asm2;ASM
ils/jp_asm2/f_15e/1;ASM2
ils/jp_asm2/f_15e/2;
;
;
;
<CHN A-A>;
;
ils/cn_pl8b;PL8
ils/cn_pl8b_default;PL8
ils/cn_pl12;PL12
ils/cn_pl12_default;PL12
;
;
;
<CHN A-G>;
;
ils/cn_ls_6_250;LS-6-250
ils/cn_ls_6_500;LS-6-500
;
ils/cn_ts_250;GB250
ils/cn_ls_500j;GB500
ils/cn_k_adc03a_targeting_pod;K/ADC03A
;
;
;
<FRE A-A>;
;
ils/fr_matra_super_530f;530
ils/fr_matra_super_530f_default;530
ils/fr_matra_super_530f_mirage_2000;530
ils/fr_matra_super_530f_mirage_2000_default;530
ils/fr_matra_super_530d;530
ils/fr_matra_super_530d_default;530
;
ils/fr_r_550_magic;MAG
ils/fr_r_550_magic_2;MAG
ils/fr_r_550_magic_2_default;MAG
ils/fr_r_550_magic_2/rafale;MAG
ils/fr_r_550_magic_2_default/rafale;MAG
;
ils/fr_mica_em;EM
ils/fr_mica_em_default;EM
;
;
;
;
<SWD A-A>;
;
ils/swd_rb74_default;RB74
ils/swd_rb74;RB74
ils/swd_rb74m;RB74M
ils/swd_rb74m_default;RB74M
;
ils/swd_rb71_default;RB71
ils/swd_rb71;RB71
ils/swd_rb99_default;RB99
ils/swd_rb99;RB99
;
;
;
<SWD A-G>;
;
ils/swd_135mm_psrak_m70_pshu;M/70
ils/swd_120kg_sb_m71;M/71
ils/swd_120kg_sb_m71_retarded;M/71
ils/swd_rb75;RB75
ils/swd_rb75t;RB75T
;
;
;
<ISR A-A>;
;
ils/il_pyton_3;P3
ils/il_pyton_3_default;P3
ils/il_pyton_3_default/f15mfd;P3
ils/il_pyton_3/f15mfd;P3
ils/il_pyton_4/f15mfd;P4
ils/il_pyton_3/targo;PY-3
ils/il_derby/targo;DRBY
;
;
;
<ISR A-G>;
;
ils/il_spice_250;SPICE
ils/il_spice_1000;SPICE
ils/il_spice_2000;SPICE
;
;
;
<MISC>;
;
ils/us_aim9l_sidewinder/typhoon/short;S
ils/us_aim9l_sidewinder/typhoon;SRAAM
ils/us_aim9l_i_sidewinder_default/typhoon/short;S
ils/us_aim9l_i_sidewinder_default/typhoon;SRAAM
ils/us_aim9l_i_sidewinder/typhoon/short;S
ils/us_aim9l_i_sidewinder/typhoon;SRAAM
ils/us_aim9l_i_1_sidewinder_default/typhoon/short;S
ils/us_aim9l_i_1_sidewinder_default/typhoon;SRAAM
ils/us_aim9l_i_1_sidewinder/typhoon/short;S
ils/us_aim9l_i_1_sidewinder/typhoon;SRAAM
ils/us_aim9m_sidewinder_default/typhoon/short;S
ils/us_aim9m_sidewinder_default/typhoon;SRAAM
ils/us_aim9m_sidewinder/typhoon/short;S
ils/us_aim9m_sidewinder/typhoon;SRAAM
ils/us_aim_120b_default/typhoon/short;M
ils/us_aim_120b_default/typhoon;MRAAM
ils/us_aim_120b/typhoon/short;M
ils/us_aim_120b/typhoon;MRAAM
ils/us_aim_120c_5_default/typhoon/short;M
ils/us_aim_120c_5_default/typhoon;MRAAM
ils/us_aim_120c_5/typhoon/short;M
ils/us_aim_120c_5/typhoon;MRAAM
;
ils/gr_litening_iii_targeting_pod/typhoon/short;TGP
ils/gr_litening_iii_targeting_pod/typhoon;LITENING III
ils/uk_brimstone_dm/typhoon/short;BS
ils/uk_brimstone_dm/typhoon;BS
ils/us_gbu_48_paveway_2/typhoon/short;GB
ils/us_gbu_48_paveway_2/typhoon;GBU
ils/us_500lb_gbu_54b/typhoon/short;GB
ils/us_500lb_gbu_54b/typhoon;GBU
ils/uk_paveway_iv/typhoon/short;GB
ils/uk_paveway_iv/typhoon;GBU
ils/uk_1000lbs_gp/typhoon/short;B
ils/uk_1000lbs_gp/typhoon;MC
ils/us_1000lb_mk_83_ldgp/typhoon/short;B
ils/us_1000lb_mk_83_ldgp/typhoon;MK83
ils/us_2000lb_mk_84_ldgp/typhoon/short;B
ils/us_2000lb_mk_84_ldgp/typhoon;MK84
;
ils/fr_mica_em_default/rafale;EM
ils/fr_mica_em/rafale;EM
;
ils/us_gbu_12_paveway_2/rafale;GBU12
ils/us_gbu_16_paveway_3/rafale;GBU16
ils/us_gbu_22_paveway_2/rafale;GBU22
ils/us_gbu_49_paveway_2/rafale;GBU49
ils/us_2000lb_gbu_24/rafale;GBU24
ils/fr_250kg_aasm_250_hammer_gps/rafale;AASM
ils/fr_250kg_aasm_250_hammer_ir/rafale;AASM
ils/fr_250kg_aasm_250_hammer_laser/rafale;AASM
ils/fr_250_samp_type_25/rafale;SAMP
;
;
;
;
;
;
;
;
;
;
;
;
;
HUD_SCREENSHOT_LINK;
HUD_STALL;
HUD_CRIT_ALT;PULL UP!
HUD_CRIT_SPEED;CRITICAL SPEED, PUSH NOSE DOWN!
HUD_TOO_HEAVY_FOR_VTOL;TOO HEAVY FOR VTOL!
HUD_CRIT_FLOOD;CRITICAL FLOODING, SPEED RESTRICTED!
HUD_PAUSE;PAUSE
HUD_AUTOPILOT;AUTOPILOT
TXT_FOLLOW_THE_PATH;FOLLOW THE SPECIFIED PATH!
HUD_RETURN;RETURN TO THE BATTLEFIELD!
HUD_RETURN_TIMER;RETURN TO THE BATTLEFIELD WITHIN:
HUD_ROYAL_AREA_TIMER;Battle Area will change in:
HUD_ROYAL_AREA_WARNING_TIMER;BATTLE AREA WILL CHANGE IN:
HUD_IS_VISIBLE_BY_ZONE;You are in the enemy detection zone and visible to them on the minimap.
TXT_LEAVE_ZONE_TIMER;LEAVE THE AREA WITHIN:
NET_PLAYER_QUIT_FROM_GAME;has quit the battle.
NET_PLAYER_DISCONNECT_FROM_GAME;has disconnected from the game.
NET_SERVER_LOST;Connection to the server is lost. You will be returned to menu.
NET_PLAYERS_LEFT;All players are disconnected.
NET_SERVER_QUIT_FROM_GAME;Connection to the battle server was lost. You will be returned to menu.
NET_CONNECTION_IS_LOST;Connection is lost. Check your internet connection.
NET_ALL_PLAYERS_DISCONNECTED;All players are disconnected.
NET_AIRCRAFT_LEADER;New leader is
NET_3_SCORE_LEFT;3 points left
NET_2_SCORE_LEFT;2 points left
NET_1_SCORE_LEFT;1 point left
NET_PLAYER_HAS_CRASHED;has crashed.
NET_PLAYER_KILLED_BY_PLAYER;shot down by
NET_PLAYER_HAS_RESPAWNED;is ready for action.
NET_PLAYER_KILLED_BY_UNIT;shot down by
NET_PLAYER_EXITED;left the vehicle
NET_UNIT_KILLED_BY_PLAYER;destroyed by
NET_CRITICAL_HIT;critically damaged by
NET_CRITICAL_HIT_BURN;set afire by
NET_CANNOT_ENTER_SESSION;Cannot join game session
NET_CANNOT_CREATE_SESSION;Cannot create game session
HOST_MIGRATION_FAILED;Host migration failed. You will be returned to menu.
MISSION_SUCCESS;Mission Accomplished
MISSION_FAIL;Mission Failed
MISSION_IN_PROGRESS;Mission is in progress
MISSION_FINISHED;Mission Complete
MISSION_ABORTED_BY_KICK;Mission aborted. You were removed for killing your teammates
MISSION_ABORTED_BY_KICK/EAC;Mission abort requested by EasyAntiCheat
MISSION_ABORTED_BY_KICK/AC;Mission abort requested by the anti-cheat system
MISSION_NO_ACTIVITY;No reward given due to player inactivity
FINALIZING;Waiting for results...
NEW_CLIENT/AIR_RAID;Attention!
NEW_CLIENT/EXIT_TITLE;Get ready for War Thunder: New Power.
NEW_CLIENT/EXIT_MESSAGE;warthunder.com
NO_COCKPIT;No cockpit available for this aircraft
HUD/TXT_COCKPIT_VIEW_ONLY;Available in Cockpit view only
GEARS_ON;Gear: Down
GEARS_OFF;Gear: Up
NO_GEAR_CONTROL;No gear control
NO_RADIATOR_CONTROL;No radiator control
NO_AUTO_RADIATOR_CONTROL;No auto radiator control
NO_OIL_RADIATOR_CONTROL;No oil radiator control
NO_AUTO_OIL_RADIATOR_CONTROL;No auto oil radiator control
NO_MIXTURE_CONTROL;No mixture control
NO_PROP_CONTROL;No propeller pitch control
NO_MAGNETO_CONTROL;No magneto control
NO_FEATHER_CONTROL;No feathering control
NO_AEROBATICS_SMOKE_GROUND;No aerobatic smoke on ground allowed
death/landcrash;Crash
death/drown;Drowned
death/aircrash;Aircraft Collision
death/tankExploded;Ground Vehicle explosion
death/bombsExploded;Bomb explosion
death/pilotDown;Pilot knocked out
death/rocketHit;Hit by rocket
death/byAircraft;Shot down by enemy aircraft
death/byAAA;Shot down by anti-aircraft artillery
death/bailout;Bailed out
death/none;Shot down
death/crashlanding;Crash landing
death/byShip;Shot down by naval vessel
death/byFriendlyAircraft;Shot down by friendly aircraft
death/overspeed;Exceeded the speed limit
death/machOverspeed;Exceeded Mach number
death/rendinstCrash;Crash
death/wingOveload;Wing overload crash
death/helicopterBurn;Burned
death/ramAttack;Destroyed by a ram attack
death/wrecked;Hull is fully destroyed
wait/sessionSearch;Searching game sessions.
wait/sessionJoin;Joining game session.
wait/sessionCreate;Creating game session.
wait/sessionModify;Updating session settings.
wait/sessionLeave;Leaving game session.
wait/queueLeave;Leaving the queue
wait/sessionEnter;Entering game session.
wait/sessionUpload;Uploading user content
wait/waitingForHost;Waiting for host...
wait/missionListLoading;Missions list loading
map/primary_objectives;PRIMARY GOALS
map/secondary_objectives;SECONDARY GOALS
map/pilot_list;LIST OF PILOTS
map/pilot_aircraft;PILOT'S VEHICLE
loading;Loading
ROUND_ACCOMPLISHED;Round Won
ROUND_FAILED;Round Lost
MATCH_WIN;You won
MATCH_LOOSE;You Lost
HOST_DISCONNECTED_DUE_TO_LAG;Disconnection due to periodical holdup
HUD_ATTEMPTS_LEFT_0;NO ATTEMPTS LEFT
HUD_ATTEMPTS_LEFT_1;1 ATTEMPT LEFT
HUD_ATTEMPTS_LEFT_2;2 ATTEMPTS LEFT
HUD_ATTEMPTS_LEFT_3;3 ATTEMPTS LEFT
HUD_ATTEMPTS_LEFT_4;4 ATTEMPTS LEFT
HUD_ATTEMPTS_LEFT_5;5 ATTEMPTS LEFT
HUD_WAIT_FOR_SEC;WAIT FOR
HUD_YOUR_KILLER;Player credited for kill:
HUD_YOUR_KILLER_AI;You were shot down by:
HUD_FUEL_LEAK;LEAK
HUD/RKT;RKT
HUD/MISSILES_SHORT;ATGM
HUD/AGM_SHORT;AGM
HUD/AAM_SHORT;AAM
HUD/SAM_SHORT;SAM
HUD/FLARES_SHORT;FLR
HUD/INDICATION_MODE_SEPARATION;/
HUD/COUNTERMEASURE_MLWS;MAW
HUD/COUNTERMEASURE_PERIODIC;PER
HUD/COUNTERMEASURE_PERIODIC_MLWS;PER/MAW
HUD/THROTTLE_SHORT;THR
HUD/BRAKE_SHORT;BRK
HUD/HULL_AIMING;HULL AIMING
HUD/WEP_SHORT;WEP
HUD/INDICATED_AIR_SPEED_SHORT;IAS
HUD/REAL_SPEED_SHORT;SPD
HUD/ALTITUDE_SHORT;ALT
HUD/RADAR_ALTITUDE_SHORT;RALT
HUD/BOMBS_SHORT;BMB
HUD/TORPEDOES_SHORT;TRP
HUD/LAUNCHING;LAUNCHING
HUD/MACHINE_GUNS_SHORT;MG
HUD/SCHRAEGE_MUSIK_SHORT;SM
HUD/BUOYANCY;BUOYANCY
HUD/CANNONS_SHORT;CNN
HUD/ADDITIONAL_GUNS_SHORT;AG
HUD/TANK_COAXIAL_GUN_SHORT;MG
HUD/TANK_MACHINEGUN_SHORT;AA
HUD/FUEL_SHORT;FUEL
HUD/OIL_TEMPERATURE_SHORT;OIL
HUD/OIL_TEMPERATURE_SHORT1;OIL1
HUD/OIL_TEMPERATURE_SHORT2;OIL2
HUD/OIL_TEMPERATURE_SHORT3;OIL3
HUD/OIL_TEMPERATURE_SHORT4;OIL4
HUD/OIL_TEMPERATURE_SHORT5;OIL5
HUD/OIL_TEMPERATURE_SHORT6;OIL6
HUD/WATER_TEMPERATURE_SHORT;WATER
HUD/WATER_TEMPERATURE_SHORT1;WATER1
HUD/WATER_TEMPERATURE_SHORT2;WATER2
HUD/WATER_TEMPERATURE_SHORT3;WATER3
HUD/WATER_TEMPERATURE_SHORT4;WATER4
HUD/WATER_TEMPERATURE_SHORT5;WATER5
HUD/WATER_TEMPERATURE_SHORT6;WATER6
HUD/ENGINE_TEMPERATURE_SHORT;ENGN
HUD/ENGINE_TEMPERATURE_SHORT1;ENGN1
HUD/ENGINE_TEMPERATURE_SHORT2;ENGN2
HUD/ENGINE_TEMPERATURE_SHORT3;ENGN3
HUD/ENGINE_TEMPERATURE_SHORT4;ENGN4
HUD/ENGINE_TEMPERATURE_SHORT5;ENGN5
HUD/ENGINE_TEMPERATURE_SHORT6;ENGN6
HUD/HDG_SHORT;HDG
HUD/ENGINE_MAIN_SHORT;MAIN.ENG.
HUD/ENGINE_PORTBOARD_SIDE_SHORT;PORT.ENG.
HUD/ENGINE_STARBOARD_SIDE_SHORT;STAR.ENG.
HUD/ENGINE_REV_AHEAD_SHORT;AHEAD
HUD/ENGINE_REV_BACK_SHORT;BACK
HUD/ENGINE_REV_STOP_SHORT;STOP
HUD/ENGINE_REV_ONE_THIRD_SHORT;1/3
HUD/ENGINE_REV_TWO_THIRDS_SHORT;2/3
HUD/ENGINE_REV_STANDARD_SHORT;STD
HUD/ENGINE_REV_FULL_SHORT;FULL
HUD/ENGINE_REV_FLANK_SHORT;FLK
HUD/CRUISE_CONTROL_SHORT;CC
HUD/CRUISE_CONTROL_MAX_SHORT;MAX
HUD/CRUISE_VELOCITY_SHORT;BATTLE
HUD/GEAR_SHORT;GEAR
HUD/TXT_STABILIZER;STAB
HUD/TXT_LWS;LWS
HUD/TXT_STABILIZER_FREE_MODE;Free elevation type
HUD/GEAR_N_SHORT;N
HUD/GEAR_R_SHORT;R
HUD/RPM_SHORT;RPM
HUD/PROP_RPM_SHORT;RPM
HUD/PROP_PITCH_SHORT;COLL
HUD_AUTOFIRE;AUTOFIRE
HUD/BELT_SHORT;belts
HUD/SHOTFREQ_SHORT;RoF:
HUD/HIGHFREQ_SHORT;HIGH
HUD/LOWFREQ_SHORT;LOW
HUD/CLIMB_SHORT;HOVER
HUD/RATE_OF_FIRE_SHORT;FireRate
HUD/TXT_DIED_FROM_AMMO_EXPLOSION;To reduce the probability of ammunition explosion try to load less shells in the vehicle
wait/sessionNone;No games found.
ui/space; 
ui/colon;: 
ui/comma;, 
ui/dot;.
ui/dot_with_space;. 
ui/ellipsis;…
ui/semicolon;"; "
ui/slash; / 
ui/vertical_bar; | 
ui/number_sign;#
ui/multiply;×
ui/hyphen;-
ui/minus;–
ui/ndash;–
ui/mdash;–
ui/bullet;• 
ui/not_applicable;---
ui/empty;Empty
ui/parentheses;({text})
ui/parentheses/space; ({text})
ui/quotes;"""{text}"""
ui/tier;[{text}]
ui/selected;selected
ui/selected_auto;auto-selected
ui/received;received
ui/unavailable;unavailable
ui/select_all;Select All
ui/nothing_selected;Nothing selected
ui/awards;Get awards
msg/sessionLeave;Leaving game session. Are you sure you want to quit?
dmg_parts/spar_l;spar_l
dmg_parts/spar_r;spar_r
dmg_parts/engine1;engine1
dmg_parts/engine2;engine2
dmg_parts/engine3;engine3
dmg_parts/engine4;engine4
dmg_parts/tail;tail
dmg_parts/wing_l;wingl
dmg_parts/wing_r;wingr
dmg_parts/fuse;fuse
dmg_parts/gear;gear
dmg_parts/pilot;pilot
dmg_parts/gunner1;gunner1
dmg_parts/gunner2;gunner2
dmg_parts/gunner3;gunner3
dmg_parts/gunner4;gunner4
dmg_parts/gunner5;gunner5
dmg_parts/gunner6;gunner6
dmg_parts/gunner7;gunner7
dmg_parts/gunner8;gunner8
dmg_parts/oil1;oil1
dmg_parts/tank1;tank1
dmg_parts/gun1;gun1
dmg_parts/cannon1;cannon1
dmg_parts/gear_r;gear_r
dmg_parts/gear_l;gear_l
dmg_parts/light;light
dmg_parts/serious;serious
dmg_parts/critical;critical
CAPTURE_ZONE_0;A
CAPTURE_ZONE_1;B
CAPTURE_ZONE_2;C
CAPTURE_ZONE_3;D
CAPTURE_ZONE_4;E
CAPTURE_ZONE_5;F
CAPTURE_ZONE_6;G
CAPTURE_ZONE_7;H
CAPTURE_ZONE_8;I
CAPTURE_ZONE_9;J
CAPTURE_ZONE_10;K
NET_TEAM1_CAPTURING_LA;Our team is capturing zone %s.
NET_TEAM2_CAPTURING_LA;Hostile team is capturing zone %s.
NET_TEAM_A_CAPTURING_LA;Team A is capturing zone %s.
NET_TEAM_B_CAPTURING_LA;Team B is capturing zone %s.
NET_YOU_CAPTURING_LA;You are capturing the zone
NET_TEAM1_CAPTURED_LA;Our team has captured zone %s.
NET_TEAM2_CAPTURED_LA;Hostile team has captured zone %s.
NET_TEAM_A_CAPTURED_LA;Team A has captured zone %s.
NET_TEAM_B_CAPTURED_LA;Team B has captured zone %s.
NET_TEAM_A_LEAD_LA;Team A has got the advantage
NET_TEAM_B_LEAD_LA;Team B has got the advantage
NET_YOU_LEAD_LA;You have captured the zone and our team has the advantage
NET_TEAM1_LEAD_LA;Our team has captured the zone and the advantage
NET_TEAM2_LEAD_LA;Hostile team has captured the zone and the advantage
NET_YOU_CAPTURED_LA;You have captured zone %s.
NET_TEAM1_CAPTURING_STOP_LA;Our team has stopped capturing the zone.
NET_TEAM2_CAPTURING_STOP_LA;Hostile team has stopped capturing the zone.
NET_TEAM_A_CAPTURING_STOP_LA;Team A has stopped capturing the zone.
NET_TEAM_B_CAPTURING_STOP_LA;Team B has stopped capturing the zone.
NET_BASE_UNDERATTACK;The enemy is attacking the %s base
NET_ACE_ACHIEVED;"%player_name% has received the title ""Ace"" for scoring %kill_count% kills in a row"
NET_ACE_KILLED;%player_name% has ended %target_player_name%'s killing spree
NET_ACE_DIED;%player_name%'s killing spree has been ended
prestige_ask1;Would you like to increase your prestige mode? All your ranks and unlocks will be reset!
prestige_ask2;Do you REALLY want to increase your prestige mode? All your ranks and unlocks will be reset!
Torp/Ok;OK
Torp/TooHigh;Too high
Torp/TooLow;Too low
Torp/TooFast;Too fast
Torp/TooSlow;Too slow
Torp/WrongAngle;Wrong Angle
Torp/Fail;Torpedo drowned
NET_RESPAWN_BASE_DEAD;Base %s destroyed
NET_TEAM1_ALL_RESPAWN_BASE_DEAD;Our team has lost all the bases
NET_TEAM2_ALL_RESPAWN_BASE_DEAD;Hostile team has lost all their bases
HUD_CRIT_FLAPS;HIGH SPEED. RETRACT FLAPS
HUD_CRIT_GEARS;HIGH SPEED. RETRACT GEAR
HUD_CRIT_FLUTTER;REDUCE SPEED
HUD_CRIT_OVERLOAD;OVERLOAD
HUD_CRIT_OVERLOAD_G;G
HUD_CRIT_COCKPIT_DOOR;CLOSE THE COCKPIT
HUD_RAISE_FLAPS;AIRCRAFT TAKEN OFF. RETRACT FLAPS
HUD_SET_TAKEOFF_FLAPS;EXTEND FLAPS FOR TAKEOFF
HUD_SET_TAKEOFF_FLAPS_FOR_TAKEOFF;TO TAKE OFF IN THIS AIRCRAFT, YOU NEED TO EXTEND FLAPS
HUD_SET_LANDING_FLAPS;EXTEND FLAPS FOR LANDING
HUD_RETRACT_GEARS;AIRCRAFT AIRBORNE. RETRACT GEAR
HUD_FUEL_DUMPING;Fuel dumping
HUD_NO_FUEL_DUMPING;Fuel dumping is unavailable
hints/you_can_exit;You can safely change your aircraft
hints/you_can_exit_nokey;You can safely change your aircraft (key not assigned)
hints/safely_leave_possible_ground_model;You can safely change your vehicle
hints/safely_leave_possible_ground_model_nokey;You can safely change your vehicle (key not assigned)
hints/mach_too_high;Too high speed
hints/engineNoFuelFlow;Fuel Starvation
hints/oil_overheat;Oil overheated
hints/water_overheat;Water overheated
hints/engine_overheat;Engine overheated
hints/propKilled;Engine died: propeller broken
hints/cylinderKnockedOut;Engine died: knocked out
hints/engineStuck;Engine died: seized up
hints/engineOverheated;Engine died: overheating
hints/engineOverreved;Engine died: overrevving
hints/manifoldPressure;Engine died: manifold pressure
hints/engineNoNitro;Engine died: no nitro
hints/engineNoFuel;Engine died: no fuel
hints/engineFloatCarbFailure;Engine died: float carburetor failure
hints/engineMixerPressure;Engine died: mixer pressure
hints/engineMagnettoKnockedOut;Engine died: magneto knocked out
hints/repair_tracks;Start repairing tracks
hints/repair_tracks_nokey;Start repairing tracks (key not assigned)
hints/repair_tank;Start repairing the ground vehicle
hints/repair_tank_nokey;Start repairing the ground vehicle (key not assigned)
hints/stop_for_repair;Stop the ground vehicle to start repairing
hints/repair_tank_hold;hold to start repairing the ground vehicle
hints/repair_tank_hold_no_key;hold to start repairing the ground vehicle (key not assigned)
hints/repair_assist_tank;Help to repair the ground vehicle
hints/repair_assist_tank_no_key;Help to repair the ground vehicle (key not assigned)
hints/repair_assist_tank_hold;hold to help repair the ground vehicle
hints/repair_assist_tank_hold_no_key;hold to help repair the ground vehicle (key not assigned)
hints/repair_assist_plane;Help to repair the aircraft
hints/repair_assist_plane_no_key;Help to repair the aircraft (key not assigned)
hints/repair_assist_plane_hold;hold to help repair the aircraft
hints/repair_assist_plane_hold_no_key;hold to help repair the aircraft (key not assigned)
hints/repair_request_assist_hold;hold to request help with repairs
hints/repair_request_assist_hold_no_key;hold to request help with repairs (key not assigned)
hints/repair_assist_ship_hold;hold to help repair the vessel
hints/repair_assist_ship_hold_no_key;hold to help repair the vessel (key not assigned)
hints/repair_cancel_request_assist_hold;hold to cancel the repair help request
hints/repair_cancel_request_assist_hold_no_key;hold to cancel the repair help request (key not assigned)
hints/extinguish_assist;hold to help with firefighting
hints/extinguish_assist_no_key;hold to help with firefighting (key not assigned)
hints/request_extinguish_help;press to request help with firefighting
hints/request_extinguish_help_no_key;press to request help with firefighting (key not assigned)
hints/request_extinguish_help_cancel;press to cancel the firefighting help request
hints/request_extinguish_help_cancel_no_key;press to cancel the firefighting help request (key not assigned)
hints/need_stop_for_fire;Stop the ground vehicle to fire
hints/need_stop_for_hull_aiming;Stop the ground vehicle for hull aiming
hints/stop_terraform_for_hull_aiming;Stop terraforming for hull aiming
hints/move_suspension_blocked;Suspension moving is blocked by active terraforming
hints/need_stop_for_terraform;Stop the ground vehicle for entrenching
hints/wait_launcher_ready;Launcher is deploying
hints/commander_view_with_nv_on;Switching to commander view with night vision
hints/commander_is_unconscious;Commander is unconscious, commander sight is unavailable
HUD/TXT_ARTILLERY_MAP;Call for artillery strike on tactical map
HUD/TXT_ARTILLERY_MAP_NOKEY;Call for artillery strike on tactical map (key not assigned)
HUD/TXT_BUILDING_EXIT;Exit build mode
HUD/TXT_BUILDING_EXIT_NOKEY;Exit build mode (key not assigned)
HUD/TXT_BUILDING_FORBIDDEN_OBSTACLES;Construction is impossible, unsuitable location
HUD/TXT_BUILDING_FORBIDDEN_RANGE;Construction is impossible, too far away
hints/use_artillery;Call for artillery strike
hints/use_artillery_no_key;Call for artillery strike (key not assigned)
hints/extinguish_fire;Activate extinguisher
hints/extinguish_fire_nokey;Start extinguishing the fire (key not assigned)
hints/tank_rearm_process;Use to interrupt reloading
hints/tank_rearm_process_no_key;Use to interrupt reloading (key not assigned)
hints/critical_heeling_nokey;Dangerous heeling! The ship may capsize. Activate the fight against flooding (key not assigned)
hints/critical_heeling;Dangerous heeling! The ship may capsize. Activate the fight against flooding.
hints/drowning_in;You will drown in
hints/is_very_few_crew;Not enough free crew members for repair
hints/torpedo_broken;The torpedo tube is inoperative
tank_track_repaired;The tracks are repaired
hints/more_kills_for_kill_streak;Needs more points to activate
hints/needs_kills_streak_event;Requires starting air battle to join
hints/have_not_bullets;Ammo stowage is empty
hints/ship_has_no_rockets;Out of rockets
hints/active_event;An active air battle is already live, you can start a new one after current one ends
hints/no_event_slots;All vehicles available for the air battle have been taken
hints/already_participating;You are already participating in this air battle
hints/winch_request;Request team help
hints/winch_use;Attach tow cable
hints/winch_use_ship;Help an ally get out of the shallows
hints/winch_detach;Detach tow cable
hints/winch_request_no_key;Request team help (key not assigned)
hints/winch_use_no_key;Attach tow cable (key not assigned)
hints/winch_use_ship_no_key;Help an ally get out of the shallows (key not assigned)
hints/winch_detach_no_key;Detach tow cable (key not assigned)
hints/crew_busy_extinguishing;Crew cannot fulfil duty while extinguishing a fire
hints/crew_busy_extinguishing_no_key;Crew cannot fulfil duty while extinguishing a fire (key not assigned)
hints/extinguisher_is_ineffective;This fire can't be extinguished with the extinguisher
hints/restoring_in;Your vehicle will be restored in
hints/block_night_vision;Only thermal imaging night sight is possible during day-time conditions
hints/ircm_fail_guidance;Operation of IRCM, disruption of missile guidance
hints/shot_failed_aps_working;Shot was intercepted by active protection system
FLAPS_RAISED;Flaps: Raised
FLAPS_COMBAT;Flaps: Combat
FLAPS_TAKEOFF;Flaps: Takeoff
FLAPS_LANDING;Flaps: Landing
NO_FLAPS;No flaps
NET_ALL_ALLIES_PLAYERS_AND_BASES_DEAD;Our team has lost all of its bases and vehicles
NET_ALL_AXIS_PLAYERS_AND_BASES_DEAD;Hostile team has lost all of its bases and vehicles
NET_ALL_ALLIES_PLAYERS_DEAD;There are no active players left in our team
NET_ALL_AXIS_PLAYERS_DEAD;There are no active players left in the hostile team
NET_TEAM_A_ALL_PLAYERS_AND_BASES_DEAD;Team A has lost all of its bases and vehicles
NET_TEAM_B_ALL_PLAYERS_AND_BASES_DEAD;Team B has lost all of its bases and vehicles
NET_TEAM_A_ALL_PLAYERS_DEAD;Team A has lost all of its vehicles
NET_TEAM_B_ALL_PLAYERS_DEAD;Team B has lost all of its vehicles
kill_log/bombing_zone;Base
dmg_gunner;Gunner: unconscious
dmg_gun;Turret: damaged
dmg_turrets_damaged;Turret: no combat-capable turrets
dmg_turrets_repairing;Firing unavailable: repair in progress
control_mode_cruise;Auto hover mode
gunner_reloading;Gunner: reloading
gunner_reloaded;Gunner: reloaded
gunner_deadzone;Gunner: target in deadzone
dmg_eff_serious;
dmg_eff_critical;[CRIT] 
dmg_eff_fatal;[FATAL] 
dmg_src_common;
dmg_src_fire;[FIRE] 
dmg_src_delayed;[OVERHEAT] 
dmg_msg/fuse_0;%s: suffers damage of fuselage.
dmg_msg/fuse_1;%s: fuselage is riddled with shots.
dmg_msg/fuse_2;%s: fuselage body skin is pierced.
dmg_msg/fuse_3;%s: fuselage stringers are broken.
dmg_msg/fuse_4;%s: fuselage formers are broken.
dmg_msg/wing_l_0;%s: suffers damage of left wing.
dmg_msg/wing_l_1;%s: left wing ribs are broken.
dmg_msg/wing_l_2;%s: left wing sealing is broken.
dmg_msg/wing_l_3;%s: left wing integration is broken.
dmg_msg/wing_l_4;%s: left wing covering is pierced.
dmg_msg/wing_r_0;%s: suffers damage of right wing.
dmg_msg/wing_r_1;%s: right wing ribs are broken.
dmg_msg/wing_r_2;%s: right wing sealing is broken.
dmg_msg/wing_r_3;%s: right wing integration is broken.
dmg_msg/wing_r_4;%s: right wing covering is pierced.
dmg_msg/tail_0;%s: suffers damage of tail.
dmg_msg/tail_1;%s: horizontal stabilizers are inoperative.
dmg_msg/tail_2;%s: tail fin is broken.
dmg_msg/tail_3;%s: fin front spar is broken.
dmg_msg/tail_4;%s: horizontal stabilizer spars are broken.
dmg_msg/stab_0;%s: suffers damage of stabilizer.
dmg_msg/fin_0;%s: suffers damage of vertical stabilizer.
dmg_msg/rudder_0;%s: suffers damage of rudder.
dmg_msg/rudder_1;%s: rudder is jammed.
dmg_msg/rudder_2;%s: rudder cable is broken.
dmg_msg/rudder_3;%s: rudder hinges are broken.
dmg_msg/rudder_4;%s: rudder surface is broken.
dmg_msg/rudder0_0;%s: suffers damage of rudder.
dmg_msg/rudder0_1;%s: rudder is jammed.
dmg_msg/rudder0_2;%s: rudder cable is broken.
dmg_msg/rudder0_3;%s: rudder hinges are broken.
dmg_msg/rudder0_4;%s: rudder surface is broken.
dmg_msg/rudder1_0;%s: suffers damage of rudder.
dmg_msg/rudder1_1;%s: rudder is jammed.
dmg_msg/rudder1_2;%s: rudder cable is broken.
dmg_msg/rudder1_3;%s: rudder hinges are broken.
dmg_msg/rudder1_4;%s: rudder surface is broken.
dmg_msg/elevator_0;%s: suffers damage of elevator.
dmg_msg/elevator_1;%s: elevator is jammed.
dmg_msg/elevator_2;%s: elevator cable is broken.
dmg_msg/elevator_3;%s: elevator hinges are broken.
dmg_msg/elevator_4;%s: elevator surface is broken.
dmg_msg/elevator0_0;%s: suffers damage of elevator.
dmg_msg/elevator0_1;%s: elevator is jammed.
dmg_msg/elevator0_2;%s: elevator cable is broken.
dmg_msg/elevator0_3;%s: elevator hinges are broken.
dmg_msg/elevator0_4;%s: elevator surface is broken.
dmg_msg/elevator1_0;%s: suffers damage of elevator.
dmg_msg/elevator1_1;%s: elevator is jammed.
dmg_msg/elevator1_2;%s: elevator cable is broken.
dmg_msg/elevator1_3;%s: elevator hinges are broken.
dmg_msg/elevator1_4;%s: elevator surface is broken.
dmg_msg/aileron_l_0;%s: suffers damage of left aileron.
dmg_msg/aileron_l_1;%s: left aileron is jammed.
dmg_msg/aileron_l_2;%s: left aileron cable is broken.
dmg_msg/aileron_l_3;%s: left aileron hinges are broken.
dmg_msg/aileron_l_4;%s: left aileron surface is broken.
dmg_msg/aileron_r_0;%s: suffers damage of right aileron.
dmg_msg/aileron_r_1;%s: right aileron is jammed.
dmg_msg/aileron_r_2;%s: right aileron cable is broken.
dmg_msg/aileron_r_3;%s: right aileron hinges are broken.
dmg_msg/aileron_r_4;%s: right aileron surface is broken.
dmg_msg/wingcontrol_0;%s: cannot control the ailerons.
dmg_msg/wingcontrol_1;%s: ailerons are jammed.
dmg_msg/wingcontrol_2;%s: aileron cables are broken.
dmg_msg/wingcontrol_3;%s: flaps are jammed.
dmg_msg/wingcontrol_4;%s: aileron and flap hinges are broken.
dmg_msg/tailcontrol_0;%s: lost the tail control.
dmg_msg/tailcontrol_1;%s: rudder and elevator hinges are broken.
dmg_msg/tailcontrol_2;%s: rudder and elevator are jammed.
dmg_msg/tailcontrol_3;%s: rudder and elevator cables are broken.
dmg_msg/tailcontrol_4;%s: rudder and elevator surfaces are broken.
dmg_msg/spar_l_0;%s: suffers damage of left wing spars.
dmg_msg/spar_r_0;%s: suffers damage of right wing spars.
dmg_msg/engine1_0;%s: suffers damage of engine.
dmg_msg/engine1_1;%s: fuel supply line is broken.
dmg_msg/engine1_2;%s: carburettor is pierced.
dmg_msg/engine1_3;%s: wet sump is pierced.
dmg_msg/engine1_4;%s: cylinders are broken.
dmg_msg/engine2_0;%s: suffers damage of engine.
dmg_msg/engine2_1;%s: fuel supply line is broken.
dmg_msg/engine2_2;%s: carburettor is pierced.
dmg_msg/engine2_3;%s: wet sump is pierced.
dmg_msg/engine2_4;%s: cylinders are broken.
dmg_msg/engine3_0;%s: suffers damage of engine.
dmg_msg/engine3_1;%s: fuel supply line is broken.
dmg_msg/engine3_2;%s: carburettor is pierced.
dmg_msg/engine3_3;%s: wet sump is pierced.
dmg_msg/engine3_4;%s: cylinders are broken.
dmg_msg/engine4_0;%s: suffers damage of engine.
dmg_msg/engine4_1;%s: fuel supply line is broken.
dmg_msg/engine4_2;%s: carburettor is pierced.
dmg_msg/engine4_3;%s: wet sump is pierced.
dmg_msg/engine4_4;%s: cylinders are broken.
dmg_msg/oil1_0;%s: suffers damage of oil tank.
dmg_msg/oil1_1;%s: oil tank is pierced.
dmg_msg/oil1_2;%s: oil tank has ignited.
dmg_msg/oil1_3;
dmg_msg/oil1_4;
dmg_msg/oil2_0;%s: suffers damage of oil tank.
dmg_msg/oil2_1;%s: oil tank is pierced.
dmg_msg/oil2_2;%s: oil tank has ignited.
dmg_msg/oil2_3;
dmg_msg/oil2_4;
dmg_msg/oil3_0;%s: suffers damage of oil tank.
dmg_msg/oil3_1;%s: oil tank is pierced.
dmg_msg/oil3_2;%s: oil tank has ignited.
dmg_msg/oil3_3;
dmg_msg/oil3_4;
dmg_msg/oil4_0;%s: suffers damage of oil tank.
dmg_msg/oil4_1;%s: oil tank is pierced.
dmg_msg/oil4_2;%s: oil tank has ignited.
dmg_msg/oil4_3;
dmg_msg/oil4_4;
dmg_msg/oil5_0;%s: suffers damage of oil tank.
dmg_msg/oil5_1;%s: oil tank is pierced.
dmg_msg/oil5_2;%s: oil tank has ignited.
dmg_msg/oil5_3;
dmg_msg/oil5_4;
dmg_msg/oil6_0;%s: suffers damage of oil tank.
dmg_msg/oil6_1;%s: oil tank is pierced.
dmg_msg/oil6_2;%s: oil tank has ignited.
dmg_msg/oil6_3;
dmg_msg/oil6_4;
dmg_msg/oil7_0;%s: suffers damage of oil tank.
dmg_msg/oil7_1;%s: oil tank is pierced.
dmg_msg/oil7_2;%s: oil tank has ignited.
dmg_msg/oil7_3;
dmg_msg/oil7_4;
dmg_msg/oil8_0;%s: suffers damage of oil tank.
dmg_msg/oil8_1;%s: oil tank is pierced.
dmg_msg/oil8_2;%s: oil tank has ignited.
dmg_msg/oil8_3;
dmg_msg/oil8_4;
dmg_msg/water1_0;%s: suffers damage of cooling system.
dmg_msg/water1_1;%s: cooling system radiator is broken.
dmg_msg/water1_2;%s: cooling system connections are broken.
dmg_msg/water1_3;%s: cooling system thermostat is broken.
dmg_msg/water1_4;%s: coolant pump is broken.
dmg_msg/water2_0;%s: suffers damage of cooling system.
dmg_msg/water2_1;%s: cooling system radiator is broken.
dmg_msg/water2_2;%s: cooling system connections are broken.
dmg_msg/water2_3;%s: cooling system thermostat is broken.
dmg_msg/water2_4;%s: coolant pump is broken.
dmg_msg/water3_0;%s: suffers damage of cooling system.
dmg_msg/water3_1;%s: cooling system radiator is broken.
dmg_msg/water3_2;%s: cooling system connections are broken.
dmg_msg/water3_3;%s: cooling system thermostat is broken.
dmg_msg/water3_4;%s: coolant pump is broken.
dmg_msg/water4_0;%s: suffers damage of cooling system.
dmg_msg/water4_1;%s: cooling system radiator is broken.
dmg_msg/water4_2;%s: cooling system connections are broken.
dmg_msg/water4_3;%s: cooling system thermostat is broken.
dmg_msg/water4_4;%s: coolant pump is broken.
dmg_msg/tank1_0;%s: suffers damage of fuel tank.
dmg_msg/tank1_1;%s: fuel tank is holed.
dmg_msg/tank1_2;%s: fuel pump is broken.
dmg_msg/tank1_3;
dmg_msg/tank1_4;
dmg_msg/tank2_0;%s: suffers damage of fuel tank.
dmg_msg/tank2_1;%s: fuel tank is holed.
dmg_msg/tank2_2;%s: fuel pump is broken.
dmg_msg/tank2_3;
dmg_msg/tank2_4;
dmg_msg/tank3_0;%s: suffers damage of fuel tank.
dmg_msg/tank3_1;%s: fuel tank is holed.
dmg_msg/tank3_2;%s: fuel pump is broken.
dmg_msg/tank3_3;
dmg_msg/tank3_4;
dmg_msg/tank4_0;%s: suffers damage of fuel tank.
dmg_msg/tank4_1;%s: fuel tank is holed.
dmg_msg/tank4_2;%s: fuel pump is broken.
dmg_msg/tank4_3;
dmg_msg/tank4_4;
dmg_msg/tank5_0;%s: suffers damage of fuel tank.
dmg_msg/tank5_1;%s: fuel tank is holed.
dmg_msg/tank5_2;%s: fuel pump is broken.
dmg_msg/tank5_3;
dmg_msg/tank5_4;
dmg_msg/tank6_0;%s: suffers damage of fuel tank.
dmg_msg/tank6_1;%s: fuel tank is holed.
dmg_msg/tank6_2;%s: fuel pump is broken.
dmg_msg/tank6_3;
dmg_msg/tank6_4;
dmg_msg/tank7_0;%s: suffers damage of fuel tank.
dmg_msg/tank7_1;%s: fuel tank is holed.
dmg_msg/tank7_2;%s: fuel pump is broken.
dmg_msg/tank7_3;
dmg_msg/tank7_4;
dmg_msg/tank8_0;%s: suffers damage of fuel tank.
dmg_msg/tank8_1;%s: fuel tank is holed.
dmg_msg/tank8_2;%s: fuel pump is broken.
dmg_msg/tank8_3;
dmg_msg/tank8_4;
dmg_msg/pilot_0;%s: pilot is unconscious.
dmg_msg/pilot_1;
dmg_msg/pilot_2;
dmg_msg/pilot_3;
dmg_msg/pilot_4;
dmg_msg/bomb1_0;%s: lost the bomb.
dmg_msg/bomb1_1;%s: bomb is shot.
dmg_msg/bomb1_2;%s: bomb is detonated.
dmg_msg/bomb1_3;%s: pylons are broken.
dmg_msg/bomb1_4;
dmg_msg/bomb2_0;%s: lost the bomb.
dmg_msg/bomb2_1;%s: bomb is shot.
dmg_msg/bomb2_2;%s: bomb is detonated.
dmg_msg/bomb2_3;%s: pylons are broken.
dmg_msg/bomb2_4;
dmg_msg/bomb3_0;%s: lost the bomb.
dmg_msg/bomb3_1;%s: bomb is shot.
dmg_msg/bomb3_2;%s: bomb is detonated.
dmg_msg/bomb3_3;%s: pylons are broken.
dmg_msg/bomb3_4;
dmg_msg/bomb4_0;%s: lost the bomb.
dmg_msg/bomb4_1;%s: bomb is shot.
dmg_msg/bomb4_2;%s: bomb is detonated.
dmg_msg/bomb4_3;%s: pylons are broken.
dmg_msg/bomb4_4;
dmg_msg/gear_l_0;%s: suffers damage of left gear leg.
dmg_msg/gear_l_1;%s: left gear leg is jammed.
dmg_msg/gear_l_2;%s: left gear leg fixing is broken.
dmg_msg/gear_l_3;%s: left gear leg cable is broken.
dmg_msg/gear_l_4;%s: left gear leg lock strut is broken.
dmg_msg/gear_l1_0;%s: suffers damage of left gear leg.
dmg_msg/gear_l1_1;%s: left gear leg is jammed.
dmg_msg/gear_l1_2;%s: left gear leg fixing is broken.
dmg_msg/gear_l1_3;%s: left gear leg cable is broken.
dmg_msg/gear_l1_4;%s: left gear leg lock strut is broken.
dmg_msg/gear_l2_0;%s: suffers damage of left gear leg.
dmg_msg/gear_l2_1;%s: left gear leg is jammed.
dmg_msg/gear_l2_2;%s: left gear leg fixing is broken.
dmg_msg/gear_l2_3;%s: left gear leg cable is broken.
dmg_msg/gear_l2_4;%s: left gear leg lock strut is broken.
dmg_msg/gear_l3_0;%s: suffers damage of left gear leg.
dmg_msg/gear_l3_1;%s: left gear leg is jammed.
dmg_msg/gear_l3_2;%s: left gear leg fixing is broken.
dmg_msg/gear_l3_3;%s: left gear leg cable is broken.
dmg_msg/gear_l3_4;%s: left gear leg lock strut is broken.
dmg_msg/gear_l4_0;%s: suffers damage of left gear leg.
dmg_msg/gear_l4_1;%s: left gear leg is jammed.
dmg_msg/gear_l4_2;%s: left gear leg fixing is broken.
dmg_msg/gear_l4_3;%s: left gear leg cable is broken.
dmg_msg/gear_l4_4;%s: left gear leg lock strut is broken.
dmg_msg/gear_l5_0;%s: suffers damage of left gear leg.
dmg_msg/gear_l5_1;%s: left gear leg is jammed.
dmg_msg/gear_l5_2;%s: left gear leg fixing is broken.
dmg_msg/gear_l5_3;%s: left gear leg cable is broken.
dmg_msg/gear_l5_4;%s: left gear leg lock strut is broken.
dmg_msg/gear_l6_0;%s: suffers damage of left gear leg.
dmg_msg/gear_l6_1;%s: left gear leg is jammed.
dmg_msg/gear_l6_2;%s: left gear leg fixing is broken.
dmg_msg/gear_l6_3;%s: left gear leg cable is broken.
dmg_msg/gear_l6_4;%s: left gear leg lock strut is broken.
dmg_msg/gear_l7_0;%s: suffers damage of left gear leg.
dmg_msg/gear_l7_1;%s: left gear leg is jammed.
dmg_msg/gear_l7_2;%s: left gear leg fixing is broken.
dmg_msg/gear_l7_3;%s: left gear leg cable is broken.
dmg_msg/gear_l7_4;%s: left gear leg lock strut is broken.
dmg_msg/gear_l8_0;%s: suffers damage of left gear leg.
dmg_msg/gear_l8_1;%s: left gear leg is jammed.
dmg_msg/gear_l8_2;%s: left gear leg fixing is broken.
dmg_msg/gear_l8_3;%s: left gear leg cable is broken.
dmg_msg/gear_l8_4;%s: left gear leg lock strut is broken.
dmg_msg/gear_l9_0;%s: suffers damage of left gear leg.
dmg_msg/gear_l9_1;%s: left gear leg is jammed.
dmg_msg/gear_l9_2;%s: left gear leg fixing is broken.
dmg_msg/gear_l9_3;%s: left gear leg cable is broken.
dmg_msg/gear_l9_4;%s: left gear leg lock strut is broken.
dmg_msg/gear_l10_0;%s: suffers damages of left gear leg.
dmg_msg/gear_l10_1;%s: left gear leg is jammed.
dmg_msg/gear_l10_2;%s: left gear leg fixing is broken.
dmg_msg/gear_l10_3;%s: left gear leg cable is broken.
dmg_msg/gear_l10_4;%s: left gear leg lock strut is broken.
dmg_msg/gear_l11_0;%s: suffers damage of left gear leg.
dmg_msg/gear_l11_1;%s: left gear leg is jammed.
dmg_msg/gear_l11_2;%s: left gear leg fixing is broken.
dmg_msg/gear_l11_3;%s: left gear leg cable is broken.
dmg_msg/gear_l11_4;%s: left gear leg lock strut is broken.
dmg_msg/gear_l12_0;%s: suffers damage of left gear leg.
dmg_msg/gear_l12_1;%s: left gear leg is jammed.
dmg_msg/gear_l12_2;%s: left gear leg fixing is broken.
dmg_msg/gear_l12_3;%s: left gear leg cable is broken.
dmg_msg/gear_l12_4;%s: left gear leg lock strut is broken.
dmg_msg/gear_l13_0;%s: suffers damage of left gear leg.
dmg_msg/gear_l13_1;%s: left gear leg is jammed.
dmg_msg/gear_l13_2;%s: left gear leg fixing is broken.
dmg_msg/gear_l13_3;%s: left gear leg cable is broken.
dmg_msg/gear_l13_4;%s: left gear leg lock strut is broken.
dmg_msg/gear_l14_0;%s: suffers damage of left gear leg.
dmg_msg/gear_l14_1;%s: left gear leg is jammed.
dmg_msg/gear_l14_2;%s: left gear leg fixing is broken.
dmg_msg/gear_l14_3;%s: left gear leg cable is broken.
dmg_msg/gear_l14_4;%s: left gear leg lock strut is broken.
dmg_msg/gear_l15_0;%s: suffers damage of left gear leg.
dmg_msg/gear_l15_1;%s: left gear leg is jammed.
dmg_msg/gear_l15_2;%s: left gear leg fixing is broken.
dmg_msg/gear_l15_3;%s: left gear leg cable is broken.
dmg_msg/gear_l15_4;%s: left gear leg lock strut is broken.
dmg_msg/gear_l16_0;%s: suffers damage of left gear leg.
dmg_msg/gear_l16_1;%s: left gear leg is jammed.
dmg_msg/gear_l16_2;%s: left gear leg fixing is broken.
dmg_msg/gear_l16_3;%s: left gear leg cable is broken.
dmg_msg/gear_l16_4;%s: left gear leg lock strut is broken.
dmg_msg/gear_r_0;%s: suffers damage of right gear leg.
dmg_msg/gear_r_1;%s: right gear leg is jammed.
dmg_msg/gear_r_2;%s: right gear leg fixing is broken.
dmg_msg/gear_r_3;%s: right gear leg cable is broken.
dmg_msg/gear_r_4;%s: right gear leg lock strut is broken.
dmg_msg/gear_r1_0;%s: suffers damage of right gear leg.
dmg_msg/gear_r1_1;%s: right gear leg is jammed.
dmg_msg/gear_r1_2;%s: right gear leg fixing is broken.
dmg_msg/gear_r1_3;%s: right gear leg cable is broken.
dmg_msg/gear_r1_4;%s: right gear leg lock strut is broken.
dmg_msg/gear_r2_0;%s: suffers damage of right gear leg.
dmg_msg/gear_r2_1;%s: right gear leg is jammed.
dmg_msg/gear_r2_2;%s: right gear leg fixing is broken.
dmg_msg/gear_r2_3;%s: right gear leg cable is broken.
dmg_msg/gear_r2_4;%s: right gear leg lock strut is broken.
dmg_msg/gear_r3_0;%s: suffers damage of right gear leg.
dmg_msg/gear_r3_1;%s: right gear leg is jammed.
dmg_msg/gear_r3_2;%s: right gear leg fixing is broken.
dmg_msg/gear_r3_3;%s: right gear leg cable is broken.
dmg_msg/gear_r3_4;%s: right gear leg lock strut is broken.
dmg_msg/gear_r4_0;%s: suffers damage of right gear leg.
dmg_msg/gear_r4_1;%s: right gear leg is jammed.
dmg_msg/gear_r4_2;%s: right gear leg fixing is broken.
dmg_msg/gear_r4_3;%s: right gear leg cable is broken.
dmg_msg/gear_r4_4;%s: right gear leg lock strut is broken.
dmg_msg/gear_r5_0;%s: suffers damage of right gear leg.
dmg_msg/gear_r5_1;%s: right gear leg is jammed.
dmg_msg/gear_r5_2;%s: right gear leg fixing is broken.
dmg_msg/gear_r5_3;%s: right gear leg cable is broken.
dmg_msg/gear_r5_4;%s: right gear leg lock strut is broken.
dmg_msg/gear_r6_0;%s: suffers damage of right gear leg.
dmg_msg/gear_r6_1;%s: right gear leg is jammed.
dmg_msg/gear_r6_2;%s: right gear leg fixing is broken.
dmg_msg/gear_r6_3;%s: right gear leg cable is broken.
dmg_msg/gear_r6_4;%s: right gear leg lock strut is broken.
dmg_msg/gear_r7_0;%s: suffers damage of right gear leg.
dmg_msg/gear_r7_1;%s: right gear leg is jammed.
dmg_msg/gear_r7_2;%s: right gear leg fixing is broken.
dmg_msg/gear_r7_3;%s: right gear leg cable is broken.
dmg_msg/gear_r7_4;%s: right gear leg lock strut is broken.
dmg_msg/gear_r8_0;%s: suffers damage of right gear leg.
dmg_msg/gear_r8_1;%s: right gear leg is jammed.
dmg_msg/gear_r8_2;%s: right gear leg fixing is broken.
dmg_msg/gear_r8_3;%s: right gear leg cable is broken.
dmg_msg/gear_r8_4;%s: right gear leg lock strut is broken.
dmg_msg/gear_r9_0;%s: suffers damage of right gear leg.
dmg_msg/gear_r9_1;%s: right gear leg is jammed.
dmg_msg/gear_r9_2;%s: right gear leg fixing is broken.
dmg_msg/gear_r9_3;%s: right gear leg cable is broken.
dmg_msg/gear_r9_4;%s: right gear leg lock strut is broken.
dmg_msg/gear_r10_0;%s: suffers damage of right gear leg.
dmg_msg/gear_r10_1;%s: right gear leg is jammed.
dmg_msg/gear_r10_2;%s: right gear leg fixing is broken.
dmg_msg/gear_r10_3;%s: right gear leg cable is broken.
dmg_msg/gear_r10_4;%s: right gear leg lock strut is broken.
dmg_msg/gear_r11_0;%s: suffers damage of right gear leg.
dmg_msg/gear_r11_1;%s: right gear leg is jammed.
dmg_msg/gear_r11_2;%s: right gear leg fixing is broken.
dmg_msg/gear_r11_3;%s: right gear leg cable is broken.
dmg_msg/gear_r11_4;%s: right gear leg lock strut is broken.
dmg_msg/gear_r12_0;%s: suffers damage of right gear leg.
dmg_msg/gear_r12_1;%s: right gear leg is jammed.
dmg_msg/gear_r12_2;%s: right gear leg fixing is broken.
dmg_msg/gear_r12_3;%s: right gear leg cable is broken.
dmg_msg/gear_r12_4;%s: right gear leg lock strut is broken.
dmg_msg/gear_r13_0;%s: suffers damage of right gear leg.
dmg_msg/gear_r13_1;%s: right gear leg is jammed.
dmg_msg/gear_r13_2;%s: right gear leg fixing is broken.
dmg_msg/gear_r13_3;%s: right gear leg cable is broken.
dmg_msg/gear_r13_4;%s: right gear leg lock strut is broken.
dmg_msg/gear_r14_0;%s: suffers damage of right gear leg.
dmg_msg/gear_r14_1;%s: right gear leg is jammed.
dmg_msg/gear_r14_2;%s: right gear leg fixing is broken.
dmg_msg/gear_r14_3;%s: right gear leg cable is broken.
dmg_msg/gear_r14_4;%s: right gear leg lock strut is broken.
dmg_msg/gear_r15_0;%s: suffers damage of right gear leg.
dmg_msg/gear_r15_1;%s: right gear leg is jammed.
dmg_msg/gear_r15_2;%s: right gear leg fixing is broken.
dmg_msg/gear_r15_3;%s: right gear leg cable is broken.
dmg_msg/gear_r15_4;%s: right gear leg lock strut is broken.
dmg_msg/gear_r16_0;%s: suffers damage of right gear leg.
dmg_msg/gear_r16_1;%s: right gear leg is jammed.
dmg_msg/gear_r16_2;%s: right gear leg fixing is broken.
dmg_msg/gear_r16_3;%s: right gear leg cable is broken.
dmg_msg/gear_r16_4;%s: right gear leg lock strut is broken.
dmg_msg/gear_c_0;%s: suffers damage of central gear leg.
dmg_msg/gear_c_1;%s: central gear leg fixing is broken.
dmg_msg/gear_c_2;%s: central gear leg lock strut is broken.
dmg_msg/gear_c_3;
dmg_msg/gear_c_4;
dmg_msg/gear_c1_0;%s: suffers damage of central gear leg.
dmg_msg/gear_c1_1;%s: central gear leg fixing is broken.
dmg_msg/gear_c1_2;%s: central gear leg lock strut is broken.
dmg_msg/gear_c1_3;
dmg_msg/gear_c1_4;
dmg_msg/gear_c2_0;%s: suffers damage of central gear leg.
dmg_msg/gear_c2_1;%s: central gear leg fixing is broken.
dmg_msg/gear_c2_2;%s: central gear leg lock strut is broken.
dmg_msg/gear_c2_3;
dmg_msg/gear_c2_4;
dmg_msg/gear_c3_0;%s: suffers damage of central gear leg.
dmg_msg/gear_c3_1;%s: central gear leg fixing is broken.
dmg_msg/gear_c3_2;%s: central gear leg lock strut is broken.
dmg_msg/gear_c3_3;
dmg_msg/gear_c3_4;
dmg_msg/gear_c4_0;%s: suffers damage of central gear leg.
dmg_msg/gear_c4_1;%s: central gear leg fixing is broken.
dmg_msg/gear_c4_2;%s: central gear leg lock strut is broken.
dmg_msg/gear_c4_3;
dmg_msg/gear_c4_4;
dmg_msg/gear_c5_0;%s: suffers damage of central gear leg.
dmg_msg/gear_c5_1;%s: central gear leg fixing is broken.
dmg_msg/gear_c5_2;%s: central gear leg lock strut is broken.
dmg_msg/gear_c5_3;
dmg_msg/gear_c5_4;
dmg_msg/gear_c6_0;%s: suffers damage of central gear leg.
dmg_msg/gear_c6_1;%s: central gear leg fixing is broken.
dmg_msg/gear_c6_2;%s: central gear leg lock strut is broken.
dmg_msg/gear_c6_3;
dmg_msg/gear_c6_4;
dmg_msg/gear_c7_0;%s: suffers damage of central gear leg.
dmg_msg/gear_c7_1;%s: central gear leg fixing is broken.
dmg_msg/gear_c7_2;%s: central gear leg lock strut is broken.
dmg_msg/gear_c7_3;
dmg_msg/gear_c7_4;
dmg_msg/gear_c8_0;%s: suffers damage of central gear leg.
dmg_msg/gear_c8_1;%s: central gear leg fixing is broken.
dmg_msg/gear_c8_2;%s: central gear leg lock strut is broken.
dmg_msg/gear_c8_3;
dmg_msg/gear_c8_4;
dmg_msg/gear_c9_0;%s: suffers damage of central gear leg.
dmg_msg/gear_c9_1;%s: central gear leg fixing is broken.
dmg_msg/gear_c9_2;%s: central gear leg lock strut is broken.
dmg_msg/gear_c9_3;
dmg_msg/gear_c9_4;
dmg_msg/gear_c10_0;%s: suffers damage of central gear leg.
dmg_msg/gear_c10_1;%s: central gear leg fixing is broken.
dmg_msg/gear_c10_2;%s: central gear leg lock strut is broken.
dmg_msg/gear_c10_3;
dmg_msg/gear_c10_4;
dmg_msg/gear_c11_0;%s: suffers damage of central gear leg.
dmg_msg/gear_c11_1;%s: central gear leg fixing is broken.
dmg_msg/gear_c11_2;%s: central gear leg lock strut is broken.
dmg_msg/gear_c11_3;
dmg_msg/gear_c11_4;
dmg_msg/gear_c12_0;%s: suffers damage of central gear leg.
dmg_msg/gear_c12_1;%s: central gear leg fixing is broken.
dmg_msg/gear_c12_2;%s: central gear leg lock strut is broken.
dmg_msg/gear_c12_3;
dmg_msg/gear_c12_4;
dmg_msg/gear_c13_0;%s: suffers damage of central gear leg.
dmg_msg/gear_c13_1;%s: central gear leg fixing is broken.
dmg_msg/gear_c13_2;%s: central gear leg lock strut is broken.
dmg_msg/gear_c13_3;
dmg_msg/gear_c13_4;
dmg_msg/gear_c14_0;%s: suffers damage of central gear leg.
dmg_msg/gear_c14_1;%s: central gear leg fixing is broken.
dmg_msg/gear_c14_2;%s: central gear leg lock strut is broken.
dmg_msg/gear_c14_3;
dmg_msg/gear_c14_4;
dmg_msg/gear_c15_0;%s: suffers damage of central gear leg.
dmg_msg/gear_c15_1;%s: central gear leg fixing is broken.
dmg_msg/gear_c15_2;%s: central gear leg lock strut is broken.
dmg_msg/gear_c15_3;
dmg_msg/gear_c15_4;
dmg_msg/gear_c16_0;%s: suffers damage of central gear leg.
dmg_msg/gear_c16_1;%s: central gear leg fixing is broken.
dmg_msg/gear_c16_2;%s: central gear leg lock strut is broken.
dmg_msg/gear_c16_3;
dmg_msg/gear_c16_4;
dmg_msg/flap_l_0;%s: suffers damage of left flap.
dmg_msg/flap_l_1;%s: left flap is jammed.
dmg_msg/flap_l_2;%s: left flap hinges are broken.
dmg_msg/flap_l_3;%s: left flap cable is broken.
dmg_msg/flap_l_4;%s: left flap surface is broken.
dmg_msg/flap1_l_0;%s: suffers damage of left flap.
dmg_msg/flap1_l_1;%s: left flap is jammed.
dmg_msg/flap1_l_2;%s: left flap hinges are broken.
dmg_msg/flap1_l_3;%s: left flap cable is broken.
dmg_msg/flap1_l_4;%s: left flap surface is broken.
dmg_msg/flap2_l_0;%s: suffers damage of left flap.
dmg_msg/flap2_l_1;%s: left flap is jammed.
dmg_msg/flap2_l_2;%s: left flap hinges are broken.
dmg_msg/flap2_l_3;%s: left flap cable is broken.
dmg_msg/flap2_l_4;%s: left flap surface is broken.
dmg_msg/flap_r_0;%s: suffers damage of right flap.
dmg_msg/flap_r_1;%s: right flap is jammed.
dmg_msg/flap_r_2;%s: right flap hinges are broken.
dmg_msg/flap_r_3;%s: right flap cable is broken.
dmg_msg/flap_r_4;%s: right flap surface is broken.
dmg_msg/flap1_r_0;%s: suffers damage of right flap.
dmg_msg/flap1_r_1;%s: right flap is jammed.
dmg_msg/flap1_r_2;%s: right flap hinges are broken.
dmg_msg/flap1_r_3;%s: right flap cable is broken.
dmg_msg/flap1_r_4;%s: right flap surface is broken.
dmg_msg/flap2_r_0;%s: suffers damage of right flap.
dmg_msg/flap2_r_1;%s: right flap is jammed.
dmg_msg/flap2_r_2;%s: right flap hinges are broken.
dmg_msg/flap2_r_3;%s: right flap cable is broken.
dmg_msg/flap2_r_4;%s: right flap surface is broken.
dmg_msg/rocket_0;%s: lost the rocket.
dmg_msg/rocket_1;%s: rocket is shot.
dmg_msg/rocket_2;%s: rocket is detonated.
dmg_msg/rocket_3;%s: pylons are broken.
dmg_msg/rocket_4;
dmg_msg/rocket1_0;%s: lost the rocket.
dmg_msg/rocket1_1;%s: rocket is shot.
dmg_msg/rocket1_2;%s: rocket is detonated.
dmg_msg/rocket1_3;%s: rocket is broken.
dmg_msg/rocket1_4;
dmg_msg/rocket2_0;%s: lost the rocket.
dmg_msg/rocket2_1;%s: rocket is shot.
dmg_msg/rocket2_2;%s: rocket is detonated.
dmg_msg/rocket2_3;%s: pylons are broken.
dmg_msg/rocket2_4;
dmg_msg/rocket3_0;%s: lost the rocket.
dmg_msg/rocket3_1;%s: rocket is shot.
dmg_msg/rocket3_2;%s: rocket is detonated.
dmg_msg/rocket3_3;%s: pylons are broken.
dmg_msg/rocket3_4;
dmg_msg/rocket4_0;%s: lost the rocket.
dmg_msg/rocket4_1;%s: rocket is shot.
dmg_msg/rocket4_2;%s: rocket is detonated.
dmg_msg/rocket4_3;%s: pylons are broken.
dmg_msg/rocket4_4;
dmg_msg/gunner1_0;Enemy gunner is unconscious.
dmg_msg/gunner1_1;%s: gunner's installation is out of action.
dmg_msg/gunner1_2;%s: turret's rotation gear is broken.
dmg_msg/gunner1_3;
dmg_msg/gunner1_4;
dmg_msg/gunner2_0;Enemy gunner is unconscious.
dmg_msg/gunner2_1;%s: gunner's installation is out of action.
dmg_msg/gunner2_2;%s: turret's rotation gear is broken.
dmg_msg/gunner2_3;
dmg_msg/gunner2_4;
dmg_msg/gunner3_0;Enemy gunner is unconscious.
dmg_msg/gunner3_1;%s: gunner's installation is out of action.
dmg_msg/gunner3_2;%s: turret's rotation gear is broken.
dmg_msg/gunner3_3;
dmg_msg/gunner3_4;
dmg_msg/gunner4_0;Enemy gunner is unconscious.
dmg_msg/gunner4_1;%s: gunner's installation is out of action.
dmg_msg/gunner4_2;%s: turret's rotation gear is broken.
dmg_msg/gunner4_3;
dmg_msg/gunner4_4;
dmg_msg/gunner5_0;Enemy gunner is unconscious.
dmg_msg/gunner5_1;%s: gunner's installation is out of action.
dmg_msg/gunner5_2;%s: turret's rotation gear is broken.
dmg_msg/gunner5_3;
dmg_msg/gunner5_4;
dmg_msg/gunner6_0;Enemy gunner is unconscious.
dmg_msg/gunner6_1;%s: gunner's installation is out of action.
dmg_msg/gunner6_2;%s: turret's rotation gear is broken.
dmg_msg/gunner6_3;
dmg_msg/gunner6_4;
dmg_msg/gunner7_0;Enemy gunner is unconscious.
dmg_msg/gunner7_1;%s: gunner's installation is out of action.
dmg_msg/gunner7_2;%s: turret's rotation gear is broken.
dmg_msg/gunner7_3;
dmg_msg/gunner7_4;
dmg_msg/gunner8_0;Enemy gunner is unconscious.
dmg_msg/gunner8_1;%s: gunner's installation is out of action.
dmg_msg/gunner8_2;%s: turret's rotation gear is broken.
dmg_msg/gunner8_3;
dmg_msg/gunner8_4;
dmg_msg/aileron1_l_0;%s: suffers damage of left aileron.
dmg_msg/aileron1_l_1;%s: left aileron is jammed.
dmg_msg/aileron1_l_2;%s: left aileron cable is broken.
dmg_msg/aileron1_l_3;%s: left aileron hinges are broken.
dmg_msg/aileron1_l_4;%s: left aileron surface is broken.
dmg_msg/aileron1_r_0;%s: suffers damage of right aileron.
dmg_msg/aileron1_r_1;%s: right aileron is jammed.
dmg_msg/aileron1_r_2;%s: right aileron cable is broken.
dmg_msg/aileron1_r_3;%s: right aileron hinges are broken.
dmg_msg/aileron1_r_4;%s: right aileron surface is broken.
dmg_msg/tank_track;%s: track destroyed.
dmg_msg/tank_engine;%s: hit in the enemy's engine
dmg_msg/tank_transmission;%s: hit in the enemy's transmission
dmg_msg/tank_fuel_tank;%s: hit in the enemy's fuel tank
dmg_msg/tank_radiator;%s: hit in the enemy's radiator
dmg_msg/tank_fighting_compartment;%s: hit in the enemy's fighting compartment
dmg_msg/tank_control_compartment;%s: hit in the enemy's control compartment
dmg_msg/tank_commander;%s: hit in the enemy's fighting compartment
dmg_msg/tank_loader;%s: hit in the enemy's fighting compartment
dmg_msg/tank_gunner;%s: hit in the enemy's fighting compartment
dmg_msg/tank_driver;%s: hit in the enemy's control compartment
dmg_msg/tank_machine_gunner;%s: hit in the enemy's control compartment
dmg_msg/tank_drive_turret_v;%s: hit in the enemy's vertical cannon drive
dmg_msg/tank_drive_turret_h;%s: hit in the enemy's horizontal turret drive
dmg_msg/tank_autoloader;%s: hit in the enemy's autoloader
dmg_msg/tank_driver_controls;%s: hit in the enemy's driver controls
dmg_msg/tank_fire_control_system;%s: hit in the enemy's FCS
dmg_msg/tank_electronic_equipment;%s: hit in the enemy's electronic equipment
dmg_msg/tank_power_system;%s: hit in the enemy's power system
dmg_msg/tank_suspension;%s: suspension damaged
dmg_msg/gun_barrel;%s: enemy's cannon barrel damaged
dmg_msg/cannon_breech;%s: enemy's cannon breech damaged
dmg_msg/tank_ammo;%s: hit in the enemy's ammo
dmg_msg/tank_engine_fire;%s: enemy vehicle is on fire
dmg_msg/tank_gun_trunnion;%s: hit the enemy’s gun trunnion
dmg_msg/tank_turret_hydraulics;%s: hit the enemy’s hydraulic pumps or power electronics
dmg_msg_short/tank_track;track
dmg_msg_short/tank_engine;engine
dmg_msg_short/tank_transmission;transmission
dmg_msg_short/tank_fuel_tank;fuel tank
dmg_msg_short/tank_radiator;radiator
dmg_msg_short/tank_commander;commander
dmg_msg_short/tank_loader;loader
dmg_msg_short/tank_gunner;gunner
dmg_msg_short/tank_driver;driver
dmg_msg_short/tank_machine_gunner;machine gunner
dmg_msg_short/ship_era;motorman
dmg_msg_short/ship_driver;helmsman
dmg_msg_short/ship_operator;radar operator
dmg_msg_short/ship_motorist;motorman
dmg_msg_short/ship_compartment;compartment
dmg_msg_short/ship_engine_room;boiler room
dmg_msg_short/ship_steering_gear;steering gear
dmg_msg_short/ship_main_caliber_gun;main caliber gun
dmg_msg_short/ship_main_caliber_turret;main caliber turret
dmg_msg_short/ship_superstructure;superstructure
dmg_msg_short/ship_superstructure_front;superstructure
dmg_msg_short/ship_superstructure_back;superstructure
dmg_msg_short/ship_superstructure_top;superstructure
dmg_msg_short/ship_superstructure_bottom;superstructure
dmg_msg_short/ship_auxiliary_caliber_gun;auxiliary caliber gun
dmg_msg_short/ship_auxiliary_caliber_turret;auxiliary caliber turret
dmg_msg_short/ship_aa_gun;AA gun
dmg_msg_short/ship_aa_turret;AA turret
dmg_msg_short/ship_gun_mask;gun mantlet
dmg_msg_short/ship_bridge;bridge
dmg_msg_short/ship_ammunition_storage;ammunition storage
dmg_msg_short/ship_charges_storage;magazine
dmg_msg_short/ship_ammunition_storage_charges;magazine
dmg_msg_short/ship_ammunition_storage_shells;shell room
dmg_msg_short/ship_ammunition_storage_aux;auxiliary ammunition storage
dmg_msg_short/ship_ammo;ready-use ammo
dmg_msg_short/ship_pump;pumps
dmg_msg_short/ship_rudder;rudder
dmg_msg_short/ship_machine_gun;machine gun
dmg_msg_short/ship_torpedo_tube;torpedo tube
dmg_msg_short/ship_torpedo;torpedo
dmg_msg_short/ship_mine;naval mine
dmg_msg_short/ship_depth_charge;depth charge
dmg_msg_short/ship_sailor;sailor
dmg_msg_short/ship_funnel;smoke funnel
dmg_msg_short/ship_coal_bunker;coal bunker
dmg_msg_short/ship_fuel_tank;fuel tank
dmg_msg_short/ship_elevator;ammo elevator
dmg_msg_short/catapult_mount;catapult
dmg_msg_short/catapult;catapult
dmg_msg_short/aircraft;scout-plane
dmg_msg_short/ship_hydrofoil;hydrofoil
dmg_msg_short/ship_sonar;Sonar
dmg_msg_short/ship_cannon_breech;cannon breech
dmg_msg_short/ship_fire_control_room;fire control room
dmg_msg_short/ship_rangefinder;rangefinder
dmg_msg_short/ship_fire_director;fire director
dmg_msg_short/ship_armor_cit_l;vertical armor plate
dmg_msg_short/ship_armor_cit_r;vertical armor plate
dmg_msg_short/ship_armor_belt_l;belt armor plate
dmg_msg_short/ship_armor_belt_r;belt armor plate
dmg_msg_short/tank_fighting_compartment;fighting compartment
dmg_msg_short/tank_control_compartment;control compartment
dmg_msg_short/tank_drive_turret_v;vertical cannon drive
dmg_msg_short/tank_drive_turret_h;horizontal turret drive
dmg_msg_short/tank_power_system;power system
dmg_msg_short/tank_autoloader;autoloader
dmg_msg_short/tank_driver_controls;driver controls
dmg_msg_short/tank_fire_control_system;fcs
dmg_msg_short/tank_electronic_equipment;electronic equipment
dmg_msg_short/tank_suspension;suspension
dmg_msg_short/tank_ammo;ammo
dmg_msg_short/tank_gun_barrel;cannon barrel
dmg_msg_short/tank_cannon_breech;cannon breech
dmg_msg_short/tank_engine_fire;on fire
dmg_msg_short/tank_countermeasure;IRCM
dmg_msg_short/tank_commander_panoramic_sight;сommander sight
dmg_msg_short/tagging_radar;Radar
dmg_msg_short/radar;Radar
dmg_msg_short/location_radar;Search radar
dmg_msg_short/fire_control_room;fire control room
dmg_msg_short/rangefinder;rangefinder
dmg_msg_short/fire_director;fire director
dmg_msg_short/ammunition_storage_aux;auxiliary ammunition storage
dmg_msg_short/ship_shaft;propeller shaft
dmg_msg_short/tank_gun_trunnion;gun trunnions
dmg_msg_short/tank_turret_hydraulics;hydraulic pump or power electronics
part_destroyed/ship_compartment;Compartment destroyed
part_destroyed/ship_engine_room;Boiler room destroyed
part_destroyed/tank_transmission;Engine room destroyed
part_destroyed/ship_steering_gear;Steering gear destroyed
part_destroyed/ship_main_caliber_gun;Main caliber gun damaged
part_destroyed/ship_main_caliber_turret;Main caliber turret destroyed
part_destroyed/ship_auxiliary_caliber_gun;Auxiliary caliber gun damaged
part_destroyed/ship_auxiliary_caliber_turret;Auxiliary caliber turret destroyed
part_destroyed/ship_aa_gun;AA gun damaged
part_destroyed/ship_aa_turret;AA turret destroyed
part_destroyed/ship_bridge;Battle bridge destroyed
part_destroyed/ship_funnel;Smoke funnel destroyed
part_destroyed/fire_control_room;Fire control room destroyed
part_destroyed/shells;Shell room detonated
part_destroyed/charges;Magazine detonated
part_destroyed/aux;Ammunition storage detonated
part_destroyed/first_stage;Ready-use ammo detonated
part_destroyed/ship_torpedo_tube;Torpedo tube destroyed
part_destroyed/torpedo;Torpedo detonated
part_destroyed/mine;Mine detonated
part_destroyed/fixed_ammo;Ammunition storage detonated
part_destroyed/depth_charges;Depth charges detonated
part_destroyed/rangefinder;Rangefinder destroyed
part_destroyed/fire_director;Fire control director destroyed
part_destroyed/ship_coal_bunker;Coal bunker damaged
part_destroyed/ship_fuel_tank;Fuel tank damaged
part_destroyed/ship_armor_belt_r;Armor plate damaged
part_destroyed/ship_armor_belt_l;Armor plate damaged
part_destroyed/ship_armor_cit_r;Protection part damaged
part_destroyed/ship_armor_cit_l;Protection part damaged
part_destroyed/default;Ammunition storage detonated
part_destroyed/shaft;Propeller shaft damaged
my_dmg_msg/tank_engine;Engine damaged
my_dmg_msg/tank_transmission;Transmission damaged
my_dmg_msg/tank_fuel_tank;Fuel tank damaged
my_dmg_msg/tank_radiator;Radiator damaged
my_dmg_msg/tank_commander;Commander wounded
my_dmg_msg/tank_loader;Loader wounded
my_dmg_msg/tank_gunner;Gunner wounded
my_dmg_msg/tank_driver;Driver wounded
my_dmg_msg/tank_machine_gunner;Machine gunner wounded
my_dmg_msg/tank_track;Track damaged
my_dmg_msg/tank_drive_turret_v;Vertical aiming drive damaged
my_dmg_msg/tank_drive_turret_h;Horizontal aiming drive damaged
my_dmg_msg/tank_electronic_equipment;Electronic equipment damaged
my_dmg_msg/tank_fire_control_system;FCS damaged
my_dmg_msg/tank_power_system;Power system damaged
my_dmg_msg/tank_driver_controls;Driver controls damaged
my_dmg_msg/tank_autoloader;Autoloader damaged
my_dmg_msg/tank_suspension;Suspension damaged
my_dmg_msg/tank_ammo;Ammo damaged
my_dmg_msg/tank_gun_barrel;Сannon barrel damaged
my_dmg_msg/tank_cannon_breech;Сannon breech damaged
my_dmg_msg/tank_engine_fire;Engine is on fire
my_dmg_msg/tank_countermeasure;IRCM damaged
my_dmg_msg/tank_commander_panoramic_sight;Commander sight damaged
my_dmg_msg/radar;Radar damaged
my_dmg_msg/location_radar;Search radar damaged
my_dmg_msg/tagging_radar;Tracking radar damaged
my_dmg_msg/fire_director;Fire director damaged
my_dmg_msg/ship_compartment;Compartment damaged
my_dmg_msg/ship_elevator;Ammo elevator damaged
my_dmg_msg/ship_ammunition_storage;Ammunition storage damaged
my_dmg_msg/ship_ammunition_storage_charges;Magazine damaged
my_dmg_msg/ship_ammunition_storage_shells;Shell room damaged
my_dmg_msg/ship_ammunition_storage_aux;Auxiliary ammunition storage damaged
my_dmg_msg/ship_ammo_turret;Ready-use ammo damaged
my_dmg_msg/ship_pump;Pump damaged
my_dmg_msg/ship_rudder;Rudder damaged
my_dmg_msg/ship_torpedo_tube;Torpedo tube damaged
my_dmg_msg/ship_torpedo;Torpedo damaged
my_dmg_msg/ship_funnel;Smoke funnel damaged
my_dmg_msg/ship_engine_room;Boiler room damaged
my_dmg_msg/ship_steering_gear;Steering gear damaged
my_dmg_msg/ship_main_caliber_turret;Main caliber turret damaged
my_dmg_msg/ship_main_caliber_gun;Main caliber gun damaged
my_dmg_msg/tank_gun_trunnion;Gun trunnions damaged
my_dmg_msg/tank_turret_hydraulics;Hydraulic pumps or power electronics damaged
my_repair_msg/ship_compartment;Compartment repaired
my_repair_msg/tank_engine_fire;Engine fire extinguished
my_repair_msg/tank_commander;Commander returned to the ranks
my_repair_msg/tank_loader;Loader returned to the ranks
my_repair_msg/tank_gunner;Gunner returned to the ranks
my_repair_msg/tank_driver;Driver returned to the ranks
my_repair_msg/tank_machine_gunner;Machine gunner returned to the ranks
my_repair_msg/tank_engine;Engine repaired
my_repair_msg/tank_transmission;Transmission repaired
my_repair_msg/tank_fuel_tank;Fuel tank repaired
my_repair_msg/tank_radiator;Radiator repaired
my_repair_msg/tank_track;Track repaired
my_repair_msg/tank_drive_turret_v;Vertical turret drive repaired
my_repair_msg/tank_drive_turret_h;Horizontal turret drive repaired
my_repair_msg/tank_electronic_equipment;Electronic equipment repaired
my_repair_msg/tank_fire_control_system;FCS repaired
my_repair_msg/tank_power_system;Power system repaired
my_repair_msg/tank_driver_controls;Driver controls repaired
my_repair_msg/tank_autoloader;Autoloader repaired
my_repair_msg/tank_suspension;Suspension repaired
my_repair_msg/tank_ammo;Ammo repaired
my_repair_msg/tank_gun_barrel;Сannon barrel repaired
my_repair_msg/tank_cannon_breech;Сannon breech repaired
my_repair_msg/tank_countermeasure;IRCM repaired
my_repair_msg/tank_commander_panoramic_sight;Commander sight repaired
my_repair_msg/radar;Radar repaired
my_repair_msg/location_radar;Search radar repaired
my_repair_msg/tagging_radar;Tracking radar repaired
my_repair_msg/fire_director;Fire director repaired
voice_message_category/attack;Attack!
voice_message_category/defend;Defend!
voice_message_category/follow_me;Follow Me!
voice_message_category/answer;Answer
voice_message_category/report;Report
voice_message_category/request;Request
voice_message_category/targeting;Targeting
voice_message_category/to_enemies;To Enemies
voice_message_attack_enemy_base_0;Attack enemy base!
voice_message_attack_enemy_base_1;Attack hostile base!
voice_message_attack_enemy_base_2;Destroy enemy base!
voice_message_attack_enemy_base_3;Destroy hostile base!
voice_message_attack_enemy_troops_0;Attack enemy troops!
voice_message_attack_enemy_troops_1;Attack hostile troops!
voice_message_attack_enemy_troops_2;Destroy enemy troops!
voice_message_attack_enemy_troops_3;Destroy hostile troops!
voice_message_cover_me_0;Cover me!
voice_message_cover_me_1;Need backup!
voice_message_cover_me_2;Need cover!
voice_message_cover_me_3;Somebody, cover me!
voice_message_cover_base_0;Cover the base!
voice_message_cover_base_1;Defend our base!
voice_message_cover_base_2;Provide air cover for our base!
voice_message_cover_base_3;Defend the base!
voice_message_follow_me_0;Follow me!
voice_message_follow_me_1;Guide on me!
voice_message_follow_me_2;Move after me!
voice_message_follow_me_3;On me!
voice_message_yes_0;Affirmative!
voice_message_yes_1;Yes!
voice_message_yes_2;Roger that!
voice_message_yes_3;I agree!
voice_message_no_0;Negative!
voice_message_no_1;No!
voice_message_no_2;Never!
voice_message_no_3;I refuse!
voice_message_sorry_0;Sorry!
voice_message_sorry_1;I'm sorry!
voice_message_sorry_2;Excuse me!
voice_message_sorry_3;I beg your pardon!
voice_message_thank_you_0;Thank you!
voice_message_thank_you_1;Thanks!
voice_message_thank_you_2;Thank you very much!
voice_message_thank_you_3;Gramercy!
voice_message_attacking_target_0;I'm attacking %s!
voice_message_attacking_target_1;Assaulting %s!
voice_message_attacking_target_2;Starting combat with %s!
voice_message_attacking_target_3;Engaging with %s!
voice_message_attack_target_0;Attack %s!
voice_message_attack_target_1;Destroy %s!
voice_message_attack_target_2;Eliminate %s!
voice_message_attack_target_3;Someone, attack %s!
voice_message_well_done_0;Well done!
voice_message_well_done_1;Awesome!
voice_message_well_done_2;Bravo!
voice_message_well_done_3;Excellent!
voice_message_landing_0;Leading for landing!
voice_message_landing_1;Getting down!
voice_message_landing_2;Leading for landing!
voice_message_landing_3;Getting down!
voice_message_check_your_six_0;Check your six!
voice_message_check_your_six_1;Behind you!
voice_message_check_your_six_2;Check your six!
voice_message_check_your_six_3;Look back!
voice_message_return_to_base_0;Returning to the base.
voice_message_return_to_base_1;Returning to the base.
voice_message_return_to_base_2;Returning to the airfield.
voice_message_return_to_base_3;Heading to the base.
voice_message_reloading_0;Reloading!
voice_message_reloading_1;Reloading!
voice_message_reloading_2;Reloading!
voice_message_reloading_3;Reloading!
voice_message_repairing_0;Repairing!
voice_message_repairing_1;Repairing!
voice_message_repairing_2;Repairing!
voice_message_repairing_3;Repairing!
voice_message_attack_A_0;Attack the A point!
voice_message_attack_A_1;Attack the A point!
voice_message_attack_A_2;Attack the A point!
voice_message_attack_A_3;Attack the A point!
voice_message_attack_B_0;Attack the B point!
voice_message_attack_B_1;Attack the B point!
voice_message_attack_B_2;Attack the B point!
voice_message_attack_B_3;Attack the B point!
voice_message_attack_C_0;Attack the C point!
voice_message_attack_C_1;Attack the C point!
voice_message_attack_C_2;Attack the C point!
voice_message_attack_C_3;Attack the C point!
voice_message_attack_D_0;Attack the D point!
voice_message_attack_D_1;Attack the D point!
voice_message_attack_D_2;Attack the D point!
voice_message_attack_D_3;Attack the D point!
voice_message_defend_A_0;Defend the A point!
voice_message_defend_A_1;Defend the A point!
voice_message_defend_A_2;Defend the A point!
voice_message_defend_A_3;Defend the A point!
voice_message_defend_B_0;Defend the B point!
voice_message_defend_B_1;Defend the B point!
voice_message_defend_B_2;Defend the B point!
voice_message_defend_B_3;Defend the B point!
voice_message_defend_C_0;Defend the C point!
voice_message_defend_C_1;Defend the C point!
voice_message_defend_C_2;Defend the C point!
voice_message_defend_C_3;Defend the C point!
voice_message_defend_D_0;Defend the D point!
voice_message_defend_D_1;Defend the D point!
voice_message_defend_D_2;Defend the D point!
voice_message_defend_D_3;Defend the D point!
voice_message_attention_to_point_0;Attention to the map!
voice_message_attention_to_point_1;Attention to the map!
voice_message_attention_to_point_2;Attention to the designated grid square!
voice_message_attention_to_point_3;Attention to the designated grid zone!
voice_message_designate_target_from_uav_0;UAV operator transmits target coordinates
voice_message_designate_target_from_uav_1;Sending coordinates from a drone
voice_message_designate_target_from_uav_2;UAV operator noticed activity in the designated grid square
voice_message_designate_target_from_uav_3;UAV operator transmits target coordinates
voice_message_target_placeholder;my target
voice_message_altitude;alt.
voice_message_request_target_0;Requesting a target for an air attack
voice_message_request_target_1;Requesting a target for an air attack
voice_message_request_target_2;Requesting a target for an air attack
voice_message_request_target_3;Requesting a target for an air attack
voice_message_request_air_support_0;Requesting aviation support
voice_message_request_air_support_1;Requesting aviation support
voice_message_request_air_support_2;Requesting aviation support
voice_message_request_air_support_3;Requesting aviation support
voice_message_request_uav_0;Requesting air reconnaissance
voice_message_request_uav_1;Requesting air reconnaissance
voice_message_request_uav_2;Requesting air reconnaissance
voice_message_request_uav_3;Requesting air reconnaissance
voice_message_help_me_0;Requesting repairs
voice_message_help_me_1;Requesting repairs
voice_message_help_me_2;Requesting repairs
voice_message_help_me_3;Requesting repairs
voice_message_air_0;Air Alert!
voice_message_air_1;Air Alert!
voice_message_air_2;Air Alert!
voice_message_air_3;Air Alert!
voice_message_air_suffix; Azimuth %d, the altitude is about %d
voice_message_teamkill_sorry_0;Sorry for teamkill!
voice_message_teamkill_sorry_1;Sorry for teamkill!
voice_message_teamkill_sorry_2;Sorry for teamkill!
voice_message_teamkill_sorry_3;Sorry for teamkill!
voice_message_teamkill_forgive_0;I accept apology for teamkill from %s
voice_message_teamkill_forgive_1;I accept apology for teamkill from %s
voice_message_teamkill_forgive_2;I accept apology for teamkill from %s
voice_message_teamkill_forgive_3;I accept apology for teamkill from %s
measureUnits/kg_per_sq_meters_wing_loading;kg/m²
measureUnits/lb_per_sq_feet_wing_loading;lb/ft²
measureUnits/hp_per_kg_power_to_weight_ratio;hp/kg
measureUnits/hp_per_lb_power_to_weight_ratio;hp/lb
HUD_INSTRUCTOR;INSTRUCTOR
HUD_INSTRUCTOR_FORCED;INSTRUCTOR forced
helpersMode/mouseAim;Control type: mouse aim
helpersMode/instructor;Control type: simplified
helpersMode/realistic;Control type: realistic
helpersMode/full_real;Control type: full
HUD_REDUCE_ENGINE_POWER_TO_REPAIR;Reduce engine power to be repaired
HUD_TIME_TO_REPAIR;You will be repaired in
HUD_TIME_TO_REARM;Aircraft will be rearmed in
HUD_TIME_TO_REFUEL;Aircraft will be refuelled in
HUD_TIME_TO_SURRENDER;You will be captured in
TXT_CHUTE_ON;Chute opened
TXT_CHUTE_OFF;Chute shot off
TXT_NO_CHUTE;No chute
TXT_CHUTE_NO_SPEED;Invalid parachute opening speed
TXT_CHUTE_NO_GROUND;The parachute cannot be open in the air
TXT_CHUTE_USED;Parachutes spent
TXT_HOVER_ON;Hover mode on
TXT_HOVER_OFF;Hover mode off
HUD/TXT_COLLIMATOR_SIGHT_ON;Cockpit Sight on
HUD/TXT_COLLIMATOR_SIGHT_OFF;Cockpit Sight off
HUD/TXT_NO_COLLIMATOR_SIGHT;No Cockpit Sight
HUD_CAN_NOT_REPAIR;Your aircraft is critically damaged. Repair is not available
HUD_CAN_NOT_REPAIR_HELICOPTER;Your helicopter is critically damaged. Repair is not available
NET_PROTOCOL_VERSION_MISMATCH;Net protocol version mismatch.
TRIM_AILERONS;Aileron trim:
TRIM_ELEVATOR;Elevator trim:
TRIM_RUDDER;Rudder trim:
TRIM_AILERONS_SHORT;aileron
TRIM_ELEVATOR_SHORT;elevator
TRIM_RUDDER_SHORT;rudder
NET_DLC_SESSION_STARTED;This content is only available as an add-on. You will be returned to menu.
HUD_NET_SLOW;BAD NETWORK CONNECTION!
HUD_NET_UNRESPONSIVE;CONNECTION TO THE SERVER WAS LOST
date_format;{month} {day}, {year}
date_format_short;{month} {day}
AviWriter/Start;"Start writing avi to file ""%s"""
AviWriter/Error;"Video ""%s"" writing error"
AviWriter/Error_0;AVIERR_UNSUPPORTED
AviWriter/Error_1;AVIERR_BADFORMAT
AviWriter/Error_2;AVIERR_MEMORY
AviWriter/Error_3;AVIERR_INTERNAL
AviWriter/Error_4;AVIERR_BADFLAGS
AviWriter/Error_5;AVIERR_BADPARAM
AviWriter/Error_6;AVIERR_BADSIZE
AviWriter/Error_7;AVIERR_BADHANDLE
AviWriter/Error_8;AVIERR_FILEREAD
AviWriter/Error_9;Not enough space on the disk.
AviWriter/Error_10;AVIERR_FILEOPEN
AviWriter/Error_11;AVIERR_COMPRESSOR
AviWriter/Error_12;AVIERR_NOCOMPRESSOR
AviWriter/Error_13;AVIERR_READONLY
AviWriter/Error_14;AVIERR_NODATA
AviWriter/Error_15;AVIERR_BUFFERTOOSMALL
AviWriter/Error_16;AVIERR_CANTCOMPRESS
HUD/TXT_ENGINE_1_CONTROL_ON;First engine controls on.
HUD/TXT_ENGINE_2_CONTROL_ON;Second engine controls on.
HUD/TXT_ENGINE_3_CONTROL_ON;Third engine controls on.
HUD/TXT_ENGINE_4_CONTROL_ON;Fourth engine controls on.
HUD/TXT_ENGINE_5_CONTROL_ON;Fifth engine controls on.
HUD/TXT_ENGINE_6_CONTROL_ON;Sixth engine controls on.
HUD/TXT_ENGINE_1_CONTROL_OFF;First engine controls off.
HUD/TXT_ENGINE_2_CONTROL_OFF;Second engine controls off.
HUD/TXT_ENGINE_3_CONTROL_OFF;Third engine controls off.
HUD/TXT_ENGINE_4_CONTROL_OFF;Fourth engine controls off.
HUD/TXT_ENGINE_5_CONTROL_OFF;Fifth engine controls off.
HUD/TXT_ENGINE_6_CONTROL_OFF;Sixth engine controls off.
HUD/TXT_ENGINE_ALL_CONTROL_ON;All engine controls on.
HUD/TXT_NO_TURBO_CHARGER_CONTROL;No turbocharger control available
HUD/TXT_HIGH_ENGINE_RPM;High engine RPM.
HUD/TXT_LOW_MAIN_ROTOR_RPM;Low main rotor RPM.
TXT_MAIN_ROTOR_VORTEX_RING;Vortex ring. Increase speed by moving in any direction.
TXT_TAIL_ROTOR_VORTEX_RING;Vortex ring. Increase speed by moving in any direction.
death/exploded;Plane exploded
death/burn;Plane burnt down
death/cutWing;Wing cut loose
death/cutTail;Tail cut loose
death/destruction;Plane broken down
death/crewDeath;Crew knocked out
death/tankIncapacitated;Vehicle is combat-ineffective
death/fuelTankExplosion;Fuel tanks exploded
death/ammoExplosion;Ammunition load exploded
death/ammoFire;Ammunition load burnt down
death/tankBurn;Vehicle burnt down
death/shipBurn;Vessel burnt down
death/helicopterExplosion;Helicopter Destroyed
death/shipCrewDeath;Crew knocked out
death/lowWater;Vessel run aground
death/hullDestruction;Hull destroyed
death/hullBreak;Hull destroyed
death/torpedoHit;Vessel destroyed by torpedo
death/mineHit;Vessel destroyed by mine
death/crewSurrender;Crew surrendered
death/severeDamageToKill;Written off due to severe damage
HUD_TIME_TO_TRACK_REPAIR;The track will be repaired in
NET_PLAYER_GM_HAS_DESTROYED;has been wrecked
NET_PLAYER_GM_KILLED_BY_UNIT;has been destroyed by
HUD_YOUR_KILLER_GM;You have been destroyed by
HUD_YOUR_KILLER_GM_AI;You have been destroyed by
HUD_DESTROYED_BY_AMMO;%s ammunition - %s
HUD_AWARD_GIVEN_FOR;the award will be given to 
HUD_AWARD_NEAREST;The award may be given to the nearest opponent
HUD_INVULNERABLE_TIME;Invincibility
InternetRadio/Ulitka;"""Ulitka"" radio"
NUD_TIME_TO_START_REPAIR;Repair will start in
NUD_TIME_TO_STOP_REPAIR;Repair will end in
NUD_TIME_TO_TANK_ASSIST_REPAIR;The allied vehicle will be repaired in
NUD_TIME_TO_TANK_REPAIR;The vehicle will be repaired in
NUD_TIME_TO_REPAIR_UNIT;The unit will be repaired in
HUD_TIME_TO_EXTINGUISH_UNIT;The unit will be extinguished in
NUD_MSG_TANK_REARM;Reloading in progress
hud_tank_driver_dead;The driver is unconscious, vehicle handling will be available in %02d:%02d
hud_tank_gunner_dead;The gunner is unconscious, fire control will be available in %02d:%02d
hud_tank_loader_dead;The loader is unconscious, loading time has been increased
hud_tank_commander_dead;The commander is unconscious
hud_tank_machine_gunner_dead;The radio operator gunner is unconscious
hud_gun_barell_malfunction;Attention! Gun barrel is damaged. Shooting the weapon can lead to shell explosion within the barrel.
hud_rocket_launcher_malfunction;Attention! Rocket launcher is damaged. Shooting the weapon can lead to shell explosion on the rails.
hud_gun_barrel_exploded;Gun barrel is damaged. Muzzle velocity, firing accuracy and piercing ability of the weapon are significantly decreased.
hud_gun_breech_malfunction;Attention! Gun breech is damaged. Shooting the weapon can lead to shell explosion in the turret.
hud_gun_breech_malfunction_misfire;Misfire due to gun breech damage
hud_tank_turret_drive_h_broken;Horizontal turret drive damaged
hud_tank_turret_drive_v_broken;Vertical turret drive damaged
hud_tank_electronic_equipment_broken;Electronic equipment damaged
hud_tank_fire_control_system_broken;FCS damaged
hud_tank_power_system_broken;Power system damaged
hud_tank_driver_controls_broken;Driver controls damaged
hud_tank_autoloader_broken;Autoloader damaged
hud_tank_transmission_damaged;Transmission damaged
hud_tank_engine_damaged;Engine damaged
hud_tank_track_damaged;Track damaged
hud_tank_crew_members_count;Amount of active crew members
hud_tank_crew_driver_out_of_action;Driver is out of action
hud_tank_crew_gunner_out_of_action;Gunner is out of action
hud_tank_crew_distance;Crew visibility area {distance}%
hud_ship_depth_on_course_warning;Dangerously low depth on course
TXT_BOOSTERS_HAVE_IGNITED;Boosters have been ignited.
TXT_BOOSTERS_HAVE_ALREADY_IGNITED;Boosters have already been ignited.
TXT_BOOSTERS_HAVE_BEEN_STOPPED;Boosters have been switched off.
TXT_BOOSTERS_CAN_NOT_START;Boosters cannot be switched on.
NO_BOOSTERS;There are no boosters.
HUD_RACE_CHECKPOINT;Checkpoint
HUD_RACE_LAP;Lap
HUD_RACE_FINISH;Finish
HUD_RACE_PENALTY_TIME;Penalty time
HUD_RACE_BONUS_TIME;Bonus time
HUD_RACE_BEST_LAP_TIME;Best Lap Time
HUD_RACE_LAST_LAP_TIME;Lap Time
HUD_RACE_PLACE_D_OF_D;Place: %d of %d
HUD_RACE_PLACE;Place: {place} of {total}
fire_in_unit;The vehicle is on fire!
extinguisher_activated;Extinguishers activated.
automatic_extinguisher_activated;Automatic extinguishers activated.
fire_extinguished;Fire extinguished.
HUD_ART_WARNING;ARTILLERY FIRE
TRIM_AILERON_POSITION_HAS_BEEN_SAVED;Aileron trim position has been saved
TRIM_RUDDER_POSITION_HAS_BEEN_SAVED;Rudder trim position has been saved
TRIM_ELEVATOR_POSITION_HAS_BEEN_SAVED;Elevator trim position has been saved
TRIM_POSITION_HAS_BEEN_RESTORED;Position has been restored:
aasReachPlayedTime1;You have been online for 1 hour already.
aasReachPlayedTime2;You have been online for 2 hours already.
aasReachPlayedTimeTired3;"You have been online for 3 hours already and you are in tired game time.
Your game reward is decreasing by 50%.
For your health, please logout of the game and take a rest."
aasReachPlayedTime3;"You have been online for more than 3 hours and you are in tired game time.
Your game reward is decreasing by 50%.
For your health, please logout of the game and take a rest."
aasReachPlayedTime4;"You have been online for more than 4 hours and you are in tired game time.
Your game reward is decreasing by 50%.
For your health, please logout of the game and take a rest."
aasReachPlayedTime5;"You have been online for more than 5 hours and you are in tired game time.
Your reward has became 0.
For your health, you should logout and take a rest.
You can only return to normal after your offline time has reached 5 hours."
antiAddictSystem/warningMsg;"You have been online for {playTime}, access to multiplayer modes will be restricted in {limitAfterTime}.
For your health, please log out of the game and take a rest."
antiAddictSystem/warningMsgOnlyPlayTime;"You have been online for {playTime}, it could be dangerous to your health.
Do you want to take a break?"
antiAddictSystem/limitExceededMsg;"You have been online for {playTime}, access to multiplayer modes is limited for {limitTime}.
For your health, please log out of the game and take a rest."
antiAddictSystem/multiplayerForbiddenMsg;Multiplayer modes will be available in {limitTime}.
antiAddictSystem/multiplayerAvailable;Restriction on multiplayer modes has been lifted.
hud_time_to_crew_extinguish;Time till the end of fire extinguishing by the crew:
NET_UNIT_KILLED_FM;shot down
NET_UNIT_KILLED_GM;destroyed
NET_UNIT_CRITICAL_HIT;critically damaged
NET_UNIT_CRITICAL_HIT_BURN;set afire
NET_UNIT_SEVERE_DAMAGE;severely damaged
engineNoFuelFlow;engine died: no fuel flow
chat_message_thanks;Thanks!
HUD/TXT_STAMINA_SHORT;Stamina
HUD/TXT_STAMINA_LOSE_CONTROL;LOST CONTROL
gunners_enabled;Gunners enabled
gunners_disabled;Gunners disabled
measuring_range;Measuring range
updating_range;Updating range
hints/manual_change_crew_available_gunner;"This vehicle has only one crew member left. Hold the ""Forward"" button so that the Gunner can take the Driver's place and start to move the vehicle"
hints/manual_change_crew_available_driver;"This vehicle has only one crew member left. Hold the ""Fire"" button so that the Driver can take the Gunner's place and man the cannon"
hints/manual_change_crew_necessary_gunner;"Hold the ""Forward"" button so that the Gunner can take the Driver's place and start to move the vehicle"
hints/manual_change_crew_necessary_driver;"Hold the ""Fire"" button so that the Driver can take the Gunner's place and man the cannon"
hint/holdBtn/short;Hold
hint/pressBtn/short;Press
HUD/TXT_MACH_SHORT;MACH
msg/textToShowInCockpit;Cockpit placeholder
HUD/BAY_DOOR_IS_OPEN;BAY OPEN
HUD/BAY_DOOR_IS_CLOSED;BAY CLSD
HUD/BAY_DOOR_IS_OPENING;BAY OPNG
HUD/BAY_DOOR_IS_CLOSING;BAY CLSNG
HUD/BOMB_BAY_DOOR_IS_OPEN;BMB (OPEN)
HUD/BOMB_BAY_DOOR_IS_CLOSED;BMB (CLSD)
HUD/BOMB_BAY_DOOR_IS_OPENING;BMB (OPNG)
HUD/BOMB_BAY_DOOR_IS_CLOSING;BMB (CLSNG)
HUD/TORPEDO_BAY_DOOR_IS_OPEN;TORP (OPEN)
HUD/TORPEDO_BAY_DOOR_IS_CLOSED;TORP (CLSD)
HUD/TORPEDO_BAY_DOOR_IS_OPENING;TORP (OPNG)
HUD/TORPEDO_BAY_DOOR_IS_CLOSING;TORP (CLSNG)
HUD_TANK_IS_EMPTY;EMPTY
HUD_TANK_IS_SEALING;SEALING
HUD/TXT_BOMB_OR_TORPEDO_LAUNCH_IMPOSSIBLE;You cannot drop bombs and torpedoes while on the ground
HUD/TXT_ROCKETS_LAUNCH_IMPOSSIBLE;You cannot launch rockets while on the ground
HUD/TXT_USE_BINOCULAR_SCOUTING;Use binoculars or sniper mode to scout
HUD/TXT_TARGET_BINOCULAR_FOR_SCOUTING;Centre the crosshair on a target to scout it
HUD/TXT_CHOOSE_TARGET_FOR_SCOUTING;Select a target to scout
HUD/TXT_CHOOSE_ALIVE_TARGET_FOR_SCOUTING;Destroyed targets cannot be scouted
HUD/TXT_CHOOSE_GROUND_TARGET_FOR_SCOUTING;Only ground targets can be scouted
HUD/TXT_TARGET_ALREADY_SCOUTED;This target has already been scouted
HUD/TXT_MUST_SEE_SCOUTING_TARGET;Target is out of sight
hints/ccrp_bomb_not_ready;Bomb release permission
hints/critical_buoyancy;Buoyancy is critical
hints/critical_buoyancy_nokey;Buoyancy is critical
hints/torpedo_deadzone;Torpedo tube aim in a dead zone
hints/ammo_destroyed;Ammunition lost
hints/weapon_type_unavailable;Selected weapon type unavailable
hud/textMissile;MSL
hud/textRocket;Rocket
hud/successUserSight;"Created a user sight
<color=@activeTextColor>%s</color>
in UserSights folder in game root folder."
hud/rangefinder_damaged;Rangefinder damaged
hints/rangefinder_damaged;Rangefinder damaged
hints/night_vision_damaged;Night Vision module damaged
hints/autoloader_damaged;Autoloader damaged
hud/distance_correction;Distance: 
hud/distance_ship_correction;Correction: 
HUD_ART_STRIKE_ON;Strike is on
hud/fuse_distance;Fuse: 
hints/repair_ship;Start repairing the vessel
TXT_TIME_TO_ASSIST_REPAIR;Time to assist with repair
HUD/TXT_NO_AUTO_TURBO_CHARGER_CONTROL;Auto turbocharger control mode not available
activeSonarIntercept;Enemy sonar
hud/depth;Depth
hud/shell_homing;Self-homing
hud/shell_operated;Remote guidance
hud/shell_tracking;Tracking
hud/shell_searching;Searching
visual;Visual
passiveSonar;Passive Sonar
activeSonar;Active Sonar
death/pressure;Exceeding the maximum depth. Pressure hull destroyed.
hints/critical_level;Attention! Dangerous depth.
HUD/TXT_FUNNEL_DAMAGED;Funnel damaged
HUD/AIRDRROPS_SHORT;Airdrop
HUD/AIRDRROP_BAY_DOOR_IS_OPEN;Airdrop bay door is open
HUD/AIRDRROP_BAY_DOOR_IS_OPENING;Airdrop bay door is opening
HUD/AIRDRROP_BAY_DOOR_IS_CLOSED;Airdrop bay door is closed
HUD/AIRDRROP_BAY_DOOR_IS_CLOSING;Airdrop bay door is closing
HUD_MISSILE_WARNING;Missile launched
HUD_LASER_WARNING;laser warning
HUD_OWNED_UNIT_DEAD;Owned ship destroyed!
TXT_WEAPON_LOCK_NO_WEAPON;No self-homing missiles
TXT_WEAPON_LOCK_SENSOR_LOCK_REQUIRED;Radar lock required for launch
TXT_WEAPON_RADAR_ILLUMINATION_REQUIRED;Radar illumination required for launch
HUD/IR_MISSILE_STANDBY;IR STDB
HUD/TXT_IR_MISSILE_WARM_UP;IR PWR
HUD/IR_MISSILE_LOCK;IR ACQ
HUD/IR_MISSILE_TRACK;IR TRK
HUD/TXT_LASER_MISSILE_STANDBY;L.AGM
HUD/TXT_LASER_MISSILE_WARM_UP;L.AGM
HUD/TXT_LASER_MISSILE_LOCK;L.AGM
HUD/TXT_LASER_MISSILE_TRACK;L.AGM
HUD/TXT_LASER_DESIGNATOR;LASER
HUD/TXT_ENABLE_LASER_NOW;ENABLE LASER NOW
HUD/TXT_ATGM_OUT_OF_TRACKER_SECTOR;ATGM OUT OF TRACKING SECTOR
HUD/HELICOPTER_FORWARD_SHORT;Forward fire
HUD/AGM_OUTSIDE_LAUNCH_ZONE;OUTSIDE THE LAUNCH ZONE
HUD/TXT_GDWEAP_OUTSIDE_LAUNCH_ZONE;The target is outside the launch zone, use the shooter's (ATGM) camera to aim
hints/turbo_charger_damaged;Turbocharger damaged
hints/load_factor_too_high;Load factor too high
WEAPON_AIM_PITCH;Vertical Guidance
WEAPON_AIM_HEADING;Horizontal Guidance
HUD/TXT_FOOTBALL_JUMP_REQUEST;Jump off
HUD/TXT_FOOTBALL_LOCK_TARGET;Tracking the ball
hints/ship_broken_gun;The gun is broken
hints/friendly_fire_warning;If you continue to attack allies, you will be returned to the main menu
hud/timer;Shell splashes in: 
hud/radar;RADAR
hud/irst;IRST
hud/optics;opt
hud/rwr_track;TRACK
hud/rwr_launch;LAUNCH
TXT_WEAPON_LOCK_ON;Seeker: on
TXT_WEAPON_LOCK_OFF;Seeker: off
TXT_WEAPON_LOCK_WAITING;Seeker: lock waiting
TXT_WEAPON_LOCK_LOCKING;Seeker: searching
TXT_WEAPON_LOCK_TRACKING;Seeker: tracking
HUD_BAILOUT_IN_EXIT_ZONE;You are leaving the aircraft in the exit zone
HUD_BAILOUT_IN_AIRFIELD_ZONE;You are leaving the aircraft in the airfield zone
hints/gear_wrong_position;Weapons blocked. Landing gear.
TXT_MOUSE_AIM_ROLL_OVERRIDE_MODE;Manual roll control mode
HUD/TXT_NO_LOS_ATGM;Missile has been lost
hints/x_ray_unavailable;The replay does not contain damage information for this unit.
hints/atgm_no_line_of_sight;Line-of-sight to the missile has been lost
detect_ally_progress;Request location of allies
detect_ally_success;Allies at coordinates
detect_ally_fail;No allies at coordinates
hints/weapon_is_blocked;Another payload blocks weapon launch / release
hints/shot_frequency_changed;Rate of fire changed to {shotFreq}
hints/shotFreq/high;high
hints/shotFreq/low;low
hud/guidanceState;Seeker
hud/aoa;AoA
hud/traveled;Travelled
hud/lifeTime;Time
hud/overload;Overload
hud/standby;
hud/search;SRC
hud/acquisition;ACQ
hud/ACM;ACM
hud/HMD;HMS
hud/BST;BST
hud/VSL;VSL
hud/track;TRK
hud/LD standby;LD
hud/LD search;SRC LD
hud/LD acquisition;ACQ
hud/LD ACM;ACM
hud/LD track;TRK
hud/PD VS standby;PDV
hud/PD VS search;SRC PDV
hud/PD VS acquisition;ACQ PDV
hud/PD VS ACM;ACM PD
hud/PD VS BST;BST PD
hud/PD VS VSL;VSL PD
hud/PD HDN VS standby;PDV HDN
hud/PD HDN VS search;SRC PDV HDN
hud/PD HDN VS acquisition;ACQ PDV HDN
hud/PD HDN VS ACM;ACM PD HDN
hud/PD HDN VS BST;BST PD HDN
hud/PD HDN VS VSL;VSL PD HDN
hud/PD standby;PD
hud/PD search;SRC PD
hud/PD acquisition;ACQ PD
hud/PD ACM;ACM PD
hud/PD HMD;HMS PD
hud/PD BST;BST PD
hud/PD VSL;VSL PD
hud/PD track;TRK PD
hud/PD RAM;PD RAM
hud/PD HDN standby;PD
hud/PD HDN search;SRC PD HDN
hud/PD HDN acquisition;ACQ PD HDN
hud/PD HDN ACM;ACM PD HDN
hud/PD HDN HMD;HMS PD HDN
hud/PD HDN BST;BST PD HDN
hud/PD HDN VSL;VSL PD HDN
hud/PD HDN track;TRK PD HDN
hud/GTM standby;GMTI
hud/GTM search;SRC GMTI
hud/GTM acquisition;ACQ GMTI
hud/GTM ACM;ACM GMTI
hud/GTM BST;BST GMTI
hud/GTM VSL;VSL GMTI
hud/GTM track;TRK GMTI
hud/MTI standby;MTI
hud/MTI search;SRC MTI
hud/MTI acquisition;ACQ MTI
hud/MTI ACM;ACM MTI
hud/MTI track;TRK MTI
hud/TWS standby;TWS
hud/TWS search;TWS
hud/TWS acquisition;ACQ PD
hud/TWS ACM;ACM PD
hud/TWS BST;BST PD
hud/TWS VSL;VSL PD
hud/TWS track;TRK PD
hud/TWS HDN standby;TWS HDN
hud/TWS HDN search;TWS HDN
hud/TWS HDN acquisition;ACQ PD HDN
hud/TWS HDN ACM;ACM PD HDN
hud/TWS HDN BST;BST PD HDN
hud/TWS HDN VSL;VSL PD HDN
hud/TWS HDN track;TRK PD
hud/TWS GTM standby;TWS GMTI
hud/TWS GTM search;TWS GMTI
hud/TWS GTM acquisition;ACQ GMTI
hud/TWS GTM ACM;ACM GMTI
hud/TWS GTM BST;BST GMTI
hud/TWS GTM VSL;VSL GMTI
hud/TWS GTM track;TRK GMTI
hud/IRST standby;IRST
hud/IRST search;SRC IR
hud/IRST acquisition;ACQ IR
hud/IRST ACM;ACM IR
hud/IRST HMD;HMS IR
hud/IRST track;TRK IR
hud/SEA standby;SEA
hud/SEA search;SRC SEA
hud/SEA acquisition;ACQ SEA
hud/SEA ACM;ACM SEA
hud/SEA BST;BST SEA
hud/SEA VSL;VSL SEA
hud/SEA track;TRK SEA
hud/TWS SEA standby;TWS SEA
hud/TWS SEA search;TWS SEA
hud/TWS SEA acquisition;ACQ SEA
hud/TWS SEA ACM;ACM SEA
hud/TWS SEA BST;BST SEA
hud/TWS SEA VSL;VSL SEA
hud/TWS SEA track;TRK SEA
hud/air_search;A-A
hud/ground_search;A-G
hud/track memory;TRK MEM
hud/iog;IOG
hud/iog_dl;IOG+DL
hud/commanderViewAimMode;AIM MODE
hud/autoTargetTracking;ATT
HUD/TXT_AGM_SHORT;AGM
HUD/TXT_AGM_STANDBY;AGM
HUD/TXT_AGM_WARM_UP;AGM PWR
HUD/TXT_AGM_LOCK;AGM ACQ
HUD/TXT_AGM_TRACK;AGM TRACK
HUD/TXT_AGM_TRACK_POINT;AGM POINT
HUD/TXT_AGM_LOCK_AFTER_LAUNCH;AGM
HUD/TXT_AAM_SHORT;AAM
HUD/TXT_AAM_STANDBY;AAM
HUD/TXT_AAM_WARM_UP;AAM PWR
HUD/TXT_AAM_LOCK;AAM ACQ
HUD/TXT_AAM_TRACK;AAM TRACK
HUD/TXT_AAM_LOCK_AFTER_LAUNCH;AAM
HUD/TXT_GUIDED_BOMBS_SHORT;GBU
HUD/TXT_GUIDED_BOMBS_STANDBY;GBU
HUD/TXT_GUIDED_BOMBS_WARM_UP;GBU PWR
HUD/TXT_GUIDED_BOMBS_LOCK;GBU ACQ
HUD/TXT_GUIDED_BOMBS_TRACK;GBU TRACK
HUD/TXT_GUIDED_BOMBS_POINT_TRACK;GBU POINT
HUD/TXT_GUIDED_BOMBS_LOCK_AFTER_LAUNCH;GBU
hints/penalty_time;Penalty time +{timeSec} sec.
hints/bonus_time;Bonus time {timeSec} sec.
HUD/WEAPON_MODE_CCIP;CCIP
HUD/WEAPON_MODE_CCRP;CCRP
HUD/WEAPON_MODE_CCIP_CCRP;CCIP/CCRP
HUD/TXT_WEAPON_MODE_AUTO;AUTO
HUD/TXT_WEAPON_MODE_GYRO;GYRO
HUD/WEAPON_MODE_AUTO;AUTO
HUD/WEAPON_MODE_AUTO/CCIP;AUTO/CCIP
HUD/WEAPON_MODE_GYRO;GYRO
HUD/TXT_STANDBY;
HUD/TXT_WARM_UP;PWR
HUD/TXT_LOCK;ACQ
HUD/TXT_TRACK;TRACK
HUD/TXT_TRACK_POINT;POINT
HUD/TXT_NO_LOCK_AFTER_LAUNCH;BLKD
HUD/TXT_LOCK_AFTER_LAUNCH;READY
HUD/BAY_DOOR_IS_OPEN_INDICATION;(OPEN)
HUD/BAY_DOOR_IS_CLOSED_INDICATION;(CLSD)
HUD/BAY_DOOR_IS_OPENING_INDICATION;(OPNG)
HUD/BAY_DOOR_IS_CLOSING_INDICATION;(CLSNG)
HUD/ALL_GUNS;All guns
HUD/ALL_MACHINE_GUNS;Machine guns
HUD/ALL_CANNONS;Cannons
HUD/ALL_ADDITIONAL_GUNS;Gun pods
HUD/TXT_TURRET;Turret
HUD/WEAPON_SELECTION_ON;Weapon selection on
HUD/WEAPON_SELECTION_OFF;Weapon selection off
HUD/CURRENT_SELECTED_WEAPON;Selected weapon: 
HUD/NO_PRIMARY_WEAPON;No primary weapons
HUD/NO_SECONDARY_WEAPON;No secondary weapons
HUD/SECONDARY_WEAPON_SERIES;Ripple mode for secondary weapon
HUD/SECONDARY_WEAPON_SERIES_NORMAL;Normal mode for secondary weapon
HUD/SECONDARY_WEAPON_SERIES_SALVO;Continuous mode for secondary weapon
HUD/WEAPON_SELECTOR_BLOCKS_BOMBS_SERIES;Drop bomb series command is blocked by active weapon selector
HUD/TXT_BOMBS_AUTO_RELEASE;Automatic bomb release in CCRP mode
HUD/COUNTER_MEASURE_FLARE_CHAFF;Release Mode: [ALL]
HUD/COUNTER_MEASURE_FLARE;Release Mode: [FLR]
HUD/COUNTER_MEASURE_CHAFF;Release Mode: [CHFF]
hud_ship_collide_warning;Risk of collision
HUD/TXT_NO_VTOL_CONTROL;No thrust vector control, lift engines and nozzles controls
HUD/TXT_VTOL;Thrust vector control: 
HUD/TXT_IRCM;IRCM
HUD/IRCM_SHORT;IRCM
HUD/BOMB_SIGHT_BOMB_BAY;The bomb bay is closed. Press drop to open
HUD/BOMB_SIGHT_HIGH_SPEED;Too fast
CONTROL_MODE_NOT_AVAILABLE;Hover absent
CONTROL_MODE_ATTITUDE;Hover: [OFF]
CONTROL_MODE_CRUISE;Hover: [ON]
CONTROL_MODE_NOT_READY_TO_CRUISE;Hover unavailable
hints/vtol_over_limit;VTOL configuration is unavailable
hints/need_lock_laser_spot;Cannot launch - the designated area is out of range
hints/click_for_launch_laser_shell;Launch is allowed
TXT_REVERSE_ON;Reverse Thrust: [ON]
TXT_REVERSE_OFF;Reverse Thrust: [OFF]
TXT_NO_REVERSE_CONTROL;No thrust reversal
TXT_CANT_ENGAGE_REVERSE_IN_AIR;Unable to engage reverse thrust in the air
TXT_DISANGAGE_REVERSE_IN_AIR;Reverse thrust disengage after takeoff
HUD/CHAFFS_SHORT;CHFF
HUD/TXT_TRANSMISSION_MANUAL; [M]
my_dmg_msg/aircraft;Hydroplane damaged
my_dmg_msg/catapult;Catapult damaged
my_dmg_msg/catapult_mount;Catapult damaged
hints/support_plane_in_dead_zone;Catapult aim in a dead zone
hints/return_after_owned_unit_dead;You'll leave your aircraft in
hints/owner_ship_in_fire;The owned ship is on fire!
hints/owner_tank_in_fire;The owned tank is on fire!
hints/owner_critical_buoyancy;The owned ship is drowning!
hints/owner_torpedo_alert;The owned ship is attacked by torpedoes
hints/allow_support_plane;To use the surveillance aircraft, press {shortcut}, rotate the catapult and press {shortcut} again
hints/allow_support_plane_nokey;"To use the surveillance aircraft, press ""catapult activation / launch"", rotate the catapult and press ""catapult activation / launch"" again"
hints/allow_commander_aim_mode;To activate commander aim mode, press {shortcut}
hints/allow_commander_aim_mode_nokey;"To activate commander aim mode, press ""Commander fire control"""
hints/allow_switch_support_plane;For switching between the ship and surveillance aircraft press {shortcut}
hints/allow_switch_support_plane_nokey;"For switching between the ship and surveillance aircraft press ""catapult activation / launch"""
hints/uav_launch_blocked;An obstacle prevents the launch of the UAV
hints/cant_spawn_ugv;An obstacle prevents the deployment of the UGV
hints/cant_spawn_unlim_ctrl;There is no suitable vehicle
hints/rocket_launcher_in_water;Launcher in water
hints/follow_camera;To activate the tracking camera, press {shortcut} after the shot
hints/control_help;To show the control help list, press {shortcut}
hints/caliber_switch;To switch between weapon calibres, press {shortcut}
hints/allow_smoke_screen;Press to activate the smoke screen while at the altitude from {minAlt}m to {maxAlt}m
hints/allow_smoke_screen_nokey;"Press ""Hydroplane smoke screen activation"" to activate the smoke screen while at the altitude from {minAlt} m to {maxAlt} m"
hints/say_thanks_offer;Thank an ally
hints/say_thanks_offer_nokey;"To thank an ally, use the ""Radio messages for team"" button"
hints/say_thanks_offer_nokey/xinput;"To thank an ally, use the ""Multi-function Menu"" button"
hints/say_sorry_offer;Apologize to allies
hints/say_sorry_offer_nokey;"To apologize to allies, use the ""Radio messages for team"" button"
hints/say_sorry_offer_nokey/xinput;"To apologize to allies, use the ""Multi-function Menu"" button"
hints/accept_sorry;Accept apology from {killer}
hints/accept_sorry_nokey;"To accept apology, use the ""Radio messages for team"" button"
hints/accept_sorry_nokey/xinput;"To accept apology, use the ""Multi-function Menu"" button"
hints/await_sorry;Awaiting apology from ally
hints/kill_streak_fighter_reverted;No enemy interceptors, the cover mission is canceled
hints/enable_combined_pri_sec_triggers;Main and auxiliary caliber shooting with one button {shortcut} can be enabled in controls menu, naval weaponry section
hints/repair_breaches_offer;Activate breach repairs
hints/underwatering_offer;Activate pumps
hints/ship_offer_repair;Activate vessel repairs
hints/ship_offer_show_hero_modules;Press {{ID_SHOW_HERO_MODULES}} in a third-person view to view the vessel damage
hints/ship_offer_smoke_screen;Press {{ID_SMOKE_SCREEN}} to set up a smoke screen and hide behind it
hints/ship_some_weapons_in_dead_zone;Some weapons cannot be aimed at the target
hints/ship_trigger_group_in_dead_zone;The weapons of the selected group cannot be aimed at the target
hints/ship_bridge_destroyed;The battle bridge has been destroyed! Vessel control is temporarily decreased!
hints/support_plane_offer;Press {{ID_START_SUPPORT_PLANE_SHIP}} to join the flyout on an aircraft
hints/ship_unrepairable_breaches;WARNING! Unrepairable breach!
hints/kill_streak_safe_exit;Save your aircraft ␡ to get an extra reward
hints/kill_streak_safe_exit_helicopter;Save your helicopter ␡ to get an extra reward
hints/kill_streak_reward_artillery_attack;+{points} to artillery strike calls
hints/kill_streak_reward_control_unit_event;+{points} to air battle points
fire_in_tank;On fire!
HUD/CHOICE_OF_VEHICLE;Choose a vehicle to control
fcs/over;OVER
fcs/short;SHORT
fcs/stradle;STRADDLE!
fcs/hit;HIT!
fcs/target_speed;target speed
fcs/heading_angle;heading angle
hints/target_lock_sensor_disabled;Turn on the radar/IRST to be able to lock on a target
hints/target_lock_sensor_damaged;Repair the radar/IRST to be able to lock on a target
hints/exceed_max_depth_to_launch;Torpedo launch is possible on the depth less than %d m
hints/saclos_guidance_mode_auto;Automatic selection of missile guidance mode enabled
hints/saclos_guidance_mode_direct;Missile guidance switched to LOS mode
hints/saclos_guidance_mode_lead;Missile guidance switched to LEAD mode
hints/submarine_depth_change;To change depth press {shortcut}
hints/submarine_periscope_depth;Periscope depth is {depth} m and indicated as {{img=#ui/gameuiskin#hud_periscope.svg}}
hints/submarine_periscope_use;Up / down periscope {{ID_SUBMARINE_TOGGLE_PERISCOPE}}
hints/submarine_cant_dive;Ballast tanks are damaged, unable to ascent! They can be repaired only at the surface
hints/auto_emergency_surfacing;Critical damage! Emergency ascention!
hints/ship_depth_charge_salvo;Board depth charge projector salvo: {{ID_SHIP_WEAPON_MORTAR}}. Depth charge drop: {{ID_SHIP_WEAPON_DEPTH_CHARGE}}
hints/submarine_emergency_sufracing;There is an emergency surfacing with increased speed in a critical situation {{ID_EMERGENCY_SURFACING}}
hints/submarine_cant_submerge_tanks_destroyed;Submarine can't submerge if ballast tanks are destroyed
hints/submarine_cant_surface_only_emergecy;Submarine can't surface if pressured air tanks are destroyed, only emergency surface is available
hints/submarine_full_repair_only_on_surface;Some submarine modules can be repaired only in the surfaced position
hints/submarine_cant_surfacing;Ballast system damaged, standart ascention disabled! Use emergency ascention {{ID_EMERGENCY_SURFACING}}
hints/submarine_noise_level;Boat's noise radius is shown at mini-map with red circle. The higher the speed, the more chance to be deteced with sonar
hints/submarine_torpedo_wrong_depth;Torpedo launch is impossible at this depth
hints/submarine_mine_wrong_depth;Mine set is impossible at this depth
fcs_keep_sight_on_target_hint;keep the sight on the target
fcs_processing;Processing:
fcs_target_type;Target type: 
fcs_target_length;Target length: 
fcs_target_height;Target height: 
fcs_target_speed;Target speed: 
fcs_target_course;Target course: 
fcs_calculating;Calculating:
fcs_attack_bearing;attack bearing: 
fcs_target_distance;distance: 
dmg_msg_short/ship_air_tank;pressurised air tanks
dmg_msg_short/ship_ballast_tank;ballast tank
dmg_msg_short/ship_battery;battery
dmg_msg_short/ship_periscope;periscope
part_destroyed/battery;battery
part_destroyed/ship_ballast_tank;ballast tank
part_destroyed/air_tank;pressurised air tanks
NET_PLAYER_SHOT_BY_AIR_DEFENCE;shot down by air defense.
hints/how_to_use_binocular;Stand under the hill or in cover and turn on binocular mode to safely look around the area
hints/how_to_use_binocular_2;Use the fire button to aim the gun at the binoculars' crosshairs
hints/how_to_use_range_finder;Point the sight at the target and measure the distance to it
hints/how_to_use_range_finder_2;The range to the target has been measured. Accept the correction for shooting at this distance
hints/how_to_use_laser_range_finder;Point the sight at the target and measure the exact distance to it
hints/how_to_use_laser_range_finder_2;The range to the target is entered into the sight. Aim exactly at the center of the crosshair to shoot at this distance
hints/how_to_track_radar_target_in_tps;Switch to the sight to lock on the target
hints/how_to_track_radar_target_in_optic;Point the crosshairs at the target to lock onto it
hints/how_to_smoke_screen_grenade;Shoot smoke grenades to hide yourself from the enemy
hints/how_to_smoke_screen_grenade_2;After shooting smoke grenades, try to move away from the aiming line
hints/how_to_engine_smoke_screen_system;Activate ESS to hide yourself from the enemy
hints/how_to_engine_smoke_screen_system_2;Smoke screen doesn't hide you if the enemy is using the thermal sight
hints/disable_night_vision_on_daylight;Turn off NVD during the daytime
hints/how_to_use_tv_optical_guided_agm_1;
hints/how_to_use_tv_optical_guided_agm_2;
hints/how_to_use_tv_optical_guided_agm_3;
hints/how_to_use_tv_optical_guided_bomb_1;
hints/how_to_use_tv_optical_guided_bomb_2;
hints/how_to_use_tv_optical_guided_bomb_3;
EXTEND_GEARS;Extend landing gear
RETRACT_GEARS;Retract landing gear
TURN_ON_AIM_OVERRIDE_ROLL_HELICOPTER;Turn on manual roll control mode
TURN_OFF_AIM_OVERRIDE_ROLL_HELICOPTER;Turn off manual roll control mode
mad_thunder_event/scrap/plural;{num=scrap metal item/scrap metal items}
mad_thunder_event/vehicle_part/plural;{num=vehicle part/vehicle parts}
mad_thunder_event/armor/plural;{num=armor part/armor parts}
mad_thunder_event/electronics/plural;{num=electronic item/electronic items}
mad_thunder_event/gather_the_material;GATHER RESOURCES
mad_thunder_event/evacuate;EVACUATE TO THE ZONE ␡
mad_thunder_event/fury/plural;{num=rage point/rage points}
ils/su_kab_1500kr;1500Кр
HUD/TXT_HMD_BRIGHTNESS;HMD brightness 
hud/collapseBtnHoverHint;Hold to hide the panel completely
CLIPPED_LANG_KEEP_IT_ALWAYS_FIRST;
HUD/TXT_FUSE_MODE_DISABLED;standard fuze mode
HUD/TXT_FUSE_MODE_CONTACT;impact fuze
HUD/TXT_FUSE_MODE_RADIO;radio fuze
HUD/TXT_FUSE_MODE_DISTANCE;remote fuze
HUD/TXT_BUILDING_APPLY;Press to build an object
HUD/SHIP_HULL_STRENGTH;Hull sections
HUD_FUEL_DUMPING;FUEL DUMP
HUD_NO_FUEL_DUMPING;Fuel dump unavailable
HUD_FUEL_DUMPING_TOO_FAST;Fuel dumping unavailable: Speed too high
HUD_FUEL_DUMPING_WEP_TOO_SLOW;Fuel dumping unavailable: WEP active too slow
HUD_FUEL_DUMPING_TOO_SLOW;Fuel dumping unavailable: Speed too low
;
;
;
;
hud/AAComplexMenu/azimuth;Azimuth
hud/AAComplexMenu/distance;Range (km)
hud/AAComplexMenu/height;Height (km)
hud/AAComplexMenu/speed;Speed (m/s)
hud/AAComplexMenu/type;Type
hud/AAComplexMenu/IFF/header;IFF
hud/AAComplexMenu/IFF/ally;Ally
hud/AAComplexMenu/IFF/enemy;Enemy
;
;
;
;
;
;
;
;
;
;
;
;
;
;
;
;
;
;
;
;
mfd/f_18_wpn/us_aim7f_sparrow;7F
mfd/f_18_wpn/us_aim7m_sparrow_f_15;7M
mfd/f_18_wpn/us_aim7m_sparrow_f_15_default;7M
mfd/f_18_wpn/us_aim7p_sparrow;7P
mfd/f_18_wpn/us_aim7p_sparrow_fa_18;7P
mfd/f_18_wpn/us_aim9l_sidewinder;9L
mfd/f_18_wpn/us_aim9m_sidewinder;9M
mfd/f_18_wpn/us_aim_120a;AA
mfd/f_18_wpn/us_aim_120b;AB
mfd/f_18_wpn/us_aim_120c;AC
mfd/f_18_wpn/an_aas_38;FLIR
mfd/f_18_wpn/an_aas_38a;FLIR
mfd/f_18_wpn/gr_litening_pod_targeting_pod;FLIR
mfd/f_18_wpn/us_500lb_mk77_mod4;MK77
mfd/f_18_wpn/us_250lb_mk_81_ldgp;81B
mfd/f_18_wpn/us_250lb_mk_81_ldgp_air;81YT
mfd/f_18_wpn/us_250lb_mk_81_ldgp_snakeye;81XT
mfd/f_18_wpn/us_500lb_mk_82_ldgp;82B
mfd/f_18_wpn/us_500lb_mk_82_ldgp_air;82YT
mfd/f_18_wpn/us_500lb_mk_82_ldgp_snakeye;82XT
mfd/f_18_wpn/us_1000lb_mk_83_ldgp;83B
mfd/f_18_wpn/us_1000lb_mk_83_ldgp_air;83YT
mfd/f_18_wpn/us_1000lb_mk_83_ldgp_snakeye;83XT
mfd/f_18_wpn/us_500lb_gbu38_usnavy;J-82
mfd/f_18_wpn/us_gbu_10_paveway_2;84LG
mfd/f_18_wpn/us_gbu_12_paveway_2;82LG
mfd/f_18_wpn/us_gbu_16_paveway_2;83LG
mfd/f_18_wpn/us_2000lb_egbu_24_paveway_3;EGBU24B
mfd/f_18_wpn/us_1000lb_gbu32_navy;GBU32
mfd/f_18_wpn/us_500lb_gbu_62_jdam_er;GBU62
mfd/f_18_wpn/us_500lb_gbu_62_ljdam_er;GBU62
mfd/f_18_wpn/us_2000lb_gbu_64_jdam_er;GBU64
mfd/f_18_wpn/us_hydra_70_m247;HYD
mfd/f_18_wpn/us_2_75_in_ffar_mighty_mouse;68S
mfd/f_18_wpn/us_zuni_wafar_mk32;10S
mfd/f_18_wpn/us_agm_62a_2_erdl;WEDL
mfd/f_18_wpn/us_agm_65d;MAVD
mfd/f_18_wpn/us_agm_65e;MAV
mfd/f_18_wpn/us_agm_65f;MAVF
mfd/f_18_wpn/us_agm_65g;MAVG
mfd/f_18_wpn/us_330gal_fa_18_drop_tank_fuse;FP
mfd/f_18_wpn/us_330gal_fa_18_drop_tank_wing_right;FP
mfd/f_18_wpn/us_330gal_fa_18_drop_tank_wing_left;FP
mfd/su_30sm_wpn/su_fab_1500m_54;1500М
mfd/su_30sm_wpn/su_fab_250m_62;250М
mfd/su_30sm_wpn/su_fab_500m_62t;500М
mfd/su_30sm_wpn/su_fab250_270;250
mfd/su_30sm_wpn/su_fab500sh;500Ш
mfd/su_30sm_wpn/su_grom_2;ГР-2
mfd/su_30sm_wpn/su_kab_1500kr;1500КР
mfd/su_30sm_wpn/su_kab_1500lg;1500ЛГ
mfd/su_30sm_wpn/su_kab_250lg;250ЛГ
mfd/su_30sm_wpn/su_kab_500kr_m;500КР
mfd/su_30sm_wpn/su_kab_500lg;500ЛГ
mfd/su_30sm_wpn/su_kh_25ml;25МЛ
mfd/su_30sm_wpn/su_kh_29l;29Л
mfd/su_30sm_wpn/su_kh_29td;29ТД
mfd/su_30sm_wpn/su_kh_38ml;38МЛ
mfd/su_30sm_wpn/su_kh_38mt;38МТ
mfd/su_30sm_wpn/su_ofab100_120;100
mfd/su_30sm_wpn/su_ofab250sh;250Ш
mfd/su_30sm_wpn/su_r_27er;27ЭР
mfd/su_30sm_wpn/su_r_27et;27ЭТ
mfd/su_30sm_wpn/su_r_27r;27Р
mfd/su_30sm_wpn/su_r_27t;27Т
mfd/su_30sm_wpn/su_r_73;73
mfd/su_30sm_wpn/su_r_77_1;77-1
mfd/su_30sm_wpn/su_r_77;77
mfd/su_30sm_wpn/su_s_13of_rocket;13ОФ
mfd/su_30sm_wpn/su_s_25ld;25ЛД
mfd/su_30sm_wpn/su_s_25o_rocket;25О
mfd/su_30sm_wpn/su_s_25of_rocket;25ОФ
mfd/su_30sm_wpn/su_s_25ofm_rocket;25ОФМ
mfd/su_30sm_wpn/su_s_8ko_rocket;8КО
mfd/su_30sm_wpn/su_t_220_targeting_pod;200Т
mfd/su_30sm_wpn/su_upab_1500b;1500Б
mfd/su_30sm_wpn/su_upab_500b;500Б
mfd/su_30sm_wpn/su_zb_500;ЗБ500
mfd/su_30sm_wpn/su_kh_59m;59M
mfd/su_30sm_wpn/su_kh_59me;59M
mfd/f_2a_wpn/us_aim7m_sparrow_f_16/full;A-7M
mfd/f_2a_wpn/us_aim7m_sparrow_f_16/short;7M
mfd/f_2a_wpn/jp_aam3/full;A-AM3
mfd/f_2a_wpn/jp_aam3/short;A3
mfd/f_2a_wpn/jp_aam3_default/full;A-AM3
mfd/f_2a_wpn/jp_aam3_default/short;A3
mfd/f_2a_wpn/jp_aam4/full;A-AM4
mfd/f_2a_wpn/jp_aam4/short;A4
mfd/f_2a_wpn/jp_aam4_default/full;A-AM4
mfd/f_2a_wpn/jp_aam4_default/short;A4
mfd/f_2a_wpn/jp_asm1/full;A-SM1
mfd/f_2a_wpn/jp_asm1/short;S1
mfd/f_2a_wpn/jp_asm2/full;A-SM2
mfd/f_2a_wpn/jp_asm2/short;S2
mfd/f_2a_wpn/us_2_75_in_ffar_mighty_mouse/full;FFAR
mfd/f_2a_wpn/us_2_75_in_ffar_mighty_mouse/short;FF
mfd/f_2a_wpn/us_zuni_wafar_mk32/full;10S
mfd/f_2a_wpn/us_zuni_wafar_mk32/short;10S
mfd/f_2a_wpn/us_500lb_mk_82_ldgp/full;M-82L
mfd/f_2a_wpn/us_500lb_mk_82_ldgp/short;82L
mfd/f_2a_wpn/us_500lb_mk_82_ldgp_snakeye/full;M-82S
mfd/f_2a_wpn/us_500lb_mk_82_ldgp_snakeye/short;82S
mfd/f_2a_wpn/us_2000lb_mk_84_ldgp/full;M-84L
mfd/f_2a_wpn/us_2000lb_mk_84_ldgp/short;84L
mfd/f_2a_wpn/us_2000lb_mk_84_ldgp_air/full;M-84A
mfd/f_2a_wpn/us_2000lb_mk_84_ldgp_air/short;84A
mfd/f_2a_wpn/us_2000lb_gbu_31_usaf/full;GB-31
mfd/f_2a_wpn/us_2000lb_gbu_31_usaf/short;31
mfd/f_2a_wpn/us_500lb_gbu_54b/full;GB-54
mfd/f_2a_wpn/us_500lb_gbu_54b/short;54
mfd/f_2a_wpn/us_500lb_gbu_62_jdam_er/full;GB-62
mfd/f_2a_wpn/us_500lb_gbu_62_jdam_er/short;62
mfd/f_2a_wpn/us_500lb_gbu_62_ljdam_er/full;GB-62
mfd/f_2a_wpn/us_500lb_gbu_62_ljdam_er/short;62
mfd/f_2a_wpn/us_2000lb_gbu_64_jdam_er/full;GB-64
mfd/f_2a_wpn/us_2000lb_gbu_64_jdam_er/short;64
mfd/f_5th_wpn/us_aim9l_sidewinder_default;9L
mfd/f_5th_wpn/us_aim9l_sidewinder;9L
mfd/f_5th_wpn/us_aim9m_sidewinder;9M
mfd/f_5th_wpn/il_derby;DRBY
mfd/f_5th_wpn/il_pyton_3;P3
mfd/f_5th_wpn/us_2_75_in_ffar_mighty_mouse;FFAR
mfd/f_5th_wpn/us_zuni_wafar_mk32;10S
mfd/f_5th_wpn/us_agm_65b;AGM65B
mfd/f_5th_wpn/us_agm_65d;AGM65D
mfd/f_5th_wpn/br_lizard_3;BAFG
mfd/f_5th_wpn/us_blu_1;BLU
mfd/f_5th_wpn/us_500lb_mk_82_ldgp;MK82
mfd/f_5th_wpn/us_1000lb_mk_83_ldgp;MK83
mfd/f_5th_wpn/us_2000lb_mk_84_ldgp;MK84
;
;
;
;
;
;
ils/il_spice_1000/targo;SPICE
ils/fr_samp_mk_82_250_ldgp_snakeye/targo;MK82SN
ils/us_500lb_mk_82_ldgp/targo;MK82
ils/us_1000lb_mk_83_ldgp/targo;MK83
ils/us_2000lb_mk_84_ldgp/targo;MK84
ils/us_750lb_m117_cone_45/targo;M117
ils/us_3000lb_m118/targo;M118
ils/us_gbu_12_paveway_2/targo;GBU12
ils/us_gbu_49_paveway_2/targo;GBU49
ils/us_2_75_in_ffar_mighty_mouse/targo;FFAR
ils/us_zuni_wafar_mk32/targo;FFAR
;
;
ils/cn_pl8b/targo;PL8
ils/cn_pl8b_default/targo;PL8
ils/cn_pl12/targo;PL12
ils/cn_pl12_default/targo;PL12
ils/cn_type90_heat/targo;90-1
ils/cn_type130_ap/targo;130-1
ils/cn_gp_250_3/targo;250-3
ils/cn_gp_250_4/targo;250-4
ils/cn_gp_500_3/targo;500-3
ils/cn_gp_500_4/targo;500-4
ils/cn_ts_250/targo;GB250
ils/cn_ls_500j/targo;LT2
ils/cn_ls_1000j/targo;GB1000
ils/cn_ls_6_250/targo;LS6
ils/cn_ls_6_500/targo;LS6
ils/cn_lgb_gb250_mod_laser/targo;GB3
ils/cn_pl15;PL15
ils/cn_pl15_default;PL15
mfd/su_30sm_wpn/su_rvv_sd;RVVSD
mdf/su_30sm_wpn/su_rvv_sd_default;RVVSD
ils/fr_talios_pod_targeting_pod/typhoon;Talios
ils/fr_talios_pod_targeting_pod/typhoon/short;TGP
mfd/f_18_wpn/an_asp_228_pod;ATFLIR
mfd/su_30sm_wpn/us_gbu_12_paveway_2;GBU12
ils/atam_mistral_a129/typhoon;MIS
ils/atam_mistral_a129/typhoon/short;MIS
ils/su_pl5b_default/typhoon/short;PL5
ils/su_pl5e2/typhoon/short;PL5
ils/cn_pl8b/f_15e/1;PL
ils/cn_pl8b/f_15e/2;
ils/cn_pl8b/f15mfd;PL8
ils/cn_pl12/f15mfd;PL12
ils/uk_sea_eagle_wo_radar_designation/tornado;SE
ils/spike_er/typhoon;SPIKE
ils/spike_er/typhoon/short;SPIKE
;
ils/uk_brimstone_dm;BS
ils/us_500lb_gbu_54b_navy/typhoon/short;GB
ils/us_500lb_gbu_54b_navy/typhoon;GBU
ils/us_500lb_gbu_62_jdam_er/typhoon/short;GB
ils/us_500lb_gbu_62_jdam_er/typhoon;GBU
ils/us_500lb_gbu_62_ljdam_er/typhoon/short;GB
ils/us_500lb_gbu_62_ljdam_er/typhoon;GBU
ils/us_2000lb_gbu_64_jdam_er/typhoon/short;GB
ils/us_2000lb_gbu_64_jdam_er/typhoon;GBU
ils/il_spice_250/typhoon/short;SPICE
;
ils/cn_ls_6_250_ir/targo;LS6(IR)
ils/cn_ls_6_250_ir;LS-6-250(IR)
;
ils/us_aim_120d/f15mfd;120D
ils/us_aim_120d_default/f15mfd;120D
ils/us_aim_120d/f_15e/1;A
ils/us_aim_120d/f_15e/2;D
ils/us_aim_120d_default/f_15e/1;A
ils/us_aim_120d_default/f_15e/2;D
ils/uk_1000lb_enhanced_paveway2_mk13/typhoon;EPW2
ils/uk_1000lb_enhanced_paveway2_mk13/typhoon/short;EPW2
ils/cn_ls_6_500_ir;LS-6-500(IR)
mfd/f_18_wpn/us_aim_120d;AD
mfd/f_18_wpn/us_aim_120d_default;AD
ils/us_agm_84h_slam_er/f_15e/1;SLAMER
ils/us_agm_84h_slam_er/f_15e/2;
mfd/f_18_wpn/us_agm_84h_slam_er;SLAMER
;
hud/sead/defend_text;Protect SAM sites:
hud/sead/attack_text;Neutralize SAM sites:
