<Code>;<Translation>;
;;
;;
;;
<USA Army>;;
;;
us_m2a4_shop;M2A4;
us_m2a4_0;Tank, Light, M2A4;
us_m2a4_1;M2A4;
us_m2a4_2;Light Tank;
us_m3_stuart_shop;M3;
us_m3_stuart_0;"Tank, Light, M3
<color=#7b9fb5>General Stuart</color>";
us_m3_stuart_1;M3;
us_m3_stuart_2;Light Tank;
us_m3a1_stuart_shop;M3A1;
us_m3a1_stuart_0;"Tank, Light, M3A1
<color=#7b9fb5>General Stuart</color>";
us_m3a1_stuart_1;M3A1;
us_m3a1_stuart_2;Light Tank;
us_m5a1_stuart_shop;M5A1;
us_m5a1_stuart_0;"Tank, Light, M5A1
<color=#7b9fb5>General Stuart</color>";
us_m5a1_stuart_1;M5A1;
us_m5a1_stuart_2;Light Tank;
us_m24_chaffee_shop;M24;
us_m24_chaffee_0;"Tank, Light, M24
<color=#7b9fb5>General Chaffee</color>";
us_m24_chaffee_1;M24;
us_m24_chaffee_2;Light Tank;
us_m18_hellcat_shop;M18;
us_m18_hellcat_0;"Carriage, Motor, 76mm Gun, M18
<color=#7b9fb5>Hellcat</color>";
us_m18_hellcat_1;M18;
us_m18_hellcat_2;Light Tank;
us_m41_walker_bulldog_shop;M41A1;
us_m41_walker_bulldog_0;"Tank, Combat, Full-Tracked, 76mm Gun, M41A1
<color=#7b9fb5>Walker Bulldog</color>";
us_m41_walker_bulldog_1;M41A1;
us_m41_walker_bulldog_2;Light Tank;
us_t92_shop;T92;
us_t92_0;Tank, Combat, Full-Tracked, 76mm Gun, T92;
us_t92_1;T92;
us_t92_2;Light Tank;
us_xm_800t_shop;XM800T;
us_xm_800t_0;Armored Reconnaissance Vehicle, XM800T;
us_xm_800t_1;XM800T;
us_xm_800t_2;Light Tank;
us_m551_shop;M551;
us_m551_0;"Armored Reconnaissance / Airborne Assault Vehicle,
Full-Tracked, 152mm Gun-Launcher, M551
<color=#7b9fb5>General Sheridan</color>";
us_m551_1;M551;
us_m551_2;Light Tank;
us_stingray_shop;Stingray;
us_stingray_0;Commando Stingray;
us_stingray_1;Stingray;
us_stingray_2;Light Tank;
us_m1296_dragoon_shop;M1296 ICVD;
us_m1296_dragoon_0;"Combat Vehicle, Infantry, M1296
<color=#7b9fb5>Stryker Dragoon</color>";
us_m1296_dragoon_1;M1296 ICVD;
us_m1296_dragoon_2;IFV;
us_m1128_mgs_shop;M1128 MGS;
us_m1128_mgs_0;"Mobile Gun System, M1128
<color=#7b9fb5>Stryker</color>";
us_m1128_mgs_1;M1128 MGS;
us_m1128_mgs_2;Light Tank;
us_m10_booker_late_shop;M10;
us_m10_booker_late_0;"Combat Vehicle, Full-Tracked, 105mm Gun, M10
<color=#7b9fb5>Booker</color>";
us_m10_booker_late_1;M10;
us_m10_booker_late_2;Light Tank;
us_hstv_l_shop;HSTV(L);
us_hstv_l_0;High Survivability Test Vehicle (Lightweight);
us_hstv_l_1;HSTV(L);
us_hstv_l_2;Light Tank;
us_m2_medium_shop;M2;
us_m2_medium_0;Tank, Medium, M2;
us_m2_medium_1;M2;
us_m2_medium_2;Medium Tank;
us_m3_lee_shop;M3;
us_m3_lee_0;"Tank, Medium, M3
<color=#7b9fb5>General Lee</color>";
us_m3_lee_1;M3;
us_m3_lee_2;Medium Tank;
us_m4a1_1942_sherman_shop;M4A1;
us_m4a1_1942_sherman_0;"Tank, Medium, M4A1
<color=#7b9fb5>General Sherman</color>";
us_m4a1_1942_sherman_1;M4A1;
us_m4a1_1942_sherman_2;Medium Tank;
us_m4_sherman_shop;M4;
us_m4_sherman_0;"Tank, Medium, M4
<color=#7b9fb5>General Sherman</color>";
us_m4_sherman_1;M4;
us_m4_sherman_2;Medium Tank;
us_m4a2_sherman_shop;M4A2;
us_m4a2_sherman_0;"Tank, Medium, M4A2
<color=#7b9fb5>General Sherman</color>";
us_m4a2_sherman_1;M4A2;
us_m4a2_sherman_2;Medium Tank;
us_m4a1_76w_sherman_shop;M4A1(76);
us_m4a1_76w_sherman_0;"Tank, Medium, M4A1(76)W
<color=#7b9fb5>General Sherman</color>";
us_m4a1_76w_sherman_1;M4A1(76);
us_m4a1_76w_sherman_2;Medium Tank;
us_m4a2_76w_sherman_shop;M4A2(76);
us_m4a2_76w_sherman_0;"Tank, Medium, M4A2(76)W
<color=#7b9fb5>General Sherman</color>";
us_m4a2_76w_sherman_1;M4A2(76);
us_m4a2_76w_sherman_2;Medium Tank;
us_m4a3e8_76w_sherman_shop;M4A3(76);
us_m4a3e8_76w_sherman_0;"Tank, Medium, M4A3(76)W HVSS
<color=#7b9fb5>General Sherman</color>";
us_m4a3e8_76w_sherman_1;M4A3(76);
us_m4a3e8_76w_sherman_2;Medium Tank;
us_m4_t26_shop;M4(90);
us_m4_t26_0;"Tank, Medium, M4
<color=#7b9fb5>General Sherman</color>
<color=#c0c0c0>90mm Gun, M3</color>";
us_m4_t26_1;M4(90);
us_m4_t26_2;Medium Tank;
us_t25_shop;T25;
us_t25_0;Tank, Medium, T25, Pilot No.2;
us_t25_1;T25;
us_t25_2;Medium Tank;
us_m26_pershing_shop;M26;
us_m26_pershing_0;"Tank, Medium, M26
<color=#7b9fb5>General Pershing</color>";
us_m26_pershing_1;M26;
us_m26_pershing_2;Medium Tank;
us_m46_patton_shop;M46;
us_m46_patton_0;"Tank, Medium, M46
<color=#7b9fb5>General Patton</color>";
us_m46_patton_1;M46;
us_m46_patton_2;Medium Tank;
us_m47_patton_II_shop;M47;
us_m47_patton_II_0;"Tank, Combat, Full-Tracked, 90mm Gun, M47
<color=#7b9fb5>General Patton</color>";
us_m47_patton_II_1;M47;
us_m47_patton_II_2;Medium Tank;
us_m48a1_patton_III_shop;M48A1;
us_m48a1_patton_III_0;"Tank, Combat, Full-Tracked, 90mm Gun, M48A1
<color=#7b9fb5>General Patton</color>";
us_m48a1_patton_III_1;M48A1;
us_m48a1_patton_III_2;Main Battle Tank;
us_m60_shop;M60;
us_m60_0;Tank, Combat, Full-Tracked, 105mm Gun, M60;
us_m60_1;M60;
us_m60_2;Main Battle Tank;
us_m60a1_shop;M60A1 AOS;
us_m60a1_0;"Tank, Combat, Full-Tracked, 105mm Gun, M60A1
<color=#c0c0c0>Add-On Stabilizer</color>";
us_m60a1_1;M60A1 AOS;
us_m60a1_2;Main Battle Tank;
us_m60a1_rise_passive_era_shop;M60A1 RISE/P;
us_m60a1_rise_passive_era_0;"Tank, Combat, Full-Tracked, 105mm Gun, M60A1
<color=#c0c0c0>Reliability Improvement of Selected Equipment / Passive</color>";
us_m60a1_rise_passive_era_1;M60A1 RISE;
us_m60a1_rise_passive_era_2;Main Battle Tank;
us_m60a3_tts_shop;M60A3 TTS;
us_m60a3_tts_0;"Tank, Combat, Full-Tracked, 105mm Gun, M60A3
<color=#c0c0c0>Tank, Thermal Sight</color>";
us_m60a3_tts_1;M60A3 TTS;
us_m60a3_tts_2;Main Battle Tank;
us_m60_120s_shop;120S;
us_m60_120s_0;Tank, Combat, Full-Tracked, 120mm Gun, 120S;
us_m60_120s_1;120S;
us_m60_120s_2;Main Battle Tank;
us_m1a1_hc_abrams_shop;M1A1HC;
us_m1a1_hc_abrams_0;"Tank, Combat, Full-Tracked, 120mm Gun, M1A1
<color=#7b9fb5>General Abrams</color>
<color=#c0c0c0>Heavy Common</color>";
us_m1a1_hc_abrams_1;M1A1HC;
us_m1a1_hc_abrams_2;Main Battle Tank;
us_lvt_a_1_shop;LVT(A)(1);
us_lvt_a_1_0;Landing Vehicle, Tracked (Armored) (Mk.1);
us_lvt_a_1_1;LVT(A)(1);
us_lvt_a_1_2;Light Tank;
us_m22_locust_shop;M22;
us_m22_locust_0;"Tank, Light, Airborne, M22
<color=#7b9fb5>Locust</color>";
us_m22_locust_1;M22;
us_m22_locust_2;Light Tank;
us_m7_shop;M7;
us_m7_0;Tank, Medium, M7;
us_m7_1;M7;
us_m7_2;Medium Tank;
us_m6a1_shop;M6A1;
us_m6a1_0;Tank, Heavy, M6A1;
us_m6a1_1;M6A1;
us_m6a1_2;Heavy Tank;
us_t1e1_shop;T1E1;
us_t1e1_0;Tank, Heavy, T1E1;
us_t1e1_1;T1E1;
us_t1e1_2;Heavy Tank;
us_m4a3e2_sherman_jumbo_shop;M4A3E2;
us_m4a3e2_sherman_jumbo_0;"Tank, Medium, M4A3E2(75)W Assault
<color=#7b9fb5>Jumbo</color>";
us_m4a3e2_sherman_jumbo_1;M4A3E2;
us_m4a3e2_sherman_jumbo_2;Assault Tank;
us_t1e1_90_shop;T1E1(90);
us_t1e1_90_0;Tank, Heavy, T1E1(90);
us_t1e1_90_1;T1E1(90);
us_t1e1_90_2;Heavy Tank;
us_m4a3e2_76w_sherman_jumbo_shop;M4A3E2(76);
us_m4a3e2_76w_sherman_jumbo_0;"Tank, Medium, M4A3E2(76)W Assault
<color=#7b9fb5>Jumbo</color>";
us_m4a3e2_76w_sherman_jumbo_1;M4A3E2(76);
us_m4a3e2_76w_sherman_jumbo_2;Assault Tank;
us_t26e5_shop;T26E5;
us_t26e5_0;Tank, Heavy, T26E5;
us_t26e5_1;T26E5;
us_t26e5_2;Assault Tank;
us_t26e4_superpershing_shop;T26E4-1;
us_t26e4_superpershing_0;Tank, Heavy, T26E4, Temporary Pilot No.1;
us_t26e4_superpershing_1;T26E4-1;
us_t26e4_superpershing_2;Heavy Tank;
us_t34_shop;T34;
us_t34_0;Tank, Heavy, T34;
us_t34_1;T34;
us_t34_2;Heavy Tank;
us_t32_shop;T32;
us_t32_0;Tank, Heavy, T32;
us_t32_1;T32;
us_t32_2;Heavy Tank;
us_t32e1_shop;T32E1;
us_t32e1_0;Tank, Heavy, T32E1;
us_t32e1_1;T32E1;
us_t32e1_2;Heavy Tank;
us_m103_shop;M103;
us_m103_0;Tank, Combat, Full-Tracked, 120mm Gun, M103;
us_m103_1;M103;
us_m103_2;Heavy Tank;
us_t95e1_shop;T95E1;
us_t95e1_0;Tank, Combat, Full-Tracked, 90mm Gun, T95E1;
us_t95e1_1;T95E1;
us_t95e1_2;Medium Tank;
us_xm_803_shop;XM803;
us_xm_803_0;Tank, Combat, Full-Tracked, 152mm Gun-Launcher, XM803;
us_xm_803_1;XM803;
us_xm_803_2;Main Battle Tank;
us_mbt_70_shop;XM70;
us_mbt_70_0;Tank, Combat, Full-Tracked, 152mm Gun-Launcher, XM70;
us_mbt_70_1;XM70;
us_mbt_70_2;Main Battle Tank;
us_m1_abrams_shop;M1;
us_m1_abrams_0;"Tank, Combat, Full-Tracked, 105mm Gun, M1
<color=#7b9fb5>General Abrams</color>";
us_m1_abrams_1;M1;
us_m1_abrams_2;Main Battle Tank;
us_m1a1_abrams_shop;M1A1;
us_m1a1_abrams_0;"Tank, Combat, Full-Tracked, 120mm Gun, M1A1
<color=#7b9fb5>General Abrams</color>";
us_m1a1_abrams_1;M1A1;
us_m1a1_abrams_2;Main Battle Tank;
us_m1_ip_abrams_shop;M1IP;
us_m1_ip_abrams_0;"Tank, Combat, Full-Tracked, 105mm Gun, M1
<color=#7b9fb5>General Abrams</color>
<color=#c0c0c0>Improved Performance</color>";
us_m1_ip_abrams_1;M1IP;
us_m1_ip_abrams_2;Main Battle Tank;
us_m1a2_abrams_shop;M1A2;
us_m1a2_abrams_0;"Tank, Combat, Full-Tracked, 120mm Gun, M1A2
<color=#7b9fb5>General Abrams</color>";
us_m1a2_abrams_1;M1A2;
us_m1a2_abrams_2;Main Battle Tank;
us_m1a2_sep_abrams_shop;M1A2 SEP;
us_m1a2_sep_abrams_0;"Tank, Combat, Full-Tracked, 120mm Gun, M1A2,
<color=#7b9fb5>General Abrams</color>
<color=#c0c0c0>Systems Enhancement Package Version 1</color>
<color=#c0c0c0>Tank Urban Survival Kit</color>";
us_m1a2_sep_abrams_1;M1A2 SEP;
us_m1a2_sep_abrams_2;Main Battle Tank;
us_m1a2_sep2_abrams_shop;M1A2 SEPv2;
us_m1a2_sep2_abrams_0;"Tank, Combat, Full-Tracked, 120mm Gun, M1A2,
<color=#7b9fb5>General Abrams</color>
<color=#c0c0c0>Systems Enhancement Package Version 2</color>
<color=#c0c0c0>Tank Urban Survival Kit 2</color>";
us_m1a2_sep2_abrams_1;M1A2 SEPv2;
us_m1a2_sep2_abrams_2;Main Battle Tank;
us_m1a2_sep2_abrams_trophy_shop;M1A2 (Trophy);
us_m1a2_sep2_abrams_trophy_0;"Tank, Combat, Full-Tracked, 120mm Gun, M1A2,
<color=#7b9fb5>General Abrams</color>
<color=#c0c0c0>Systems Enhancement Package Version 2</color>
<color=#c0c0c0>Tank Urban Survival Kit 2</color>
<color=#c0c0c0>With Trophy-HV Active Protection System</color>";
us_m1a2_sep2_abrams_trophy_1;M1A2 (Trophy);
us_m1a2_sep2_abrams_trophy_2;Main Battle Tank;
us_m1a2_sep3_abrams_shop;M1A2 SEPv3;
us_m1a2_sep3_abrams_0;"Tank, Combat, Full-Tracked, 120mm Gun, M1A2,
<color=#7b9fb5>General Abrams</color>
<color=#c0c0c0>Systems Enhancement Package Version 3</color>
<color=#c0c0c0>Tank Urban Survival Kit 2</color>";
us_m1a2_sep3_abrams_1;M1A2 SEPv3;
us_m1a2_sep3_abrams_2;Main Battle Tank;
us_halftrack_m13_shop;M13 MGMC;
us_halftrack_m13_0;Carriage, Motor, Multiple Gun, M13;
us_halftrack_m13_1;M13 MGMC;
us_halftrack_m13_2;SPAA;
us_halftrack_m15_shop;M15 CGMC;
us_halftrack_m15_0;Carriage, Motor, Multiple Gun, M15;
us_halftrack_m15_1;M15 CGMC;
us_halftrack_m15_2;SPAA;
us_halftrack_m16_shop;M16 MGMC;
us_halftrack_m16_0;Carriage, Motor, Multiple Gun, M16;
us_halftrack_m16_1;M16 MGMC;
us_halftrack_m16_2;SPAA;
us_m19_shop;M19A1 MGMC;
us_m19_0;"Carriage, Motor, Twin 40mm Gun, M19A1
<color=#7b9fb5>Copperhead</color>";
us_m19_1;M19A1 MGMC;
us_m19_2;SPAA;
us_m42_duster_shop;M42;
us_m42_duster_0;"Gun, Self-Propelled, Full-Tracked, Twin 40mm, M42
<color=#7b9fb5>Duster</color>";
us_m42_duster_1;M42;
us_m42_duster_2;SPAA;
us_m163_vulcan_shop;M163;
us_m163_vulcan_0;Gun, Air Defense Artillery, Self-Propelled, 20mm, M163;
us_m163_vulcan_1;M163;
us_m163_vulcan_2;SPAA;
us_xm246_shop;XM246;
us_xm246_0;Gun, Air Defense Artillery, Self-Propelled, 35mm, XM246;
us_xm246_1;XM246;
us_xm246_2;SPAA;
us_m247_shop;M247;
us_m247_0;"Gun, Air Defense Artillery, Self-Propelled, 40mm, M247
<color=#7b9fb5>Sergeant York</color>";
us_m247_1;M247;
us_m247_2;SPAA;
us_mim_72_chaparral_shop;Chaparral GMS;
us_mim_72_chaparral_0;"Guided Missile System, Intercept-Aerial, Carrier Mounted, M48A2
<color=#7b9fb5>Improved Chaparral</color>";
us_mim_72_chaparral_1;Chaparral GMS;
us_mim_72_chaparral_2;SAM;
us_lav_ad_shop;LAV-AD;
us_lav_ad_0;Light Armored Vehicle - Air Defense;
us_lav_ad_1;LAV-AD;
us_lav_ad_2;SPAA;
us_xm_975_roland_shop;M975 ADMS;
us_xm_975_roland_0;Carrier, Air Defense Missile System, M975;
us_xm_975_roland_1;M975 ADMS;
us_xm_975_roland_2;SAM;
us_adats_bradley_shop;XM1069;
us_adats_bradley_0;"Carrier, Air Defense Missile System, XM1069
<color=#c0c0c0>With MIM-146 Air Defense Anti-Tank System</color>";
us_adats_bradley_1;XM1069;
us_adats_bradley_2;SPAA / SAM;
us_sl_amraam_fcs_shop;M1097A2 (AN/MPQ-64);
us_sl_amraam_fcs_0;"Truck, Utility, Heavy Variant, 4x4, M1097A2
<color=#c0c0c0>Trailer, Chassis, 3/4-Ton, 2-Wheel, M116A1</color>
<color=#c0c0c0>with AN/MPQ-64 Sentinal Radar Station</color>";
us_sl_amraam_fcs_1;M1097A2 (AN/MPQ-64);
us_sl_amraam_fcs_2;Radar Vehicle;
us_sl_amraam_launcher_shop;M1097A2 (SL-AMRAAM);
us_sl_amraam_launcher_0;"Truck, Utility, Heavy Variant, 4x4, M1097A2
<color=#c0c0c0>With Surface Launched AMRAAM Air Defense Missile System</color>";
us_sl_amraam_launcher_1;M1097A2 (SL-AMRAAM);
us_sl_amraam_launcher_2;SAM;
us_nasams_fcs_shop;M1097A2 (AN/MPQ-64);
us_nasams_fcs_0;"Truck, Utility, Heavy Variant, 4x4, M1097A2
<color=#c0c0c0>Trailer, Chassis, 3/4-Ton, 2-Wheel, M116A1</color>
<color=#c0c0c0>with AN/MPQ-64 Sentinal Radar Station</color>";
us_nasams_fcs_1;M1097A2 (AN/MPQ-64);
us_nasams_fcs_2;Radar Vehicle;
us_nasams_launcher_shop;▃P113H (MML);
us_nasams_launcher_0;"▃Scania P113H
National Advanced Surfance-to-Air Missile System
<color=#c0c0c0>With Multi-Mission Launcher</color>";
us_nasams_launcher_1;▃P113H (MML);
us_nasams_launcher_2;SAM;
us_m2a2_shop;M2A2;
us_m2a2_0;Tank, Light, M2A2;
us_m2a2_1;M2A2;
us_m2a2_2;Light Tank;
us_m8_scott_shop;M8 HMC;
us_m8_scott_0;"Carriage, Motor, 75mm Howitzer, M8
<color=#7b9fb5>General Scott</color>";
us_m8_scott_1;M8 HMC;
us_m8_scott_2;Tank Destroyer;
us_halftrack_m3_75mm_gmc_shop;M3 GMC;
us_halftrack_m3_75mm_gmc_0;Carriage, Motor, 75mm Gun, M3;
us_halftrack_m3_75mm_gmc_1;M3 GMC;
us_halftrack_m3_75mm_gmc_2;Tank Destroyer;
us_m4a3_105_sherman_shop;M4A3(105);
us_m4a3_105_sherman_0;"Tank, Medium, M4A3(105) HVSS
<color=#7b9fb5>General Sherman</color>";
us_m4a3_105_sherman_1;M4A3(105);
us_m4a3_105_sherman_2;Medium Tank;
us_m10_shop;M10 GMC;
us_m10_0;Carriage, Motor, 3-inch Gun, M10;
us_m10_1;M10 GMC;
us_m10_2;Tank Destroyer;
us_m44_shop;M44;
us_m44_0;Howitzer, Self-Propelled, Full-Tracked, 155mm, M44;
us_m44_1;M44;
us_m44_2;SPG;
us_m55_shop;M55;
us_m55_0;Howitzer, Heavy, Self-Propelled, Full-Tracked, 203mm, M55;
us_m55_1;M55;
us_m55_2;SPG;
us_m36_shop;M36 GMC;
us_m36_0;"Carriage, Motor, 90mm Gun, M36
<color=#7b9fb5>General Jackson</color>";
us_m36_1;M36 GMC;
us_m36_2;Tank Destroyer;
us_m36b2_shop;M36B2 GMC;
us_m36b2_0;"Carriage, Motor, 90mm Gun, M36B2
<color=#7b9fb5>General Jackson</color>";
us_m36b2_1;M36B2 GMC;
us_m36b2_2;Tank Destroyer;
us_m109a1_shop;M109A1;
us_m109a1_0;Howitzer, Self-Propelled, Full-Tracked, 155mm Gun, M109A1;
us_m109a1_1;M109A1;
us_m109a1_2;Self-Propelled Gun;
us_m56_scorpion_shop;M56;
us_m56_scorpion_0;"Gun, Self-Propelled, Full-Tracked, 90mm Gun, M56
<color=#7b9fb5>Scorpion</color>";
us_m56_scorpion_1;M56;
us_m56_scorpion_2;Tank Destroyer;
us_m50_ontos_shop;M50;
us_m50_ontos_0;"Rifle, Self-Propelled, Full-Tracked, Multiple 106mm, M50
<color=#7b9fb5>Ontos</color>";
us_m50_ontos_1;M50;
us_m50_ontos_2;Tank Destroyer;
us_t95_shop;T95;
us_t95_0;Carriage, Motor, 105mm Gun, T95;
us_t95_1;T95;
us_t95_2;Tank Destroyer;
us_m60a2_shop;M60A2;
us_m60a2_0;Tank, Combat, Full-Tracked, 152mm Gun-Launcher, M60A2;
us_m60a2_1;M60A2;
us_m60a2_2;Medium Tank;
us_m3_bradley_shop;M3 CFV;
us_m3_bradley_0;"Cavalry Fighting Vehicle, M3
<color=#7b9fb5>General Bradley</color>";
us_m3_bradley_1;M3 CFV;
us_m3_bradley_2;Infantry Fighting Vehicle;
us_m3a3_bradley_shop;M3A3 CFV;
us_m3a3_bradley_0;"Cavalry Fighting Vehicle, M3A3
<color=#7b9fb5>General Bradley</color>";
us_m3a3_bradley_1;M3A3 CFV;
us_m3a3_bradley_2;Infantry Fighting Vehicle;
us_m2a4_1st_armor_div_shop;M2A4 (1st Arm.Div.);
us_m2a4_1st_armor_div_0;"Tank, Light, M2A4
<color=#fcba03>1st Armored Division</color>";
us_m2a4_1st_armor_div_1;M2A4 (1st Arm.Div.);
us_m2a4_1st_armor_div_2;Light Tank;
us_lvt_a_1_trb_shop;○LVT(A)(1);
us_lvt_a_1_trb_0;○Landing Vehicle, Tracked (Armored) (Mk.1);
us_lvt_a_1_trb_1;○LVT(A)(1);
us_lvt_a_1_trb_2;Light Tank;
us_lvt_a_4_shop;LVT(A)(4);
us_lvt_a_4_0;Landing Vehicle, Tracked (Armored) (Mk.4);
us_lvt_a_4_1;LVT(A)(4);
us_lvt_a_4_2;Light Tank;
us_m8_greyhound_shop;M8 LAC;
us_m8_greyhound_0;"Car, Armored, Light, M8
<color=#7b9fb5>Greyhound</color>";
us_m8_greyhound_1;M8 LAC;
us_m8_greyhound_2;Armored Car;
us_m3a1_stuart_usmc_shop;M3A1 (USMC);
us_m3a1_stuart_usmc_0;"Tank, Light, M3A1
<color=#7b9fb5>General Stuart</color>
<color=#fcba03>United States Marine Corps</color>";
us_m3a1_stuart_usmc_1;M3A1 (USMC);
us_m3a1_stuart_usmc_2;Light Tank;
us_mk1_grant_shop;▃Grant Mk.I;
us_mk1_grant_0;▃Tank, Medium, Grant Mk.I;
us_mk1_grant_1;▃Grant Mk.I;
us_mk1_grant_2;Medium Tank;
us_lvt_4_zis_2_shop;▃LVT(A)(4) (ZiS-2);
us_lvt_4_zis_2_0;"▃Landing Vehicle, Tracked (Armored) (Mk.4)
<color=#c0c0c0>With 57mm ZiS-2</color>";
us_lvt_4_zis_2_1;▃LVT(A)(4) (ZiS-2);
us_lvt_4_zis_2_2;Tank Destroyer;
us_lvt_a1_m24_shop;LVT(A)(1) (M24);
us_lvt_a1_m24_0;"Landing Vehicle, Tracked (Armored) (Mk.1)
<color=#c0c0c0>With M24 turret</color>";
us_lvt_a1_m24_1;LVT(A)(1) (M24);
us_lvt_a1_m24_2;Light Tank;
us_m5a1_stuart_td_shop;Carol;
us_m5a1_stuart_td_0;"Tank, Light, M5A1
<color=#7b9fb5>General Stuart</color>
<color=#fcba03>3rd Tank Battalion</color>
<color=#fcba03>«Carol»</color>";
us_m5a1_stuart_td_1;Carol;
us_m5a1_stuart_td_2;Light Tank;
us_m4_sherman_promo_shop;╊M4;
us_m4_sherman_promo_0;"╊Tank, Medium, M4
<color=#7b9fb5>General Sherman</color>";
us_m4_sherman_promo_1;╊M4;
us_m4_sherman_promo_2;Medium Tank;
us_m8a1_shop;M8A1;
us_m8a1_0;"Carriage, Motor, 75mm Gun, M8A1
<color=#7b9fb5>General Scott</color>";
us_m8a1_1;M8A1;
us_m8a1_2;Tank Destroyer;
us_t18_e2_shop;T18E2 HAC;
us_t18_e2_0;"Car, Armored, Heavy, T18E2
<color=#7b9fb5>Boarhound</color>";
us_t18_e2_1;T18E2 HAC;
us_t18_e2_2;Armored Car;
us_m4_sherman_calliope_shop;M4 (Calliope);
us_m4_sherman_calliope_0;"Tank, Medium, M4
<color=#7b9fb5>General Sherman</color>
<color=#c0c0c0>With Rocket Launcher, T34E1 Calliope</color>";
us_m4_sherman_calliope_1;M4 (Calliope);
us_m4_sherman_calliope_2;Medium Tank;
us_t55e1_shop;T55E1;
us_t55e1_0;Carriage, Motor, 3-inch Gun, T55E1;
us_t55e1_1;T55E1;
us_t55e1_2;Tank Destroyer;
us_t14_shop;T14;
us_t14_0;Tank, Assault, T14;
us_t14_1;T14;
us_t14_2;Assault Tank;
us_m18_hellcat_black_cat_shop;Black Cat;
us_m18_hellcat_black_cat_0;"Carriage, Motor, 76mm Gun, M18
<color=#7b9fb5>Hellcat</color>
<color=#7b9fb5>Black Cat</color>
<color=#fcba03>805th Tank Destroyer Battalion</color>";
us_m18_hellcat_black_cat_1;Black Cat;
us_m18_hellcat_black_cat_2;Light Tank;
us_m4a3e2_sherman_jumbo_cobra_king_shop;Cobra King;
us_m4a3e2_sherman_jumbo_cobra_king_0;"Tank, Medium, M4A3E2(75)W Assault
<color=#7b9fb5>Jumbo</color>
<color=#7b9fb5>Cobra King</color>
<color=#fcba03>37th Tank Battalion</color>";
us_m4a3e2_sherman_jumbo_cobra_king_1;Cobra King;
us_m4a3e2_sherman_jumbo_cobra_king_2;Assault Tank;
us_m18_super_hellcat_shop;Super Hellcat;
us_m18_super_hellcat_0;"Carriage, Motor, 90mm Gun, M18
<color=#7b9fb5>Super Hellcat</color>";
us_m18_super_hellcat_1;Super Hellcat;
us_m18_super_hellcat_2;Light Tank;
us_t28_shop;T28;
us_t28_0;Tank, Super Heavy, T28;
us_t28_1;T28;
us_t28_2;Tank Destroyer;
us_t20_shop;T20;
us_t20_0;Tank, Medium, T20;
us_t20_1;T20;
us_t20_2;Medium Tank;
us_m551_76_shop;M551(76);
us_m551_76_0;"Tank, Combat, Full-Tracked, 76mm Gun, M551
<color=#7b9fb5>General Sheridan</color>";
us_m551_76_1;M551(76);
us_m551_76_2;Light Tank;
us_m26_t99_shop;M26 (T99);
us_m26_t99_0;"Tank, Medium, M26
<color=#7b9fb5>General Pershing</color>
<color=#c0c0c0>With Rocket Launcher, T99</color>";
us_m26_t99_1;M26 (T99);
us_m26_t99_2;Medium Tank;
us_t30_shop;T30;
us_t30_0;Tank, Heavy, T30;
us_t30_1;T30;
us_t30_2;Heavy Tank;
us_m26e1_pershing_shop;M26E1;
us_m26e1_pershing_0;"Tank, Medium, M26E1
<color=#7b9fb5>General Pershing</color>";
us_m26e1_pershing_1;M26E1;
us_m26e1_pershing_2;Medium Tank;
us_m6a2e1_shop;M6A2E1-1;
us_m6a2e1_0;Tank, Heavy, M6A2E1, Pilot No.1;
us_m6a2e1_1;M6A2E1-1;
us_m6a2e1_2;Heavy Tank;
us_m46_patton_73_armor_bat_shop;M46 (73rd T.Bat.);
us_m46_patton_73_armor_bat_0;"Tank, Medium, M46
<color=#7b9fb5>General Patton</color>
<color=#fcba03>73rd Tank Battalion</color>";
us_m46_patton_73_armor_bat_1;M46 (73rd T.Bat.);
us_m46_patton_73_armor_bat_2;Medium Tank;
us_t29_shop;T29;
us_t29_0;Tank, Heavy, T29;
us_t29_1;T29;
us_t29_2;Heavy Tank;
us_t54e2_shop;T54E2;
us_t54e2_0;Tank, Combat, Full-Tracked, 105mm Gun, T54E2;
us_t54e2_1;T54E2;
us_t54e2_2;Medium Tank;
us_t114_shop;T114 BAT;
us_t114_0;"Carrier, Command and Reconnaissance, Full-Tracked, Armored,
T114 Pilot No.5, Battalion Anti-Tank";
us_t114_1;T114 BAT;
us_t114_2;Light Tank;
us_t54e1_shop;T54E1;
us_t54e1_0;Tank, Combat, Full-Tracked, 105mm Gun, T54E1;
us_t54e1_1;T54E1;
us_t54e1_2;Medium Tank;
us_magach_3_shop;▃Magach 3 (Baltan);
us_magach_3_0;"▃Magach 3
<color=#c0c0c0>With Blazer ERA package</color>";
us_magach_3_1;▃Magach 3 (Baltan);
us_magach_3_2;Main Battle Tank;
us_t58_shop;T58;
us_t58_0;Tank, Combat, Full-Tracked, 155mm Gun, T58;
us_t58_1;T58;
us_t58_2;Heavy Tank;
us_m901_itv_shop;M901 ITV;
us_m901_itv_0;Combat Vehicle, Anti-Tank, Improved TOW Vehicle, M901;
us_m901_itv_1;M901 ITV;
us_m901_itv_2;Missile Carrier;
us_m60a1_rise_mod_shop;Predator;
us_m60a1_rise_mod_0;"Tank, Combat, Full-Tracked, 105mm Gun, M60A1
<color=#7b9fb5>Predator</color>
<color=#c0c0c0>Reliability Improvement of Selected Equipment / Passive</color>";
us_m60a1_rise_mod_1;Predator;
us_m60a1_rise_mod_2;Main Battle Tank;
us_merkava_mk_1_shop;▃Merkava 1;
us_merkava_mk_1_0;▃Merkava Siman 1;
us_merkava_mk_1_1;▃Merkava 1;
us_merkava_mk_1_2;Main Battle Tank;
us_xm1_gm_shop;XM1 (GM);
us_xm1_gm_0;"Tank, Combat, Full-Tracked, 105mm Gun, XM1
<color=#c0c0c0>General Motors Prototype</color>";
us_xm1_gm_1;XM1 (GM);
us_xm1_gm_2;Main Battle Tank;
us_merkava_mk_2b_late_shop;▃Merkava 2B;
us_merkava_mk_2b_late_0;▃Merkava Siman 2 Bet;
us_merkava_mk_2b_late_1;▃Merkava 2B;
us_merkava_mk_2b_late_2;Main Battle Tank;
us_xm_8_shop;XM8 AGS;
us_xm_8_0;105mm Armored Gun System, XM8;
us_xm_8_1;XM8 AGS;
us_xm_8_2;Light Tank;
us_efv_p1_shop;EFV-P1;
us_efv_p1_0;Expeditionary Fighting Vehicle P1;
us_efv_p1_1;EFV-P1;
us_efv_p1_2;IFV;
us_m1128_wolfpack_shop;M1128 MGS (3rd Sq.);
us_m1128_wolfpack_0;"Mobile Gun System, M1128
<color=#7b9fb5>Stryker</color>
<color=#fcba03>3rd Squadron, 2nd Cavalry Regiment «Wolfpack»</color>";
us_m1128_wolfpack_1;M1128 MGS (3rd Sq.);
us_m1128_wolfpack_2;Light Tank;
us_ccvl_shop;XM4;
us_ccvl_0;"Close Combat Vehicle (Light)
XM4 Armored Gun System";
us_ccvl_1;XM4;
us_ccvl_2;Light Tank;
us_m1_abrams_kvt_shop;M1 (KVT);
us_m1_abrams_kvt_0;"Tank, Combat, Full-Tracked, 105mm Gun, M1
<color=#7b9fb5>General Abrams</color>
<color=#c0c0c0>Krasnovian Variant Tank</color>";
us_m1_abrams_kvt_1;M1 (KVT);
us_m1_abrams_kvt_2;Main Battle Tank;
us_losat_ccv_shop;CCV(L) (LOSAT);
us_losat_ccv_0;"Close Combat Vehicle (Light)
<color=#c0c0c0>With MGM-166 Line-of-Sight Anti-Tank</color>";
us_losat_ccv_1;CCV(L) (LOSAT);
us_losat_ccv_2;Missile Carrier;
us_m1a1_hc_usmc_shop;Click-Bait;
us_m1a1_hc_usmc_0;"Tank, Combat, Full-Tracked, 120mm Gun, M1A1
<color=#7b9fb5>General Abrams</color>
<color=#7b9fb5>Click-Bait</color>
<color=#c0c0c0>Heavy Common</color>";
us_m1a1_hc_usmc_1;Click-Bait;
us_m1a1_hc_usmc_2;Main Battle Tank;
us_m1a1_hc_usmc_sm_shop;Kate’s M1A1HC;
us_m1a1_hc_usmc_sm_0;"Tank, Combat, Full-Tracked, 120mm Gun, M1A1
<color=#7b9fb5>General Abrams</color>
<color=#c0c0c0>Heavy Common</color>
<color=#fcba03>«Senrai Maidens, Kate»</color>";
us_m1a1_hc_usmc_sm_1;M1A1HC;
us_m1a1_hc_usmc_sm_2;Main Battle Tank;
us_ags_teledyne_shop;TCM ASP;
us_ags_teledyne_0;Teledyne Continental Motors Armored Support Platform;
us_ags_teledyne_1;TCM ASP;
us_ags_teledyne_2;Light Tank;
us_merkava_mk_3d_shop;▃Merkava 3D;
us_merkava_mk_3d_0;▃Merkava Siman 3 Dalet Baz;
us_merkava_mk_3d_1;▃Merkava 3D;
us_merkava_mk_3d_2;Main Battle Tank;
us_m24_chaffee_tl_shop;M24 (TL);
us_m24_chaffee_tl_0;"Tank, Light, M24
<color=#7b9fb5>General Chaffee</color>
<color=#fcba03>Thunder League</color>";
us_m24_chaffee_tl_1;M24 (TL);
us_m24_chaffee_tl_2;Light Tank;
us_m728_shop;M728 CEV;
us_m728_0;Vehicle, Combat Engineer, Full-Tracked, 165mm Gun, M728;
us_m728_1;M728 CEV;
us_m728_2;Combat Engineer Vehicle;
us_m1a1_abrams_yt_cup_2019_shop;␙M1A1;
us_m1a1_abrams_yt_cup_2019_0;"Tank, Combat, Full-Tracked, 120mm Gun, M1A1
<color=#7b9fb5>General Abrams</color>
<color=#fcba03>␙ YouTube Cup 2019 ␙</color>";
us_m1a1_abrams_yt_cup_2019_1;␙M1A1;
us_m1a1_abrams_yt_cup_2019_2;Main Battle Tank;
us_xm1_chrysler_shop;XM1 (C);
us_xm1_chrysler_0;"Tank, Combat, Full-Tracked, 105mm Gun, XM1
<color=#c0c0c0>Chrysler Prototype</color>";
us_xm1_chrysler_1;XM1 (C);
us_xm1_chrysler_2;Main Battle Tank;
us_t77e1_shop;T77E1 MGMC;
us_t77e1_0;Carriage, Motor, Multiple Gun, T77E1;
us_t77e1_1;T77E1 MGMC;
us_t77e1_2;SPAA;
us_skink_aa_shop;▃Skink;
us_skink_aa_0;▃Skink, Tank, Anti-Aircraft, 20mm, Quad;
us_skink_aa_1;▃Skink;
us_skink_aa_2;SPAA;
us_rdf_lt_shop;RDF/LT;
us_rdf_lt_0;Rapid Deployment Force / Light Tank;
us_rdf_lt_1;RDF/LT;
us_rdf_lt_2;Light Tank;
us_t86_shop;T86 GMC;
us_t86_0;Carriage, Motor, Amphibian, 76mm Gun, T86;
us_t86_1;T86 GMC;
us_t86_2;Light Tank;
us_m4a3e8_76w_sherman_kit_3rank_shop;M4A3(76) (Hell);
us_m4a3e8_76w_sherman_kit_3rank_0;"Tank, Medium, M4A3(76)W HVSS
<color=#7b9fb5>General Sherman</color>
<color=#fcba03>«Hell on Wheels»</color>";
us_m4a3e8_76w_sherman_kit_3rank_1;M4A3(76) (Hell);
us_m4a3e8_76w_sherman_kit_3rank_2;Medium Tank;
us_m18_hellcat_kit_3rank_shop;M18 GMC (Hell);
us_m18_hellcat_kit_3rank_0;"Carriage, Motor, 76mm Gun, M18
<color=#7b9fb5>Hellcat</color>
<color=#fcba03>«Hell on Wheels»</color>";
us_m18_hellcat_kit_3rank_1;M18 GMC (Hell);
us_m18_hellcat_kit_3rank_2;Light Tank;
us_skink_aa_kit_3rank_shop;▃Skink (Hell);
us_skink_aa_kit_3rank_0;"▃Skink, Tank, Anti-Aircraft, 20mm, Quad
<color=#fcba03>«Hell on Wheels»</color>";
us_skink_aa_kit_3rank_1;▃Skink (Hell);
us_skink_aa_kit_3rank_2;SPAA;
;;
;;
;;
<USA Helicopter>;;
;;
ah_1g_shop;AH-1G;
ah_1g_0;"<color=#7b9fb5>Bell Helicopter Company</color>
AH-1G-BF Cobra";
ah_1g_1;AH-1G;
ah_1g_2;AH-1;
ah_1f_shop;AH-1F;
ah_1f_0;"<color=#7b9fb5>Bell Helicopter Company</color>
AH-1F-BF Cobra
<color=#c0c0c0>Cobra Night Imaging Thermal Equipment</color>";
ah_1f_1;AH-1F;
ah_1f_2;AH-1;
ah_1w_shop;AH-1W;
ah_1w_0;"<color=#7b9fb5>Bell Helicopter Textron</color>
AH-1W-BF SuperCobra";
ah_1w_1;AH-1W;
ah_1w_2;AH-1;
ah_1z_shop;AH-1Z;
ah_1z_0;"<color=#7b9fb5>Bell Helicopter Textron</color>
AH-1Z-BF Viper";
ah_1z_1;AH-1Z;
ah_1z_2;AH-1;
ah_64a_shop;AH-64A;
ah_64a_0;"<color=#7b9fb5>Hughes Aircraft Company</color>
AH-64A-HU Apache";
ah_64a_1;AH-64A;
ah_64a_2;AH-64;
ah_64d_shop;AH-64D;
ah_64d_0;"<color=#7b9fb5>McDonnell Douglas Corporation</color>
AH-64D-MC Apache Longbow";
ah_64d_1;AH-64D;
ah_64d_2;AH-64;
ah_64e_shop;AH-64E;
ah_64e_0;"<color=#7b9fb5>Boeing Rotocraft Systems</color>
AH-64E-BO Apache Guardian
<color=#c0c0c0>Capability Version 6</color>";
ah_64e_1;AH-64E;
ah_64e_2;AH-64;
uh_1b_shop;UH-1B;
uh_1b_0;"<color=#7b9fb5>Bell Helicopter Company</color>
UH-1B-BF Iroquois";
uh_1b_1;UH-1B;
uh_1b_2;UH-1;
uh_1c_shop;UH-1C;
uh_1c_0;"<color=#7b9fb5>Bell Helicopter Company</color>
UH-1C-BF Iroquois";
uh_1c_1;UH-1C;
uh_1c_2;UH-1;
ah_6m_shop;AH-6M;
ah_6m_0;"<color=#7b9fb5>MD Helicopters, LLC.</color>
AH-6M Mission Enhanced Little Bird";
ah_6m_1;AH-6M;
ah_6m_2;AH-6;
oh_58d_shop;OH-58D;
oh_58d_0;"<color=#7b9fb5>Bell Helicopter Textron</color>
OH-58D-BF Kiowa Warrior";
oh_58d_1;OH-58D;
oh_58d_2;OH-58;
mh_60l_dap_shop;MH-60L;
mh_60l_dap_0;"<color=#7b9fb5>Sikorsky Aviation Corporation</color>
MH-60L-SI Velcro Hawk
<color=#c0c0c0>Direct Action Penetrator</color>";
mh_60l_dap_1;MH-60L;
mh_60l_dap_2;MH-60;
h_34_shop;CH-34A;
h_34_0;"<color=#7b9fb5>Sikorsky Aviation Corporation</color>
CH-34A-SI Choctaw";
h_34_1;CH-34A;
h_34_2;CH-34;
uh_1c_xm_30_shop;UH-1C (XM30);
uh_1c_xm_30_0;"<color=#7b9fb5>Bell Helicopter Company</color>
UH-1C-BF Iroquois
<color=#c0c0c0>XM30</color>";
uh_1c_xm_30_1;UH-1C (XM30);
uh_1c_xm_30_2;UH-1;
ah_56a_shop;AH-56A;
ah_56a_0;"<color=#7b9fb5>Lockheed Corporation</color>
AH-56A-LO Cheyenne";
ah_56a_1;AH-56A;
ah_56a_2;AH-56;
yah_64_shop;YAH-64A;
yah_64_0;"<color=#7b9fb5>Hughes Aircraft Company</color>
YAH-64A-HU Apache";
yah_64_1;YAH-64A;
yah_64_2;YAH-64;
ah_64a_peten_shop;▃AH-64A;
ah_64a_peten_0;"▃<color=#7b9fb5>McDonnell Douglas Corporation</color>
AH-64A Peten";
ah_64a_peten_1;▃AH-64A;
ah_64a_peten_2;▃AH-64;
rah_66_shop;RAH-66A;
rah_66_0;"<color=#7b9fb5>Boeing Rotocraft Systems / Sikorsky Aviation Corporation</color>
RAH-66A Comanche";
rah_66_1;RAH-66A;
rah_66_2;RAH-66;
;;
;;
;;
<USA Aviation>;;
;;
p-26a_34_m2_shop;P-26C-34;
p-26a_34_m2_0;"<color=#7b9fb5>Boeing Aircraft Company</color>
P-26C-34 Peashooter";
p-26a_34_m2_1;P-26C;
p-26a_34_m2_2;P-26;
p-26a_33_shop;P-26C-33;
p-26a_33_0;"<color=#7b9fb5>Boeing Aircraft Company</color>
P-26C-33 Peashooter";
p-26a_33_1;P-26C;
p-26a_33_2;P-26;
p-26b_35_shop;P-26B-35;
p-26b_35_0;"<color=#7b9fb5>Boeing Aircraft Company</color>
P-26B-35 Peashooter";
p-26b_35_1;P-26B;
p-26b_35_2;P-26;
p-400_shop;P-400;
p-400_0;"<color=#7b9fb5>Bell Aircraft Corporation</color>
P-400-BE";
p-400_1;P-400;
p-400_2;P-400;
p-38e_shop;P-38E;
p-38e_0;"<color=#7b9fb5>Lockheed Corportation</color>
P-38E-LO Lightning";
p-38e_1;P-38E;
p-38e_2;P-38;
p-38g_shop;P-38G-1;
p-38g_0;"<color=#7b9fb5>Lockheed Corporation</color>
P-38G-1-LO Lightning";
p-38g_1;P-38G;
p-38g_2;P-38;
p-39n_shop;P-39N-0;
p-39n_0;"<color=#7b9fb5>Bell Aircraft Corporation</color>
P-39N-0-BE Airacobra";
p-39n_1;P-39N;
p-39n_2;P-39;
p-39q_5_shop;P-39Q-5;
p-39q_5_0;"<color=#7b9fb5>Bell Aircraft Corporation</color>
P-39Q-5-BE Airacobra";
p-39q_5_1;P-39Q;
p-39q_5_2;P-39;
p-63a-5_shop;P-63A-5;
p-63a-5_0;"<color=#7b9fb5>Bell Aircraft Corporation</color>
P-63A-5-BE Kingcobra";
p-63a-5_1;P-63A;
p-63a-5_2;P-63;
p-63a-10_shop;P-63A-10;
p-63a-10_0;"<color=#7b9fb5>Bell Aircraft Corporation</color>
P-63A-10-BE Kingcobra";
p-63a-10_1;P-63A;
p-63a-10_2;P-63;
p-63c-5_shop;P-63C-5;
p-63c-5_0;"<color=#7b9fb5>Bell Aircraft Corporation</color>
P-63C-5-BE Kingcobra";
p-63c-5_1;P-63C;
p-63c-5_2;P-63;
p-38j_shop;P-38J-15;
p-38j_0;"<color=#7b9fb5>Lockheed Corporation</color>
P-38J-15-LO Lightning";
p-38j_1;P-38J;
p-38j_2;P-38;
p-38l_shop;P-38L-5;
p-38l_0;"<color=#7b9fb5>Lockheed Corporation</color>
P-38L-5-LO Lightning";
p-38l_1;P-38L;
p-38l_2;P-38;
f-82e_shop;F-82E;
f-82e_0;"<color=#7b9fb5>North American Aviation</color>
F-82E-NA Twin Mustang";
f-82e_1;F-82E;
f-82e_2;F-82;
f-80a_shop;F-80A-5;
f-80a_0;"<color=#7b9fb5>Lockheed Corporation</color>
F-80A-5-LO Shooting Star";
f-80a_1;F-80A;
f-80a_2;F-80;
f-80_shop;F-80C-10;
f-80_0;"<color=#7b9fb5>Lockheed Corporation</color>
F-80C-10-LO Shooting Star";
f-80_1;F-80C;
f-80_2;F-80;
f_102a_late_shop;F-102A-95;
f_102a_late_0;"<color=#7b9fb5>Convair</color>
F-102A-95-CO Delta Dagger
<color=#c0c0c0>Interceptor Improvement Program Block I</color>";
f_102a_late_1;F-102A;
f_102a_late_2;F-102;
f_101c_shop;F-101C-55;
f_101c_0;"<color=#7b9fb5>McDonnell Aircraft Corporation</color>
F-101C-55-MC Voodoo";
f_101c_1;F-101C;
f_101c_2;F-101;
f-104a_shop;F-104A-20;
f-104a_0;"<color=#7b9fb5>Lockheed Corporation</color>
F-104A-20-LO Starfighter";
f-104a_1;F-104A;
f-104a_2;F-104;
f-104c_shop;F-104C-10;
f-104c_0;"<color=#7b9fb5>Lockheed Corporation</color>
F-104C-10-LO Starfighter";
f-104c_1;F-104C;
f-104c_2;F-104;
f-5e_shop;F-5E-3;
f-5e_0;"<color=#7b9fb5>Northrop Corporation</color>
F-5E-3-NO Tiger II";
f-5e_1;F-5E;
f-5e_2;F-5;
f_16a_block_10_shop;F-16A-15OCU;
f_16a_block_10_0;"<color=#7b9fb5>General Dynamics Corporation</color>
F-16A-15-CF Fighting Falcon
<color=#c0c0c0>Operation Capability Upgrade</color>";
f_16a_block_10_1;F-16A;
f_16a_block_10_2;F-16;
f_16a_block_15_adf_shop;F-16A-15ADF;
f_16a_block_15_adf_0;"<color=#7b9fb5>General Dynamics Corporation</color>
F-16A-15G-CF Fighting Falcon
<color=#c0c0c0>Air Defense Fighter</color>";
f_16a_block_15_adf_1;F-16A;
f_16a_block_15_adf_2;F-16;
f_16c_block_50_shop;F-16C-50;
f_16c_block_50_0;"<color=#7b9fb5>General Dynamics Corporation</color>
F-16C-50D-CF Fighting Falcon
<color=#c0c0c0>Common Configuration Implementation Program 2007</color>";
f_16c_block_50_1;F-16C;
f_16c_block_50_2;F-16;
f_16c_block_52_aesa_shop;F-16C-52 (PoBIT);
f_16c_block_52_aesa_0;"<color=#7b9fb5>General Dynamics Corporation</color>
F-16C-52Q-CF Fighting Falcon
<color=#c0c0c0>Post Block Integration Team</color>";
f_16c_block_52_aesa_1;F-16C;
f_16c_block_52_aesa_2;F-16;
p-36a_shop;P-36A;
p-36a_0;"<color=#7b9fb5>Curtiss-Wright Corporation</color>
P-36A Hawk";
p-36a_1;P-36A;
p-36a_2;P-36;
p-36c_shop;P-36C;
p-36c_0;"<color=#7b9fb5>Curtiss-Wright Corporation</color>
P-36C Hawk";
p-36c_1;P-36C;
p-36c_2;P-36;
p-36g_shop;P-36G;
p-36g_0;"<color=#7b9fb5>Curtiss-Wright Corporation</color>
P-36G Hawk";
p-36g_1;P-36G;
p-36g_2;P-36;
p-40e_shop;P-40E-1;
p-40e_0;"<color=#7b9fb5>Curtiss-Wright Corporation</color>
P-40E-1-CU Kittyhawk";
p-40e_1;P-40E;
p-40e_2;P-40;
p-40f_10_shop;P-40F-10;
p-40f_10_0;"<color=#7b9fb5>Curtiss-Wright Corporation</color>
P-40F-10-CU Warhawk";
p-40f_10_1;P-40F;
p-40f_10_2;P-40;
p-51c-10-nt_shop;P-51C-10;
p-51c-10-nt_0;"<color=#7b9fb5>North American Aviation</color>
P-51C-10-NT Mustang";
p-51c-10-nt_1;P-51C;
p-51c-10-nt_2;P-51;
p-51_mk1a_usaaf_shop;P-51;
p-51_mk1a_usaaf_0;"<color=#7b9fb5>North American Aviation</color>
P-51-NA Mustang";
p-51_mk1a_usaaf_1;P-51;
p-51_mk1a_usaaf_2;P-51;
p-51d-5_shop;P-51D-5;
p-51d-5_0;"<color=#7b9fb5>North American Aviation</color>
P-51D-5-NA Mustang";
p-51d-5_1;P-51D;
p-51d-5_2;P-51;
p-47d_22_re_shop;P-47D-22;
p-47d_22_re_0;"<color=#7b9fb5>Republic Aircraft Corporation</color>
P-47D-22-RE Thunderbolt";
p-47d_22_re_1;P-47D;
p-47d_22_re_2;P-47;
p-47d_shop;P-47D-25;
p-47d_0;"<color=#7b9fb5>Republic Aircraft Corporation</color>
P-47D-25-RE Thunderbolt";
p-47d_1;P-47D;
p-47d_2;P-47;
p-47d-28_shop;P-47D-28;
p-47d-28_0;"<color=#7b9fb5>Republic Aircraft Corporation</color>
P-47D-28-RA Thunderbolt";
p-47d-28_1;P-47D;
p-47d-28_2;P-47;
p-47n-15_shop;F-47N-15;
p-47n-15_0;"<color=#7b9fb5>Republic Aircraft Corporation</color>
F-47N-15-RE Thunderbolt";
p-47n-15_1;F-47N;
p-47n-15_2;F-47;
p-51d-30_usaaf_korea_shop;F-51D-30;
p-51d-30_usaaf_korea_0;"<color=#7b9fb5>North American Aviation</color>
F-51D-30-NA Mustang";
p-51d-30_usaaf_korea_1;F-51D;
p-51d-30_usaaf_korea_2;F-51;
p-51h-5_na_shop;P-51H-10;
p-51h-5_na_0;"<color=#7b9fb5>North American Aviation</color>
P-51H-10-NA Mustang";
p-51h-5_na_1;P-51H;
p-51h-5_na_2;P-51;
f-84b_shop;F-84B-26;
f-84b_0;"<color=#7b9fb5>Republic Aircraft Corporation</color>
F-84B-26-RE Thunderjet";
f-84b_1;F-84B;
f-84b_2;F-84;
f-84g_shop;F-84G-21;
f-84g_0;"<color=#7b9fb5>Republic Aircraft Corporation</color>
F-84G-21-RE Thunderjet";
f-84g_1;F-84G;
f-84g_2;F-84;
f-86a-5_shop;F-86A-5;
f-86a-5_0;"<color=#7b9fb5>North American Aviation</color>
F-86A-5-NA Sabre";
f-86a-5_1;F-86A;
f-86a-5_2;F-86;
f-86f-25_shop;F-86F-25;
f-86f-25_0;"<color=#7b9fb5>North American Aviation</color>
F-86F-25-NA Sabre";
f-86f-25_1;F-86F;
f-86f-25_2;F-86;
f-86f-2_shop;F-86F-2;
f-86f-2_0;"<color=#7b9fb5>North American Aviation</color>
F-86F-2-NA Sabre";
f-86f-2_1;F-86F;
f-86f-2_2;F-86;
f-100d_shop;F-100D-65;
f-100d_0;"<color=#7b9fb5>North American Aviation</color>
F-100D-65-NA Super Sabre";
f-100d_1;F-100D;
f-100d_2;F-100;
f-4c_shop;F-4C-25;
f-4c_0;"<color=#7b9fb5>McDonnell Aircraft Corporation</color>
F-4C-25-MC Phantom II";
f-4c_1;F-4C;
f-4c_2;F-4;
f-4e_shop;F-4E-54;
f-4e_0;"<color=#7b9fb5>McDonnell Douglas Corportation</color>
F-4E-54-MC Phantom II";
f-4e_1;F-4E;
f-4e_2;F-4;
f_15a_shop;F-15A-18;
f_15a_0;"<color=#7b9fb5>McDonnell Douglas Corporation</color>
F-15A-18-MC Eagle
<color=#c0c0c0>Modification 1990</color>";
f_15a_1;F-15A;
f_15a_2;F-15;
f_15c_msip2_shop;F-15C-40;
f_15c_msip2_0;"<color=#7b9fb5>McDonnell Douglas Corporation</color>
F-15C-40-MC Eagle
<color=#c0c0c0>Modification 2004</color>";
f_15c_msip2_1;F-15C;
f_15c_msip2_2;F-15;
f_15c_golden_eagle_shop;F-15C-33 (RIP);
f_15c_golden_eagle_0;"<color=#7b9fb5>Boeing Defense, Space & Security</color>
F-15C-33-MC Golden Eagle 
<color=#c0c0c0>Radar Improvement Program + Passive Attack Sensor System</color>";
f_15c_golden_eagle_1;F-15C;
f_15c_golden_eagle_2;F-15;
bf2c_1_shop;BF2C-1;
bf2c_1_0;"<color=#7b9fb5>Curtiss-Wright Corporation</color>
BF2C-1 Goshawk";
bf2c_1_1;BF2C-1;
bf2c_1_2;BF2C;
f3f-2_shop;F3F-2;
f3f-2_0;"<color=#7b9fb5>Grumman Aircraft Engineering Corporation</color>
F3F-2";
f3f-2_1;F3F-2;
f3f-2_2;F3F;
f2a-1_shop;F2A-1;
f2a-1_0;"<color=#7b9fb5>Brewster Aeronautical Corporation</color>
F2A-1 Buffalo";
f2a-1_1;F2A-1;
f2a-1_2;F2A;
f2a-3_shop;F2A-3;
f2a-3_0;"<color=#7b9fb5>Brewster Aeronautical Corporation</color>
F2A-3 Buffalo";
f2a-3_1;F2A-3;
f2a-3_2;F2A;
f4f-3_shop;F4F-3;
f4f-3_0;"<color=#7b9fb5>Grumman Aircraft Engineering Corporation</color>
F4F-3 Wildcat";
f4f-3_1;F4F-3;
f4f-3_2;F4F;
f4f-4_shop;F4F-4;
f4f-4_0;"<color=#7b9fb5>Grumman Aircraft Engineering Corporation</color>
F4F-4 Wildcat";
f4f-4_1;F4F-4;
f4f-4_2;F4F;
f6f-3_shop;F6F-5;
f6f-3_0;"<color=#7b9fb5>Grumman Aircraft Engineering Corporation</color>
F6F-5 Hellcat";
f6f-3_1;F6F-5;
f6f-3_2;F6F;
f4u-1a_shop;F4U-1A;
f4u-1a_0;"<color=#7b9fb5>Chance Vought</color>
F4U-1A Corsair";
f4u-1a_1;F4U-1;
f4u-1a_2;F4U;
f4u-1a_usmc_shop;FG-1A;
f4u-1a_usmc_0;"<color=#7b9fb5>Goodyear Aerospace</color>
FG-1A Corsair";
f4u-1a_usmc_1;FG-1A;
f4u-1a_usmc_2;FG-1;
f4u-1d_shop;F4U-1D;
f4u-1d_0;"<color=#7b9fb5>Chance Vought</color>
F4U-1D Corsair";
f4u-1d_1;F4U-1;
f4u-1d_2;F4U;
f4u-4_shop;F4U-4;
f4u-4_0;"<color=#7b9fb5>Chance Vought</color>
F4U-4 Corsair";
f4u-4_1;F4U-4;
f4u-4_2;F4U;
f8f1_shop;F8F-1;
f8f1_0;"<color=#7b9fb5>Grumman Aircraft Engineering Corporation</color>
F8F-1 Bearcat";
f8f1_1;F8F-1;
f8f1_2;F8F;
f6f-5n_shop;F6F-5N;
f6f-5n_0;"<color=#7b9fb5>Grumman Aircraft Engineering Corporation</color>
F6F-5N Hellcat";
f6f-5n_1;F6F-5;
f6f-5n_2;F6F;
f4u-1c_shop;F4U-1C;
f4u-1c_0;"<color=#7b9fb5>Chance Vought</color>
F4U-1C Corsair";
f4u-1c_1;F4U-1;
f4u-1c_2;F4U;
f4u-4b_shop;F4U-4B;
f4u-4b_0;"<color=#7b9fb5>Chance Vought</color>
F4U-4B Corsair";
f4u-4b_1;F4U-4;
f4u-4b_2;F4U;
f8f1b_shop;F8F-1B;
f8f1b_0;"<color=#7b9fb5>Grumman Aircraft Engineering Corporation</color>
F8F-1B Bearcat";
f8f1b_1;F8F-1;
f8f1b_2;F8F;
f7f1_shop;F7F-1;
f7f1_0;"<color=#7b9fb5>Grumman Aircraft Engineering Corporation</color>
F7F-1 Tigercat";
f7f1_1;F7F-1;
f7f1_2;F7F;
f2h-2_shop;F2H-2;
f2h-2_0;"<color=#7b9fb5>McDonnell Aircraft Corporation</color>
F2H-2 Banshee";
f2h-2_1;F2H-2;
f2h-2_2;F2H;
f9f-2_shop;F9F-2;
f9f-2_0;"<color=#7b9fb5>Grumman Aircraft Engineering Corporation</color>
F9F-2 Panther";
f9f-2_1;F9F-2;
f9f-2_2;F9F;
f9f-5_shop;F9F-5;
f9f-5_0;"<color=#7b9fb5>Grumman Aircraft Engineering Corporation</color>
F9F-5 Panther";
f9f-5_1;F9F-5;
f9f-5_2;F9F;
f9f-8_shop;F9F-8;
f9f-8_0;"<color=#7b9fb5>Grumman Aircraft Engineering Corporation</color>
F9F-8 Cougar";
f9f-8_1;F9F-8;
f9f-8_2;F9F;
f3h-2_shop;F3H-2;
f3h-2_0;"<color=#7b9fb5>McDonnell Aircraft Corporation</color>
F3H-2 Demon";
f3h-2_1;F3H-2;
f3h-2_2;F3H;
f8u-2_shop;F8U-2;
f8u-2_0;"<color=#7b9fb5>Chance Vought</color>
F8U-2 Crusader II";
f8u-2_1;F8U-2;
f8u-2_2;F8U;
f-8e_shop;F-8E;
f-8e_0;"<color=#7b9fb5>Chance Vought</color>
F-8E Crusader II";
f-8e_1;F-8E;
f-8e_2;F-8;
f-4j_shop;F-4J-34;
f-4j_0;"<color=#7b9fb5>McDonnell Douglas Corporation</color>
F-4J-34-MC Phantom II";
f-4j_1;F-4J;
f-4j_2;F-4;
fa_18a_shop;F/A-18A-18;
fa_18a_0;"<color=#7b9fb5>McDonnell Douglas Corporation</color>
F/A-18A-18-MC Hornet";
fa_18a_1;F/A-18A;
fa_18a_2;F/A-18;
fa_18c_late_shop;F/A-18C-48;
fa_18c_late_0;"<color=#7b9fb5>McDonnell Douglas Corporation</color>
F/A-18C-48-MC Hornet";
fa_18c_late_1;F/A-18C;
fa_18c_late_2;F/A-18;
f_14a_early_shop;F-14A-65;
f_14a_early_0;"<color=#7b9fb5>Grumman Aerospace Corporation</color>
F-14A-65-GR Tomcat";
f_14a_early_1;F-14A;
f_14a_early_2;F-14;
f_14b_shop;F-14B(U)-155;
f_14b_0;"<color=#7b9fb5>Grumman Aerospace Corporation</color>
F-14B(U)-155-GR Tomcat";
f_14b_1;F-14B;
f_14b_2;F-14;
f_14d_vf_11_shop;F-14D-165;
f_14d_vf_11_0;"<color=#7b9fb5>Grumman Aerospace Corporation</color>
F-14D-165-GR Tomcat";
f_14d_vf_11_1;F-14D;
f_14d_vf_11_2;F-14;
fa_18e_block_2_shop;F/A-18E-2;
fa_18e_block_2_0;"<color=#7b9fb5>Boeing Defense, Space & Security</color>
F/A-18E-2-MC Super Hornet";
fa_18e_block_2_1;F/A-18E;
fa_18e_block_2_2;F/A-18;
os2u_1_shop;OS2U-1;
os2u_1_0;"<color=#7b9fb5>Chance Vought</color>
OS2U-1 Kingfisher";
os2u_1_1;OS2U-1;
os2u_1_2;OS2U;
os2u_3_shop;OS2U-3;
os2u_3_0;"<color=#7b9fb5>Chance Vought</color>
OS2U-3 Kingfisher";
os2u_3_1;OS2U-3;
os2u_3_2;OS2U;
sb2u-2_shop;SB2U-2;
sb2u-2_0;"<color=#7b9fb5>Chance Vought</color>
SB2U-2 Vindicator";
sb2u-2_1;SB2U-2;
sb2u-2_2;SB2U;
sb2u-3_shop;SB2U-3;
sb2u-3_0;"<color=#7b9fb5>Chance Vought</color>
SB2U-3 Vindicator";
sb2u-3_1;SB2U-3;
sb2u-3_2;SB2U;
tbf-1c_shop;TBF-1C;
tbf-1c_0;"<color=#7b9fb5>Grumman Aircraft Engineering Corporation</color>
TBF-1C Avenger";
tbf-1c_1;TBF-1;
tbf-1c_2;TBF;
sbd-3_shop;SBD-3;
sbd-3_0;"<color=#7b9fb5>Douglas Aircraft Company</color>
SBD-3 Dauntless";
sbd-3_1;SBD-3;
sbd-3_2;SBD;
p-51_a-36_shop;A-36A-1;
p-51_a-36_0;"<color=#7b9fb5>North American Aviation</color>
A-36A-1-NA Apache";
p-51_a-36_1;A-36A;
p-51_a-36_2;A-36;
a-20g_shop;A-20G-25;
a-20g_0;"<color=#7b9fb5>Douglas Aircraft Company</color>
A-20G-25-DO Havoc";
a-20g_1;A-20G;
a-20g_2;A-20;
sb2c_1c_shop;SB2C-1C;
sb2c_1c_0;"<color=#7b9fb5>Curtiss-Wright Corporation</color>
SB2C-1C Helldiver";
sb2c_1c_1;SB2C-1;
sb2c_1c_2;SB2C;
sb2c_4_shop;SB2C-4;
sb2c_4_0;"<color=#7b9fb5>Curtiss-Wright Corporation</color>
SB2C-4 Helldiver";
sb2c_4_1;SB2C-4;
sb2c_4_2;SB2C;
pbj_1j_shop;PBJ-1J;
pbj_1j_0;"<color=#7b9fb5>North American Aviation</color>
PBJ-1J";
pbj_1j_1;PBJ-1;
pbj_1j_2;PBJ;
pbj_1h_shop;PBJ-1H;
pbj_1h_0;"<color=#7b9fb5>North American Aviation</color>
PBJ-1H";
pbj_1h_1;PBJ-1;
pbj_1h_2;PBJ;
p-61c_1_shop;P-61C-1;
p-61c_1_0;"<color=#7b9fb5>Northrop Corporation</color>
P-61C-1-NO Black Widow";
p-61c_1_1;P-61C;
p-61c_1_2;P-61;
a-26b_10_shop;A-26B-10;
a-26b_10_0;"<color=#7b9fb5>Douglas Aircraft Comapny</color>
A-26B-10-DL Invader";
a-26b_10_1;A-26B;
a-26b_10_2;A-26;
a-26b_shop;A-26B-50;
a-26b_0;"<color=#7b9fb5>Douglas Aircraft Company</color>
A-26B-50-DL Invader";
a-26b_1;A-26B;
a-26b_2;A-26;
douglas_ad_2_shop;AD-2;
douglas_ad_2_0;"<color=#7b9fb5>Douglas Aircraft Company</color>
AD-2 Skyraider";
douglas_ad_2_1;AD-2;
douglas_ad_2_2;AD-2;
douglas_ad_4_shop;AD-4;
douglas_ad_4_0;"<color=#7b9fb5>Douglas Aircraft Company</color>
AD-4 Skyraider";
douglas_ad_4_1;AD-4;
douglas_ad_4_2;AD-4;
am_1_mauler_shop;AM-1;
am_1_mauler_0;"<color=#7b9fb5>Martin Company</color>
AM-1 Mauler";
am_1_mauler_1;AM-1;
am_1_mauler_2;AM-1;
f3d_1_shop;F3D-1;
f3d_1_0;"<color=#7b9fb5>Douglas Aircraft Company</color>
F3D-1 Skyknight";
f3d_1_1;F3D-1;
f3d_1_2;F3D;
f-84f_shop;F-84F-50;
f-84f_0;"<color=#7b9fb5>Republic Aircraft Corporation</color>
F-84F-50-RE Thunderstreak";
f-84f_1;F-84F;
f-84f_2;F-84;
a_4b_shop;A-4B;
a_4b_0;"<color=#7b9fb5>Douglas Aircraft Corporation</color>
A-4B-DL Skyhawk";
a_4b_1;A-4B;
a_4b_2;A-4;
fj_4b_shop;FJ-4B;
fj_4b_0;"<color=#7b9fb5>North American Aviation</color>
FJ-4B Fury";
fj_4b_1;FJ-4B;
fj_4b_2;FJ-4;
av_8c_shop;AV-8C;
av_8c_0;"<color=#7b9fb5>Hawker Siddeley</color>
AV-8C-HS Harrier Mk.50";
av_8c_1;AV-8C;
av_8c_2;AV-8;
a_10a_late_shop;A-10A (1983);
a_10a_late_0;"<color=#7b9fb5>Fairchild Republic</color>
A-10A-FA Thunderbolt II
<color=#c0c0c0>Modification 1983</color>";
a_10a_late_1;A-10A;
a_10a_late_2;A-10;
a_7d_shop;A-7D-8;
a_7d_0;"<color=#7b9fb5>Ling-Temco-Vought</color>
A-7D-8-CV Corsair II";
a_7d_1;A-7D;
a_7d_2;A-7;
a_7e_shop;A-7E-4;
a_7e_0;"<color=#7b9fb5>Ling-Temco-Vought</color>
A-7E-4-CV Corsair II";
a_7e_1;A-7E;
a_7e_2;A-7;
a_10c_shop;A-10C;
a_10c_0;"<color=#7b9fb5>Fairchild Republic</color>
A-10C-FA Thunderbolt II";
a_10c_1;A-10C;
a_10c_2;A-10;
av_8b_plus_shop;AV-8B+;
av_8b_plus_0;"<color=#7b9fb5>Boeing Military Airplane Company</color>
AV-8B+-MC Harrier II";
av_8b_plus_1;AV-8B;
av_8b_plus_2;AV-8;
tbd-1_1938_shop;TBD-1;
tbd-1_1938_0;"<color=#7b9fb5>Douglas Aircraft Company</color>
TBD-1 Devastator";
tbd-1_1938_1;TBD-1;
tbd-1_1938_2;TBD;
b_18a_shop;B-18A;
b_18a_0;"<color=#7b9fb5>Douglas Aircraft Company</color>
B-18A Bolo";
b_18a_1;B-18A;
b_18a_2;B-18;
pby-5_shop;PBY-5;
pby-5_0;"<color=#7b9fb5>Consolidated Aircraft Corporation</color>
PBY-5 Catalina";
pby-5_1;PBY-5;
pby-5_2;PBY;
pby-5a_shop;PBY-5A;
pby-5a_0;"<color=#7b9fb5>Consolidated Aircraft Corporation</color>
PBY-5A Catalina";
pby-5a_1;PBY-5;
pby-5a_2;PBY;
pbm_1_shop;PBM-1;
pbm_1_0;"<color=#7b9fb5>Martin Company</color>
PBM-1 Mariner";
pbm_1_1;PBM-1;
pbm_1_2;PBM;
b_34_shop;B-34;
b_34_0;"<color=#7b9fb5>Lockheed Corporation</color>
B-34-VE Lexington";
b_34_1;B-34;
b_34_2;B-34;
b_25j_1_shop;B-25J-1;
b_25j_1_0;"<color=#7b9fb5>North American Aviation</color>
B-25J-1-NC Mitchell";
b_25j_1_1;B-25J;
b_25j_1_2;B-25;
b_25j_20_shop;B-25J-20;
b_25j_20_0;"<color=#7b9fb5>North American Aviation</color>
B-25J-20-NC Mitchell";
b_25j_20_1;B-25J;
b_25j_20_2;B-25;
b_26b_c_shop;B-26C-15;
b_26b_c_0;"<color=#7b9fb5>Martin Company</color>
B-26C-15-MA Marauder";
b_26b_c_1;B-26C;
b_26b_c_2;B-26;
b-17e_shop;B-17E (E);
b-17e_0;"<color=#7b9fb5>Boeing Airplane Company</color>
B-17E Flying Fortress
<color=#c0c0c0>Early Modification</color>";
b-17e_1;B-17E;
b-17e_2;B-17;
b-17e_late_shop;B-17E (L);
b-17e_late_0;"<color=#7b9fb5>Boeing Airplane Company</color>
B-17E Flying Fortress
<color=#c0c0c0>Late Modification</color>";
b-17e_late_1;B-17E;
b-17e_late_2;B-17;
pb4y-2_shop;PB4Y-2;
pb4y-2_0;"<color=#7b9fb5>Consolidated Aircraft Corporation</color>
PB4Y-2 Privateer";
pb4y-2_1;PB4Y-2;
pb4y-2_2;PB4Y;
b-17g_shop;B-17G-60;
b-17g_0;"<color=#7b9fb5>Boeing Airplane Company</color>
B-17G-60-BO Flying Fortress";
b-17g_1;B-17G;
b-17g_2;B-17;
b_24d_shop;B-24D-140;
b_24d_0;"<color=#7b9fb5>Consolidated Aircraft Corporation</color>
B-24D-140-CO Liberator";
b_24d_1;B-24D;
b_24d_2;B-24;
b-29_shop;B-29A-20;
b-29_0;"<color=#7b9fb5>Boeing Airplane Company</color>
B-29A-20-BN Superfortress";
b_29_1;B-29A;
b_29_2;B-29;
b-57_shop;B-57A;
b-57_0;"<color=#7b9fb5>Martin Company</color>
B-57A-MA Canberra";
b-57_1;B-57A;
b-57_2;B-57;
b-57b_shop;B-57B;
b-57b_0;"<color=#7b9fb5>Martin Company</color>
B-57B-MA Canberra";
b-57b_1;B-57B;
b-57b_2;B-57;
b_66b_shop;B-66B;
b_66b_0;Douglas | B-66B-DL Destroyer;
b_66b_1;B-66B;
b_66b_2;B-66;
f-105d_shop;F-105D-31;
f-105d_0;"<color=#7b9fb5>Republic Aircraft Corporation</color>
F-105D-31-RE Thunderchief";
f-105d_1;F-105D;
f-105d_2;F-105;
f_111a_shop;F-111A;
f_111a_0;"<color=#7b9fb5>General Dynamics Corporation</color>
F-111A-CF Aardvark";
f_111a_1;F-111A;
f_111a_2;F-111;
f_111f_shop;F-111F;
f_111f_0;"<color=#7b9fb5>General Dynamics Corporation</color>
F-111F-CF Aardvark";
f_111f_1;F-111F;
f_111f_2;F-111;
f_15e_shop;F-15E-49;
f_15e_0;"<color=#7b9fb5>McDonnell Douglas Corporation</color>
F-15E-49-MC Strike Eagle
<color=#c0c0c0>Modification 2008</color>";
f_15e_1;F-15E;
f_15e_2;F-15;
f3f-2_galer_shop;Galer's F3F-2;
f3f-2_galer_0;"<color=#7b9fb5>Grumman Aircraft Engineering Corporation</color>
F3F-2
<color=#fcba03>Bob Galer</color>";
f3f-2_galer_1;F3F-2;
f3f-2_galer_2;F3F;
p-36c_rb_shop;○P-36C;
p-36c_rb_0;"<color=#7b9fb5>Curtiss-Wright Corporation</color>
○P-36C Hawk";
p-36c_rb_1;○P-36C;
p-36c_rb_2;○P-36;
p-36a_rasmussen_shop;Rasmussen's P-36A;
p-36a_rasmussen_0;"<color=#7b9fb5>Curtiss-Wright Corporation</color>
P-36A Hawk
<color=#fcba03>Philip Rasmussen</color>";
p-36a_rasmussen_1;P-36A;
p-36a_rasmussen_2;P-36;
f2a-1_thach_shop;Thach's F2A-1;
f2a-1_thach_0;"<color=#7b9fb5>Brewster Aeronautical Corporation</color>
F2A-1 Buffalo
<color=#fcba03>John Thach</color>";
f2a-1_thach_1;F2A-1;
f2a-1_thach_2;F2A;
b_10b_shop;B-10B;
b_10b_0;"<color=#7b9fb5>Martin Company</color>
B-10B";
b_10b_1;B-10B;
b_10b_2;B-10;
p-40e_td_shop;P-40E-1 [TD];
p-40e_td_0;"<color=#7b9fb5>Curtiss-Wright Corporation</color>
P-40E-1-CU Warhawk
<color=#9146ff>Twitch Drop</color>";
p-40e_td_1;P-40E;
p-40e_td_2;P-40;
p-40c_shop;P-40C;
p-40c_0;"<color=#7b9fb5>Curtiss-Wright Corporation</color>
P-40C-CU Warhawk";
p-40c_1;P-40C;
p-40c_2;P-40;
ki_43_2_late_shop;▃Ki-43-II;
ki_43_2_late_0;"<color=#7b9fb5>Nakajima Hikōki K.K.</color>
▃Ki-43-II Hayabusa";
ki_43_2_late_1;▃Ki-43-II;
ki_43_2_late_2;▃Ki-43;
p-43a-1_shop;P-43A-1;
p-43a-1_0;"<color=#7b9fb5>Republic Aircraft Corporation</color>
P-43A-1-RE Lancer";
p-43a-1_1;P-43A;
p-43a-1_2;P-43;
p-38g_metal_shop;P-38G-5;
p-38g_metal_0;"<color=#7b9fb5>Lockheed Corporation</color>
P-38G-5-LO Lightning";
p-38g_metal_1;P-38G;
p-38g_metal_2;P-38;
ki_61_1a_otsu_usa_shop;▃Ki-61-Ib;
ki_61_1a_otsu_usa_0;"<color=#7b9fb5>Kawasaki Kokuki Kogyo K.K.</color>
▃Ki-61-Ib Hein";
ki_61_1a_otsu_usa_1;▃Ki-61-I;
ki_61_1a_otsu_usa_2;▃Ki-61;
a6m2_zero_usa_shop;▃A6M2b;
a6m2_zero_usa_0;"<color=#7b9fb5>Mitsubishi Jūkōgyō K.K.</color>
▃A6M2b Model 21 Reisen";
a6m2_zero_usa_1;▃A6M2;
a6m2_zero_usa_2;▃A6M;
xf5f_shop;XF5F-1;
xf5f_0;"<color=#7b9fb5>Grumman Aircraft Engineering Corporation</color>
XF5F-1 Skyrocket";
xf5f_1;XF5F-1;
xf5f_2;XF5F;
btd-1_shop;BTD-1;
btd-1_0;"<color=#7b9fb5>Douglas Aircraft Company</color>
BTD-1 Destroyer";
btd-1_1;BTD-1;
btd-1_2;BTD;
p-61a_1_shop;P-61A-1;
p-61a_1_0;"<color=#7b9fb5>Northrop Corporation</color>
P-61A-1-NO Black Widow";
p-61a_1_1;P-61A;
p-61a_1_2;P-61;
xp-55_shop;XP-55;
xp-55_0;"<color=#7b9fb5>Curtiss-Wright Corporation</color>
XP-55-CU Ascender";
xp-55_1;XP-55;
xp-55_2;XP-55;
pv_2d_shop;PV-2D;
pv_2d_0;"<color=#7b9fb5>Lockheed Corporation</color>
PV-2D Harpoon";
pv_2d_1;PV-2D;
pv_2d_2;PV-2;
fr_1_fireball_shop;FR-1;
fr_1_fireball_0;"<color=#7b9fb5>Ryan Aeronautical</color>
FR-1 Fireball";
fr_1_fireball_1;FR-1;
fr_1_fireball_2;FR-1;
xp-50_shop;XP-50;
xp-50_0;"<color=#7b9fb5>Grumman Aircraft Engineering Corporation</color>
XP-50 Skyrocket";
xp-50_1;XP-50;
xp-50_2;XP-50;
p-63c-5_kingcobra_animal_version_shop;␠Kingcobra;
p-63c-5_kingcobra_animal_version_0;"<color=#7b9fb5>Bell Aircraft Corporation</color>
␠P-63C-5-BE Kingcobra";
p-63c-5_kingcobra_animal_version_1;␠Kingcobra;
p-63c-5_kingcobra_animal_version_2;␠Kingcobra;
bf-109f-4_usa_shop;▃Bf 109 F-4;
bf-109f-4_usa_0;"<color=#7b9fb5>Messerschmitt AG</color>
▃Bf 109 F-4";
bf-109f-4_usa_1;▃Bf 109 F;
bf-109f-4_usa_2;▃Bf 109;
xa_38_shop;XA-38;
xa_38_0;"<color=#7b9fb5>Beechcraft Aircraft Corporation</color>
XA-38-BH Grizzly";
xa_38_1;XA-38;
xa_38_2;XA-38;
p-38j_marge_shop;Bong's P-38J-15;
p-38j_marge_0;"<color=#7b9fb5>Lockheed Corporation</color>
P-38J-15-LO Lightning
<color=#fcba03>Richard Bong</color>";
p-38j_marge_1;P-38J;
p-38j_marge_2;P-38;
p-51d-20-na_shop;P-51D-20;
p-51d-20-na_0;"<color=#7b9fb5>North American Aviation</color>
P-51D-20-NA Mustang";
p-51d-20-na_1;P-51D;
p-51d-20-na_2;P-51;
p-38k_shop;P-38K-1;
p-38k_0;"<color=#7b9fb5>Lockheed Corporation</color>
P-38K-1-LO Lightning";
p-38k_1;P-38K;
p-38k_2;P-38;
p-47m-1-re_shop;Bostwick's P-47M-1;
p-47m-1-re_0;"<color=#7b9fb5>Republic Aircraft Corporation</color>
P-47M-1-RE Thunderbolt
<color=#fcba03>George Bostwick</color>";
p-47m-1-re_1;P-47M;
p-47m-1-re_2;P-47;
p-59a_shop;P-59A-1;
p-59a_0;"<color=#7b9fb5>Bell Aircraft Corporation</color>
P-59A-1-BE Airacomet";
p-59a_1;P-59A;
p-59a_2;P-59;
f4u-6_au-1_shop;AU-1;
f4u-6_au-1_0;"<color=#7b9fb5>Chance Vought</color>
AU-1 Corsair";
f4u-6_au-1_1;AU-1;
f4u-6_au-1_2;AU-1;
fw-190a-8_usa_shop;▃Fw 190 A-8;
fw-190a-8_usa_0;"<color=#7b9fb5>Focke-Wulf Flugzeugbau AG</color>
▃Fw 190 A-8 Würger";
fw-190a-8_usa_1;▃Fw 190 A;
fw-190a-8_usa_2;▃Fw 190;
f2g-1_shop;F2G-1;
f2g-1_0;"<color=#7b9fb5>Goodyear Aircraft Corporation</color>
F2G-1 Corsair";
f2g-1_1;F2G-1;
f2g-1_2;F2G;
spitfire_ix_usa_shop;▃Spitfire L.F. IXc;
spitfire_ix_usa_0;"<color=#7b9fb5>Supermarine Aviation Works Limited</color>
▃Spitfire L.F. Mk. Ixc";
spitfire_ix_usa_1;▃Spitfire L.F. IX;
spitfire_ix_usa_2;▃Spitfire;
f7f3_shop;F7F-3;
f7f3_0;"<color=#7b9fb5>Grumman Aircraft Engineering Corporation</color>
F7F-3 Tigercat";
f7f3_1;F7F-3;
f7f3_2;F7F;
douglas_a_1h_shop;A-1H;
douglas_a_1h_0;"<color=#7b9fb5>Douglas Aircraft Company</color>
A-1H Skyraider";
douglas_a_1h_1;A-1H;
douglas_a_1h_2;A-1;
f-89b_shop;F-89B-1;
f-89b_0;"<color=#7b9fb5>Northrop Corporation</color>
F-89B-1-NO Scorpion";
f-89b_1;F-89B;
f-89b_2;F-89;
a2d_shop;A2D-1;
a2d_0;"<color=#7b9fb5>Douglas Aircraft Company</color>
A2D-1 Skyshark";
a2d_1;A2D-1;
a2d_2;A2D;
f-89d_shop;F-89D-65;
f-89d_0;"<color=#7b9fb5>Northrop Corporation</color>
F-89D-65-NO Scorpion";
f-89d_1;F-89D;
f-89d_2;F-89;
a_4e_early_shop;A-4E;
a_4e_early_0;"<color=#7b9fb5>Douglas Aircraft Company</color>
A-4E-DL Skyhawk
<color=#c0c0c0>P-6A Engine</color>";
a_4e_early_1;A-4E;
a_4e_early_2;A-4;
fj_4b_agm_12b_shop;FJ-4B (VMF);
fj_4b_agm_12b_0;"<color=#7b9fb5>North American Aviation</color>
FJ-4B Fury
<color=#fcba03>VMF-232 Squadron “Red Devils”</color>";
fj_4b_agm_12b_1;FJ-4B;
fj_4b_agm_12b_2;FJ-4;
av_8a_shop;AV-8A-2;
av_8a_0;"<color=#7b9fb5>Hawker Siddeley</color>
AV-8A-1-HS Harrier Mk.50";
av_8a_1;AV-8A;
av_8a_2;AV-8;
a_10a_early_shop;A-10A (1979);
a_10a_early_0;"<color=#7b9fb5>Fairchild Republic</color>
A-10A-FA Thunderbolt II
<color=#c0c0c0>Modification 1979</color>";
a_10a_early_1;A-10A;
a_10a_early_2;A-10;
f11f_1_late_shop;F11F-1;
f11f_1_late_0;"<color=#7b9fb5>Grumman Aircraft Engineering Corporation</color>
F11F-1 Tiger";
f11f_1_late_1;F11F-1;
f11f_1_late_2;F11;
f4d_1_shop;F4D-1;
f4d_1_0;"<color=#7b9fb5>Douglas Aircraft Company</color>
F4D-1 Skyray";
f4d_1_1;F4D-1;
f4d_1_2;F4D;
f-5c_shop;F-5C-20;
f-5c_0;"<color=#7b9fb5>Northrop Corporation</color>
F-5C-20-NO Freedom Fighter";
f-5c_1;F-5C;
f-5c_2;F-5;
f-5a_shop;YF-5A;
f-5a_0;"<color=#7b9fb5>Northrop Corporation</color>
YF-5A-NO Freedom Fighter";
f-5a_1;YF-5A;
f-5a_2;YF-5;
a_6e_tram_shop;A-6E (WCSI);
a_6e_tram_0;"<color=#7b9fb5>Grumman Aerospace Corporation</color>
A-6E-GR Intruder
<color=#c0c0c0>Weapon Control System Improvement</color>";
a_6e_tram_1;A-6E;
a_6e_tram_2;A-6;
a_7k_shop;YA-7K-15;
a_7k_0;"<color=#7b9fb5>Ling-Temco-Vought</color>
YA-7K-15-CV Corsair II";
a_7k_1;YA-7K;
a_7k_2;YA-7;
f-4s_shop;F-4S-33;
f-4s_0;"<color=#7b9fb5>McDonnell Douglas Corporation</color>
F-4S-33-MC Phantom II";
f-4s_1;F-4S;
f-4s_2;F-4;
av_8b_na_shop;AV-8B(NA);
av_8b_na_0;"<color=#7b9fb5>McDonnell Douglas Corporation</color>
AV-8B-MC Harrier II
<color=#c0c0c0>Night Attack</color>";
av_8b_na_1;AV-8B;
av_8b_na_2;AV-8;
f_20a_shop;F-20A;
f_20a_0;"<color=#7b9fb5>Northrop Corporation</color>
F-20A-NO Tigershark";
f_20a_1;F-20A;
f_20a_2;F-20;
yp-38_shop;YP-38;
yp-38_0;"<color=#7b9fb5>Lockheed Corporation</color>
YP-38-LO Lightning";
yp-38_1;YP-38;
yp-38_2;YP-38;
p-51a_tl_shop;P-51A-1;
p-51a_tl_0;"<color=#7b9fb5>North American Aviation</color>
P-51A-1-NA Mustang";
p-51a_tl_1;P-51A;
p-51a_tl_2;P-51;
pbm_3_shop;PBM-3;
pbm_3_0;"<color=#7b9fb5>Martin Company</color>
PBM-3 Mariner";
pbm_3_1;PBM-3;
pbm_3_2;PBM;
pbm_5a_shop;PBM-5A;
pbm_5a_0;"<color=#7b9fb5>Martin Company</color>
PBM-5A Mariner";
pbm_5a_1;PBM-5;
pbm_5a_2;PBM;
a-26c_shop;A-26C-45;
a-26c_0;"<color=#7b9fb5>Douglas Aircraft Company</color>
A-26C-45-DL Invader";
a-26c_1;A-26C;
a-26c_2;A-26;
a-26c-45-dt_shop;A-26C-45;
a-26c-45-dt_0;"<color=#7b9fb5>Douglas Aircraft Company</color>
A-26C-45-DT Invader";
a-26c-45-dt_1;A-26C;
a-26c-45-dt_2;A-26;
f-86f-35_shop;F-86F-35;
f-86f-35_0;"<color=#7b9fb5>North American Aviation</color>
F-86F-35-NA Sabre";
f-86f-35_1;F-86F;
f-86f-35_2;F-86;
f_106a_1972_shop;F-106A-130;
f_106a_1972_0;"<color=#7b9fb5>Convair</color>
F-106A-130-CO Delta Dart
<color=#c0c0c0>Polhemus Fire Control System</color>
<color=#c0c0c0>Modification 1972</color>";
f_106a_1972_1;F-106A;
f_106a_1972_2;F-106;
f4u-4b_vmf_214_shop;F4U-4B (VMF);
f4u-4b_vmf_214_0;"<color=#7b9fb5>Chance Vought</color>
F4U-4B Corsair
<color=#fcba03>VMF-214 Squadron</color>";
f4u-4b_vmf_214_1;F4U-4;
f4u-4b_vmf_214_2;F4U;
p-51d-10_shop;Wetmore’s P-51D-10;
p-51d-10_0;"<color=#7b9fb5>North American Aviation</color>
P-51D-10-NA Mustang
<color=#fcba03>Ray Wetmore</color>";
p-51d-10_1;P-51D;
p-51d-10_2;P-51;
f_117_shop;F-117A-1;
f_117_0;"<color=#7b9fb5>Lockheed Corporation</color>
F-117A-1-LO Nighthawk
<color=#c0c0c0>Offensive Capability Improvement Program II</color>";
f_117_1;F-117A;
f_117a_2;F-117;
fa_18c_early_shop;F/A-18C-30;
fa_18c_early_0;"<color=#7b9fb5>McDonnell Douglas Corporation</color>
F/A-18C-30-MC Hornet";
fa_18c_early_1;F/A-18C;
fa_18c_early_2;F/A-18;
f_14d_shop;F-14D-160;
f_14d_0;"<color=#7b9fb5>Grumman Aerospace Corporation</color>
F-14D-160-GR Tomcat";
f_14d_1;F-14D;
f_14d_2;F-14;
f_16xl_shop;F-16XL-1;
f_16xl_0;"<color=#7b9fb5>General Dynamics Corporation</color>
F-16XL-1-CF";
f_16xl_1;F-16XL;
f_16xl_2;F-16;
xf5u_1_shop;XF5U-1;
xf5u_1_0;"<color=#7b9fb5>Chance Vought</color>
XF5U-1 Flying Flapjack";
xf5u_1_1;XF5U-1;
xf5u_1_2;XF5U;
b_52h_shop;B-52H-140;
b_52h_0;"<color=#7b9fb5>Boeing Military Aircraft Company</color>
B-52H-140-BW Stratofortress
<color=#c0c0c0>Modification 1979</color>";
b_52h_1;B-52H;
b_52h_2;B-52;
;;
;;
;;
<USA Bluewater>;;
;;
us_destroyer_clemson_litchfield_shop;Litchfield;
us_destroyer_clemson_litchfield_0;"<color=#7b9fb5>Clemson Class Destroyer</color>
USS Litchfield (DD-336)";
us_destroyer_clemson_litchfield_1;Litchfield;
us_destroyer_clemson_litchfield_2;Clemson Class [DD];
us_destroyer_farragut_1942_shop;Aylwin;
us_destroyer_farragut_1942_0;"<color=#7b9fb5>Farragut Class Destroyer</color>
USS Aylwin (DD-355)
<color=#c0c0c0>1942 Refit</color>";
us_destroyer_farragut_1942_1;Aylwin;
us_destroyer_farragut_1942_2;Farragut Class [DD];
us_destroyer_mahan_class_shop;Mahan;
us_destroyer_mahan_class_0;"<color=#7b9fb5>Mahan Class Destroyer</color>
USS Mahan (DD-364)";
us_destroyer_mahan_class_1;Mahan;
us_destroyer_mahan_class_2;Mahan Class [DD];
us_destroyer_sumner_shop;Allen M. Sumner;
us_destroyer_sumner_0;"<color=#7b9fb5>Allen M. Sumner Class Destroyer</color>
USS Allen M. Sumner (DD-692)";
us_destroyer_sumner_1;Allen M. Sumner;
us_destroyer_sumner_2;Allen M. Sumner Class [DD];
us_destroyer_gearing_shop;Gearing;
us_destroyer_gearing_0;"<color=#7b9fb5>Gearing Class Destroyer</color>
USS Gearing (DD-710)";
us_destroyer_gearing_1;Gearing;
us_destroyer_gearing_2;Gearing Class [DD];
us_destroyer_porter_1941_shop;Porter;
us_destroyer_porter_1941_0;"<color=#7b9fb5>Porter Class Destroyer</color>
USS Porter (DD-356)";
us_destroyer_porter_1941_1;Porter;
us_destroyer_porter_1941_2;Porter Class [DD];
us_destroyer_somers_shop;Somers;
us_destroyer_somers_0;"<color=#7b9fb5>Somers Class Destroyer</color>
USS Somers (DD-381)";
us_destroyer_somers_1;Somers;
us_destroyer_somers_2;Somers Class [DD];
us_destroyer_cf_adams_class_cf_adams_shop;Charles F. Adams;
us_destroyer_cf_adams_class_cf_adams_0;"<color=#7b9fb5>Charles F. Adams Class Destroyer</color>
USS Charles F. Adams (DDG-2)";
us_destroyer_cf_adams_class_cf_adams_1;Charles F. Adams;
us_destroyer_cf_adams_class_cf_adams_2;Charles F. Adams Class [DD];
us_destroyer_forrestsherman_class_shop;Forrest Sherman;
us_destroyer_forrestsherman_class_0;"<color=#7b9fb5>Forrest Sherman Class Destroyer</color>
USS Forrest Sherman (DD-931)";
us_destroyer_forrestsherman_class_1;Forrest Sherman;
us_destroyer_forrestsherman_class_2;Forrest Sherman Class [DD];
us_cruiser_atlanta_class_atlanta_shop;Atlanta;
us_cruiser_atlanta_class_atlanta_0;"<color=#7b9fb5>Atlanta Class Light Cruiser</color>
USS Atlanta (CL-51)";
us_cruiser_atlanta_class_atlanta_1;Atlanta;
us_cruiser_atlanta_class_atlanta_2;Atlanta Class [CL];
us_cruiser_fargo_class_shop;Fargo;
us_cruiser_fargo_class_0;"<color=#7b9fb5>Fargo Class Light Cruiser</color>
USS Fargo (CL-106)";
us_cruiser_fargo_class_1;Fargo;
us_cruiser_fargo_class_2;Fargo Class [CL];
us_cruiser_brooklyn_class_brooklyn_shop;Brooklyn;
us_cruiser_brooklyn_class_brooklyn_0;"<color=#7b9fb5>Brooklyn Class Light Cruiser</color>
USS Brooklyn (CL-40)";
us_cruiser_brooklyn_class_brooklyn_1;Brooklyn;
us_cruiser_brooklyn_class_brooklyn_2;Brooklyn Class [CL];
us_cruiser_worcester_class_roanoke_shop;Roanoke;
us_cruiser_worcester_class_roanoke_0;"<color=#7b9fb5>Worcester Class Light Cruiser</color>
USS Roanoke (CL-145)";
us_cruiser_worcester_class_roanoke_1;Roanoke;
us_cruiser_worcester_class_roanoke_2;Worcester Class [CL];
us_battleship_texas_shop;Texas;
us_battleship_texas_0;"<color=#7b9fb5>New York Class Battleship</color>
USS Texas (BB-35)
<color=#c0c0c0>1945 Refit</color>";
us_battleship_texas_1;Texas;
us_battleship_texas_2;New York Class [BB];
us_battleship_arizona_1931_shop;Arizona;
us_battleship_arizona_1931_0;"<color=#7b9fb5>Pennsylvania Class Battleship</color>
USS Arizona (BB-39)
<color=#c0c0c0>1931 Refit</color>";
us_battleship_arizona_1931_1;Arizona;
us_battleship_arizona_1931_2;Pennsylvania Class [BB];
us_battleship_colorado_class_colorado_shop;Colorado;
us_battleship_colorado_class_colorado_0;"<color=#7b9fb5>Colorado Class Battleship</color>
USS Colorado (BB-45)
<color=#c0c0c0>1942 Refit</color>";
us_battleship_colorado_class_colorado_1;Colorado;
us_battleship_colorado_class_colorado_2;Colorado Class [BB];
us_battleship_north_carolina_class_shop;North Carolina;
us_battleship_north_carolina_class_0;"<color=#7b9fb5>North Carolina Class Battleship</color>
USS North Carolina (BB-55)";
us_battleship_north_carolina_class_1;North Carolina;
us_battleship_north_carolina_class_2;North Carolina Class [BB];
us_destroyer_clemson_barker_shop;Barker;
us_destroyer_clemson_barker_0;"<color=#7b9fb5>Clemson Class Destroyer</color>
USS Barker (DD-213)";
us_destroyer_clemson_barker_1;Barker;
us_destroyer_clemson_barker_2;Clemson Class [DD];
us_destroyer_gridley_shop;Gridley;
us_destroyer_gridley_0;"<color=#7b9fb5>Gridley Class Destroyer</color>
USS Gridley (DD-380)
<color=#c0c0c0>1943 Refit</color>";
us_destroyer_gridley_1;Gridley;
us_destroyer_gridley_2;Gridley Class [DD];
us_destroyer_fletcher_shop;Fletcher;
us_destroyer_fletcher_0;"<color=#7b9fb5>Fletcher Class Destroyer</color>
USS Fletcher (DD-445)";
us_destroyer_fletcher_1;Fletcher;
us_destroyer_fletcher_2;Fletcher Class [DD];
us_destroyer_mitscher_shop;Mitscher;
us_destroyer_mitscher_0;"<color=#7b9fb5>Mitscher Class Destroyer Leader</color>
USS Mitscher (DL-2)";
us_destroyer_mitscher_1;Mitscher;
us_destroyer_mitscher_2;Mitscher Class [DD];
us_cruiser_omaha_class_trenton_shop;Trenton;
us_cruiser_omaha_class_trenton_0;"<color=#7b9fb5>Omaha Class Light Cruiser</color>
USS Trenton (CL-11)
<color=#c0c0c0>1930 Refit</color>";
us_cruiser_omaha_class_trenton_1;Trenton;
us_cruiser_omaha_class_trenton_2;Omaha Class [CL];
us_cruiser_omaha_class_raleigh_shop;Raleigh;
us_cruiser_omaha_class_raleigh_0;"<color=#7b9fb5>Omaha Class Light Cruiser</color>
USS Raleigh (CL-7)
<color=#c0c0c0>1942 Refit</color>";
us_cruiser_omaha_class_raleigh_1;Raleigh;
us_cruiser_omaha_class_raleigh_2;Omaha Class [CL];
us_cruiser_portland_class_shop;Portland;
us_cruiser_portland_class_0;"<color=#7b9fb5>Portland Class Heavy Cruiser</color>
USS Portland (CA-33)
<color=#c0c0c0>1942 Refit</color>";
us_cruiser_portland_class_1;Portland;
us_cruiser_portland_class_2;Portland Class [CA];
us_cruiser_oregon_class_shop;Oregon City;
us_cruiser_oregon_class_0;"<color=#7b9fb5>Oregon City Class Heavy Cruiser</color>
USS Oregon City (CA-122)";
us_cruiser_oregon_class_1;Oregon City;
us_cruiser_oregon_class_2;Oregon City Class [CA];
us_cruiser_pensacola_class_shop;Pensacola;
us_cruiser_pensacola_class_0;"<color=#7b9fb5>Pensacola Class Heavy Cruiser</color>
USS Pensacola (CA-24)
<color=#c0c0c0>1941 Refit</color>";
us_cruiser_pensacola_class_1;Pensacola;
us_cruiser_pensacola_class_2;Pensacola Class [CA];
us_cruiser_cleveland_class_cleveland_shop;Cleveland;
us_cruiser_cleveland_class_cleveland_0;"<color=#7b9fb5>Cleveland Class Light Cruiser</color>
USS Cleveland (CL-55)";
us_cruiser_cleveland_class_cleveland_1;Cleveland;
us_cruiser_cleveland_class_cleveland_2;Cleveland Class [CL];
us_battleship_north_dakota_shop;North Dakota;
us_battleship_north_dakota_0;"<color=#7b9fb5>Delaware Class Battleship</color>
USS North Dakota (BB-29)
<color=#c0c0c0>1919 Refit</color>";
us_battleship_north_dakota_1;North Dakota;
us_battleship_north_dakota_2;Delaware Class [BB];
us_battleship_wyoming_class_shop;Wyoming;
us_battleship_wyoming_class_0;"<color=#7b9fb5>Wyoming Class Battleship</color>
USS Wyoming (BB-32)
<color=#c0c0c0>1927 Refit</color>";
us_battleship_wyoming_class_1;Wyoming;
us_battleship_wyoming_class_2;Wyoming Class [BB];
us_battleship_nevada_shop;Nevada;
us_battleship_nevada_0;"<color=#7b9fb5>Nevada Class Battleship</color>
USS Nevada (BB-36)
<color=#c0c0c0>1944 Refit</color>";
us_battleship_nevada_1;Nevada;
us_battleship_nevada_2;Nevada Class [BB];
us_battleship_tennessee_shop;Tennessee;
us_battleship_tennessee_0;"<color=#7b9fb5>Tennessee Class Battleship</color>
USS Tennessee (BB-43)
<color=#c0c0c0>1943 Refit</color>";
us_battleship_tennessee_1;Tennessee;
us_battleship_tennessee_2;Tennessee Class [BB];
us_battleship_south_dakota_shop;South Dakota;
us_battleship_south_dakota_0;"<color=#7b9fb5>South Dakota Class Battleship</color>
USS South Dakota (BB-57)
<color=#c0c0c0>1945 Refit</color>";
us_battleship_south_dakota_1;South Dakota;
us_battleship_south_dakota_2;South Dakota Class [BB];
us_battleship_iowa_class_iowa_shop;Iowa;
us_battleship_iowa_class_iowa_0;"<color=#7b9fb5>Iowa Class Battleship</color>
USS Iowa (BB-61)
<color=#c0c0c0>1945 Refit</color>";
us_battleship_iowa_class_iowa_1;Iowa;
us_battleship_iowa_class_iowa_2;Iowa Class [BB];
us_cruiser_northampton_class_shop;Northampton;
us_cruiser_northampton_class_0;"<color=#7b9fb5>Northampton Class Heavy Cruiser</color>
USS Northampton (CA-26)
<color=#c0c0c0>1941 Refit</color>";
us_cruiser_northampton_class_1;Northampton;
us_cruiser_northampton_class_2;Northampton Class [CA];
us_cruiser_new_orleans_class_shop;New Orleans;
us_cruiser_new_orleans_class_0;"<color=#7b9fb5>New Orleans Class Heavy Cruiser</color>
USS New Orleans (CA-32)
<color=#c0c0c0>1945 Refit</color>";
us_cruiser_new_orleans_class_1;New Orleans;
us_cruiser_new_orleans_class_2;New Orleans Class [CA];
us_cruiser_baltimore_class_pittsburgh_shop;Pittsburgh;
us_cruiser_baltimore_class_pittsburgh_0;"<color=#7b9fb5>Baltimore Class Heavy Cruiser</color>
USS Pittsburgh (CA-72)
<color=#c0c0c0>1953 Refit</color>";
us_cruiser_baltimore_class_pittsburgh_1;Pittsburgh;
us_cruiser_baltimore_class_pittsburgh_2;Baltimore Class [CA];
us_battlecruiser_alaska_class_shop;Alaska;
us_battlecruiser_alaska_class_0;"<color=#7b9fb5>Alaska Class Large Cruiser</color>
USS Alaska (CB-1)";
us_battlecruiser_alaska_class_1;Alaska;
us_battlecruiser_alaska_class_2;Alaska Class [CB];
us_destroyer_clemson_welborn_c_wood_shop;Welborn C. Wood;
us_destroyer_clemson_welborn_c_wood_0;"<color=#7b9fb5>Clemson Class Destroyer</color>
USS Welborn C. Wood (DD-195)";
us_destroyer_clemson_welborn_c_wood_1;Welborn C. Wood;
us_destroyer_clemson_welborn_c_wood_2;Clemson Class [DD];
us_destroyer_mitscher_wilkinson_shop;Wilkinson;
us_destroyer_mitscher_wilkinson_0;"<color=#7b9fb5>Mitscher Class Destroyer Leader</color>
USS Wilkinson (DL-5)
<color=#c0c0c0>1958 Refit</color>";
us_destroyer_mitscher_wilkinson_1;Wilkinson;
us_destroyer_mitscher_wilkinson_2;Mitscher Class [DD];
us_destroyer_gearing_frank_knox_shop;Frank Knox;
us_destroyer_gearing_frank_knox_0;"<color=#7b9fb5>Gearing Class Destroyer</color>
USS Frank Knox (DD-742)";
us_destroyer_gearing_frank_knox_1;Frank Knox;
us_destroyer_gearing_frank_knox_2;Gearing Class [DD];
us_destroyer_somers_davis_shop;Davis;
us_destroyer_somers_davis_0;"<color=#7b9fb5>Somers Class Destroyer</color>
USS Davis (DD-395)
<color=#c0c0c0>1942 Refit</color>";
us_destroyer_somers_davis_1;Davis;
us_destroyer_somers_davis_2;Somers Class [DD];
us_destroyer_porter_1942_shop;Moffett;
us_destroyer_porter_1942_0;"<color=#7b9fb5>Porter Class Destroyer</color>
USS Moffett (DD-362)
<color=#c0c0c0>1942 Refit</color>";
us_destroyer_porter_1942_1;Moffett;
us_destroyer_porter_1942_2;Porter Class [DD];
us_destroyer_porter_1944_shop;Phelps;
us_destroyer_porter_1944_0;"<color=#7b9fb5>Porter Class Destroyer</color>
USS Phelps (DD-360)
<color=#c0c0c0>1944 Refit</color>";
us_destroyer_porter_1944_1;Phelps;
us_destroyer_porter_1944_2;Porter Class [DD];
us_cruiser_omaha_class_detroit_shop;Detroit;
us_cruiser_omaha_class_detroit_0;"<color=#7b9fb5>Omaha Class Light Cruiser</color>
USS Detroit (CL-8)
<color=#c0c0c0>1942 Refit</color>";
us_cruiser_omaha_class_detroit_1;Detroit;
us_cruiser_omaha_class_detroit_2;Omaha Class [CL];
us_cruiser_brooklyn_class_helena_shop;Helena;
us_cruiser_brooklyn_class_helena_0;"<color=#7b9fb5>Brooklyn Class Light Cruiser</color>
USS Helena (CL-50)
<color=#c0c0c0>1943 Refit</color>";
us_cruiser_brooklyn_class_helena_1;Helena;
us_cruiser_brooklyn_class_helena_2;Brooklyn Class [CL];
us_cruiser_baltimore_class_shop;Baltimore;
us_cruiser_baltimore_class_0;"<color=#7b9fb5>Baltimore Class Heavy Cruiser</color>
USS Baltimore (CA-68)";
us_cruiser_baltimore_class_1;Baltimore;
us_cruiser_baltimore_class_2;Baltimore Class [CA];
us_cruiser_des_moines_class_newport_news_shop;Newport News;
us_cruiser_des_moines_class_newport_news_0;"<color=#7b9fb5>Des Moines Class Heavy Cruiser</color>
USS Newport News (CA-148)
<color=#c0c0c0>1972 Refit</color>";
us_cruiser_des_moines_class_newport_news_1;Newport News;
us_cruiser_des_moines_class_newport_news_2;Des Moines Class [CA];
us_battleship_arkansas_shop;Arkansas;
us_battleship_arkansas_0;"<color=#7b9fb5>Wyoming Class Battleship</color>
USS Arkansas (BB-33)
<color=#c0c0c0>1942 Refit</color>";
us_battleship_arkansas_1;Arkansas;
us_battleship_arkansas_2;Wyoming Class [BB];
us_cruiser_des_moines_class_shop;Des Moines;
us_cruiser_des_moines_class_0;"<color=#7b9fb5>Des Moines Class Heavy Cruiser</color>
USS Des Moines (CA-134)";
us_cruiser_des_moines_class_1;Des Moines;
us_cruiser_des_moines_class_2;Des Moines Class [CA];
us_battleship_mississippi_shop;Mississippi;
us_battleship_mississippi_0;"<color=#7b9fb5>New Mexico Class Battleship</color>
USS Mississippi (BB-41)
<color=#c0c0c0>1945 Refit</color>";
us_battleship_mississippi_1;Mississippi;
us_battleship_mississippi_2;New Mexico Class [BB];
us_destroyer_fletcher_cowell_shop;Cowell;
us_destroyer_fletcher_cowell_0;"<color=#7b9fb5>Fletcher Class Destroyer</color>
USS Cowell (DD-547)";
us_destroyer_fletcher_cowell_1;Cowell;
us_destroyer_fletcher_cowell_2;Fletcher Class [DD];
us_destroyer_fletcher_bennion_shop;Bennion;
us_destroyer_fletcher_bennion_0;"<color=#7b9fb5>Fletcher Class Destroyer</color>
USS Bennion (DD-662)";
us_destroyer_fletcher_bennion_1;Bennion;
us_destroyer_fletcher_bennion_2;Fletcher Class [DD];
us_destroyer_bagley_class_bagley_shop;Bagley;
us_destroyer_bagley_class_bagley_0;"<color=#7b9fb5>Bagley Class Destroyer</color>
USS Bagley (DD-386)";
us_destroyer_bagley_class_bagley_1;Bagley;
us_destroyer_bagley_class_bagley_2;Bagley Class [DD];
us_battleship_colorado_class_maryland_shop;Maryland;
us_battleship_colorado_class_maryland_0;"<color=#7b9fb5>Colorado Class Battleship</color>
USS Maryland (BB-46)
<color=#c0c0c0>1945 Refit</color>";
us_battleship_colorado_class_maryland_1;Maryland;
us_battleship_colorado_class_maryland_2;Colorado Class [BB];
us_destroyer_bagley_class_helm_shop;Helm;
us_destroyer_bagley_class_helm_0;"<color=#7b9fb5>Bagley Class Destroyer</color>
USS Helm (DD-388)
<color=#c0c0c0>1944 Refit</color>";
us_destroyer_bagley_class_helm_1;Helm;
us_destroyer_bagley_class_helm_2;Bagley Class [DD];
us_battleship_oklahoma_shop;Oklahoma;
us_battleship_oklahoma_0;"<color=#7b9fb5>Nevada Class Battleship</color>
USS Oklahoma (BB-37)
<color=#c0c0c0>1926 Refit</color>";
us_battleship_oklahoma_1;Oklahoma;
us_battleship_oklahoma_2;Nevada Class [BB];
;;
;;
;;
<USA Coastal>;;
;;
us_pt6_shop;PT-6;
us_pt6_0;Higgins 81’ Experimental Motor Torpedo Boat, PT-6;
us_pt6_1;PT-6;
us_pt6_2;Torpedo Boat;
us_nasty_ptf_shop;PTF-7;
us_nasty_ptf_0;80’ Nasty Class Fast Torpedo Boat, PTF-7;
us_nasty_ptf_1;PTF-7;
us_nasty_ptf_2;Gunboat;
us_elco_80ft_pt_boat_shop;PT-103;
us_elco_80ft_pt_boat_0;Elco 80’ Motor Torpedo Boat, PT-103;
us_elco_80ft_pt_boat_1;PT-103;
us_elco_80ft_pt_boat_2;Torpedo Boat;
us_higgins_78ft_pt71_shop;PT-71;
us_higgins_78ft_pt71_0;Higgins 78’ Motor Torpedo Boat, PT-71;
us_higgins_78ft_pt71_1;PT-71;
us_higgins_78ft_pt71_2;Torpedo Boat;
us_elco_80ft_pt_boat_mod01_shop;PT-314;
us_elco_80ft_pt_boat_mod01_0;Elco 80’ Motor Torpedo Boat, PT-314;
us_elco_80ft_pt_boat_mod01_1;PT-314;
us_elco_80ft_pt_boat_mod01_2;Torpedo Boat;
us_elco_80ft_pt_boat_mod02_shop;PT-565;
us_elco_80ft_pt_boat_mod02_0;Elco 80’ Motor Torpedo Boat, PT-565;
us_elco_80ft_pt_boat_mod02_1;PT-565;
us_elco_80ft_pt_boat_mod02_2;Torpedo Boat;
us_tucumcari_pgh2_shop;Tucumcari;
us_tucumcari_pgh2_0;Experimental Tucumcari Class Patrol Gunboat, USS Tucumcari (PGH-2);
us_tucumcari_pgh2_1;Tucumcari;
us_tucumcari_pgh2_2;Gunboat;
us_pt812_shop;PT-812;
us_pt812_0;105’ Aluminum Motor Torpedo Boat, PT-812;
us_pt812_1;PT-812;
us_pt812_2;Gunboat;
us_pt810_shop;PT-810;
us_pt810_0;89’ Aluminum Torpedo Boat, PT-810;
us_pt810_1;PT-810;
us_pt810_2;Torpedo Boat;
us_frigate_tacoma_shop;Hoquiam;
us_frigate_tacoma_0;Tacoma Class Patrol Frigate, USS Hoquiam (PF-5);
us_frigate_tacoma_1;Hoquiam;
us_frigate_tacoma_2;Tacoma Class [PF];
us_frigate_dealey_shop;Dealey;
us_frigate_dealey_0;Dealey Class Destroyer Escort, USS Dealey (DE-1006);
us_frigate_dealey_1;Dealey;
us_frigate_dealey_2;Dealey Class [DE];
us_elco_77ft_pt20_shop;PT-20;
us_elco_77ft_pt20_0;Elco 77’ Motor Torpedo Boat, PT-20;
us_elco_77ft_pt20_1;PT-20;
us_elco_77ft_pt20_2;Torpedo Boat;
us_huckins_78ft_pt95_shop;PT-95;
us_huckins_78ft_pt95_0;Huckins 78’ Motor Torpedo Boat, PT-95;
us_huckins_78ft_pt95_1;PT-95;
us_huckins_78ft_pt95_2;Torpedo Boat;
us_pc_451_shop;PC-451;
us_pc_451_0;Experimental PC-451 Class Subchaser, PC-451;
us_pc_451_1;PC-451;
us_pc_451_2;Subchaser;
us_sc_497_shop;SC-497;
us_sc_497_0;110’ SC-497 Class Subchaser, SC-497;
us_sc_497_1;SC-497;
us_sc_497_2;Subchaser;
us_higgins_78ft_pt625_shop;PT-625;
us_higgins_78ft_pt625_0;Higgins 78’ Motor Torpedo Boat, PT-625;
us_higgins_78ft_pt625_1;PT-625;
us_higgins_78ft_pt625_2;Torpedo Boat;
us_elco_77ft_pt59_shop;PT-59;
us_elco_77ft_pt59_0;Elco 77’ Motor Torpedo Boat, PT-59;
us_elco_77ft_pt59_1;PT-59;
us_elco_77ft_pt59_2;Gunboat;
us_admirable_class_shop;Candid;
us_admirable_class_0;Admirable Class Minesweeper, USS Candid (AM-154);
us_admirable_class_1;Candid;
us_admirable_class_2;Minesweeper;
us_ashville_class_shop;Asheville;
us_ashville_class_0;Asheville Class Motor Gun Boat, USS Asheville (PGM-84);
us_ashville_class_1;Asheville;
us_ashville_class_2;Gunboat;
us_lcs_l_3_shop;LCS(L)(3)-1;
us_lcs_l_3_0;Landing Craft, Support, Large, Mk.3, LCS(L)(3)-1;
us_lcs_l_3_1;LCS(L)(3)-1;
us_lcs_l_3_2;Gunboat;
us_frigate_buckley_class_coolbaugh_shop;Coolbaugh;
us_frigate_buckley_class_coolbaugh_0;Buckley Class Destroyer Escort, USS Coolbaugh (DE-217);
us_frigate_buckley_class_coolbaugh_1;Coolbaugh;
us_frigate_buckley_class_coolbaugh_2;Buckley Class [DE];
us_pgm_9_class_shop;PGM-9; 
us_pgm_9_class_0;PGM-9 Class Gunboat, PGM-9;
us_pgm_9_class_1;PGM-9;
us_pgm_9_class_2;Gunboat;
us_cyclone_class_cyclone_shop;Cyclone;
us_cyclone_class_cyclone_0;Cyclone Class Patrol Craft, USS Cyclone (PC-1);
us_cyclone_class_cyclone_1;Cyclone;
us_cyclone_class_cyclone_2;Gunboat;
us_pt3_shop;PT-3;
us_pt3_0;58’ Experimental Motor Torpedo Boat, PT-3;
us_pt3_1;PT-3;
us_pt3_2;Torpedo Boat;
us_pc_466_carmi_shop;PC-466;
us_pc_466_carmi_0;173’ PC-461 Class Subchaser, PC-466;
us_pc_466_carmi_1;PC-466;
us_pc_466_carmi_2;Subchaser;
us_huckins_78ft_pt262_shop;PT-262;
us_huckins_78ft_pt262_0;Huckins 78’ Motor Torpedo Boat, PT-262;
us_huckins_78ft_pt262_1;PT-262;
us_huckins_78ft_pt262_2;Torpedo Boat;
us_elco_80ft_pt174_shop;PT-174;
us_elco_80ft_pt174_0;Elco 80’ Motor Torpedo Boat, PT-174;
us_elco_80ft_pt174_1;PT-174;
us_elco_80ft_pt174_2;Torpedo Boat;
us_lcm_zippo_shop;LCM(6)(F);
us_lcm_zippo_0;Landing Craft, Mechanised, Mk.6, Flamethrower “Zippo”;
us_lcm_zippo_1;LCM(6)(F);
us_lcm_zippo_2;Armored Gunboat;
us_higgins_78ft_pt658_shop;PT-658;
us_higgins_78ft_pt658_0;Higgins 78’ Motor Torpedo Boat, PT-658;
us_higgins_78ft_pt658_1;PT-658;
us_higgins_78ft_pt658_2;Torpedo Boat;
us_elco_80ft_pt_boat_thunderbolt_shop;PT-556;
us_elco_80ft_pt_boat_thunderbolt_0;Elco 80’ Motor Torpedo Boat, PT-556;
us_elco_80ft_pt_boat_thunderbolt_1;PT-556;
us_elco_80ft_pt_boat_thunderbolt_2;Torpedo Boat;
us_flagstaff_pgh1_shop;Flagstaff;
us_flagstaff_pgh1_0;Flagstaff Class Patrol Boat, USS Flagstaff (PGH-1);
us_flagstaff_pgh1_1;Flagstaff;
us_flagstaff_pgh1_2;Gunboat;
us_pt811_shop;PT-811;
us_pt811_0;94’ Aluminum Motor Torpedo Boat, PT-811;
us_pt811_1;PT-811;
us_pt811_2;Torpedo Boat;
us_ashville_class_douglas_shop;Douglas;
us_ashville_class_douglas_0;Asheville Class Motor Gun Boat, USS Douglas (PGM-100);
us_ashville_class_douglas_1;Douglas;
us_ashville_class_douglas_2;Gunboat;
us_elco_80ft_pt109_boat_shop;PT-109;
us_elco_80ft_pt109_boat_0;Elco 80’ Motor Torpedo Boat, PT-109;
us_elco_80ft_pt109_boat_1;PT-109;
us_elco_80ft_pt109_boat_2;Motor Torpedo Boat;
;;
;;
;;
<DEU Army>;;
;;
germ_pzkpfw_35t_shop;Pz.35(t);
germ_pzkpfw_35t_0;Panzerkampfwagen 35(t);
germ_pzkpfw_35t_1;Pz.35(t);
germ_pzkpfw_35t_2;Light Tank;
germ_pzkpfw_38t_ausf_A_shop;Pz.38(t) A;
germ_pzkpfw_38t_ausf_A_0;Panzerkampfwagen 38(t) Ausf. A;
germ_pzkpfw_38t_ausf_A_1;Pz.38(t) A;
germ_pzkpfw_38t_ausf_A_2;Light Tank;
germ_pzkpfw_38t_ausf_F_shop;Pz.38(t) F;
germ_pzkpfw_38t_ausf_F_0;Panzerkampfwagen 38(t) Ausf. F;
germ_pzkpfw_38t_ausf_F_1;Pz.38(t) F;
germ_pzkpfw_38t_ausf_F_2;Light Tank;
germ_pzkpfw_38t_na_shop;Pz.38(t) n.A.;
germ_pzkpfw_38t_na_0;Panzerkampfwagen 38(t) neuer Art;
germ_pzkpfw_38t_na_1;Pz.38(t) n.A.;
germ_pzkpfw_38t_na_2;Light Tank;
germ_amd_35_kwk39_shop;Pz.Spw.204(f) (KwK.39);
germ_amd_35_kwk39_0;"leichte Panzerspähwagen 204(f)
<color=#c0c0c0>mit 5cm KwK.39/1 L/60</color>";
germ_amd_35_kwk39_1;Pz.Spw.204(f) (KwK.39);
germ_amd_35_kwk39_2;Light Tank;
germ_sdkfz_234_2_shop;Sd.Kfz.234/2;
germ_sdkfz_234_2_0;"<color=#c8a5b2>Sd.Kfz.234/2</color>
schwerer Panzerspähwagen
<color=#c0c0c0>mit 5cm KwK.39/1 L/60</color>";
germ_sdkfz_234_2_1;Sd.Kfz.234/2;
germ_sdkfz_234_2_2;Armored Car;
germ_pzsfl_IVa_dickermax_shop;Dicker Max;
germ_pzsfl_IVa_dickermax_0;"10,5cm K gepanzerte Selbstfahrlafette IV Ausf. A
<color=#7b9fb5>”Dicker Max”</color>";
germ_pzsfl_IVa_dickermax_1;Dicker Max;
germ_pzsfl_IVa_dickermax_2;Tank Destroyer;
germ_pzsflk40_sturer_emil_shop;Sturer Emil;
germ_pzsflk40_sturer_emil_0;"Panzerselbstfahrlafette für 12,8cm K.40
<color=#7b9fb5>”Sturer Emil”</color>";
germ_pzsflk40_sturer_emil_1;Sturer Emil;
germ_pzsflk40_sturer_emil_2;Tank Destroyer;
germ_sdkfz_9_flak37_shop;Sd.Kfz.9/2 8,8cm;
germ_sdkfz_9_flak37_0;"<color=#c8a5b2>Sd.Kfz.9/2</color>
8,8cm Flak 37 Selbstfahrlafette auf 18 ton Zugkraftwagen";
germ_sdkfz_9_flak37_1;Sd.Kfz.9/2 8,8cm;
germ_sdkfz_9_flak37_2;Tank Destroyer;
germ_panzerjager_nashorn_shop;Nashorn;
germ_panzerjager_nashorn_0;"<color=#c8a5b2>Sd.Kfz.164</color>
8,8cm PaK.43 (L/71) auf Fahrgestell
Panzerkampfwagen III/IV (Sf) Nashorn";
germ_panzerjager_nashorn_1;Nashorn;
germ_panzerjager_nashorn_2;Tank Destroyer;
germ_waffentrager_krupp_steyr_shop;Waffenträger;
germ_waffentrager_krupp_steyr_0;"Krupp-Steyr Waffenträger
<color=#c0c0c0>mit 8,8cm PaK.43</color>";
germ_waffentrager_krupp_steyr_1;Waffenträger;
germ_waffentrager_krupp_steyr_2;Tank Destroyer;
germ_m109g_shop;◄PzH M 109 G;
germ_m109g_0;◄Haubitze, Panzer-, Vollkette mit Kanone 155mm, PzH M 109 G;
germ_m109g_1;◄PzH M 109 G;
germ_m109g_2;Self-Propelled Gun;
germ_le_kpz_m41_shop;◄KPz M 41 G;
germ_le_kpz_m41_0;◄Panzer, Kampf-, Vollkette mit Kanone 76mm, KPz M 41 G;
germ_le_kpz_m41_1;◄KPz M 41 G;
germ_le_kpz_m41_2;Light Tank;
germ_marder_1a1_shop;SPz Marder 1 A1 (—);
germ_marder_1a1_0;Panzer, Schützen-, Vollkette, SPz Marder 1 A1 (—);
germ_marder_1a1_1;SPz Marder 1 A1 (—);
germ_marder_1a1_2;Infantry Fighting Vehicle;
germ_bmp_1_ddr_shop;◊SPz BMP-1P;
germ_bmp_1_ddr_0;◊Schützenpanzer BMP-1P SP-4;
germ_bmp_1_ddr_1;◊SPz BMP-1P;
germ_bmp_1_ddr_2;Infantry Fighting Vehicle;
germ_marder_1a3_shop;SPz Marder 1 A3;
germ_marder_1a3_0;Panzer, Schützen-, Vollkette, SPz Marder 1 A3;
germ_marder_1a3_1;SPz Marder 1 A3;
germ_marder_1a3_2;Infantry Fighting Vehicle;
germ_marder_df_105_shop;◄DF 105;
germ_marder_df_105_0;◄Marder DF 105;
germ_marder_df_105_1;◄DF 105;
germ_marder_df_105_2;Light Tank;
germ_begleitpanzer_57_shop;BgPz.57;
germ_begleitpanzer_57_0;Begleitpanzer 57;
germ_begleitpanzer_57_1;BgPz.57;
germ_begleitpanzer_57_2;Infantry Fighting Vehicle;
germ_radpanzer_90_shop;EFz Rad;
germ_radpanzer_90_0;Experimentalfahrzeug Rad 8x8;
germ_radpanzer_90_1;EFz Rad;
germ_radpanzer_90_2;Light Tank;
germ_schutzenpanzer_puma_shop;SPz Puma S0;
germ_schutzenpanzer_puma_0;Panzer, Schützen-, Vollkette, SPz Puma, Konstruktionsstand S0;
germ_schutzenpanzer_puma_1;SPz Puma S0;
germ_schutzenpanzer_puma_2;Infantry Fighting Vehicle;
germ_schutzenpanzer_puma_vjtf_shop;SPz Puma (VJTF);
germ_schutzenpanzer_puma_vjtf_0;Panzer, Schützen-, Vollkette, SPz Puma, Konstruktionsstand VJTF;
germ_schutzenpanzer_puma_vjtf_1;SPz Puma (VJTF);
germ_schutzenpanzer_puma_vjtf_2;Infantry Fighting Vehicle;
germ_pzkpfw_III_ausf_E_shop;Pz.III E;
germ_pzkpfw_III_ausf_E_0;"<color=#c8a5b2>Sd.Kfz.141</color>
Panzerkampfwagen III Ausf. E";
germ_pzkpfw_III_ausf_E_1;Pz.III E;
germ_pzkpfw_III_ausf_E_2;Medium Tank;
germ_pzkpfw_III_ausf_B_shop;Pz.III B;
germ_pzkpfw_III_ausf_B_0;"<color=#c8a5b2>Sd.Kfz.141</color>
Panzerkampfwagen III Ausf. B";
germ_pzkpfw_III_ausf_B_1;Pz.III B;
germ_pzkpfw_III_ausf_B_2;Medium Tank;
germ_pzkpfw_III_ausf_F_shop;Pz.III F;
germ_pzkpfw_III_ausf_F_0;"<color=#c8a5b2>Sd.Kfz.141</color>
Panzerkampfwagen III Ausf. F";
germ_pzkpfw_III_ausf_F_1;Pz.III F;
germ_pzkpfw_III_ausf_F_2;Medium Tank;
germ_pzkpfw_III_ausf_J_L42_shop;Pz.III J;
germ_pzkpfw_III_ausf_J_L42_0;"<color=#c8a5b2>Sd.Kfz.141</color>
Panzerkampfwagen III Ausf. J";
germ_pzkpfw_III_ausf_J_L42_1;Pz.III J;
germ_pzkpfw_III_ausf_J_L42_2;Medium Tank;
germ_pzkpfw_III_ausf_J_shop;Pz.III J1;
germ_pzkpfw_III_ausf_J_0;"<color=#c8a5b2>Sd.Kfz.141/1</color>
Panzerkampfwagen III Ausf. J1";
germ_pzkpfw_III_ausf_J_1;Pz.III J1;
germ_pzkpfw_III_ausf_J_2;Medium Tank;
germ_pzkpfw_III_ausf_L_shop;Pz.III L;
germ_pzkpfw_III_ausf_L_0;"<color=#c8a5b2>Sd.Kfz.141/1</color>
Panzerkampfwagen III Ausf. L";
germ_pzkpfw_III_ausf_L_1;Pz.III L;
germ_pzkpfw_III_ausf_L_2;Medium Tank;
germ_pzkpfw_III_ausf_M_shop;Pz.III M;
germ_pzkpfw_III_ausf_M_0;"<color=#c8a5b2>Sd.Kfz.141/1</color>
Panzerkampfwagen III Ausf. M";
germ_pzkpfw_III_ausf_M_1;Pz.III M;
germ_pzkpfw_III_ausf_M_2;Medium Tank;
germ_pzkpfw_VI_ausf_h1_tiger_shop;Tiger H1;
germ_pzkpfw_VI_ausf_h1_tiger_0;"<color=#c8a5b2>Sd.Kfz.181</color>
Panzerkampfwagen VI Tiger Ausf. H1";
germ_pzkpfw_VI_ausf_h1_tiger_1;Tiger H1;
germ_pzkpfw_VI_ausf_h1_tiger_2;Heavy Tank;
germ_pzkpfw_VI_ausf_e_tiger_shop;Tiger E;
germ_pzkpfw_VI_ausf_e_tiger_0;"<color=#c8a5b2>Sd.Kfz.181</color>
Panzerkampfwagen VI Tiger Ausf. E";
germ_pzkpfw_VI_ausf_e_tiger_1;Tiger E;
germ_pzkpfw_VI_ausf_e_tiger_2;Heavy Tank;
germ_pzkpfw_VI_ausf_b_tiger_IIp_shop;Tiger B (Nr.1-50);
germ_pzkpfw_VI_ausf_b_tiger_IIp_0;"<color=#c8a5b2>Sd.Kfz.182</color>
Panzerkampfwagen Tiger Ausf. B
<color=#c0c0c0>Turm Nr.1-50</color>";
germ_pzkpfw_VI_ausf_b_tiger_IIp_1;Tiger B (Nr.1-50);
germ_pzkpfw_VI_ausf_b_tiger_IIp_2;Heavy Tank;
germ_pzkpfw_VI_ausf_b_tiger_IIh_shop;Tiger B;
germ_pzkpfw_VI_ausf_b_tiger_IIh_0;"<color=#c8a5b2>Sd.Kfz.182</color>
Panzerkampfwagen Tiger Ausf. B";
germ_pzkpfw_VI_ausf_b_tiger_IIh_1;Tiger B;
germ_pzkpfw_VI_ausf_b_tiger_IIh_2;Heavy Tank;
germ_mkpz_m48a2c_shop;◄KPz M 48 A2 C;
germ_mkpz_m48a2c_0;◄Panzer, Kampf-, Vollkette mit Kanone 90mm, KPz M 48 A2 C;
germ_mkpz_m48a2c_1;◄KPz M 48 A2 C G;
germ_mkpz_m48a2c_2;Medium Tank;
germ_mkpz_m48a2ga2_shop;◄KPz M 48 A2 GEA2;
germ_mkpz_m48a2ga2_0;◄Panzer, Kampf-, Vollkette mit Kanone 105mm, KPz M 48 A2 GEA2;
germ_mkpz_m48a2ga2_1;◄KPz M 48 A2 GEA2;
germ_mkpz_m48a2ga2_2;Medium Tank;
germ_kpz_70_shop;KPz 70;
germ_kpz_70_0;Panzer, Kampf-, Vollkette mit Kanone 152mm, KPz 70;
germ_kpz_70_1;KPz 70;
germ_kpz_70_2;Main Battle Tank;
germ_mkpz_super_m48_shop;◄Super M 48;
germ_mkpz_super_m48_0;◄Panzer, Kampf-, Vollkette mit Kanone 105mm, Super M 48;
germ_mkpz_super_m48_1;◄Super M 48;
germ_mkpz_super_m48_2;Main Battle Tank;
germ_kpz_t72m1_shop;◊T-72M1;
germ_kpz_t72m1_0;◊Kampfpanzer T-72M1;
germ_kpz_t72m1_1;◊T-72M1;
germ_kpz_t72m1_2;Main Battle Tank;
germ_leopard_2k_shop;KPz Leopard 2 K (T 11);
germ_leopard_2k_0;"Panzer, Kampf-, Vollkette mit Kanone 120mm, KPz Leopard 2 K
<color=#c0c0c0>PT 10 mit T 11</color>";
germ_leopard_2k_1;Leopard 2 K;
germ_leopard_2k_2;Main Battle Tank;
germ_embt_shop;◄EMBT;
germ_embt_0;"◄European Main Battle Tank
<color=#c0c0c0>Eurosatory 2018</color>";
germ_embt_1;◄EMBT;
germ_embt_2;Main Battle Tank;
germ_pzkpfw_IV_ausf_C_shop;Pz.IV C;
germ_pzkpfw_IV_ausf_C_0;"<color=#c8a5b2>Sd.Kfz.161</color>
Panzerkampfwagen IV Ausf. C";
germ_pzkpfw_IV_ausf_C_1;Pz.IV C;
germ_pzkpfw_IV_ausf_C_2;Medium Tank;
germ_pzkpfw_II_ausf_C_shop;Pz.II C;
germ_pzkpfw_II_ausf_C_0;"<color=#c8a5b2>Sd.Kfz.121</color>
Panzerkampfwagen II Ausf. C";
germ_pzkpfw_II_ausf_C_1;Pz.II C;
germ_pzkpfw_II_ausf_C_2;Light Tank;
germ_pzkpfw_II_ausf_F_shop;Pz.II F;
germ_pzkpfw_II_ausf_F_0;"<color=#c8a5b2>Sd.Kfz.121</color>
Panzerkampfwagen II Ausf. F";
germ_pzkpfw_II_ausf_F_1;Pz.II F;
germ_pzkpfw_II_ausf_F_2;Light Tank;
germ_pzkpfw_IV_ausf_E_shop;Pz.IV E;
germ_pzkpfw_IV_ausf_E_0;"<color=#c8a5b2>Sd.Kfz.161</color>
Panzerkampfwagen IV Ausf. E";
germ_pzkpfw_IV_ausf_E_1;Pz.IV E;
germ_pzkpfw_IV_ausf_E_2;Medium Tank;
germ_pzkpfw_IV_ausf_F_shop;Pz.IV F1;
germ_pzkpfw_IV_ausf_F_0;"<color=#c8a5b2>Sd.Kfz.161</color>
Panzerkampfwagen IV Ausf. F1";
germ_pzkpfw_IV_ausf_F_1;Pz.IV F1;
germ_pzkpfw_IV_ausf_F_2;Medium Tank;
germ_pzkpfw_IV_ausf_F2_shop;Pz.IV F2;
germ_pzkpfw_IV_ausf_F2_0;"<color=#c8a5b2>Sd.Kfz.161/1</color>
Panzerkampfwagen IV Ausf. F2";
germ_pzkpfw_IV_ausf_F2_1;Pz.IV F2;
germ_pzkpfw_IV_ausf_F2_2;Medium Tank;
germ_pzkpfw_IV_ausf_G_shop;Pz.IV G;
germ_pzkpfw_IV_ausf_G_0;"<color=#c8a5b2>Sd.Kfz.161/1</color>
Panzerkampfwagen IV Ausf. G";
germ_pzkpfw_IV_ausf_G_1;Pz.IV G;
germ_pzkpfw_IV_ausf_G_2;Medium Tank;
germ_pzkpfw_IV_ausf_H_shop;Pz.IV H;
germ_pzkpfw_IV_ausf_H_0;"<color=#c8a5b2>Sd.Kfz.161/2</color>
Panzerkampfwagen IV Ausf. H";
germ_pzkpfw_IV_ausf_H_1;Pz.IV H;
germ_pzkpfw_IV_ausf_H_2;Medium Tank;
germ_pzkpfw_IV_ausf_J_shop;Pz.IV J;
germ_pzkpfw_IV_ausf_J_0;"<color=#c8a5b2>Sd.Kfz.161/2</color>
Panzerkampfwagen IV Ausf. J";
germ_pzkpfw_IV_ausf_J_1;Pz.IV J;
germ_pzkpfw_IV_ausf_J_2;Medium Tank;
germ_vk_3002m_shop;VK 30.02 (M);
germ_vk_3002m_0;Versuchskonstruktion 30.02 (M);
germ_vk_3002m_1;VK 30.02 (M);
germ_vk_3002m_2;Medium Tank;
germ_pzkpfw_V_ausf_d_panther_shop;Panther D;
germ_pzkpfw_V_ausf_d_panther_0;"<color=#c8a5b2>Sd.Kfz.171</color>
Panzerkampfwagen V Panther Ausf. D";
germ_pzkpfw_V_ausf_d_panther_1;Panther D;
germ_pzkpfw_V_ausf_d_panther_2;Medium Tank;
germ_pzkpfw_V_ausf_a_panther_shop;Panther A;
germ_pzkpfw_V_ausf_a_panther_0;"<color=#c8a5b2>Sd.Kfz.171</color>
Panzerkampfwagen V Panther Ausf. A";
germ_pzkpfw_V_ausf_a_panther_1;Panther A;
germ_pzkpfw_V_ausf_a_panther_2;Medium Tank;
germ_pzkpfw_V_ausf_g_panther_shop;Panther G;
germ_pzkpfw_V_ausf_g_panther_0;"<color=#c8a5b2>Sd.Kfz.171</color>
Panzerkampfwagen V Panther Ausf. G";
germ_pzkpfw_V_ausf_g_panther_1;Panther G;
germ_pzkpfw_V_ausf_g_panther_2;Medium Tank;
germ_pzkpfw_V_ausf_f_panther_shop;Panther F;
germ_pzkpfw_V_ausf_f_panther_0;"<color=#c8a5b2>Sd.Kfz.171</color>
Panzerkampfwagen V Panther Ausf. F";
germ_pzkpfw_V_ausf_f_panther_1;Panther F;
germ_pzkpfw_V_ausf_f_panther_2;Medium Tank;
germ_leopard_I_shop;KPz Leopard 1;
germ_leopard_I_0;Panzer, Kampf-, Vollkette mit Kanone 105mm, KPz Leopard 1;
germ_leopard_I_1;KPz Leopard 1;
germ_leopard_I_2;Main Battle Tank;
germ_leopard_I_a1_shop;KPz Leopard 1 A1A1;
germ_leopard_I_a1_0;Panzer, Kampf-, Vollkette mit Kanone 105mm, KPz Leopard 1 A1A1;
germ_leopard_I_a1_1;KPz Leopard 1 A1A1;
germ_leopard_I_a1_2;Main Battle Tank;
germ_leopard_1a5_shop;KPz Leopard 1 A5;
germ_leopard_1a5_0;Panzer, Kampf-, Vollkette mit Kanone 105mm, KPz Leopard 1 A5;
germ_leopard_1a5_1;KPz Leopard 1 A5;
germ_leopard_1a5_2;Main Battle Tank;
germ_leopard_2a4_shop;KPz Leopard 2 A4;
germ_leopard_2a4_0;Panzer, Kampf-, Vollkette mit Kanone 120mm, KPz Leopard 2 A4 (C);
germ_leopard_2a4_1;KPz Leopard 2 A4;
germ_leopard_2a4_2;Main Battle Tank;
germ_leopard_2a5_shop;KPz Leopard 2 A5;
germ_leopard_2a5_0;Panzer, Kampf-, Vollkette mit Kanone 120mm, KPz Leopard 2 A5;
germ_leopard_2a5_1;KPz Leopard 2 A5;
germ_leopard_2a5_2;Main Battle Tank;
germ_leopard_2a6_shop;KPz Leopard 2 A6;
germ_leopard_2a6_0;Panzer, Kampf-, Vollkette mit Kanone 120mm, KPz Leopard 2 A6;
germ_leopard_2a6_1;KPz Leopard 2 A6;
germ_leopard_2a6_2;Main Battle Tank;
germ_leopard_2a5_pso_shop;KPz Leopard 2 PSO;
germ_leopard_2a5_pso_0;"Panzer, Kampf-, Vollkette mit Kanone 120mm, KPz Leopard 2 A5
<color=#c0c0c0>Peace Support Operations</color>";
germ_leopard_2a5_pso_1;KPz Leopard 2 PSO;
germ_leopard_2a5_pso_2;Main Battle Tank;
germ_leopard_2a7v_shop;KPz Leopard 2 A7V;
germ_leopard_2a7v_0;Panzer, Kampf-, Vollkette mit Kanone 120mm, KPz Leopard 2 A7V;
germ_leopard_2a7v_1;KPz Leopard 2 A7V;
germ_leopard_2a7v_2;Main Battle Tank;
germ_flakpanzer_I_ausf_A_shop;FlakPz.I;
germ_flakpanzer_I_ausf_A_0;2cm FlaK.38 auf Panzerkampfwagen I Ausf. A;
germ_flakpanzer_I_ausf_A_1;FlakPz.I;
germ_flakpanzer_I_ausf_A_2;SPAA;
germ_flakpanzer_38t_Gepard_shop;FlakPz.38;
germ_flakpanzer_38t_Gepard_0;"<color=#c8a5b2>Sd.Kfz.140</color>
Flakpanzer 38(t) auf Selbstfahrlafette 38(t) Ausf. M";
germ_flakpanzer_38t_Gepard_1;FlakPz.38;
germ_flakpanzer_38t_Gepard_2;SPAA;
germ_sdkfz_222_shop;Sd.Kfz.222;
germ_sdkfz_222_0;"<color=#c8a5b2>Sd.Kfz.222</color>
leichte Panzerspähwagen Ausf. B
<color=#c0c0c0>5. Serie</color>
<color=#c0c0c0>mit 2cm KwK.38</color>";
germ_sdkfz_222_1;Sd.Kfz.222;
germ_sdkfz_222_2;SPAA;
germ_sdkfz_6_2_flak36_shop;Zgkw.5t (3,7cm);
germ_sdkfz_6_2_flak36_0;"<color=#c8a5b2>Sd.Kfz.6/2</color>
3,7cm FlaK.36 auf Fahrgestell Zugkraftwagen 5t";
germ_sdkfz_6_2_flak36_1;Zgkw.5t (3,7cm);
germ_sdkfz_6_2_flak36_2;SPAA;
germ_sdkfz_251_21_shop;Sd.Kfz.251/21 (1,5 cm);
germ_sdkfz_251_21_0;"<color=#c8a5b2>Sd.Kfz.251/21</color>
mittlerer Schützenpanzerwagen Ausf. D
<color=#c0c0c0>mit 1,5cm MG 151 Drilling</color>";
germ_sdkfz_251_21_1;Sd.Kfz.251/21 (1,5 cm);
germ_sdkfz_251_21_2;SPAA;
germ_flakpanzer_IV_Ostwind_shop;Ostwind;
germ_flakpanzer_IV_Ostwind_0;"<color=#c8a5b2>Sd.Kfz.161/5</color>
leichte Flakpanzer IV mit 3,7cm FlaK.43
auf Panzerkampfwagen IV
<color=#7b9fb5>Ostwind</color>";
germ_flakpanzer_IV_Ostwind_1;Ostwind;
germ_flakpanzer_IV_Ostwind_2;SPAA;
germ_flakpanzer_IV_Wirbelwind_shop;Wirbelwind;
germ_flakpanzer_IV_Wirbelwind_0;"<color=#c8a5b2>Sd.Kfz.161/4</color>
2cm Flakvierling 38 auf
Selbstfahrlafette Panzerkampfwagen IV
<color=#7b9fb5>Wirbelwind</color>";
germ_flakpanzer_IV_Wirbelwind_1;Wirbelwind;
germ_flakpanzer_IV_Wirbelwind_2;SPAA;
germ_flakpanzer_IV_Ostwind_2_shop;Ostwind II;
germ_flakpanzer_IV_Ostwind_2_0;"<color=#c8a5b2>Sd.Kfz.161/5</color>
leichte Flakpanzer IV mit Zwilling 3,7cm FlaK.43
auf Panzerkampfwagen IV
<color=#7b9fb5>Ostwind II</color>";
germ_flakpanzer_IV_Ostwind_2_1;Ostwind II;
germ_flakpanzer_IV_Ostwind_2_2;SPAA;
germ_flakpanzer_zerstorer_45_shop;FlakPz.IV (3cm Flak);
germ_flakpanzer_zerstorer_45_0;"Flakpanzer IV mit 3cm Flakvierling
<color=#7b9fb5>Zerstorer 45</color>";
germ_flakpanzer_zerstorer_45_1;FlakPz.IV (3cm Flak);
germ_flakpanzer_zerstorer_45_2;SPAA;
germ_flakpanzer_IV_Kugelblitz_shop;Kugelblitz;
germ_flakpanzer_IV_Kugelblitz_0;"<color=#c8a5b2>Sd.Kfz.161/6</color>
leichte Flakpanzer IV
<color=#7b9fb5>Kugelblitz</color>
<color=#c0c0c0>mit 3cm MK 103</color>";
germ_flakpanzer_IV_Kugelblitz_1;Kugelblitz;
germ_flakpanzer_IV_Kugelblitz_2;SPAA;
germ_wiesel_1_mk20_shop;WaTrg Wiesel 1 A4;
germ_wiesel_1_mk20_0;Kanone, Maschinen, WaTrg Wiesel 1 A4 MK;
germ_wiesel_1_mk20_1;WaTrg Wiesel 1 A4;
germ_wiesel_1_mk20_2;SPAA;
germ_sppz2_luchs_a2_shop;SpPz 2 A2;
germ_sppz2_luchs_a2_0;Panzer, Späh-, Rad und Schwimm, SpPz 2 A2 Luchs;
germ_sppz2_luchs_a2_1;SpPz 2 A2;
germ_sppz2_luchs_a2_2;Infantry Fighting Vehicle;
germ_flakpz_I_Gepard_shop;FlakPz 1;
germ_flakpz_I_Gepard_0;"Panzer, Flugabwehrkanone, 35mm, Zwilling mit Such-
und Zielfolgeradar, Energie- Und Feuerleitanlage,
FlakPz 1 Gepard Antrieb B2";
germ_flakpz_I_Gepard_1;FlakPz 1;
germ_flakpz_I_Gepard_2;SPAA;
germ_wiesel_2_adwc_shop;FlaRakWaTrg Ozelot;
germ_wiesel_2_adwc_0;Leichte Flugabwehrsystem, FlaRakWaTrg Ozelot;
germ_wiesel_2_adwc_1;FlaRakWaTrg Ozelot;
germ_wiesel_2_adwc_2;SAM;
germ_flakpz_1a2_Gepard_shop;FlakPz 1 A2;
germ_flakpz_1a2_Gepard_0;"Panzer, Flugabwehrkanone, 35mm, Zwilling mit Such-
und Zielfolgeradar, Energie- Und Feuerleitanlage,
FlakPz 1 A2 Gepard
<color=#c0c0c0>LFK Fliegerfaust 2 Stinger</color>";
germ_flakpz_1a2_Gepard_1;FlakPz 1 A2;
germ_flakpz_1a2_Gepard_2;SPAA / SAM;
germ_flarakpz_1_shop;FlaRakPz 1;
germ_flarakpz_1_0;Flugabwehr-Lenkflugkörpersystem Roland Kette, FlaRakPz 1;
germ_flarakpz_1_1;FlaRakPz 1;
germ_flarakpz_1_2;SAM;
germ_9a33bm3_shop;◊Osa-AK;
germ_9a33bm3_0;"<color=#c8a5b2>9A33BM2</color>
◊9K33M2 Osa-AK";
germ_9a33bm3_1;◊Osa-AK;
germ_9a33bm3_2;SAM;
germ_9a35_m_shop;◊Strela-10M;
germ_9a35_m_0;"<color=#c8a5b2>9A35M</color>
◊BM 9K35M Strela-10M";
germ_9a35_m_1;◊Strela-10M;
germ_9a35_m_2;SAM;
germ_flarakrad_shop;FlaRakRad 1 A2;
germ_flarakrad_0;Flugabwehr-Lenkflugkörpersystem Roland Rad, FlaRakRad 1 A2;
germ_flarakrad_1;FlaRakRad 1 A2;
germ_flarakrad_2;SAM;
germ_iris_slm_fcs_shop;LV IRIS-T SLM (RS);
germ_iris_slm_fcs_0;"HX77
Luftwerteidigungssystem IRIS-T SLM auf
Lwk 15t mil gl Kat 1 A1.1
<color=#c0c0c0>Redargerät</color>";
germ_iris_slm_fcs_1;LV IRIS-T SLM (RS);
germ_iris_slm_fcs_2;Radar Vehicle;
germ_iris_slm_launcher_shop;LV IRIS-T SLM (LS);
germ_iris_slm_launcher_0;"HX77
Luftwerteidigungssystem IRIS-T SLM auf
Lwk 15t mil gl Kat 1 A1.1
<color=#c0c0c0>Startgerät</color>";
germ_iris_slm_launcher_1;LV IRIS-T SLM (LS);
germ_iris_slm_launcher_2;SAM;
germ_sturmpanzer_II_shop;15cm (Sfl.) Pz.II B;
germ_sturmpanzer_II_0;15cm s.l.G.33 (Sfl.) auf Panzerkampfwagen II Ausf. B;
germ_sturmpanzer_II_1;15cm (Sfl.) Pz.II B;
germ_sturmpanzer_II_2;Tank Destroyer;
germ_sdkfz_221_s_pz_b_41_shop;Sd.Kfz.221;
germ_sdkfz_221_s_pz_b_41_0;"<color=#c8a5b2>Sd.Kfz.221</color>
leichte Panzerspähwagen
<color=#c0c0c0>2. Serie</color>
<color=#c0c0c0>mit 2,8/2cm s.Pz.B.41</color>";
germ_sdkfz_221_s_pz_b_41_1;Sd.Kfz.221;
germ_sdkfz_221_s_pz_b_41_2;Armored Car;
germ_panzerjager_1_shop;Panzerjäger I;
germ_panzerjager_1_0;4,7cm PaK(t) (Sf) auf Panzerkampfwagen I ohne Turm;
germ_panzerjager_1_1;Panzerjäger I;
germ_panzerjager_1_2;Tank Destroyer;
germ_sdkfz_251_9_shop;Sd.Kfz.251/9;
germ_sdkfz_251_9_0;"<color=#c8a5b2>Sd.Kfz.251/9</color>
mittlerer Schützenpanzerwagen Ausf. D
<color=#c0c0c0>mit 7,5cm K.51 L/24</color>";
germ_sdkfz_251_9_1;Sd.Kfz.251/9;
germ_sdkfz_251_9_2;Tank Destroyer;
germ_pzkpfw_38t_Marder_III_shop;Marder III;
germ_pzkpfw_38t_Marder_III_0;"<color=#c8a5b2>Sd.Kfz.139</color>
Panzerjäger 38(t) für 7,62cm PaK.36(r)";
germ_pzkpfw_38t_Marder_III_1;Marder III;
germ_pzkpfw_38t_Marder_III_2;Tank Destroyer;
germ_stug_III_ausf_A_shop;StuG III A;
germ_stug_III_ausf_A_0;"<color=#c8a5b2>Sd.Kfz.142</color>
Sturmgeschütz III Ausf. A";
germ_stug_III_ausf_A_1;StuG III A;
germ_stug_III_ausf_A_2;Tank Destroyer;
germ_pzkpfw_38t_Marder_III_ausf_H_shop;Marder III H;
germ_pzkpfw_38t_Marder_III_ausf_H_0;"<color=#c8a5b2>Sd.Kfz.138</color>
Panzerjäger 38(t) für 7,5cm PaK.40/3 Ausf. H";
germ_pzkpfw_38t_Marder_III_ausf_H_1;Marder III H;
germ_pzkpfw_38t_Marder_III_ausf_H_2;Tank Destroyer;
germ_stuh_III_ausf_G_shop;StuH 42 G;
germ_stuh_III_ausf_G_0;"<color=#c8a5b2>Sd.Kfz.142/2</color>
Sturmhaubitze 42 Ausf. G";
germ_stuh_III_ausf_G_1;StuH 42 G;
germ_stuh_III_ausf_G_2;Tank Destroyer;
germ_stug_III_ausf_F_shop;StuG III F;
germ_stug_III_ausf_F_0;"<color=#c8a5b2>Sd.Kfz.142/1</color>
Sturmgeschütz III Ausf. F";
germ_stug_III_ausf_F_1;StuG III F;
germ_stug_III_ausf_F_2;Tank Destroyer;
germ_stug_III_ausf_G_shop;StuG III G;
germ_stug_III_ausf_G_0;"<color=#c8a5b2>Sd.Kfz.142/1</color>
Sturmgeschütz III Ausf. G";
germ_stug_III_ausf_G_1;StuG III G;
germ_stug_III_ausf_G_2;Tank Destroyer;
germ_hummel_shop;Hummel;
germ_hummel_0;"<color=#c8a5b2>Sd.Kfz.165</color>
Panzerfelhaubitze 18M auf Geschützwagen III/IV (Sf) Hummel";
germ_hummel_1;Hummel;
germ_hummel_2;SPG;
germ_m44_shop;◄PzH M 44;
germ_m44_0;Haubitze, Panzer-, Vollkette mit Kanone 155mm, PzH M 44;
germ_m44_1;◄PzH M 44;
germ_m44_2;SPG;
germ_m55_shop;◄PzH M 55;
germ_m55_0;◄Haubitze, Panzer-, Vollkette mit Kanone 203mm, PzH M 55;
germ_m55_1;◄PzH M 55;
germ_m55_2;SPG;
germ_jgdpz_IV_L48_shop;JPz.IV;
germ_jgdpz_IV_L48_0;"<color=#c8a5b2>Sd.Kfz.162</color>
 Jagdpanzer IV";
germ_jgdpz_IV_L48_1;JPz.IV;
germ_jgdpz_IV_L48_2;Tank Destroyer;
germ_jgdpz_38t_shop;JPz.38;
germ_jgdpz_38t_0;"<color=#c8a5b2>Sd.Kfz.138/2</color>
Jagdpanzer 38(t)
<color=#7b9fb5>”Hetzer”</color>";
germ_jgdpz_38t_1;JPz.38;
germ_jgdpz_38t_2;Tank Destroyer;
germ_pz_IV_L70_shop;Pz.IV/70(V);
germ_pz_IV_L70_0;"<color=#c8a5b2>Sd.Kfz.162/1</color>
Panzer IV/70(V)";
germ_pz_IV_L70_1;Pz.IV/70(V);
germ_pz_IV_L70_2;Tank Destroyer;
germ_panzerjager_panther_shop;Jagdpanther G1;
germ_panzerjager_panther_0;"<color=#c8a5b2>Sd.Kfz.172</color>
Panzerjäger Panther (8,8cm) Ausf. G1";
germ_panzerjager_panther_1;Jagdpanther G1;
germ_panzerjager_panther_2;Tank Destroyer;
germ_kanonenjagdpanzer_shop;KJPz 4-5;
germ_kanonenjagdpanzer_0;Panzer, Jagd-, Kanonen-, Vollkette mit Kanone 90mm, KJPz 4-5;
germ_kanonenjagdpanzer_1;KJPz 4-5;
germ_kanonenjagdpanzer_2;Tank Destroyer;
germ_panzerjager_tiger_P_ferdinand_shop;Ferdinand;
germ_panzerjager_tiger_P_ferdinand_0;"<color=#c8a5b2>Sd.Kfz.184</color>
Panzerjäger Tiger (P) Ferdinand";
germ_panzerjager_tiger_P_ferdinand_1;Ferdinand;
germ_panzerjager_tiger_P_ferdinand_2;Tank Destroyer;
germ_panzerjager_tiger_shop;Jagdtiger;
germ_panzerjager_tiger_0;"<color=#c8a5b2>Sd.Kfz.186</color>
Panzerjäger Tiger (H) Ausf. B";
germ_panzerjager_tiger_1;Jagdtiger;
germ_panzerjager_tiger_2;Tank Destroyer;
germ_pzh_2000_shop;PzH 2000 A1;
germ_pzh_2000_0;Haubitze, Panzer-, Vollkette mit Kanone 155mm, PzH 2000 A1;
germ_pzh_2000_1;PzH 2000 A1;
germ_pzh_2000_2;SPG;
germ_spz_oerlikon_raketenautomat_shop;SPz lg 12-3 (Typ 3Z);
germ_spz_oerlikon_raketenautomat_0;"Panzer, Schützen-, Gruppe, Kanone 20mm, SPz lang 12-3
<color=#c0c0c0>Oerlikon Typ 3Z 8DLA</color>";
germ_spz_oerlikon_raketenautomat_1;SPz lg 12-3 (Typ 3Z);
germ_spz_oerlikon_raketenautomat_2;Tank Destroyer;
germ_raketenjagdpanzer_2_shop;RakJPz 2;
germ_raketenjagdpanzer_2_0;Panzer, Jagd-, Raketen-, Vollkette, RakJPz 2;
germ_raketenjagdpanzer_2_1;RakJPz 2;
germ_raketenjagdpanzer_2_2;Missile Carrier;
germ_raketenjagdpanzer_2_hot_shop;RakJPz 2 (HOT);
germ_raketenjagdpanzer_2_hot_0;"Panzer, Jagd-, Raketen-, Vollkette, RakJPz 2
<color=#c0c0c0>LFK HOT</color>";
germ_raketenjagdpanzer_2_hot_1;RakJPz 2 (HOT);
germ_raketenjagdpanzer_2_hot_2;Missile Carrier;
germ_jaguar_2_shop;JPz Jaguar 2;
germ_jaguar_2_0;Panzer, Jagd-, Raketen-, Vollkette, JPz Jaguar 2;
germ_jaguar_2_1;JPz Jaguar 2;
germ_jaguar_2_2;Missile Carrier;
germ_wiesel_1_tow_shop;WaTrg Wiesel 1 A2;
germ_wiesel_1_tow_0;Lenflugkörpersystem, WaTrg Wiesel 1 A2 TOW;
germ_wiesel_1_tow_1;WaTrg Wiesel 1 A2;
germ_wiesel_1_tow_2;Missile Carrier;
germ_boxer_swatrinf_shop;GTK Boxer A2;
germ_boxer_swatrinf_0;"Gepanzertes Transportkraftfahrzeug Boxer A2
<color=#c0c0c0>schwerer Waffenträger Infanterie</color>";
germ_boxer_swatrinf_1;GTK Boxer A2;
germ_boxer_swatrinf_2;IFV;
germ_a7v_shop;A7V;
germ_a7v_0;schwerer Kampfpanzer A7V;
germ_a7v_1;A7V;
germ_a7v_2;Medium Tank;
germ_beutepanzer_mk_iv_shop;s.Kw. (Beute);
germ_beutepanzer_mk_iv_0;schwerer Beute-Kampfpanzer Mark IV;
germ_beutepanzer_mk_iv_1;s.Kw. (Beute);
germ_beutepanzer_mk_iv_2;Medium Tank;
germ_garford_putilov_shop;Pzw. Garford (Beute);
germ_garford_putilov_0;Panzerwagen Garford (Beute);
germ_garford_putilov_1;Pzw. Garford (Beute);
germ_garford_putilov_2;Light Tank;
germ_pzkpfw_II_ausf_C_td_shop;Pz.II C [TD];
germ_pzkpfw_II_ausf_C_td_0;"<color=#c8a5b2>Sd.Kfz.121</color>
Panzerkampfwagen II Ausf. C
<color=#9146ff>Twitch Drop</color>";
germ_pzkpfw_II_ausf_C_td_1;Pz.II C [TD];
germ_pzkpfw_II_ausf_C_td_2;Light Tank;
germ_sdkfz_251_10_shop;Sd.Kfz.251/10;
germ_sdkfz_251_10_0;"<color=#c8a5b2>Sd.Kfz.251/10</color>
mittlerer Schützenpanzerwagen Ausf. D
<color=#c0c0c0>mit 3,7cm PaK.36 L/45</color>";
germ_sdkfz_251_10_1;Sd.Kfz.251/10;
germ_sdkfz_251_10_2;Tank Destroyer;
germ_pzkpfw_II_ausf_C_DAK_shop;Pz.II C (D.A.K.);
germ_pzkpfw_II_ausf_C_DAK_0;"<color=#c8a5b2>Sd.Kfz.121</color>
Panzerkampfwagen II Ausf. C
<color=#fcba03>Deutsch Afrika Korps</color>";
germ_pzkpfw_II_ausf_C_DAK_1;Pz.II C (DAK);
germ_pzkpfw_II_ausf_C_DAK_2;Light Tank;
germ_sdkfz_234_1_shop;Sd.Kfz.234/1;
germ_sdkfz_234_1_0;"<color=#c8a5b2>Sd.Kfz.234/1</color>
schwerer Panzerspähwagen
<color=#c0c0c0>mit 2cm KwK.38</color>";
germ_sdkfz_234_1_1;Sd.Kfz.234/1;
germ_sdkfz_234_1_2;Armored Car;
germ_nbfz_VI_shop;Nb.Fz.IV;
germ_nbfz_VI_0;Panzerkampfwagen Neubaufahrzeug IV;
germ_nbfz_VI_1;Nb.Fz.IV;
germ_nbfz_VI_2;Medium Tank;
germ_sdkfz_234_3_shop;Sd.Kfz.234/3;
germ_sdkfz_234_3_0;"<color=#c8a5b2>Sd.Kfz.234/3</color>
schwerer Panzerspähwagen
<color=#c0c0c0>mit 7,5cm K.51</color>";
germ_sdkfz_234_3_1;Sd.Kfz.234/3;
germ_sdkfz_234_3_2;Armored Car;
germ_pzkpfw_38t_Aufklarungspanzer_shop;AufklPz.38;
germ_pzkpfw_38t_Aufklarungspanzer_0;"<color=#c8a5b2>Sd.Kfz.140/1</color>
Aufklärungspanzer 38(t)";
germ_pzkpfw_38t_Aufklarungspanzer_1;AufklPz.38;
germ_pzkpfw_38t_Aufklarungspanzer_2;Light Tank;
germ_amd_35_kwk_shop;Pz.Spw.204(f) (KwK.38);
germ_amd_35_kwk_0;"leichte Panzerspähwagen 204(f)
<color=#c0c0c0>mit 5cm KwK.38 L/46</color>";
germ_amd_35_kwk_1;Pz.Spw.204(f) (KwK.38);
germ_amd_35_kwk_2;Armored Car;
germ_panzerwerfer_42_shop;Pz.W.42;
germ_panzerwerfer_42_0;"<color=#c8a5b2>Sd.Kfz.4/1</color>
15cm Panzerwerfer 42 auf Selbstfahrlafette";
germ_panzerwerfer_42_1;Pz.W.42;
germ_panzerwerfer_42_2;Tank Destroyer;
germ_pzkpfw_II_ausf_H_shop;Pz.Sfl.Ic;
germ_pzkpfw_II_ausf_H_0;"5cm PaK.38 auf Panzerkampfwagen II Sonderfahrgestell 901,
Panzerselbstfahrlafette Ic";
germ_pzkpfw_II_ausf_H_1;Pz.Slf.Ic;
germ_pzkpfw_II_ausf_H_2;Light Tank;
germ_pzkpfw_III_ausf_J_td_shop;Pz.III J1 [TD];
germ_pzkpfw_III_ausf_J_td_0;"<color=#c8a5b2>Sd.Kfz.141</color>
Panzerkampfwagen III Ausf. J1
<color=#9146ff>Twitch Drop</color>";
germ_pzkpfw_III_ausf_J_td_1;Pz.III J1 [TD];
germ_pzkpfw_III_ausf_J_td_2;Medium Tank;
germ_sdkfz_251_22_shop;Sd.Kfz.251/22;
germ_sdkfz_251_22_0;"<color=#c8a5b2>Sd.Kfz.251/22</color>
mittlerer Schützenpanzerwagen Ausf. D
<color=#c0c0c0>mit 7,5cm PaK.40/3 L/46</color>";
germ_sdkfz_251_22_1;Sd.Kfz.251/22;
germ_sdkfz_251_22_2;Tank Destroyer;
germ_pzkpfw_III_ausf_N_shop;Pz.III N;
germ_pzkpfw_III_ausf_N_0;"<color=#c8a5b2>Sd.Kfz.141/2</color>
Panzerkampfwagen III Ausf. N";
germ_pzkpfw_III_ausf_N_1;Pz.III N;
germ_pzkpfw_III_ausf_N_2;Medium Tank;
germ_sdkfz_234_2_td_shop;Sd.Kfz.234/2 [TD];
germ_sdkfz_234_2_td_0;"<color=#c8a5b2>Sd.Kfz.234/2</color>
schwerer Panzerspähwagen
<color=#c0c0c0>mit 5cm KwK.39/1 L/60</color>
<color=#9146ff>Twitch Drop</color>";
germ_sdkfz_234_2_td_1;Sd.Kfz.234/2 [TD];
germ_sdkfz_234_2_td_2;Armored Car;
germ_kv_2_754r_shop;▀KW II(r);
germ_kv_2_754r_0;▀Panzerkampfwagen 754 KW II(r);
germ_kv_2_754r_1;▀KW II(r);
germ_kv_2_754r_2;Heavy Tank;
us_m4a2_1944_germ_shop;▀M4(a);
us_m4a2_1944_germ_0;▀Panzerkampfwagen 748 M4(a);
us_m4a2_1944_germ_1;▀M4(a);
us_m4a2_1944_germ_2;Medium Tank;
germ_panzerbefelhswagen_IV_ausf_J_shop;Pz.Bfw.IV J;
germ_panzerbefelhswagen_IV_ausf_J_0;"<color=#c8a5b2>Sd.Kfz.268</color>
Panzerbefehlswagen IV Ausf. J";
germ_panzerbefelhswagen_IV_ausf_J_1;Pz.Bfw.IV J;
germ_panzerbefelhswagen_IV_ausf_J_2;Medium Tank;
germ_kv_1B_finland_shop;▀psv. KW 1 B;
germ_kv_1B_finland_0;"<color=#c8a5b2>Ps.272</color>
▀49-tonnin panssarivaunu, mallia KW 1 B";
germ_kv_1B_finland_1;▀psv. KW 1 B;
germ_kv_1B_finland_2;Heavy Tank;
germ_infanterie_kampfpanzer_churchill_shop;▀Churchill IV(e);
germ_infanterie_kampfpanzer_churchill_0;▀Infanterie-Panzerkampfwagen 750 Churchill IV(e);
germ_infanterie_kampfpanzer_churchill_1;▀Churchill IV(e);
germ_infanterie_kampfpanzer_churchill_2;Infantry Tank;
germ_sdkfz_234_4_shop;Sd.Kfz.234/4;
germ_sdkfz_234_4_0;"<color=#c8a5b2>Sd.Kfz.234/4</color>
schwerer Panzerspähwagen
<color=#c0c0c0>mit 7,5cm PaK.40/3 L/46</color>";
germ_sdkfz_234_4_1;Sd.Kfz.234/4;
germ_sdkfz_234_4_2;Tank Destroyer;
germ_t_34_747_shop;▀T 34/76 C(r);
germ_t_34_747_0;▀Panzerkampfwagen 747 T 34/76 C(r);
germ_t_34_747_1;▀T 34/76 C(r);
germ_t_34_747_2;Medium Tank;
germ_pzkpfw_VI_tiger_P_shop;VK 45.01 (P);
germ_pzkpfw_VI_tiger_P_0;Versuchskonstruktion 45.01 (P);
germ_pzkpfw_VI_tiger_P_1;VK 45.01 (P);
germ_pzkpfw_VI_tiger_P_2;Heavy Tank;
germ_sturmpanzer_IV_brummbar_shop;Sturmhaubitze 43;
germ_sturmpanzer_IV_brummbar_0;"<color=#c8a5b2>Sd.Kfz.166</color>
Sturmgeschütz IV für 15cm Sturmhaubitze 43 Ausf. II
<color=#7b9fb5>“Brummbär”</color>";
germ_sturmpanzer_IV_brummbar_1;Sturmhaubitze 43;
germ_sturmpanzer_IV_brummbar_2;Tank Destroyer;
germ_vsw_flak_41_shop;Pz.Sfl.IVc;
germ_vsw_flak_41_0;8,8cm FlaK.41 auf Panzerselbstfahrlafette IV Ausf. C;
germ_vsw_flak_41_1;Pz.Sfl.IVc;
germ_vsw_flak_41_2;Tank Destroyer;
germ_pz_IV_L70_A_shop;Pz.IV/70(A);
germ_pz_IV_L70_A_0;"<color=#c8a5b2>Sd.Kfz.162/1</color>
Panzer IV/70(A)";
germ_pz_IV_L70_A_1;Pz.IV/70(A);
germ_pz_IV_L70_A_2;Tank Destroyer;
germ_pzkpfw_VI_ausf_h1_tiger_animal_version_shop;␠Tiger;
germ_pzkpfw_VI_ausf_h1_tiger_animal_version_0;"<color=#c8a5b2>Sd.Kfz.181</color>
␠Panzerkampfwagen VI Tiger Ausf. H1";
germ_pzkpfw_VI_ausf_h1_tiger_animal_version_1;␠Tiger;
germ_pzkpfw_VI_ausf_h1_tiger_animal_version_2;Heavy Tank;
germ_kv_1_kwk_40_shop;▀KW I C(r);
germ_kv_1_kwk_40_0;▀Panzerkampfwagen 756 KW I C(r);
germ_kv_1_kwk_40_1;▀KW I C(r);
germ_kv_1_kwk_40_2;Heavy Tank;
germ_panzerbefelhswagen_VI_P_shop;Pz.Bfw.VI P;
germ_panzerbefelhswagen_VI_P_0;Panzerbefehlswagen VI P;
germ_panzerbefelhswagen_VI_P_1;Pz.Bfw.VI P;
germ_panzerbefelhswagen_VI_P_2;Heavy Tank;
germ_pzkpfw_V_ersatz_m10_shop;Ersatz M10;
germ_pzkpfw_V_ersatz_m10_0;"Panzerbefehlswagen Panther Ausf. G als Ersatz M10
<color=#fcba03>Panzerbrigate 150</color>";
germ_pzkpfw_V_ersatz_m10_1;Ersatz M10;
germ_pzkpfw_V_ersatz_m10_2;Medium Tank;
germ_sturmmorser_sturmtiger_shop;Sturmtiger;
germ_sturmmorser_sturmtiger_0;"Sturmmörserwagen 606/4 mit 38cm RW 61
<color=#7b9fb5>”Sturmtiger”</color>";
germ_sturmmorser_sturmtiger_1;Sturmtiger;
germ_sturmmorser_sturmtiger_2;Tank Destroyer;
germ_flakpanzer_V_Coelian_shop;FlakPz.554;
germ_flakpanzer_V_Coelian_0;"3,7cm Flakswilling auf Panther Fahrgestell Gerät 554
<color=#7b9fb5>”Coelian”</color>";
germ_flakpanzer_V_Coelian_1;FlakPz.554;
germ_flakpanzer_V_Coelian_2;SPAA;
germ_panzerbefelhswagen_jagdpanther_shop;Bfw.Jagdpanther;
germ_panzerbefelhswagen_jagdpanther_0;"<color=#c8a5b2>Sd.Kfz.173</color>
Panzerjäger-Befehlswagen Panther (8,8cm) Ausf. G1";
germ_panzerbefelhswagen_jagdpanther_1;Bfw.Jagdpanther;
germ_panzerbefelhswagen_jagdpanther_2;Tank Destroyer;
germ_spz_12_3_shop;SPz lg 12-3 (LGs);
germ_spz_12_3_0;"Panzer, Schützen-, Vollkette Gruppe, Kanone 20mm und
Leichtegeschütz 106mm, SPz lang 12-3";
germ_spz_12_3_1;SPz lg 12-3 (LGs);
germ_spz_12_3_2;Tank Destroyer;
germ_panzerjager_tiger_P_elefant_shop;Elefant;
germ_panzerjager_tiger_P_elefant_0;"<color=#c8a5b2>Sd.Kfz.184</color>
Panzerjäger Tiger (P) Elefant";
germ_panzerjager_tiger_P_elefant_1;Elefant;
germ_panzerjager_tiger_P_elefant_2;Tank Destroyer;
germ_pzkpfw_VI_ausf_b_tiger_IIh_sla_shop;Tiger B (Sla.16);
germ_pzkpfw_VI_ausf_b_tiger_IIh_sla_0;"<color=#c8a5b2>Sd.Kfz.182</color>
Panzerkampfwagen Tiger Ausf. B mit SGP Sla.16";
germ_pzpkfw_VI_ausf_b_tiger_IIh_sla_1;Tiger B (Sla.16);
germ_pzkpfw_VI_ausf_b_tiger_IIh_sla_2;Heavy Tank;
germ_panther_II_shop;Panther II (8,8cm);
germ_panther_II_0;"Panzerkampfwagen Panther II
<color=#c0c0c0>mit 8,8cm KwK.43 Konzept</color>";
germ_panther_II_1;Panther II (8,8cm);
germ_panther_II_2;Medium Tank;
germ_pzkpfw_VI_ausf_b_tiger_IIh_kwk46_shop;Tiger B (10,5cm);
germ_pzkpfw_VI_ausf_b_tiger_IIh_kwk46_0;"Panzerkampfwagen Tiger Ausf. B
<color=#c0c0c0>mit 10,5cm KwK.46 L/68 Konzept</color>";
germ_pzkpfw_VI_ausf_b_tiger_IIh_kwk46_1;Tiger B (10,5cm);
germ_pzkpfw_VI_ausf_b_tiger_IIh_kwk46_2;Heavy Tank;
germ_ru251_shop;Ru 251;
germ_ru251_0;Spähpanzer Ru 251;
germ_ru251_1;Ru 251;
germ_ru251_2;Light Tank;
germ_mkpz_m47_shop;◄KPz M 47 G;
germ_mkpz_m47_0;◄Panzer, Kampf-, Vollkette mit Kanone 90mm, KPz M 47 G;
germ_mkpz_m47_1;◄KPz M 47 G;
germ_mkpz_m47_2;Medium Tank;
germ_pzkpfw_e_100_shop;E-100;
germ_pzkpfw_e_100_0;"Entwicklungsfahrzeug 100 Tiger-Maus
mit Mausturm und Projekt B Antrieb";
germ_pzkpfw_e_100_1;E-100;
germ_pzkpfw_e_100_2;Heavy Tank;
germ_marder_clovis_shop;◄Clovis;
germ_marder_clovis_0;"◄Clovis Combat Vehicle
<color=#c0c0c0>mit FL 20 turm</color>";
germ_marder_clovis_1;◄Clovis;
germ_marder_clovis_2;Light Tank;
germ_erprobungstrager_3_achs_turm_shop;EpbTrg (T III F);
germ_erprobungstrager_3_achs_turm_0;Erprobungsträger mit dreiachsig stabilisiertem Turm III F;
germ_erprobungstrager_3_achs_turm_1;EpbTrg (T III F);
germ_erprobungstrager_3_achs_turm_2;Main Battle Tank;
germ_pzkpfw_Maus_shop;Maus;
germ_pzkpfw_Maus_0;Panzerkampfwagen VIII Maus, Vs-Fgst.Nr.2;
germ_pzkpfw_Maus_1;Maus;
germ_pzkpfw_Maus_2;Heavy Tank;
germ_vt_1_2_shop;VT 1-2;
germ_vt_1_2_0;Dopplerohr-Kasemattpanzer Versuchsträger 1-2;
germ_vt_1_2_1;VT 1-2;
germ_vt_1_2_2;Tank Destroyer;
germ_leopard_a1a1_120_shop;KPz Leopard 1 MPI;
germ_leopard_a1a1_120_0;"Panzer, Kampf-, Vollkette mit Kanone 120mm, KPz Leopard 1
<color=#c0c0c0>Maximum Product Improvement</color>";
germ_leopard_a1a1_120_1;KPz Leopard 1 MPI;
germ_leopard_a1a1_120_2;Main Battle Tank;
germ_leopard_2a4_pzbtl_123_shop;KPz Leopard 2 A4 (PzBtl 123);
germ_leopard_2a4_pzbtl_123_0;"Panzer, Kampf-, Vollkette mit Kanone 120mm, Leopard 2 A4 (C)
<color=#fcba03>Panzerbataillon 123</color>";
germ_leopard_2a4_pzbtl_123_1;KPz Leopard 2 A4 (PzBtl 123);
germ_leopard_2a4_pzbtl_123_2;Main Battle Tank;
germ_leopard_2_pt14_shop;KPz Leopard 2 K (T 14);
germ_leopard_2_pt14_0;"Panzer, Kampf-, Vollkette mit Kanone 120mm, KPz Leopard 2 K
<color=#c0c0c0>PT 16 mit T 14</color>";
germ_leopard_2_pt14_1;KPz Leopard 2 K (T 14);
germ_leopard_2_pt14_2;Main Battle Tank;
germ_leopard_2av_shop;KPz Leopard 2 AV;
germ_leopard_2av_0;"Panzer, Kampf-, Vollkette mit Kanone 105mm, KPz Leopard 2 AV
<color=#c0c0c0>PT 19 mit T 19</color>";
germ_leopard_2av_1;KPz Leopard 2 AV;
germ_leopard_2av_2;Main Battle Tank;
germ_leopard_2a5_yt_cup_2019_shop;␙KPz Leopard 2 A5;
germ_leopard_2a5_yt_cup_2019_0;"Panzer, Kampf-, Vollkette mit Kanone 120mm, KPz Leopard 2 A5
<color=#fcba03>␙ YouTube Cup 2019 ␙</color>";
germ_leopard_2a5_yt_cup_2019_1;␙KPz Leopard 2 A5;
germ_leopard_2a5_yt_cup_2019_2;Main Battle Tank;
germ_schutzenpanzer_puma_vjtf_mod_shop;SPz Puma (PzGrBtl 33);
germ_schutzenpanzer_puma_vjtf_mod_0;"Panzer, Schützen-, Vollkette, SPz Puma, Konstruktionsstand VJTF
<color=#fcba03>Panzergrenadierbataillon 33</color>";
germ_schutzenpanzer_puma_vjtf_mod_1;SPz Puma (PzGrBtl 33);
germ_schutzenpanzer_puma_vjtf_mod_2;Infantry Fighting Vehicle;
germ_boxer_3105_shop;Boxer A2 (Cockerill);
germ_boxer_3105_0;"Boxer Fighting Vehicle
<color=#c0c0c0>Cockerill 3105 Turret</color>";
germ_boxer_3105_1;Boxer A2 (Cockerill);
germ_boxer_3105_2;Armored Car;
germ_pzkpfw_VI_ausf_h1_tiger_east_shop;Tiger H1 (Ost);
germ_pzkpfw_VI_ausf_h1_tiger_east_0;"<color=#c8a5b2>Sd.Kfz.181</color>
Panzerkampfwagen VI Tiger Ausf. H1
<color=#c0c0c0>Ostfront</color>";
germ_pzkpfw_VI_ausf_h1_tiger_east_1;Tiger H1 (Ost);
germ_pzkpfw_VI_ausf_h1_tiger_east_2;Heavy Tank;
germ_pzkpfw_VI_ausf_h1_tiger_west_shop;Tiger H1 (Westen);
germ_pzkpfw_VI_ausf_h1_tiger_west_0;"<color=#c8a5b2>Sd.Kfz.181</color>
Panzerkampfwagen VI Tiger Ausf. H1
<color=#c0c0c0>Westenfront</color>";
germ_pzkpfw_VI_ausf_h1_tiger_west_1;Tiger H1 (Westen);
germ_pzkpfw_VI_ausf_h1_tiger_west_2;Heavy Tank;
germ_flakpanzer_IV_Ostwind_2_net_shop;Ostwind II (Ost);
germ_flakpanzer_IV_Ostwind_2_net_0;"<color=#c8a5b2>Sd.Kfz.161/5</color>
leichte Flakpanzer IV mit Zwilling 3,7cm FlaK.43
auf Panzerkampfwagen IV
<color=#7b9fb5>Ostwind II</color>
<color=#c0c0c0>Westenfront</color>";
germ_flakpanzer_IV_Ostwind_2_net_1;Ostwind II (Ost);
germ_flakpanzer_IV_Ostwind_2_net_2;SPAA;
germ_th_400_shop;H 400;
germ_th_400_0;H 400;
germ_th_400_1;H 400;
germ_th_400_2;Light Tank;
germ_sdkfz_234_2_mod_shop;Sd.Kfz.234/2 (20. Pz.A.A.);
germ_sdkfz_234_2_mod_0;"<color=#c8a5b2>Sd.Kfz.234/2</color>
schwerer Panzerspähwagen
<color=#c0c0c0>5cm KwK.39</color>
<color=#fcba03>20. Panzer-Division, 20. Panzer-Aufklärungs-Abteilung</color>";
germ_sdkfz_234_2_mod_1;Sd.Kfz.234/2 (20. Pz.A.A.);
germ_sdkfz_234_2_mod_2;Light Tank;
;;
;;
;;
<DEU Helicopter>;;
;;
sa_313b_shop;◄SE.313B;
sa_313b_0;"<color=#7b9fb5>Société nationale de constructions aéronautiques Sud Aviation</color>
◄SE.313B Alouette II";
sa_313b_1;◄SE.313B;
sa_313b_2;◄SE.313;
uh_1d_shop;◄UH-1D;
uh_1d_0;"<color=#7b9fb5>Bell Helicopter Company</color>
◄UH-1D-BF Iroquois";
uh_1d_1;◄UH-1D;
uh_1d_2;◄UH-1;
bo_105pah1_shop;PAH-1;
bo_105pah1_0;"<color=#7b9fb5>Messerschmitt-Bölkow-Blohm</color>
BO 105 Panzerabwehrhubschrauber-1";
bo_105pah1_1;PAH-1;
bo_105pah1_2;PAH;
bo_105pah1_a1_shop;PAH-1A1;
bo_105pah1_a1_0;"<color=#7b9fb5>Messerschmitt-Bölkow-Blohm</color>
BO 105 Panzerabwehrhubschrauber-1A1";
bo_105pah1_a1_1;PAH-1;
bo_105pah1_a1_2;PAH;
tiger_uht_shop;KH Tiger;
tiger_uht_0;"<color=#7b9fb5>Eurocopter A.S.</color>
EC665 Kampfhubschrauber Tiger";
tiger_uht_1;KH Tiger;
tiger_uht_2;Tiger ;
h145m_shop;H145M LKH;
h145m_0;"<color=#7b9fb5>Eurocopter A.S.</color>
H145M leichter Kampfhubschrauber";
h145m_1;H145M;
h145m_2;H145;
mi_8tb_shop;◊Mi-8TBK;
mi_8tb_0;"<color=#7b9fb5>Mil Design Bureau</color>
◊Mi-8TBK";
mi_8tb_1;◊Mi-8TB;
mi_8tb_2;◊Mi-8;
mi_24d_german_shop;◊Mi-24D;
mi_24d_german_0;"<color=#7b9fb5>Mil Moscow Helicopter Plant</color>
◊Mi-24D Krokodil";
mi_24d_german_1;◊Mi-24D;
mi_24d_german_2;◊Mi-24;
mi_24p_german_shop;◊Mi-24P;
mi_24p_german_0;"<color=#7b9fb5>Mil Moscow Helicopter Plant</color>
◊Mi-24P Krokodil";
mi_24p_german_1;◊Mi-24P;
mi_24p_german_2;◊Mi-24;
bo_105cb2_shop;BO 105 CB-2;
bo_105cb2_0;"<color=#7b9fb5>Messerschmitt-Bölkow-Blohm</color>
BO 105 CB-2 försökspansarvärnshelikopter med pansarvärnrobotsystemet HeliTOW";
bo_105cb2_1;BO 105 CB-2;
bo_105cb2_2;BO 105;
mi_24p_german_hfs80_shop;◄Mi-24P (HFS 80);
mi_24p_german_hfs80_0;"<color=#7b9fb5>Mil Moscow Helicopter Plant</color>
◄Mi-24P Hind
<color=#fcba03>Heeresfliegerstaffel 80</color>";
mi_24p_german_hfs80_1;◄Mi-24P;
mi_24p_german_hfs80_2;◄Mi-24;
;;
;;
;;
<DEU Aviation>;;
;;
bf-109b_2_shop;Bf 109 B-1;
bf-109b_2_0;"<color=#7b9fb5>Bayerische Flugzeugwerke</color>
Bf 109 B-1";
bf-109b_2_1;Bf 109 B;
bf-109b_2_2;Bf 109;
bf-109c_1_shop;Bf 109 C-1;
bf-109c_1_0;"<color=#7b9fb5>Bayerische Flugzeugwerke</color>
Bf 109 C-1";
bf-109c_1_1;Bf 109 C;
bf-109c_1_2;Bf 109;
bf-109e-1_shop;Bf 109 E-1;
bf-109e-1_0;"<color=#7b9fb5>Messerschmitt AG</color>
Bf 109 E-1";
bf-109e-1_1;Bf 109 E;
bf-109e-1_2;Bf 109;
bf-109e-3_shop;Bf 109 E-3/B;
bf-109e-3_0;"<color=#7b9fb5>Messerschmitt AG</color>
Bf 109 E-3/B";
bf-109e-3_1;Bf 109 E;
bf-109e-3_2;Bf 109;
bf-109e-4_shop;Bf 109 E-4/BN;
bf-109e-4_0;"<color=#7b9fb5>Messerschmitt AG</color>
Bf 109 E-4/BN";
bf-109e-4_1;Bf 109 E;
bf-109e-4_2;Bf 109;
bf-109f-1_shop;Bf 109 F-1;
bf-109f-1_0;"<color=#7b9fb5>Messerschmitt AG</color>
Bf 109 F-1";
bf-109f-1_1;Bf 109 F;
bf-109f-1_2;Bf 109;
bf-109f-2_shop;Bf 109 F-2;
bf-109f-2_0;"<color=#7b9fb5>Messerschmitt AG</color>
Bf 109 F-2";
bf-109f-2_1;Bf 109 F;
bf-109f-2_2;Bf 109;
bf-109f-4_shop;Bf 109 F-4;
bf-109f-4_0;"<color=#7b9fb5>Messerschmitt AG</color>
Bf 109 F-4";
bf-109f-4_1;Bf 109 F;
bf-109f-4_2;Bf 109;
bf-109f-4_trop_shop;Bf 109 F-4 trop;
bf-109f-4_trop_0;"<color=#7b9fb5>Messerschmitt AG</color>
Bf 109 F-4 Tropenausrüstung";
bf-109f-4_trop_1;Bf 109 F;
bf-109f-4_trop_2;Bf 109;
bf-109g-2_shop;Bf 109 G-2 trop;
bf-109g-2_0;"<color=#7b9fb5>Messerschmitt AG</color>
Bf 109 G-2 Tropenausrüstung";
bf-109g-2_1;Bf 109 G;
bf-109g-2_2;Bf 109;
bf-109g-6_shop;Bf 109 G-6;
bf-109g-6_0;"<color=#7b9fb5>Messerschmitt AG</color>
Bf 109 G-6";
bf-109g-6_1;Bf 109 G;
bf-109g-6_2;Bf 109;
bf-109g-14_shop;Bf 109 G-14;
bf-109g-14_0;"<color=#7b9fb5>Messerschmitt AG</color>
Bf 109 G-14";
bf-109g-14_1;Bf 109 G;
bf-109g-14_2;Bf 109;
bf-109g-10_shop;Bf 109 G-10;
bf-109g-10_0;"<color=#7b9fb5>Messerschmitt AG</color>
Bf 109 G-10";
bf-109g-10_1;Bf 109 G;
bf-109g-10_2;Bf 109;
bf-109k-4_shop;Bf 109 K-4;
bf-109k-4_0;"<color=#7b9fb5>Messerschmitt AG</color>
Bf 109 K-4";
bf-109k-4_1;Bf 109 K;
bf-109k-4_2;Bf 109;
me-262a-1a_shop;Me 262 A-1a/R7;
me-262a-1a_0;"<color=#7b9fb5>Messerschmitt AG</color>
Me 262 A-1a/R7 Schwalbe";
me-262a-1a_1;Me 262 A;
me-262a-1a_2;Me 262;
me-262c-1a_shop;Me 262 C-1a;
me-262c-1a_0;"<color=#7b9fb5>Messerschmitt AG</color>
Me 262 C-1a Heimatschützer I";
me-262c-1a_1;Me 262 C;
me-262c-1a_2;Me 262;
me-262c-2b_shop;Me 262 C-2b;
me-262c-2b_0;"<color=#7b9fb5>Messerschmitt AG</color>
Me 262 C-2b Heimatschützer II";
me-262c-2b_1;Me 262 C;
me-262c-2b_2;Me 262;
me-163b_shop;Me 163 B-1;
me-163b_0;"<color=#7b9fb5>Messerschmitt AG</color>
Me 163 B-1 Komet";
me-163b_1;Me 163 B;
me-163b_2;Me 163;
me-163b-0_shop;Me 163 B-0;
me-163b-0_0;"<color=#7b9fb5>Messerschmitt AG</color>
Me 163 B-0 Komet";
me-163b-0_1;Me 163 B;
me-163b-0_2;Me 163;
f-86_canadair_german_shop;◄Sabre Mk.5;
f-86_canadair_german_0;"<color=#7b9fb5>Canadair Ltd.</color>
◄CL-13A Sabre Mk.5";
f-86_canadair_german_1;◄Sabre Mk.5;
f-86_canadair_german_2;◄Sabre;
f-86_cl_13b_mk6_shop;◄Sabre Mk.6;
f-86_cl_13b_mk6_0;"<color=#7b9fb5>Canadair Ltd.</color>
◄CL-13B Sabre Mk.6";
f-86_cl_13b_mk6_1;◄Sabre Mk.6;
f-86_cl_13b_mk6_2;◄Sabre;
f-86k_late_german_shop;◄F-86K;
f-86k_late_german_0;"<color=#7b9fb5>North American Aviation</color>
◄F-86K-NA Sabre Dog";
f-86k_late_german_1;◄F-86K;
f-86k_late_german_2;◄F-86;
f-104g_shop;◄F-104G;
f-104g_0;"<color=#7b9fb5>Lockheed Corporation</color>
◄F-104G-LO Starfighter";
f-104g_1;◄F-104G;
f-104g_2;◄F-104;
f-4f_late_shop;◄F-4F-58;
f-4f_late_0;"<color=#7b9fb5>McDonnell Douglas Corporation</color>
◄F-4F-58-MC Phantom II
<color=#c0c0c0>Peace Rhine Stage 2</color>";
f-4f_late_1;◄F-4F;
f-4f_late_2;◄F-4;
f-4f_kws_lv_shop;◄F-4F (KWS-LV);
f-4f_kws_lv_0;"<color=#7b9fb5>McDonnell Douglas Corporation</color>
◄F-4F-58-MC Phantom II
<color=#c0c0c0>Kampfwertsteigerung-Luftverteigdigung</color>";
f-4f_kws_lv_1;◄F-4F;
f-4f_kws_lv_2;◄F-4;
ef_2000_block_10_shop;Eurofighter (P3Ea);
ef_2000_block_10_0;"<color=#7b9fb5>Eurofighter Jagdflugzeug GmbH</color>
Eurofighter Typhoon
<color=#c0c0c0>Tranche 2 | Phase 3 Enhancement A</color>";
ef_2000_block_10_1;Eurofighter;
ef_2000_block_10_2;Eurofighter;
ef_2000_aesa_shop;Eurofighter (P3Ec);
ef_2000_aesa_0;"<color=#7b9fb5>Eurofighter Jagdflugzeug GmbH</color>
Eurofighter Typhoon
<color=#c0c0c0>Tranche 3A | Phase 3 Enhancement C</color>";
ef_2000_aesa_1;Eurofighter;
ef_2000_aesa_2;Eurofighter;
he51a1_shop;He 51 A-1;
he51a1_0;"<color=#7b9fb5>Heinkel Flugzeugwerke</color>
He 51 A-1";
he51a1_1;He 51 A;
he51a1_2;He 51;
he51b1_shop;He 51 B-1;
he51b1_0;"<color=#7b9fb5>Heinkel Flugzeugwerke</color>
He 51 B-1";
he51b1_1;He 51 B;
he51b1_2;He 51;
he51c1_shop;He 51 C-1;
he51c1_0;"<color=#7b9fb5>Heinkel Flugzeugwerke</color>
He 51 C-1";
he51c1_1;He 51 C;
he51c1_2;He 51;
he51c1_late_shop;He 51 C-1 (L);
he51c1_late_0;"<color=#7b9fb5>Heinkel Flugzeugwerke</color>
He 51 C-1
<color=#c0c0c0>Late Modification</color>";
he51c1_late_1;He 51 C;
he51c1_late_2;He 51;
he_112v_5_shop;He 112 V5;
he_112v_5_0;"<color=#7b9fb5>Heinkel Flugzeugwerke</color>
He 112 V5";
he_112v_5_1;He 112 V;
he_112v_5_2;He 112;
he_112a_0_shop;He 112 A-0;
he_112a_0_0;"<color=#7b9fb5>Heinkel Flugzeugwerke</color>
He 112 A-0";
he_112a_0_1;He 112 A;
he_112a_0_2;He 112;
he_100d_1_shop;He 100 A-0;
he_100d_1_0;"<color=#7b9fb5>Heinkel Flugzeugwerke</color>
He 100 A-0";
he_100d_1_1;He 100 A;
he_100d_1_2;He 100;
he_112b_0_shop;He 112 B-0;
he_112b_0_0;"<color=#7b9fb5>Heinkel Flugzeugwerke</color>
He 112 B-0";
he_112b_0_1;He 112 B;
he_112b_0_2;He 112;
fw-190a-1_shop;Fw 190 A-1;
fw-190a-1_0;"<color=#7b9fb5>Focke-Wulf Flugzeugbau AG</color>
Fw 190 A-1 Würger";
fw-190a-1_1;Fw 190 A;
fw-190a-1_2;Fw 190;
fw-190a-4_shop;Fw 190 A-4;
fw-190a-4_0;"<color=#7b9fb5>Focke-Wulf Flugzeugbau AG</color>
Fw 190 A-4 Würger";
fw-190a-4_1;Fw 190 A;
fw-190a-4_2;Fw 190;
fw-190a-5_u2_shop;Fw 190 A-5/U2;
fw-190a-5_u2_0;"<color=#7b9fb5>Focke-Wulf Flugzeugbau AG</color>
Fw 190 A-5/U2 Würger";
fw-190a-5_u2_1;Fw 190 A;
fw-190a-5_u2_2;Fw 190;
fw-190d-9_shop;Fw 190 D-9;
fw-190d-9_0;"<color=#7b9fb5>Focke-Wulf Flugzeugbau AG</color>
Fw 190 D-9 Würger";
fw-190d-9_1;Fw 190 D;
fw-190d-9_2;Fw 190;
fw-190a-5_cannons_shop;Fw 190 A-5;
fw-190a-5_cannons_0;"<color=#7b9fb5>Focke-Wulf Flugzeugbau AG</color>
Fw 190 A-5 Würger";
fw-190a-5_cannons_1;Fw 190 A;
fw-190a-5_cannons_2;Fw 190;
fw-190a-8_shop;Fw 190 A-8;
fw-190a-8_0;"<color=#7b9fb5>Focke-Wulf Flugzeugbau AG</color>
Fw 190 A-8 Würger";
fw-190a-8_1;Fw 190 A;
fw-190a-8_2;Fw 190;
fw-190a-5_shop;Fw 190 A-5/U12;
fw-190a-5_0;"<color=#7b9fb5>Focke-Wulf Flugzeugbau AG</color>
Fw 190 A-5/U12 Würger";
fw-190a-5_1;Fw 190 A;
fw-190a-5_2;Fw 190;
fw-190d-12_shop;Fw 190 D-12;
fw-190d-12_0;"<color=#7b9fb5>Focke-Wulf Flugzeugbau AG</color>
Fw 190 D-12 Würger";
fw-190d-12_1;Fw 190 D;
fw-190d-12_2;Fw 190;
ta-152h-1_shop;Ta 152 H-1;
ta-152h-1_0;"<color=#7b9fb5>Focke-Wulf Flugzeugbau AG</color>
Ta 152 H-1 ";
ta-152h-1_1;Ta 152 H;
ta-152h-1_2;Ta 152;
ta-152c_shop;Ta 152 C-3;
ta-152c_0;"<color=#7b9fb5>Focke-Wulf Flugzeugbau AG</color>
Ta 152 C-3";
ta-152c_1;Ta 152 C;
ta-152c_2;Ta 152;
he-162a-2_shop;He 162 A-2;
he-162a-2_0;"<color=#7b9fb5>Heinkel Flugzeugwerke</color>
He 162 A-2 Volksjäger";
he-162a-2_1;He 162 A;
he-162a-2_2;He 162;
mig-15bis_nr23_german_shop;◊MiG-15bis;
mig-15bis_nr23_german_0;"<color=#7b9fb5>Mikoyan-Gurevich</color>
◊MiG-15bis";
mig-15bis_nr23_german_1;◊MiG-15;
mig-15bis_nr23_german_2;◊MiG-15;
mig-19s_shop;◊MiG-19S;
mig-19s_0;"<color=#7b9fb5>Mikoyan-Gurevich</color>
◊MiG-19S";
mig-19s_1;◊MiG-19S;
mig-19s_2;◊MiG-19;
mig-21_mf_shop;◊MiG-21MF;
mig-21_mf_0;"<color=#7b9fb5>Mikoyan-Gurevich</color>
◊MiG-21MF";
mig-21_mf_1;◊MiG-21M;
mig-21_mf_2;◊MiG-21;
mig-21_bis_sau_shop;◊MiG-21bis-SAU;
mig-21_bis_sau_0;"<color=#7b9fb5>Mikoyan-Gurevich</color>
◊MiG-21bis-SAU";
mig-21_bis_sau_1;◊MiG-21bis;
mig-21_bis_sau_2;◊MiG-21;
mig_23mla_shop;◊MiG-23ML;
mig_23mla_0;"<color=#7b9fb5>Mikoyan-Gurevich</color>
◊MiG-23ML";
mig_23mla_1;◊MiG-23M;
mig_23mla_2;◊MiG-23;
mig_29_9_12_germany_shop;◊MiG-29 (9-12A);
mig_29_9_12_germany_0;"<color=#7b9fb5>Mikoyan-Gurevich</color>
◊MiG-29
<color=#c0c0c0>izdeliye 9-12A</color>";
mig_29_9_12_germany_1;◊MiG-29;
mig_29_9_12_germany_2;◊MiG-29;
mig_29_9_12g_shop;◄MiG-29G;
mig_29_9_12g_0;"<color=#7b9fb5>Mikoyan-Gurevich</color>
◄MiG-29G Fulcrum
<color=#c0c0c0>izdeliye 9-12A</color>";
mig_29_9_12g_1;◄MiG-29G;
mig_29_9_12g_2;◄MiG-29;
do_17z_7_shop;Do 17 Z-7;
do_17z_7_0;"<color=#7b9fb5>Dornier Flugzeugwerke</color>
Do 17 Z-7";
do_17z_7_1;Do 17 Z;
do_17z_7_2;Do 17;
do_217j_1_shop;Do 217 J-1;
do_217j_1_0;"<color=#7b9fb5>Dornier Flugzeugwerke</color>
Do 217 J-1";
do_217j_1_1;Do 217 J;
do_217j_1_2;Do 217;
do_217j_2_shop;Do 217 J-2;
do_217j_2_0;"<color=#7b9fb5>Dornier Flugzeugwerke</color>
Do 217 J-2";
do_217j_2_1;Do 217 J;
do_217j_2_2;Do 217;
ju-88c-6_shop;Ju 88 C-6;
ju-88c-6_0;"<color=#7b9fb5>Junkers Flugzeug- Und Motorenwerke AG</color>
Ju 88 C-6";
ju-88c-6_1;Ju 88 C;
ju-88c-6_2;Ju 88;
do_217n_1_shop;Do 217 N-1;
do_217n_1_0;"<color=#7b9fb5>Dornier Flugzeugwerke</color>
Do 217 N-1";
do_217n_1_1;Do 217 N;
do_217n_1_2;Do 217;
do_217n_2_shop;Do 217 N-2;
do_217n_2_0;"<color=#7b9fb5>Dornier Flugzeugwerke</color>
Do 217 N-2";
do_217n_2_1;Do 217 N;
do_217n_2_2;Do 217;
bf-110c-4_shop;Bf 110 C-7;
bf-110c-4_0;"<color=#7b9fb5>Messerschmitt AG</color>
Bf 110 C-7";
bf-110c-4_1;Bf 110 C;
bf-110c-4_2;Bf 110;
bf-110f-2_shop;Bf 110 F-2;
bf-110f-2_0;"<color=#7b9fb5>Messerschmitt AG</color>
Bf 110 F-2";
bf-110f-2_1;Bf 110 F;
bf-110f-2_2;Bf 110;
bf-110g-2_shop;Bf 110 G-2;
bf-110g-2_0;"<color=#7b9fb5>Messerschmitt AG</color>
Bf 110 G-2";
bf-110g-2_1;Bf 110 G;
bf-110g-2_2;Bf 110;
bf_110g_4_shop;Bf 110 G-4;
bf_110g_4_0;"<color=#7b9fb5>Messerschmitt AG</color>
Bf 110 G-4";
bf_110g_4_1;Bf 110 G;
bf_110g_4_2;Bf 110;
me-410a-1_u2_shop;Me 410 A-1/U2;
me-410a-1_u2_0;"<color=#7b9fb5>Messerschmitt AG</color>
Me 410 A-1/U2 Hornisse";
me-410a-1_u2_1;Me 410 A;
me-410a-1_u2_2;Me 410;
me-410b-1_u2_shop;Me 410 B-1/U2;
me-410b-1_u2_0;"<color=#7b9fb5>Messerschmitt AG</color>
Me 410 B-1/U2 Hornisse";
me-410b-1_u2_1;Me 410 B;
me-410b-1_u2_2;Me 410;
me-410b-6_r3_shop;Me 410 B-6/R3;
me-410b-6_r3_0;"<color=#7b9fb5>Messerschmitt AG</color>
Me 410 B-6/R3 Hornisse";
me-410b-6_r3_1;Me 410 B;
me-410b-6_r3_2;Me 410;
go229_v3_shop;Ho 229 A-0;
go229_v3_0;"<color=#7b9fb5>Gothaer Waggonfabrik AG</color>
Ho 229 A-0 (MK 103)";
go229_v3_1;Ho 229 A;
go229_v3_2;Ho 229;
fiat_g91_r3_shop;◄G.91R/3;
fiat_g91_r3_0;"<color=#7b9fb5>Fiat Aviazione</color>
◄G.91R/3 Gina";
fiat_g91_r3_1;◄G.91R;
fiat_g91_r3_2;◄G.91;
alpha_jet_a_shop;◄Alpha Jet A;
alpha_jet_a_0;"<color=#7b9fb5>Dornier Flugzeugwerke</color>
◄Alpha Jet A";
alpha_jet_a_1;◄Alpha Jet A;
alpha_jet_a_2;◄Alpha Jet;
tornado_ids_de_assta1_shop;◄IDS-Tornado;
tornado_ids_de_assta1_0;"<color=#7b9fb5>Messerschmitt-Bölkow-Blohm</color>
◄IDS-Tornado
<color=#c0c0c0>Avionics System Software Tornado in Ada 3.0</color>";
tornado_ids_de_assta1_1;◄IDS-Tornado;
tornado_ids_de_assta1_2;◄Tornado;
tornado_ids_de_assta3_sle_shop;◄IDS-Tornado (SLE);
tornado_ids_de_assta3_sle_0;"<color=#7b9fb5>Messerschmitt-Bölkow-Blohm</color>
◄IDS-Tornado
<color=#c0c0c0>Avionics System Software Tornado in Ada 3.1 | Service Life Extension</color>";
tornado_ids_de_assta3_sle_1;◄IDS-Tornado;
tornado_ids_de_assta3_sle_2;◄Tornado;
hs-123a-1_shop;Hs 123 A-1;
hs-123a-1_0;"<color=#7b9fb5>Henschel & Son</color>
Hs 123 A-1";
hs-123a-1_1;Hs 123 A;
hs-123a-1_2;Hs 123;
ju-87b-2_shop;Ju 87 B-2;
ju-87b-2_0;"<color=#7b9fb5>Junkers Flugzeug- Und Motorenwerke AG</color>
Ju 87 B-2 Stuka";
ju-87b-2_1;Ju 87 B;
ju-87b-2_2;Ju 87;
ju-87r-2_shop;Ju 87 R-2;
ju-87r-2_0;"<color=#7b9fb5>Junkers Flugzeug- Und Motorenwerke AG</color>
Ju 87 R-2 Stuka";
ju-87r-2_1;Ju 87 R;
ju-87r-2_2;Ju 87;
ju-87g_1_shop;Ju 87 G-1;
ju-87g_1_0;"<color=#7b9fb5>Junkers Flugzeug- Und Motorenwerke AG</color>
Ju 87 G-1 Stuka";
ju-87g_1_1;Ju 87 G;
ju-87g_1_2;Ju 87;
ju-87g_2_shop;Ju 87 G-2;
ju-87g_2_0;"<color=#7b9fb5>Junkers Flugzeug- Und Motorenwerke AG</color>
Ju 87 G-2 Stuka";
ju-87g_2_1;Ju 87 G;
ju-87g_2_2;Ju 87;
hs-129b-3_shop;Hs 129 B-3;
hs-129b-3_0;"<color=#7b9fb5>Henschel & Son</color>
Hs 129 B-3";
hs-129b-3_1;Hs 129 B;
hs-129b-3_2;Hs 129;
hs-129b-2_shop;Hs 129 B-2;
hs-129b-2_0;"<color=#7b9fb5>Henschel & Son</color>
Hs 129 B-2";
hs-129b-2_1;Hs 129 B;
hs-129b-2_2;Hs 129;
ju-87d-3_shop;Ju 87 D-3;
ju-87d-3_0;"<color=#7b9fb5>Junkers Flugzeug- Und Motorenwerke AG</color>
Ju 87 D-3 Stuka";
ju-87d-3_1;Ju 87 D;
ju-87d-3_2;Ju 87;
ju-87d-5_shop;Ju 87 D-5;
ju-87d-5_0;"<color=#7b9fb5>Junkers Flugzeug- Und Motorenwerke AG</color>
Ju 87 D-5 Stuka";
ju-87d-5_1;Ju 87 D;
ju-87d-5_2;Ju 87;
me_210a_1_shop;Me 210 A-1;
me_210a_1_0;"<color=#7b9fb5>Messerschmitt AG</color>
Me 210 A-1";
me_210a_1_1;Me 210 A;
me_210a_1_2;Me 210;
me-410a-1_u4_shop;Me 410 A-1/U4;
me-410a-1_u4_0;"<color=#7b9fb5>Messerschmitt AG</color>
Me 410 A-1/U4 Hornisse";
me-410a-1_u4_1;Me 410 A;
me-410a-1_u4_2;Me 410;
me-410b-2_u4_shop;Me 410 B-2/U4;
me-410b-2_u4_0;"<color=#7b9fb5>Messerschmitt AG</color>
Me 410 B-2/U4 Hornisse";
me-410b-2_u4_1;Me 410 B;
me-410b-2_u4_2;Me 410;
me-410a-1_shop;Me 410 A-1;
me-410a-1_0;"<color=#7b9fb5>Messerschmitt AG</color>
Me 410 A-1 Hornisse";
me-410a-1_1;Me 410 A;
me-410a-1_2;Me 410;
me-410b-1_shop;Me 410 B-1;
me-410b-1_0;"<color=#7b9fb5>Messerschmitt AG</color>
Me 410 B-1 Hornisse";
me-410b-1_1;Me 410 B;
me-410b-1_2;Me 410;
do_335a_1_shop;Do 335 A-1;
do_335a_1_0;"<color=#7b9fb5>Dornier Flugzeugwerke</color>
Do 335 A-1 Pfeil";
do_335a_1_1;Do 335 A;
do_335a_1_2;Do 335;
do_335a_0_shop;Do 335 A-0;
do_335a_0_0;"<color=#7b9fb5>Dornier Flugzeugwerke</color>
Do 335 A-0 Pfeil";
do_335a_0_1;Do 335 A;
do_335a_0_2;Do 335;
fw-190f-8_shop;Fw 190 F-8/R3;
fw-190f-8_0;"<color=#7b9fb5>Focke-Wulf Flugzeugbau AG</color>
Fw 190 F-8/R3 Würger";
fw-190f-8_1;Fw 190 F;
fw-190f-8_2;Fw 190;
me-262a-1a_u4_shop;Me 262 A-1a/U4;
me-262a-1a_u4_0;"<color=#7b9fb5>Messerschmitt AG</color>
Me 262 A-1a/U4 Pulkzerstörer";
me-262a-1a_u4_1;Me 262 A;
me-262a-1a_u4_2;Me 262;
me-262a-1a_early_shop;Me 262 A-1a/R6;
me-262a-1a_early_0;"<color=#7b9fb5>Messerschmitt AG</color>
Me 262 A-1a/R6 Schwalbe";
me-262a-1a_early_1;Me 262 A;
me-262a-1a_early_2;Me 262;
f-84f_germany_shop;◄F-84F-81;
f-84f_germany_0;"<color=#7b9fb5>Republic Aircraft Corporation</color>
◄F-84F-81-RE Thunderstreak";
f-84f_germany_1;◄F-84F;
f-84f_germany_2;◄F-84;
su_22um3k_shop;◊Su-22UM3K;
su_22um3k_0;"<color=#7b9fb5>Sukhoi Design Bureau | OKB-51</color>
◊Su-22UM3K";
su_22um3k_1;◊Su-22UM;
su_22um3k_2;◊Su-22;
su_22m4_shop;◊Su-22M4;
su_22m4_0;"<color=#7b9fb5>Sukhoi Design Bureau | OKB-51</color>
◊Su-22M4";
su_22m4_1;◊Su-22M;
su_22m4_2;◊Su-22;
do_17e_1_shop;Do 17 E-1;
do_17e_1_0;"<color=#7b9fb5>Dornier Flugzeugwerke</color>
Do 17 E-1";
do_17e_1_1;Do 17 E;
do_17e_1_2;Do 17;
do_17z_2_shop;Do 17 Z-2;
do_17z_2_0;"<color=#7b9fb5>Dornier Flugzeugwerke</color>
Do 17 Z-2";
do_17z_2_1;Do 17 Z;
do_17z_2_2;Do 17;
he_115c_1_shop;He 115 C-1;
he_115c_1_0;"<color=#7b9fb5>Heinkel Flugzeugwerke</color>
He 115 C-1";
he_115c_1_1;He 115 C;
he_115c_1_2;He 115;
bv-138c-1_shop;BV 138 C-1;
bv-138c-1_0;"<color=#7b9fb5>Blohm & Voss</color>
BV 138 C-1 Seedrache";
bv-138c-1_1;BV 138 C;
bv-138c-1_2;BV 138;
he-111h-2_shop;He 111 H-3;
he-111h-2_0;"<color=#7b9fb5>Heinkel Flugzeugwerke</color>
He 111 H-3";
he-111h-2_1;He 111 H;
he-111h-2_2;He 111;
fw_200c_1_shop;Fw 200 C-1;
fw_200c_1_0;"<color=#7b9fb5>Focke-Wulf Flugzeugbau AG</color>
Fw 200 C-1 Condor";
fw_200c_1_1;Fw 200 C;
fw_200c_1_2;Fw 200;
ju-88a-1_shop;Ju 88 A-1;
ju-88a-1_0;"<color=#7b9fb5>Junkers Flugzeug- Und Motorenwerke AG</color>
Ju 88 A-1";
ju-88a-1_1;Ju 88 A;
ju-88a-1_2;Ju 88;
ju-88a-4_shop;Ju 88 A-4;
ju-88a-4_0;"<color=#7b9fb5>Junkers Flugzeug- Und Motorenwerke AG</color>
Ju 88 A-4";
ju-88a-4_1;Ju 88 A;
ju-88a-4_2;Ju 88;
he-111h-6_shop;He 111 H-6;
he-111h-6_0;"<color=#7b9fb5>Heinkel Flugzeugwerke</color>
He 111 H-6";
he-111h-6_1;He 111 H;
he-111h-6_2;He 111;
he-111h-16_winter_shop;He 111 H-16;
he-111h-16_winter_0;"<color=#7b9fb5>Heinkel Flugzeugwerke</color>
He 111 H-16";
he-111h-16_winter_1;He 111 H;
he-111h-16_winter_2;He 111;
me_264_shop;Me 264 V3;
me_264_0;"<color=#7b9fb5>Messerschmitt AG</color>
Me 264 V3";
me_264_1;Me 264 V;
me_264_2;Me 264;
do_217e_2_shop;Do 217 E-2;
do_217e_2_0;"<color=#7b9fb5>Dornier Flugzeugwerke</color>
Do 217 E-2";
do_217e_2_1;Do 217 E;
do_217e_2_2;Do 217;
do_217e_4_shop;Do 217 E-4;
do_217e_4_0;"<color=#7b9fb5>Dornier Flugzeugwerke</color>
Do 217 E-4";
do_217e_4_1;Do 217 E;
do_217e_4_2;Do 217;
do_217k_1_shop;Do 217 K-1;
do_217k_1_0;"<color=#7b9fb5>Dornier Flugzeugwerke</color>
Do 217 K-1";
do_217k_1_1;Do 217 K;
do_217k_1_2;Do 217;
do_217m_1_shop;Do 217 M-1;
do_217m_1_0;"<color=#7b9fb5>Dornier Flugzeugwerke</color>
Do 217 M-1";
do_217m_1_1;Do 217 M;
do_217m_1_2;Do 217;
ju-188a-2_shop;Ju 188 A-2;
ju-188a-2_0;"<color=#7b9fb5>Junkers Flugzeug- Und Motorenwerke AG</color>
Ju 188 A-2 Rächer";
ju-188a-2_1;Ju 188 A;
ju-188a-2_2;Ju 188;
he-177a-5_shop;He 177 A-5;
he-177a-5_0;"<color=#7b9fb5>Heinkel Flugzeugwerke</color>
He 177 A-5 Greif";
he-177a-5_1;He 177 A;
he-177a-5_2;He 177;
arado-234_shop;Ar 234 B-2;
arado-234_0;"<color=#7b9fb5>Arado Flugzeugwerke</color>
Ar 234 B-2 Blitz";
arado-234_1;Ar 234 B;
arado-234_2;Ar 234;
arado-234c-3_shop;Ar 234 C-3;
arado-234c-3_0;"<color=#7b9fb5>Arado Flugzeugwerke</color>
Ar 234 C-3 Blitz";
arado-234c-3_1;Ar 234 C;
arado_234c-3_2;Ar 234;
il_28_german_shop;◊Il-28;
il_28_german_0;"<color=#7b9fb5>Ilyushin Design Bureau | OKB-39</color>
◊Il-28";
il_28_german_1;◊Il-28;
il_28_german_2;◊Il-28;
mig_23bn_shop;◊MiG-23BN;
mig_23bn_0;"<color=#7b9fb5>Mikoyan-Gurevich Design Bureau | OKB-155</color>
◊MiG-23BN";
mig_23bn_1;◊MiG-23B;
mig_23bn_2;◊MiG-23;
bf-109a_1_shop;Flegel’s Bf 109 A-1;
bf-109a_1_0;"<color=#7b9fb5>Bayerische Flugzeugwerke</color>
Bf 109 A-1
<color=#fcba03>Norbert Flegel</color>";
bf-109a_1_1;Bf 109 A;
bf-109a_1_2;Bf 109;
he51b_2w_shop;He 51 B-2;
he51b_2w_0;"<color=#7b9fb5>Heinkel Flugzeugwerke</color>
He 51 B-2";
he51b_2w_1;He 51 B;
he51b_2w_2;He 51;
ju-87r-2_snake_shop;Ju 87 R-2 (6./St.G 2);
ju-87r-2_snake_0;"<color=#7b9fb5>Junkers Flugzeug- Und Motorenwerke AG</color>
Ju 87 R-2 Stuka
<color=#fcba03>6./Sturzkampfgeschwader 2</color>";
ju-87r-2_snake_1;Ju 87 R;
ju-87r-2_snake_2;Ju 87;
arado-196a-3_shop;Ar 196 A-3;
arado-196a-3_0;"<color=#7b9fb5>Arado Flugzeugwerke</color>
Ar 196 A-3";
arado-196a-3_1;Ar 196 A;
arado-196a-3_2;Ar 196;
fiat_cr42_shop;▀C.R.42;
fiat_cr42_0;"<color=#7b9fb5>Fiat Aviazione</color>
▀C.R.42 Falco";
fiat_cr42_1;▀C.R.42;
fiat_cr42_2;▀C.R.42;
fiat_g50_seria2_shop;▀G.50/II;
fiat_g50_seria2_0;"<color=#7b9fb5>Fiat Aviazione</color>
▀G.50 Serie II Freccia";
fiat_g50_seria2_1;▀G.50/II;
fiat_g50_seria2_2;▀G.50;
fiat_g50_seria7as_shop;▀G.50 AS/VII;
fiat_g50_seria7as_0;"<color=#7b9fb5>Fiat Aviazione</color>
▀G.50 AS Serie VII Freccia";
fiat_g50_seria7as_1;▀G.50 AS;
fiat_g50_seria7as_2;▀G.50;
fw-189a-1_shop;Fw 189 A-1;
fw-189a-1_0;"<color=#7b9fb5>Focke-Wulf Flugzeugbau AG</color>
Fw 189 A-1 Uhu";
fw-189a-1_1;Fw 189 A;
fw-189a-1_2;Fw 189;
fw_189c_0_shop;Fw 189 V6;
fw_189c_0_0;"<color=#7b9fb5>Focke-Wulf Flugzeugbau AG</color>
Fw 189 V6 Uhu";
fw_189c_0_1;Fw 189 V;
fw_189c_0_2;Fw 189;
mc200_serie3_shop;▀C.200/III;
mc200_serie3_0;"<color=#7b9fb5>Aeronautical Macchi S.p.A.</color>
 ▀C.200 Serie III Saetta";
mc200_serie3_1;▀C.200/III;
mc200_serie3_2;▀C.200;
mc200_serie7_shop;▀C.200/VII;
mc200_serie7_0;"<color=#7b9fb5>Aeronautical Macchi S.p.A.</color>
▀C.200 Serie VII Saetta";
mc200_serie7_1;▀C.200/VII;
mc200_serie7_2;▀C.200;
mc-202_shop;▀C.202/VII;
mc-202_0;"<color=#7b9fb5>Aeronautical Macchi S.p.A.</color>
▀C.202 Serie VII Folgore";
mc-202_1;▀C.202/VII;
mc-202_2;▀C.202;
wellington_mk1c_luftwaffe_shop;▀Wellington Mk. Ic;
wellington_mk1c_luftwaffe_0;"<color=#7b9fb5>Vickers-Armstrongs Ltd.</color>
▀Wellington Mk. Ic";
wellington_mk1c_luftwaffe_1;▀Wellington;
wellington_mk1c_luftwaffe_2;▀Wellington;
il_2_1942_luftwaffe_shop;▀Il-2 (1942);
il_2_1942_luftwaffe_0;"<color=#7b9fb5>Ilyushin Design Bureau | OKB-39</color>
▀Il-2 (1942)";
il_2_1942_luftwaffe_1;▀Il-2;
il_2_1942_luftwaffe_2;▀Il-2;
bf-110c-6_shop;Bf 110 C-6;
bf-110c-6_0;"<color=#7b9fb5>Messerschmitt AG</color>
Bf 110 C-6";
bf-110c-6_1;Bf 110 C;
bf-110c-6_2;Bf 110;
h-75a-2_finland_shop;▀H-75A-2;
h-75a-2_finland_0;"<color=#7b9fb5>Curtiss-Wright Corporation</color>
▀H-75A-2";
h-75a-2_finland_1;▀H-75A;
h-75a-2_finland_2;▀H-75;
bf_109t_2_shop;Bf 109 T-2;
bf_109t_2_0;"<color=#7b9fb5>Messerschmitt AG</color>
Bf 109 T-2";
bf_109t_2_1;Bf 109 T;
bf_109t_2_2;Bf 109;
yak-1b_luftwaffe_shop;▀Yak-1B;
yak-1b_luftwaffe_0;"<color=#7b9fb5>Yakovlev Design Bureau | OKB-115</color>
▀Yak-1B";
yak-1b_luftwaffe_1;▀Yak-1B;
yak-1b_luftwaffe_2;▀Yak-1;
bf-109e-7_shop;Bf 109 E-7/U2;
bf-109e-7_0;"<color=#7b9fb5>Messerschmitt AG</color>
Bf 109 E-7/U2";
bf-109e-7_1;Bf 109 E;
bf-109e-7_2;Bf 109;
bv-238_shop;BV 238;
bv-238_0;"<color=#7b9fb5>Blohm & Voss</color>
BV 238";
bv-238_1;BV 238;
bv-238_2;BV 238;
sm_79_1936_shop;▀S.M.79-I/I;
sm_79_1936_0;"<color=#7b9fb5>Savoia-Marchetti</color>
▀S.M.79 Sparviero serie I
<color=#c0c0c0>Modifica 1936</color>";
sm_79_1936_1;▀S.M.79-I;
sm_79_1936_2;▀S.M.79;
sm_79_1939_shop;▀S.M.79/VIII;
sm_79_1939_0;"<color=#7b9fb5>Savoia-Marchetti</color>
▀S.M.79 Sparviero Serie VIII
<color=#c0c0c0>Modifica 1939</color>";
sm_79_1939_1;▀S.M.79/VIII;
sm_79_1939_2;▀S.M.79;
sm_79_1941_shop;▀S.M.79 AS;
sm_79_1941_0;"<color=#7b9fb5>Savoia-Marchetti</color>
▀S.M.79 Sparviero AS
<color=#c0c0c0>Modifica 1941</color>";
sm_79_1941_1;▀S.M.79 AS;
sm_79_1941_2;▀S.M.79;
sm_79_1943_shop;▀S.M.79-III;
sm_79_1943_0;"<color=#7b9fb5>Savoia-Marchetti</color>
▀S.M.79 Sparviero Serie III
<color=#c0c0c0>Modifica 1943</color>";
sm_79_1943_1;▀S.M.79-III;
sm_79_1943_2;▀S.M.79;
p-47d_16_re_germany_shop;▀P-47D-16;
p-47d_16_re_germany_0;"<color=#7b9fb5>Republic Aircraft Corporation</color>
▀P-47D-16-RE Thunderbolt";
p-47d_16_re_germany_1;▀P-47D;
p-47d_16_re_germany_2;▀P-47;
p-47d_luftwaffe_shop;▀P-47D-25;
p-47d_luftwaffe_0;"<color=#7b9fb5>Republic Aircraft Corporation</color>
▀P-47D-25-RE Thunderbolt";
p-47d_luftwaffe_1;▀P-47D;
p-47d_luftwaffe_2;▀P-47;
ta_154a_1_shop;Ta 154 A-1;
ta_154a_1_0;"<color=#7b9fb5>Focke-Wulf Flugzeugbau AG</color>
Ta 154 A-1 Moskito";
ta_154a_1_1;Ta 154 A;
ta_154a_1_2;Ta 154;
la-5fn_luftwaffe_shop;▀La-5-41;
la-5fn_luftwaffe_0;"<color=#7b9fb5>Lavochkin Design Bureau | OKB-301</color>
▀La-5-41";
la-5fn_luftwaffe_1;▀La-5;
la-5fn_luftwaffe_2;▀La-5;
fw_190a_5_u14_shop;Fw 190 A-5/U14;
fw_190a_5_u14_0;"<color=#7b9fb5>Focke-Wulf Flugzeugbau AG</color>
Fw 190 A-5/U14 Würger";
fw_190a_5_u14_1;Fw 190 A;
fw_190a_5_u14_2;Fw 190;
bv-155b-1_shop;BV 155 B-1;
bv-155b-1_0;"<color=#7b9fb5>Blohm & Voss</color>
BV 155 B-1";
bv-155b-1_1;BV 155 B;
bv-155b-1_2;BV 155;
he_219a_7_shop;He 219 A-7;
he_219a_7_0;"<color=#7b9fb5>Heinkel Flugzeugwerke</color>
He 219 A-7 Uhu";
he_219a_7_1;He 219 A;
he_219a_7_2;He 219;
bf-109z_shop;Bf 109 Z-1;
bf-109z_0;"<color=#7b9fb5>Messerschmitt AG</color>
Bf 109 Z-1 Zwilling";
bf-109z_1;Bf 109 Z;
bf-109z_2;Bf 109;
do_335b_2_shop;Do 335 B-2;
do_335b_2_0;"<color=#7b9fb5>Dornier Flugzeugwerke</color>
Do 335 B-2 Pfeil";
do_335b_2_1;Do 335 B;
do_335b_2_2;Do 335;
ju-388j_shop;Ju 388 J-1;
ju-388j_0;"<color=#7b9fb5>Junkers Flugzeug- Und Motorenwerke AG</color>
Ju 388 J-1 Störtebeke";
ju-388j_1;Ju 388 J;
ju-388j_2;Ju 388;
ju-288c_shop;Ju 288 C-1;
ju-288c_0;"<color=#7b9fb5>Junkers Flugzeug- Und Motorenwerke AG</color>
Ju 288 C-1";
ju-288c_1;Ju 288 C;
ju-288c_2;Ju 288;
fw-190c_shop;Fw 190 C-1;
fw-190c_0;"<color=#7b9fb5>Focke-Wulf Flugzeugbau AG</color>
Fw 190 C-1 V18 Würger";
fw-190c_1;Fw 190 C;
fw-190c_2;Fw 190;
fw-190d-13_shop;Fw 190 D-13;
fw-190d-13_0;"<color=#7b9fb5>Focke-Wulf Flugzeugbau AG</color>
Fw 190 D-13 Würger";
fw-190d-13_1;Fw 190 D;
fw-190d-13_2;Fw 190;
me-262a1_u1_shop;Me 262 A-1a/U1;
me-262a1_u1_0;"<color=#7b9fb5>Messerschimtt AG</color>
Me 262 A-1a/U1 Schwalbe";
me-262a1_u1_1;Me 262 A;
me-262a1_u1_2;Me 262;
he-162a-1_shop;He 162 A-1;
he-162a-1_0;"<color=#7b9fb5>Heinkel Flugzeugwerke</color>
He 162 A-1 Volksjäger";
he-162a-1_1;He 162 A;
he-162a-1_2;He 162;
sea_hawk_mk100_shop;◄Sea Hawk Mk. 100;
sea_hawk_mk100_0;"<color=#7b9fb5>Hawker Aircraft Ltd.</color>
◄Sea Hawk Mk. 100";
sea_hawk_mk100_1;◄Sea Hawk Mk. 100;
sea_hawk_mk100_2;◄Sea Hawk;
arado_234b_2_mt_shop;Ar 234 B-2 (W.B. 151);
arado_234b_2_mt_0;"<color=#7b9fb5>Arado Flugzeugwerke</color>
Ar 234 B-2 Blitz
<color=#c0c0c0>W.B. 151 Gun Pod</color>";
arado_234b_2_mt_1;Ar 234 B;
arado_234b_2_mt_2;Ar 234;
me-262a-2a_shop;Me 262 A-2a;
me-262a-2a_0;"<color=#7b9fb5>Messerschimtt AG</color>
Me 262 A-2a Sturmvogel";
me-262a-2a_1;Me 262 A;
me-262a-2a_2;Me 262;
fiat_g91_r4_german_shop;◄G.91R/4;
fiat_g91_r4_german_0;"<color=#7b9fb5>Fiat Aviazione</color>
◄G.91R/4 Gina";
fiat_g91_r4_german_1;◄G.91R;
fiat_g91_r4_german_2;◄G.91;
mig-21_sps_k_shop;◄MiG-21SPS-K;
mig-21_sps_k_0;"<color=#7b9fb5>Mikoyan-Gurevich Design Bureau | OKB-155</color>
◄MiG-21SPS-K Fishbed";
mig-21_sps_k_1;◄MiG-21S;
mig-21_sps_k_2;◄MiG-21;
tornado_ids_de_wtd61_shop;◄IDS-Tornado (WTD 61);
tornado_ids_de_wtd61_0;"<color=#7b9fb5>Messerschmitt-Bölkow-Blohm</color>
◄IDS-Tornado
<color=#fcba03>Wehrtechnische Dienststelle 61</color>";
tornado_ids_de_wtd61_1;◄IDS-Tornado;
tornado_ids_de_wtd61_2;◄Tornado;
su_22m4_de_wtd61_shop;◄Su-22M4 (WTD 61);
su_22m4_de_wtd61_0;"<color=#7b9fb5>Sukhoi Design Bureau | OKB-51</color>
◄Su-22M4 Fitter
<color=#fcba03>Wehrtechnische Dienststelle 61</color>";
su_22m4_de_wtd61_1;◄Su-22M;
su_22m4_de_wtd61_2;◄Su-22;
f-4f_shop;◄F-4F-59;
f-4f_0;"<color=#7b9fb5>McDonnell Douglas Corporation</color>
◄F-4F-59-MC Phantom II";
f-4f_1;◄F-4F;
f-4f_2;◄F-4;
mig-21_bis_lazur_shop;◊MiG-21bis-Lazur;
mig-21_bis_lazur_0;"<color=#7b9fb5>Mikoyan-Gurevich Design Bureau | OKB-155</color>
◊MiG-21bis-Lazur";
mig-21_bis_lazur_1;◊MiG-21bis;
mig-21_bis_lazur_2;◊MiG-21;
mig_23mf_germany_shop;◊MiG-23MF;
mig_23mf_germany_0;"<color=#7b9fb5>Mikoyan-Gurevich Design Bureau | OKB-155</color>
◊MiG-23MF";
mig_23mf_germany_1;◊MiG-23M;
mig_23mf_germany_2;◊MiG-23;
tornado_ids_de_mfg_shop;◄IDS-Tornado (MFG 1);
tornado_ids_de_mfg_0;"<color=#7b9fb5>Messerschmitt-Bölkow-Blohm</color>
◄IDS-Tornado
<color=#fcba03>Marinefliegergeschwader 1</color>";
tornado_ids_de_mfg_1;◄IDS-Tornado;
tornado_ids_de_mfg_2;◄Tornado;
fiat_cr42_marcolin_shop;▀Marcolin’s C.R.42 CN;
fiat_cr42_marcolin_0;"<color=#7b9fb5>Fiat Aviazione</color>
▀C.R.42 CN
<color=#fcba03>Luciano Marcolin</color>";
fiat_cr42_marcolin_1;▀C.R.42 CN;
fiat_cr42_marcolin_2;▀C.R.42;
sm_79_1937_shop;▀S.M.79/IV;
sm_79_1937_0;"<color=#7b9fb5>Savoia-Marchetti</color>
▀S.M.79 Sparviero Serie IV
<color=#c0c0c0>Modifica 1937</color>";
sm_79_1937_1;▀S.M.79/IV;
sm_79_1937_2;▀S.M.79;
sm_79_1942_shop;▀S.M.79 bis/N;
sm_79_1942_0;"<color=#7b9fb5>Savoia-Marchetti</color>
▀S.M.79 Sparviero bis/N
<color=#c0c0c0>Modifica 1942</color>";
sm_79_1942_1;▀S.M.79 bis;
sm_79_1942_2;▀S.M.79;
tempest_mkv_luftwaffe_shop;▀Tempest Mk.V;
tempest_mkv_luftwaffe_0;"<color=#7b9fb5>Hawker Aircraft Ltd.</color>
▀Temptest FB. Mk.V";
tempest_mkv_luftwaffe_1;▀Tempest Mk.V;
tempest_mkv_luftwaffe_2;▀Tempest;
mig-17p_lim_5p_shop;◊Lim-5P;
mig-17p_lim_5p_0;"<color=#7b9fb5>Polskie Zakłady Lotnicze Sp. z o.o.</color>
◊Lim-5P";
mig-17p_lim_5p_1;◊Lim-5P;
mig-17p_lim_5p_2;◊Lim-5;
bf-109c_1_promo_shop;╊Bf 109 C-1;
bf-109c_1_promo_0;"<color=#7b9fb5>Bayerische Flugzeugwerke</color>
╊Bf 109 C-1";
bf-109c_1_promo_1;╊Bf 109 C;
bf-109c_1_promo_2;╊Bf 109;
he-177a-3_shop;He 177 A-3/R3;
he-177a-3_0;"<color=#7b9fb5>Heinkel Flugzeugwerke</color>
He 177 A-3/R3 Greif";
he-177a-3_1;He 177 A;
he-177a-3_2;He 177;
alpha_jet_a_jabog41_shop;◄Alpha Jet A (JaboG 41);
alpha_jet_a_jabog41_0;"<color=#7b9fb5>Dornier Flugzeugwerke</color>
◄Alpha Jet A
<color=#fcba03>Jagdbombergeschader 41</color>";
alpha_jet_a_jabog41_1;◄Alpha Jet A;
alpha_jet_a_jabog41_2;◄Alpha Jet;
;;
;;
;;
<DEU Bluewater>;;
;;
germ_destroyer_class1924_leopard1932_shop;Leopard;
germ_destroyer_class1924_leopard1932_0;"<color=#7b9fb5>Torpedoboot Typ 1924</color>
Leopard
<color=#c0c0c0>1932 Refit</color>";
germ_destroyer_class1924_leopard1932_1;Leopard;
germ_destroyer_class1924_leopard1932_2;Type 1924 Class [DD];
germ_destroyer_class1934a_1944_shop;Z 15;
germ_destroyer_class1934a_1944_0;"<color=#7b9fb5>Zerstörer Typ 1934A</color>
Z 15 Erich Steinbrinck";
germ_destroyer_class1934a_1944_1;Z 15;
germ_destroyer_class1934a_1944_2;Type 1934A Class [DD];
germ_destroyer_class1934a_1940_shop;Z 12;
germ_destroyer_class1934a_1940_0;"<color=#7b9fb5>Zerstörer Typ 1934A</color>
Z 12 Erich Giese
<color=#c0c0c0>1940 Refit</color>";
germ_destroyer_class1934a_1940_1;Z 12;
germ_destroyer_class1934a_1940_2;Type 1934A Class [DD];
germ_destroyer_class1936a_mob_z32_shop;Z 32;
germ_destroyer_class1936a_mob_z32_0;"<color=#7b9fb5>Zerstörer Typ 1936A (Mob)</color>
Z 32
<color=#c0c0c0>1942 Refit</color>";
germ_destroyer_class1936a_mob_z32_1;Z 32;
germ_destroyer_class1936a_mob_z32_2;Type 1936A Class [DD];
germ_destroyer_class1942_z51_shop;Z 51;
germ_destroyer_class1942_z51_0;"<color=#7b9fb5>Zerstörer Typ 1942</color>
Z 51";
germ_destroyer_class1942_z51_1;Z 51;
germ_destroyer_class1942_z51_2;Type 1942 Class [DD];
germ_destroyer_class1936c_z46_shop;Z 46;
germ_destroyer_class1936c_z46_0;"<color=#7b9fb5>Zerstörer Typ 1936C</color>
Z 46";
germ_destroyer_class1936c_z46_1;Z 46;
germ_destroyer_class1936c_z46_2;Type 1936C Class [DD];
germ_destroyer_lutjens_class_lutjens_shop;Lütjens;
germ_destroyer_lutjens_class_lutjens_0;"<color=#7b9fb5>Zerstörer Typ 103</color>
Lütjens (D 185)";
germ_destroyer_lutjens_class_lutjens_1;Lütjens;
germ_destroyer_lutjens_class_lutjens_2;Type 103 Class [DD];
germ_cruiser_leipzig_shop;Leipzig;
germ_cruiser_leipzig_0;"<color=#7b9fb5>Kreuzer Leipzig-Klasse</color>
Leipzig
<color=#c0c0c0>1944 Refit</color>";
germ_cruiser_leipzig_1;Leipzig;
germ_cruiser_leipzig_2;Leipzig Class [CL];
germ_cruiser_nurnberg_shop;Nürnberg;
germ_cruiser_nurnberg_0;"<color=#7b9fb5>Kreuzer Leipzig-Klasse</color>
Nürnberg
<color=#c0c0c0>1944 Refit</color>";
germ_cruiser_nurnberg_1;Nürnberg;
germ_cruiser_nurnberg_2;Leipzig Class [CL];
germ_cruiser_admiral_hipper_shop;Admiral Hipper;
germ_cruiser_admiral_hipper_0;"<color=#7b9fb5>schwerer Kreuzer Admiral Hipper-Klasse</color>
Admiral Hipper
<color=#c0c0c0>1942 Refit</color>";
germ_cruiser_admiral_hipper_1;Admiral Hipper;
germ_cruiser_admiral_hipper_2;Admiral Hipper Class [CA];
germ_battleship_westfalen_shop;Westfalen;
germ_battleship_westfalen_0;"<color=#7b9fb5>Linienschiff Nassau-Klasse</color>
SMS Westfalen
<color=#c0c0c0>1916 Refit</color>";
germ_battleship_westfalen_1;Westfalen;
germ_battleship_westfalen_2;Nassau Class [BB];
germ_battleship_helgoland_shop;Helgoland;
germ_battleship_helgoland_0;"<color=#7b9fb5>Linienschiff Helgoland-Klasse</color>
SMS Helgoland";
germ_battleship_helgoland_1;Helgoland;
germ_battleship_helgoland_2;Helgoland Class [BB];
germ_battleship_kaiser_shop;Kaiser;
germ_battleship_kaiser_0;"<color=#7b9fb5>Linienschiff Kaiser-Klasse</color>
SMS Kaiser";
germ_battleship_kaiser_1;Kaiser;
germ_battleship_kaiser_2;Kaiser Class [BB];
germ_battleship_konig_shop;König;
germ_battleship_konig_0;"<color=#7b9fb5>Linienschiff König-Klasse</color>
SMS König
<color=#c0c0c0>1916 Refit</color>";
germ_battleship_konig_1;König;
germ_battleship_konig_2;König Class [BB];
germ_battleship_bayern_shop;Bayern;
germ_battleship_bayern_0;"<color=#7b9fb5>Linienschiff Bayern-Klasse</color>
SMS Bayern";
germ_battleship_bayern_1;Bayern;
germ_battleship_bayern_2;Bayern Class [BB];
germ_battleship_sachsen_shop;Sachsen;
germ_battleship_sachsen_0;"<color=#7b9fb5>Linienschiff Bayern-Klasse</color>
SMS Sachsen";
germ_battleship_sachsen_1;Sachsen;
germ_battleship_sachsen_2;Bayern Class [BB];
germ_battleship_bismarck_shop;Bismarck;
germ_battleship_bismarck_0;"<color=#7b9fb5>Schlachtschiff Bismarck-Klasse</color>
Bismarck
<color=#c0c0c0>1941 Refit</color>";
germ_battleship_bismarck_1;Bismarck;
germ_battleship_bismarck_2;Bismarck Class [BB];
germ_kanonenboot_k4_lorelei_shop;Lorelei;
germ_kanonenboot_k4_lorelei_0;"<color=#7b9fb5>Fregatte K-Klasse</color>
K 4 Lorelei
<color=#c0c0c0>1944 Refit</color>";
germ_kanonenboot_k4_lorelei_1;Lorelei;
germ_kanonenboot_k4_lorelei_2;K Class [FF];
germ_destroyer_class1939_t22_shop;T 22;
germ_destroyer_class1939_t22_0;"<color=#7b9fb5>Flottentorpedoboot Typ 1939</color>
T 22
<color=#c0c0c0>1944 Refit</color>";
germ_destroyer_class1939_t22_1;T 22;
germ_destroyer_class1939_t22_2;Type 1939 Class [DD];
germ_kanonenboot_k2_shop;K 2;
germ_kanonenboot_k2_0;"<color=#7b9fb5>Fregatte K-Klasse</color>
K 2
<color=#c0c0c0>1941 Refit</color>";
germ_kanonenboot_k2_1;K 2;
germ_kanonenboot_k2_2;K Class [FF];
germ_destroyer_class1936_z20_shop;Z 22;
germ_destroyer_class1936_z20_0;"<color=#7b9fb5>Zerstörer Typ 1936</color>
Z 22 Anton Schmitt
<color=#c0c0c0>1940 Refit</color>";
germ_destroyer_class1936_z20_1;Z 22;
germ_destroyer_class1936_z20_2;Type 1936 Class [DD];
germ_destroyer_class1936b_shop;Z 43;
germ_destroyer_class1936b_0;"<color=#7b9fb5>Zerstörer Typ 1936B</color>
Z 43
<color=#c0c0c0>1944 Refit</color>";
germ_destroyer_class1936b_1;Z 43;
germ_destroyer_class1936b_2;Type 1936B Class [DD];
germ_cruiser_elbing_shop;Elbing;
germ_cruiser_elbing_0;"<color=#7b9fb5>kleiner Kreuzer Pillau-Klasse</color>
SMS Elbing";
germ_cruiser_elbing_1;Elbing;
germ_cruiser_elbing_2;Pillau Class [CL];
germ_cruiser_emden_1944_shop;Emden;
germ_cruiser_emden_1944_0;"<color=#7b9fb5>Kreuzer</color>
Emden
<color=#c0c0c0>1944 Refit</color>";
germ_cruiser_emden_1944_1;Emden;
germ_cruiser_emden_1944_2;Kreuzer Emden [CL];
germ_cruiser_koln_shop;Köln;
germ_cruiser_koln_0;"<color=#7b9fb5>Kreuzer Königsberg-Klasse</color>
Köln
<color=#c0c0c0>1940 Refit</color>";
germ_cruiser_koln_1;Köln;
germ_cruiser_koln_2;Königsberg Class [CL];
germ_cruiser_admiral_graf_spee_shop;Admiral Graf Spee;
germ_cruiser_admiral_graf_spee_0;"<color=#7b9fb5>schwerer Kreuzer Deutschland-Klasse</color>
Admiral Graf Spee
<color=#c0c0c0>1939 Refit</color>";
germ_cruiser_admiral_graf_spee_1;Admiral Graf Spee;
germ_cruiser_admiral_graf_spee_2;Deutschland Class [CA];
germ_battlecruiser_von_der_tann_shop;Von der Tann;
germ_battlecruiser_von_der_tann_0;"<color=#7b9fb5>großer Kreuzer</color>
Von der Tann";
germ_battlecruiser_von_der_tann_1;Von der Tann;
germ_battlecruiser_von_der_tann_2;Kreuzer Von der Tann [CB];
germ_battlecruiser_derfflinger_shop;Derfflinger;
germ_battlecruiser_derfflinger_0;"<color=#7b9fb5>großer Kreuzer Derfflinger-Klasse</color>
SMS Derfflinger
<color=#c0c0c0>1916 Refit</color>";
germ_battlecruiser_derfflinger_1;Derfflinger;
germ_battlecruiser_derfflinger_2;Derfflinger Class [CB];
germ_battlecruiser_ersatz_yorck_shop;Ersatz Yorck;
germ_battlecruiser_ersatz_yorck_0;"<color=#7b9fb5>großer Kreuzer Ersatz Yorck-Klasse</color>
Ersatz Yorck";
germ_battlecruiser_ersatz_yorck_1;Ersatz Yorck;
germ_battlecruiser_ersatz_yorck_2;Ersatz Yorck Class [CB];
germ_battleship_scharnhorst_shop;Scharnhorst;
germ_battleship_scharnhorst_0;"<color=#7b9fb5>Schlachtschiff Scharnhorst-Klasse</color>
Scharnhorst
<color=#c0c0c0>1943 Refit</color>";
germ_battleship_scharnhorst_1;Scharnhorst;
germ_battleship_scharnhorst_2;Scharnhorst Class [CB];
germ_destroyer_class1924_iltis_shop;Luchs;
germ_destroyer_class1924_iltis_0;"<color=#7b9fb5>Torpedoboot Typ 1924</color>
Luchs
<color=#c0c0c0>1932 Refit</color>";
germ_destroyer_class1924_iltis_1;Luchs;
germ_destroyer_class1924_iltis_2;Type 1924 Class [DD];
germ_destroyer_class1924_jaguar1941_shop;Jaguar;
germ_destroyer_class1924_jaguar1941_0;"<color=#7b9fb5>Torpedoboot Typ 1924</color>
Jaguar
<color=#c0c0c0>1941 Refit</color>";
germ_destroyer_class1924_jaguar1941_1;Jaguar;
germ_destroyer_class1924_jaguar1941_2;Type 1924 Class [DD];
germ_destroyer_class1936c_z47_shop;Z 47;
germ_destroyer_class1936c_z47_0;"<color=#7b9fb5>Zerstörer Typ 1936C</color>
Z 47";
germ_destroyer_class1936c_z47_1;Z 47;
germ_destroyer_class1936c_z47_2;Type 1936C Class [DD];
germ_destroyer_class1936a_z25_shop;Z 25;
germ_destroyer_class1936a_z25_0;"<color=#7b9fb5>Zerstörer Typ 1936A</color>
Z 25
<color=#c0c0c0>1945 Refit</color>";
germ_destroyer_class1936a_z25_1;Z 25;
germ_destroyer_class1936a_z25_2;Type 1936A Class [DD];
germ_destroyer_class1936_z20_karlgalster_shop;Z 20;
germ_destroyer_class1936_z20_karlgalster_0;"<color=#7b9fb5>Zerstörer Typ 1936</color>
Z 20 Karl Galster
<color=#c0c0c0>1945 Refit</color>";
germ_destroyer_class1936_z20_karlgalster_1;Z 20;
germ_destroyer_class1936_z20_karlgalster_2;Type 1936 Class [DD];
germ_cruiser_karlsruhe_shop;Karlsruhe;
germ_cruiser_karlsruhe_0;"<color=#7b9fb5>Kreuzer Königsberg-Klasse</color>
Karlsruhe
<color=#c0c0c0>1940 Refit</color>";
germ_cruiser_karlsruhe_1;Karlsruhe;
germ_cruiser_karlsruhe_2;Königsberg Class [CL];
germ_cruiser_admiral_scheer_shop;Admiral Scheer;
germ_cruiser_admiral_scheer_0;"<color=#7b9fb5>schwerer Kreuzer Deutschland-Klasse</color>
Admiral Scheer
<color=#c0c0c0>1945 Refit</color>";
germ_cruiser_admiral_scheer_1;Admiral Scheer;
germ_cruiser_admiral_scheer_2;Deutschland Class [CA];
germ_cruiser_prinz_eugen_shop;Prinz Eugen;
germ_cruiser_prinz_eugen_0;"<color=#7b9fb5>schwerer Kreuzer Admiral Hipper-Klasse</color>
Prinz Eugen
<color=#c0c0c0>1945 Refit</color>";
germ_cruiser_prinz_eugen_1;Prinz Eugen;
germ_cruiser_prinz_eugen_2;Admiral Hipper Class [CA];
germ_battleship_nassau_shop;Nassau;
germ_battleship_nassau_0;"<color=#7b9fb5>Linienschiff Nassau-Klasse</color>
SMS Nassau";
germ_battleship_nassau_1;Nassau;
germ_battleship_nassau_2;Nassau Class [BB];
germ_battleship_ostfriesland_shop;Ostfriesland;
germ_battleship_ostfriesland_0;"<color=#7b9fb5>Linienschiff Helgoland-Klasse</color>
SMS Ostfriesland";
germ_battleship_ostfriesland_1;Ostfriesland;
germ_battleship_ostfriesland_2;Helgoland Class [BB];
germ_battleship_baden_shop;Baden;
germ_battleship_baden_0;"<color=#7b9fb5>Linienschiff Bayern-Klasse</color>
SMS Baden";
germ_battleship_baden_1;Baden;
germ_battleship_baden_2;Bayern Class [BB];
germ_destroyer_class1939_t31_shop;T 31;
germ_destroyer_class1939_t31_0;"<color=#7b9fb5>Flottentorpedoboot Typ 1939</color>
T 31
<color=#c0c0c0>1944 Refit</color>";
germ_destroyer_class1939_t31_1;T 31;
germ_destroyer_class1939_t31_2;Type 1939 Class [DD];
germ_destroyer_fletcher_zerstorer4_shop;Z 4;
germ_destroyer_fletcher_zerstorer4_0;"<color=#7b9fb5>Zerstörer Typ 119</color>
Z 4 (D 178)";
germ_destroyer_fletcher_zerstorer4_1;Z 4;
germ_destroyer_fletcher_zerstorer4_2;Type 119 Class [DD];
germ_battleship_gneisenau_380mm_shop;Gneisenau;
germ_battleship_gneisenau_380mm_0;"<color=#7b9fb5>Schlachtschiff Scharnhorst-Klasse</color>
Gneisenau
<color=#c0c0c0>38cm Refit</color>";
germ_battleship_gneisenau_380mm_1;Gneisenau;
germ_battleship_gneisenau_380mm_2;Scharnhorst Class [CB];
germ_battlecruiser_mackensen_class_shop;Mackensen;
germ_battlecruiser_mackensen_class_0;"<color=#7b9fb5>großer Kreuzer Mackensen-Klasse</color>
Mackensen";
germ_battlecruiser_mackensen_class_1;Mackensen;
germ_battlecruiser_mackensen_class_2;Mackensen Class [CB];
germ_destroyer_class1944_z52_shop;Z 52;
germ_destroyer_class1944_z52_0;"<color=#7b9fb5>Zerstörer Typ 1944</color>
Z 52";
germ_destroyer_class1944_z52_1;Z 52;
germ_destroyer_class1944_z52_2;Type 1944 Class [DD];
;;
;;
;;
<DEU Coastal>;;
;;
germ_schutze_class_shop;Schütze;
germ_schutze_class_0;Schütze Class, Schütze (M 1062);
germ_schutze_class_1;Schütze;
germ_schutze_class_2;Torpedo Boat;
germ_ls_class_shop;LS 3;
germ_ls_class_0;Schnellboot, LS 3;
germ_ls_class_1;LS 3;
germ_ls_class_2;Torpedo Boat;
germ_s38_shop;S 38;
germ_s38_0;Schnellboot, S 38;
germ_s38_1;S 38;
germ_s38_2;Torpedo Boat;
germ_s38b_shop;S 62;
germ_s38b_0;Schnellboot, S 62;
germ_s38b_1;S 62;
germ_s38b_2;Torpedo Boat;
germ_s30_s61_shop;S 61;
germ_s30_s61_0;Schnellboot, S 61;
germ_s30_s61_1;S 61;
germ_s30_s61_2;Torpedo Boat;
germ_s_100_class_shop;S 100;
germ_s_100_class_0;Schnellboot, S 100;
germ_s_100_class_1;S 100;
germ_s_100_class_2;Torpedo Boat;
germ_s_100_s_174_class_shop;S 147;
germ_s_100_s_174_class_0;Schnellboot, S 147;
germ_s_100_s_174_class_1;S 147;
germ_s_100_s_174_class_2;Torpedo Boat;
germ_pr_131_shop;Libelle;
germ_pr_131_0;Project 131 | Libelle Class Torpedo Boat, Libelle;
germ_pr_131_1;Libelle;
germ_pr_131_2;Torpedo Boat;
germ_vs10_hydrofoil_shop;VS 10;
germ_vs10_hydrofoil_0;Versuchsschnellboot VS 10;
germ_vs10_hydrofoil_1;VS 10;
germ_vs10_hydrofoil_2;Torpedo Boat;
germ_mz_1_shop;MZ 1;
germ_mz_1_0;MZ 1;
germ_mz_1_1;MZ 1;
germ_mz_1_2;Gunboat;
germ_minelayer_drache_shop;Drache;
germ_minelayer_drache_0;Minenleger Drache (1942);
germ_minelayer_drache_1;Drache;
germ_minelayer_drache_2;Minelayer;
germ_type143_albatros_shop;Albatros;
germ_type143_albatros_0;Albatros Class Fast Attack Craft, Albatros (P 6111);
germ_type143_albatros_1;Albatros;
germ_type143_albatros_2;Gunboat;
germ_pr_206_shop;Arthur Becker;
germ_pr_206_0;Project 206 | Shershen Class Torpedo Boat, Arthur Becker;
germ_pr_206_1;Arthur Becker;
germ_pr_206_2;Gunboat;
germ_rboot_r41_shop;R 41;
germ_rboot_r41_0;R 41 Class Minesweeper, R 41;
germ_rboot_r41_1;R 41;
germ_rboot_r41_2;Minesweeper;
germ_rboot_r130_shop;R 130;
germ_rboot_r130_0;R 130 Class Minesweeper, R 130;
germ_rboot_r130_1;R 130;
germ_rboot_r130_2;Minesweeper;
germ_rboot_r301_shop;R 301;
germ_rboot_r301_0;R 301 Class Minesweeper, R 301;
germ_rboot_r301_1;R 301;
germ_rboot_r301_2;Minesweeper;
germ_sf40_schwere_flakkampffaehre_shop;SF 05;
germ_sf40_schwere_flakkampffaehre_0;Siebelfähre 40 als schwere Flakkampffähre SF 05;
germ_sf40_schwere_flakkampffaehre_1;SF 05;
germ_sf40_schwere_flakkampffaehre_2;Anti-Air Ferry;
germ_sf40_leichte_flakkampffaehre_shop;SF 07;
germ_sf40_leichte_flakkampffaehre_0;Siebelfähre 40 als leichte Flakkampffähre SF 07;
germ_sf40_leichte_flakkampffaehre_1;SF 07;
germ_sf40_leichte_flakkampffaehre_2;Anti-Air Ferry;
germ_artilleriefahrprahm_typ_d1_shop;AF 99;
germ_artilleriefahrprahm_typ_d1_0;Artilleriefahrprahm Typ D 1, AF 99;
germ_artilleriefahrprahm_typ_d1_1;AF 99;
germ_artilleriefahrprahm_typ_d1_2;Landing Craft;
germ_artilleriefahrprahm_typ_d3_shop;AF 128;
germ_artilleriefahrprahm_typ_d3_0;Artilleriefahrprahm Typ D 3, AF 128;
germ_artilleriefahrprahm_typ_d3_1;AF 128;
germ_artilleriefahrprahm_typ_d3_2;Landing Craft;
germ_escort_typem1935_shop;M 17;
germ_escort_typem1935_0;Minensuchboot Typ 1935B | M 17;
germ_escort_typem1935_1;M 17;
germ_escort_typem1935_2;Subchaser;
germ_type140_jaguar_shop;Jaguar;
germ_type140_jaguar_0;Jaguar Class Fast Attack Craft, Jaguar (P 6059);
germ_type140_jaguar_1;Jaguar;
germ_type140_jaguar_2;Torpedo Boat;
germ_pr1331_shop;Parchim;
germ_pr1331_0;Project 133.1 | Parachim Class Corvette, Parchim (242);
germ_pr1331_1;Parchim;
germ_pr1331_2;Parchim Class [FS];
germ_frigate_koln_shop;Köln;
germ_frigate_koln_0;Köln Class Frigate, Köln (F 220);
germ_frigate_koln_1;Köln;
germ_frigate_koln_2;Köln Class [FF];
germ_rdm242_shop;Krischan der Große;
germ_rdm242_0;Krischan der Große;
germ_rdm242_1;Krischan der Große;
germ_rdm242_2;Gunboat;
germ_kondor2_class_shop;Bernau;
germ_kondor2_class_0;Project 89.2 | Kondor Class Minesweeper, Bernau (343);
germ_kondor2_class_1;Bernau;
germ_kondor2_class_2;Minesweeper;
germ_type152_hugin_shop;Hugin;
germ_type152_hugin_0;Hugin Class Torpedo Boat, Hugin (P 6191);
germ_type152_hugin_1;Hugin;
germ_type152_hugin_2;Torpedo Boat;
germ_type153_pfeil_shop;Pfeil;
germ_type153_pfeil_0;Brave Class Patrol Boat, Pfeil (P 6193);
germ_type153_pfeil_1;Pfeil;
germ_type153_pfeil_2;Torpedo Boat;
germ_ls4_class_shop;LS 4;
germ_ls4_class_0;Schnellboot, LS 4 Esau;
germ_ls4_class_1;LS 4;
germ_ls4_class_2;Torpedo Boat;
germ_km5_shop;KS 5;
germ_km5_0;Schnellboot, KS 5;
germ_km5_1;KS 5;
germ_km5_2;Torpedo Boat;
germ_r310_shop;R 310;
germ_r310_0;R 301 Class Minesweeper, R 310;
germ_r310_1;R 310;
germ_r310_2;Minesweeper;
germ_vs8_hydrofoil_shop;VS 8;
germ_vs8_hydrofoil_0;Versuchsschnellboot VS 8 Schell I;
germ_vs8_hydrofoil_1;VS 8;
germ_vs8_hydrofoil_2;Minelayer;
germ_s_700_s_701_shop;S 701;
germ_s_700_s_701_0;Schnellboot, S 701;
germ_s_700_s_701_1;S 701;
germ_s_700_s_701_2;Torpedo Boat;
germ_escort_typem1943_shop;M 601;
germ_escort_typem1943_0;Minensuchboot Typ 1943 | M 601;
germ_escort_typem1943_1;M 601;
germ_escort_typem1943_2;Subchaser;
germ_frigate_koln_lubeck_shop;Lübeck;
germ_frigate_koln_lubeck_0;Köln Class Frigate, Lübeck (F 224);
germ_frigate_koln_lubeck_1;Lübeck;
germ_frigate_koln_lubeck_2;Köln Class [FF];
germ_skr_pr50_karl_marx_shop;Karl Marx;
germ_skr_pr50_karl_marx_0;Project 50 | Riga Class Frigate, Karl Marx;
germ_skr_pr50_karl_marx_1;Karl Marx;
germ_skr_pr50_karl_marx_2;Riga Class [FF];
germ_type143_bussard_shop;Bussard;
germ_type143_bussard_0;Albatros Class Fast Attack Craft, Bussard (P 6114);
germ_type143_bussard_1;Bussard;
germ_type143_bussard_2;Gunboat;
germ_s_100_s_204_lang_shop;S 204;
germ_s_100_s_204_lang_0;Schnellboot, S 204 Lang;
germ_s_100_s_204_lang_1;S 204;
germ_s_100_s_204_lang_2;Torpedo Boat;
;;
;;
;;
<RUS Army>;;
;;
ussr_bt_5_shop;BT-5;
ussr_bt_5_0;BT-5 obr.1933 g.;
ussr_bt_5_1;BT-5;
ussr_bt_5_2;Light Tank;
ussr_bt_7_1937_shop;BT-7;
ussr_bt_7_1937_0;"<color=#c8a5b2>Object A-7</color>
BT-7 obr.1937 g.";
ussr_bt_7_1937_1;BT-7;
ussr_bt_7_1937_2;Light Tank;
ussr_bt_7_m_shop;BT-7M;
ussr_bt_7_m_0;"<color=#c8a5b2>Object A-8</color>
BT-7M obr.1940 g.";
ussr_bt_7_m_1;BT-7M;
ussr_bt_7_m_2;Light Tank;
ussr_t_50_shop;T-50;
ussr_t_50_0;"<color=#c8a5b2>Object 135</color>
T-50";
ussr_t_50_1;T-50;
ussr_t_50_2;Light Tank;
ussr_t_34_1941_l_11_shop;T-34 (1940);
ussr_t_34_1941_l_11_0;"<color=#c8a5b2>Object 34</color>
T-34 obr.1940 g.";
ussr_t_34_1941_l_11_1;T-34;
ussr_t_34_1941_l_11_2;Medium Tank;
ussr_t_34_1941_shop;T-34 (1941);
ussr_t_34_1941_0;"<color=#c8a5b2>Object 34</color>
T-34 obr.1941 g.";
ussr_t_34_1941_1;T-34;
ussr_t_34_1941_2;Medium Tank;
ussr_t_34_1942_shop;T-34 (1942);
ussr_t_34_1942_0;"<color=#c8a5b2>Object 34</color>
T-34 obr.1942 g.";
ussr_t_34_1942_1;T-34;
ussr_t_34_1942_2;Medium Tank;
ussr_t_34E_STZ_shop;T-34E (STZ);
ussr_t_34E_STZ_0;"<color=#c8a5b2>Object 34</color>
T-34E obr.1941 g.
<color=#c0c0c0>Stalingradskij Traktornij Zavod</color>";
ussr_t_34E_STZ_1;T-34E;
ussr_t_34E_STZ_2;Medium Tank;
ussr_t_34_1941_57_shop;T-34-57 (1941);
ussr_t_34_1941_57_0;"<color=#c8a5b2>Object 34</color>
T-34-57 obr.1941 g.";
ussr_t_34_1941_57_1;T-34-57;
ussr_t_34_1941_57_2;Medium Tank;
ussr_t_34_85_d_5t_shop;T-34-85 (1943);
ussr_t_34_85_d_5t_0;"<color=#c8a5b2>Object 35</color>
T-34-85 obr.1943 g.";
ussr_t_34_85_d_5t_1;T-34-85;
ussr_t_34_85_d_5t_2;Medium Tank;
ussr_t_34_85_zis_53_shop;T-34-85 (1944);
ussr_t_34_85_zis_53_0;"<color=#c8a5b2>Object 35</color>
T-34-85 obr.1944 g.";
ussr_t_34_85_zis_53_1;T-34-85;
ussr_t_34_85_zis_53_2;Medium Tank;
ussr_t_34_85_stp_s53_shop;T-34-85 (STP);
ussr_t_34_85_stp_s53_0;"<color=#c8a5b2>Object 35</color>
T-34-85 obr.1946 g.
<color=#c0c0c0>S STP-S-53 “Taran”</color>";
ussr_t_34_85_stp_s53_1;T-34-85 (STP);
ussr_t_34_85_stp_s53_2;Medium Tank;
ussr_t_44_shop;T-44A;
ussr_t_44_0;"<color=#c8a5b2>Object 136</color>
T-44A obr.1945 g.";
ussr_t_44_1;T-44A;
ussr_t_44_2;Medium Tank;
ussr_t_44_100_shop;T-44-100;
ussr_t_44_100_0;"<color=#c8a5b2>Object 136</color>
T-44-100";
ussr_t_44_100_1;T-44-100;
ussr_t_44_100_2;Medium Tank;
ussr_t_54_1947_shop;T-54-1;
ussr_t_54_1947_0;"<color=#c8a5b2>Object 137-I</color>
T-54-1 obr.1947 g.";
ussr_t_54_1947_1;T-54;
ussr_t_54_1947_2;Main Battle Tank;
ussr_t_54_1949_shop;T-54-2;
ussr_t_54_1949_0;"<color=#c8a5b2>Object 137-II</color>
T-54-2 obr.1949 g.";
ussr_t_54_1949_1;T-54;
ussr_t_54_1949_2;Main Battle Tank;
ussr_t_54_1951_shop;T-54-3;
ussr_t_54_1951_0;"<color=#c8a5b2>Object 137-III</color>
T-54-3 obr.1951 g.";
ussr_t_54_1951_1;T-54;
ussr_t_54_1951_2;Main Battle Tank;
ussr_t_55a_shop;T-55A;
ussr_t_55a_0;"<color=#c8a5b2>Object 155A</color>
T-55A obr.1970 g.";
ussr_t_55a_1;T-55A;
ussr_t_55a_2;Main Battle Tank;
ussr_t_55_amd_1_shop;T-55AMD-1;
ussr_t_55_amd_1_0;"<color=#c8a5b2>Object 155AMD-1</color>
T-55AMD-1";
ussr_t_55_amd_1_1;T-55AMD-1;
ussr_t_55_amd_1_2;Main Battle Tank;
ussr_t_62_shop;T-62;
ussr_t_62_0;"<color=#c8a5b2>Object 166</color>
T-62 obr.1964 g.";
ussr_t_62_1;T-62;
ussr_t_62_2;Main Battle Tank;
ussr_t_62m1_shop;T-62M-1;
ussr_t_62m1_0;"<color=#c8a5b2>Object 166M-1</color>
T-62M-1";
ussr_t_62m1_1;T-62M-1;
ussr_t_62m1_2;Main Battle Tank;
ussr_t_72a_shop;T-72A;
ussr_t_72a_0;"<color=#c8a5b2>Object 172M-1</color>
T-72A obr.1983 g.";
ussr_t_72a_1;T-72A;
ussr_t_72a_2;Main Battle Tank;
ussr_t_72b_shop;T-72B (1985);
ussr_t_72b_0;"<color=#c8a5b2>Object 184</color>
T-72B obr.1985 g.";
ussr_t_72b_1;T-72B (1985);
ussr_t_72b_2;Main Battle Tank;
ussr_t_72b_1989_shop;T-72B (1989);
ussr_t_72b_1989_0;"<color=#c8a5b2>Object 184</color>
T-72B obr.1989 g.";
ussr_t_72b_1989_1;T-72B (1989);
ussr_t_72b_1989_2;Main Battle Tank;
ussr_t_90a_shop;T-90A;
ussr_t_90a_0;"<color=#c8a5b2>Object 188A1</color>
T-90A obr.2006 g.
<color=#7b9fb5>Vladimir</color>";
ussr_t_90a_1;T-90A;
ussr_t_90a_2;Main Battle Tank;
ussr_t_72b3_2011_shop;T-72B3M;
ussr_t_72b3_2011_0;"<color=#c8a5b2>Object 184B</color>
T-72B3M obr.2016 g.";
ussr_t_72b3_2011_1;T-72B3M;
ussr_t_72b3_2011_2;Main Battle Tank;
ussr_t_72b3_arena_m_shop;T-72B3A;
ussr_t_72b3_arena_m_0;"<color=#c8a5b2>Object 184-5</color>
T-72B3A obr.2024 g.";
ussr_t_72b3_arena_m_1;T-72B3A;
ussr_t_72b3_arena_m_2;Main Battle Tank;
ussr_t_90m_2020_shop;T-90M;
ussr_t_90m_2020_0;"<color=#c8a5b2>Object 188M</color>
T-90M obr.2020 g.";
ussr_t_90m_2020_1;T-90M;
ussr_t_90m_2020_2;Main Battle Tank;
ussr_t_90m_arena_m_shop;T-90M (Arena-M);
ussr_t_90m_arena_m_0;"<color=#c8a5b2>Object 188M</color>
T-90M obr.2025 g.";
ussr_t_90m_arena_m_1;T-90M (Arena-M);
ussr_t_90m_arena_m_2;Main Battle Tank;
ussr_t_26_1940_shop;T-26-1;
ussr_t_26_1940_0;T-26-1 obr.1939 g.;
ussr_t_26_1940_1;T-26-1;
ussr_t_26_1940_2;Light Tank;
ussr_t_28_1938_shop;T-28 (1936);
ussr_t_28_1938_0;T-28 obr.1936 g.;
ussr_t_28_1938_1;T-28 (1936);
ussr_t_28_1938_2;Medium Tank;
ussr_t_28_shop;T-28 (1938);
ussr_t_28_0;T-28 obr.1938 g.;
ussr_t_28_1;T-28 (1938);
ussr_t_28_2;Medium Tank;
ussr_t_28E_shop;T-28E;
ussr_t_28E_0;T-28E obr.1939 g.;
ussr_t_28E_1;T-28E;
ussr_t_28E_2;Medium Tank;
ussr_kv_1_L_11_shop;KV-1 (1939);
ussr_kv_1_L_11_0;KV-1 obr.1939 g.;
ussr_kv_1_L_11_1;KV-1 (1939);
ussr_kv_1_L_11_2;Heavy Tank;
ussr_kv_2_1939_shop;KV-2 (1940);
ussr_kv_2_1939_0;KV-2 obr.1940 g.;
ussr_kv_2_1939_1;KV-2 (1940);
ussr_kv_2_1939_2;Heavy Tank;
ussr_kv_1s_shop;KV-1S;
ussr_kv_1s_0;KV-1S obr.1942 g.;
ussr_kv_1s_1;KV-1S;
ussr_kv_1s_2;Heavy Tank;
ussr_kv_1_zis_5_shop;KV-1 (1941);
ussr_kv_1_zis_5_0;KV-1 obr.1941 g.;
ussr_kv_1_zis_5_1;KV-1 (1941);
ussr_kv_1_zis_5_2;Heavy Tank;
ussr_kv_85_shop;KV-85;
ussr_kv_85_0;"<color=#c8a5b2>Object 239</color>
KV-85 obr.1942 g.";
ussr_kv_85_1;KV-85;
ussr_kv_85_2;Heavy Tank;
ussr_is_1_shop;IS-1;
ussr_is_1_0;"<color=#c8a5b2>Object 237</color>
IS-1 obr.1943 g.";
ussr_is_1_1;IS-1;
ussr_is_1_2;Heavy Tank;
ussr_is_2_1943_shop;IS-2 (1943);
ussr_is_2_1943_0;"<color=#c8a5b2>Object 240</color>
IS-2 obr.1943 g.";
ussr_is_2_1943_1;IS-2;
ussr_is_2_1943_2;Heavy Tank;
ussr_is_2_1944_shop;IS-2 (1944);
ussr_is_2_1944_0;"<color=#c8a5b2>Object 240</color>
IS-2 obr.1944 g.";
ussr_is_2_1944_1;IS-2;
ussr_is_2_1944_2;Heavy Tank;
ussr_is_2_1944_321_shop;IS-2 (№321);
ussr_is_2_1944_321_0;"<color=#c8a5b2>Object 240</color>
IS-2 obr.1944 g.
<color=#fcba03>№321</color>";
ussr_is_2_1944_321_1;IS-2 (№321);
ussr_is_2_1944_321_2;Heavy Tank;
ussr_is_3_shop;IS-3;
ussr_is_3_0;"<color=#c8a5b2>Object 703</color>
IS-3 obr.1945 g.";
ussr_is_3_1;IS-3;
ussr_is_3_2;Heavy Tank;
ussr_is_4m_shop;IS-4M;
ussr_is_4m_0;"<color=#c8a5b2>Object 701-6</color>
IS-4M obr.1949 g.";
ussr_is_4m_1;IS-4M;
ussr_is_4m_2;Heavy Tank;
ussr_t_10m_shop;T-10M;
ussr_t_10m_0;"<color=#c8a5b2>Object 272</color>
T-10M obr.1967 g.";
ussr_t_10m_1;T-10M;
ussr_t_10m_2;Heavy Tank;
ussr_object_435_shop;Obj. 435;
ussr_object_435_0;Object 435;
ussr_object_435_1;Obj. 435;
ussr_object_435_2;Main Battle Tank;
ussr_t_64a_1971_shop;T-64A;
ussr_t_64a_1971_0;"<color=#c8a5b2>Object 434</color>
T-64A obr.1971 g.";
ussr_t_64a_1971_1;T-64A;
ussr_t_64a_1971_2;Main Battle Tank;
ussr_t_64_b_1984_shop;T-64BV;
ussr_t_64_b_1984_0;"<color=#c8a5b2>Object 447AV</color>
T-64BV obr.1987 g.";
ussr_t_64_b_1984_1;T-64BV;
ussr_t_64_b_1984_2;Main Battle Tank;
ussr_t_80b_shop;T-80B;
ussr_t_80b_0;"<color=#c8a5b2>Object 219R</color>
T-80B obr.1982 g.";
ussr_t_80b_1;T-80B;
ussr_t_80b_2;Main Battle Tank;
ussr_t_80u_shop;T-80U;
ussr_t_80u_0;"<color=#c8a5b2>Object 219AS</color>
T-80U obr.1992 g.";
ussr_t_80u_1;T-80U;
ussr_t_80u_2;Main Battle Tank;
ussr_t_80bvm_shop;T-80BVM;
ussr_t_80bvm_0;"<color=#c8a5b2>Object 219RVM</color>
T-80BVM obr.2017 g.";
ussr_t_80bvm_1;T-80BVM;
ussr_t_80bvm_2;Main Battle Tank;
ussr_t_26_4_shop;T-26-4;
ussr_t_26_4_0;T-26-4;
ussr_t_26_4_1;T-26-4;
ussr_t_26_4_2;Light Tank;
ussr_t_60_1941_shop;T-60;
ussr_t_60_1941_0;"<color=#c8a5b2>Object 0-60</color>
T-60 obr.1942 g.";
ussr_t_60_1941_1;T-60;
ussr_t_60_1941_2;Light Tank;
ussr_t_70_1942_shop;T-70;
ussr_t_70_1942_0;"<color=#c8a5b2>Object 0-70</color>
T-70 obr.1942 g.";
ussr_t_70_1942_1;T-70;
ussr_t_70_1942_2;Light Tank;
ussr_t_80_shop;T-80;
ussr_t_80_0;"<color=#c8a5b2>Object 0-80</color>
T-80";
ussr_t_80_1;T-80;
ussr_t_80_2;Light Tank;
ussr_asu_57_shop;ASU-57;
ussr_asu_57_0;"<color=#c8a5b2>Object 572</color>
ASU-57";
ussr_asu_57_1;ASU-57;
ussr_asu_57_2;Tank Destroyer;
ussr_pt_76b_shop;PT-76B;
ussr_pt_76b_0;"<color=#c8a5b2>Object 740B</color>
PT-76B obr.1959 g.";
ussr_pt_76b_1;PT-76B;
ussr_pt_76b_2;Light Tank;
ussr_asu_85_shop;ASU-85;
ussr_asu_85_0;"<color=#c8a5b2>Object 573</color>
ASU-85";
ussr_asu_85_1;ASU-85;
ussr_asu_85_2;Tank Destroyer;
ussr_su_100p_shop;SU-100P;
ussr_su_100p_0;"<color=#c8a5b2>Object 105</color>
SU-100P";
ussr_su_100p_1;SU-100P;
ussr_su_100p_2;Tank Destroyer;
ussr_btr_80a_shop;BTR-80A;
ussr_btr_80a_0;BTR-80A;
ussr_btr_80a_1;BTR-80A;
ussr_btr_80a_2;Infantry Fighting Vehicle;
ussr_bmp_1_shop;BMP-1P;
ussr_bmp_1_0;"<color=#c8a5b2>Object 765</color>
BMP-1P obr.1979 g.";
ussr_bmp_1_1;BMP-1P;
ussr_bmp_1_2;Infantry Fighting Vehicle;
ussr_object_906_shop;Obj. 906;
ussr_object_906_0;"<color=#c8a5b2>Object 906</color>
PT-85";
ussr_object_906_1;Obj. 906;
ussr_object_906_2;Light Tank;
ussr_bmp_2_shop;BMP-2D;
ussr_bmp_2_0;"<color=#c8a5b2>Object 675</color>
BMP-2D obr.1982 g.";
ussr_bmp_2_1;BMP-2D;
ussr_bmp_2_2;Infantry Fighting Vehicle;
ussr_object_685_shop;Obj. 685;
ussr_object_685_0;Object 685;
ussr_object_685_1;Obj. 685;
ussr_object_685_2;Light Tank;
ussr_bmp_3_shop;BMP-3;
ussr_bmp_3_0;"<color=#c8a5b2>Object 688A</color>
BMP-3 obr.2017 g.";
ussr_bmp_3_1;BMP-3;
ussr_bmp_3_2;Infantry Fighting Vehicle;
ussr_2s25_shop;Sprut-SD;
ussr_2s25_0;"<color=#c8a5b2>Object 952</color>
2S25
<color=#7b9fb5>Sprut-SD</color>";
ussr_2s25_1;Sprut-SD;
ussr_2s25_2;Light Tank;
ussr_bmd_4m2_shop;BMD-4M (Sinista);
ussr_bmd_4m2_0;"<color=#c8a5b2>Object 960M2</color>
BMD-4M
<color=#c0c0c0>S boyevm modulem «Sinista»</color>";
ussr_bmd_4m2_1;BMD-4M (Sinista);
ussr_bmd_4m2_2;Infantry Fighting Vehicle;
ussr_2s25m_shop;Sprut-SDM1;
ussr_2s25m_0;"<color=#c8a5b2>Object 952</color>
2S25M
<color=#7b9fb5>Sprut-SDM1</color>";
ussr_2s25m_1;Sprut-SDM1;
ussr_2s25m_2;Light Tank;
ussr_su_5_1_shop;SU-5-1;
ussr_su_5_1_0;SU-5-1;
ussr_su_5_1_1;SU-5-1;
ussr_su_5_1_2;Self-Propelled Gun;
ussr_su_76m_1943_shop;SU-76M;
ussr_su_76m_1943_0;SU-76M obr.1943 g.;
ussr_su_76m_1943_1;SU-76M;
ussr_su_76m_1943_2;Tank Destroyer;
ussr_zis_30_shop;ZiS-30;
ussr_zis_30_0;ZiS-30;
ussr_zis_30_1;ZiS-30;
ussr_zis_30_2;Tank Destroyer;
ussr_su_57b_shop;SU-57B;
ussr_su_57b_0;SU-57B;
ussr_su_57b_1;SU-57B;
ussr_su_57b_2;Tank Destroyer;
ussr_su_122_shop;SU-122;
ussr_su_122_0;SU-122 obr.1942 g.;
ussr_su_122_1;SU-122;
ussr_su_122_2;Tank Destroyer;
ussr_zsu_29k_shop;29-K;
ussr_zsu_29k_0;ZSU 29-K;
ussr_zsu_29k_1;29-K;
ussr_zsu_29k_2;Tank Destroyer;
ussr_su_152_shop;SU-152;
ussr_su_152_0;"<color=#c8a5b2>Object 236</color>
SU-152 obr.1943 g.";
ussr_su_152_1;SU-152;
ussr_su_152_2;Tank Destroyer;
ussr_su_85_1943_shop;SU-85;
ussr_su_85_1943_0;"<color=#c8a5b2>Object 139</color>
SU-85 obr.1944 g.";
ussr_su_85_1943_1;SU-85;
ussr_su_85_1943_2;Tank Destroyer;
ussr_isu_152_shop;ISU-152;
ussr_isu_152_0;"<color=#c8a5b2>Object 241</color>
ISU-152 obr.1945 g.";
ussr_isu_152_1;ISU-152;
ussr_isu_152_2;Tank Destroyer;
ussr_su_85m_shop;SU-85M;
ussr_su_85m_0;"<color=#c8a5b2>Object 139</color>
SU-85M obr.1944 g.";
ussr_su_85m_1;SU-85M;
ussr_su_85m_2;Tank Destroyer;
ussr_isu_122_shop;ISU-122;
ussr_isu_122_0;"<color=#c8a5b2>Object 242</color>
ISU-122 obr.1945 g.";
ussr_isu_122_1;ISU-122;
ussr_isu_122_2;Tank Destroyer;
ussr_isu_122s_shop;ISU-122S;
ussr_isu_122s_0;"<color=#c8a5b2>Object 249</color>
ISU-122S obr.1945 g.";
ussr_isu_122s_1;ISU-122S;
ussr_isu_122s_2;Tank Destroyer;
ussr_su_100_1945_shop;SU-100;
ussr_su_100_1945_0;"<color=#c8a5b2>Object 138</color>
SU-100 obr.1944 g.";
ussr_su_100_1945_1;SU-100;
ussr_su_100_1945_2;Tank Destroyer;
ussr_2s1_shop;2S1;
ussr_2s1_0;"<color=#c8a5b2>Object 26</color>
2S1
<color=#7b9fb5>Gvozdika</color>";
ussr_2s1_1;2S1;
ussr_2s1_2;Self-Propelled Gun;
ussr_2s3m_shop;2S3M;
ussr_2s3m_0;"<color=#c8a5b2>Object 303M</color>
2S3M
<color=#7b9fb5>Akatsiya-M</color>";
ussr_2s3m_1;2S3M;
ussr_2s3m_2;Self-Propelled Gun;
ussr_su_122_54_shop;SU-122-54;
ussr_su_122_54_0;"<color=#c8a5b2>Object 600</color>
SU-122-54 obr.1956 g.";
ussr_su_122_54_1;SU-122-54;
ussr_su_122_54_2;Tank Destroyer;
ussr_object_268_shop;Obj. 268;
ussr_object_268_0;Object 268;
ussr_object_268_1;Obj. 268;
ussr_object_268_2;Tank Destroyer;
ussr_2s19_m1_shop;2S19M1;
ussr_2s19_m1_0;"<color=#c8a5b2>Object 316</color>
2S19M1
<color=#7b9fb5>Msta-S1</color>";
ussr_2s19_m1_1;2S19M1;
ussr_2s19_m1_2;Self-Propelled Gun;
ussr_object_416_shop;Obj.416;
ussr_object_416_0;Object 416;
ussr_object_416_1;Obj.416;
ussr_object_416_2;Tank Destroyer;
ussr_it_1_shop;IT-1;
ussr_it_1_0;"<color=#c8a5b2>Object 150</color>
IT-1";
ussr_it_1_1;IT-1;
ussr_it_1_2;Missile Carrier;
ussr_9p149_shop;Shturm-S;
ussr_9p149_0;"<color=#c8a5b2>Object 49</color>
9P149M Shturm-S";
ussr_9p149_1;Shturm-S;
ussr_9p149_2;Missile Carrier;
ussr_btr_82at_shop;BTR-82AT (9P163-1);
ussr_btr_82at_0;"BTR-82AT
<color=#c0c0c0>S 9P163-1 Kornet</color>";
ussr_btr_82at_1;BTR-82AT (9P163-1);
ussr_btr_82at_2;Infantry Fighting Vehicle;
ussr_object_775_shop;Obj. 775;
ussr_object_775_0;Object 775;
ussr_object_775_1;Obj. 775;
ussr_object_775_2;Missile Carrier;
ussr_9p157_shop;Khrizantema-S;
ussr_9p157_0;"<color=#c8a5b2>Object 699</color>
9P157-2
<color=#7b9fb5>Khrizantema-S</color>";
ussr_9p157_1;Khrizantema-S;
ussr_9p157_2;Missile Carrier;
ussr_bmpt_shop;BMPT;
ussr_bmpt_0;"<color=#c8a5b2>Object 199</color>
BMPT obr.2002 g.
<color=#7b9fb5>Spyridon</color>
<color=#7b9fb5>”Terminator”</color>";
ussr_bmpt_1;BMPT;
ussr_bmpt_2;Infantry Fighting Vehicle;
ussr_gaz_4m_shop;GAZ-AAA (4M);
ussr_gaz_4m_0;"GAZ-AAA
<color=#c0c0c0>S 7.62mm M1931 4M</color>";
ussr_gaz_4m_1;GAZ-AAA (4M);
ussr_gaz_4m_2;SPAA;
ussr_gaz_dshk_shop;GAZ-AAA (DShK);
ussr_gaz_dshk_0;"GAZ-AAA
<color=#c0c0c0>S 12.7mm DShK-38</color>";
ussr_gaz_dshk_1;GAZ-AAA (DShK);
ussr_gaz_dshk_2;SPAA;
ussr_gaz_mm_72k_shop;GAZ-MM (72-K);
ussr_gaz_mm_72k_0;"GAZ-MM
<color=#c0c0c0>S 72K 25mm M1940</color>";
ussr_gaz_mm_72k_1;GAZ-MM (72-K);
ussr_gaz_mm_72k_2;SPAA;
ussr_btr_152a_shop;BTR-152A;
ussr_btr_152a_0;"<color=#c8a5b2>Object 140A</color>
BTR-152A
<color=#c0c0c0>S krepleniyemZTPU-2</color>";
ussr_btr_152a_1;BTR-152A;
ussr_btr_152a_2;SPAA;
ussr_zis_43_shop;ZiS-43;
ussr_zis_43_0;ZiS-43;
ussr_zis_43_1;ZiS-43;
ussr_zis_43_2;SPAA;
ussr_zis_12_94KM_1945_shop;ZiS-12 (94-KM);
ussr_zis_12_94KM_1945_0;"ZiS-12
<color=#c0c0c0>94-KM</color>";
ussr_zis_12_94KM_1945_1;ZiS-12 (94-KM);
ussr_zis_12_94KM_1945_2;SPAA;
ussr_zsu_37_shop;ZSU-37;
ussr_zsu_37_0;ZSU-37;
ussr_zsu_37_1;ZSU-37;
ussr_zsu_37_2;SPAA;
ussr_btr_152d_shop;ZiS-152D;
ussr_btr_152d_0;"ZiS-152D
<color=#c0c0c0>S krepleniyem ZTPU-4</color>";
ussr_btr_152d_1;ZiS-152D;
ussr_btr_152d_2;SPAA;
ussr_btr_zd_shop;BTR-ZD;
ussr_btr_zd_0;"<color=#c8a5b2>Object 925S</color>
BTR-ZD
<color=#7b9fb5>Skrezhet</color>";
ussr_btr_zd_1;BTR-ZD;
ussr_btr_zd_2;SPAA;
ussr_zsu_57_2_shop;ZSU-57-2;
ussr_zsu_57_2_0;"<color=#c8a5b2>Object 500</color>
ZSU-57-2
<color=#7b9fb5>”Sparka”</color>";
ussr_zsu_57_2_1;ZSU-57-2;
ussr_zsu_57_2_2;SPAA;
ussr_zsu_23_4m2_shop;ZSU-23-4M2;
ussr_zsu_23_4m2_0;"<color=#c8a5b2>2A6M2</color>
ZSU-23-4M2
<color=#7b9fb5>Shilka-M2</color>";
ussr_zsu_23_4m2_1;ZSU-23-4M2;
ussr_zsu_23_4m2_2;SPAA;
ussr_zsu_37_2_shop;ZSU-37-2;
ussr_zsu_37_2_0;"<color=#c8a5b2>2A1</color>
ZSU-37-2
<color=#7b9fb5>Yenisei</color>";
ussr_zsu_37_2_1;ZSU-37-2;
ussr_zsu_37_2_2;SPAA;
ussr_zsu_23_4_shop;ZSU-23-4V;
ussr_zsu_23_4_0;"<color=#c8a5b2>2A6V</color>
ZSU-23-4V
<color=#7b9fb5>Shilka</color>";
ussr_zsu_23_4_1;ZSU-23-4V;
ussr_zsu_23_4_2;SPAA;
ussr_zsu_23_4m4_shop;ZSU-23-4M4;
ussr_zsu_23_4m4_0;"<color=#c8a5b2>2A6M4</color>
ZSU-23-4M4
<color=#7b9fb5>Shilka-M4</color>";
ussr_zsu_23_4m4_1;ZSU-23-4M4;
ussr_zsu_23_4m4_2;SPAA / SAM;
ussr_9a33bm3_shop;Osa-AKM;
ussr_9a33bm3_0;"<color=#c8a5b2>9A33BM3</color>
9K33M3
<color=#7b9fb5>Osa-AKM</color>";
ussr_9a33bm3_1;Osa-AKM;
ussr_9a33bm3_2;SAM;
ussr_9a35_m2_shop;Strela-10M2;
ussr_9a35_m2_0;"<color=#c8a5b2>9A35M</color>
BM 9K35M2
<color=#7b9fb5>Strela-10M2</color>";
ussr_9a35_m2_1;Strela-10M2;
ussr_9a35_m2_2;SAM;
ussr_zprk_2s6_shop;Tunguska-M1;
ussr_zprk_2s6_0;"<color=#c8a5b2>Object 352M1</color>
ZSU 2S6M1
<color=#7b9fb5>Tunguska-M1</color>";
ussr_zprk_2s6_1;Tunguska-M1;
ussr_zprk_2s6_2;SPAA / SAM;
ussr_tor_m1_shop;Tor-M1;
ussr_tor_m1_0;"<color=#c8a5b2>9A331-1</color>
9K331
<color=#7b9fb5>Tor-M1</color>";
ussr_tor_m1_1;Tor-M1;
ussr_tor_m1_2;SAM;
ussr_pantsyr_s1_shop;Pantsir-S1;
ussr_pantsyr_s1_0;"<color=#c8a5b2>96K6</color>
72V6
<color=#7b9fb5>Pantsir-S1</color>";
ussr_pantsyr_s1_1;Pantsir-S1;
ussr_pantsyr_s1_2;SPAA / SAM;
ussr_pantsyr_sm_sv_shop;Pantsir-SM-SV;
ussr_pantsyr_sm_sv_0;"<color=#c8a5b2>96K6</color>
72V6M
<color=#7b9fb5>Pantsir-SM-SV</color>";
ussr_pantsyr_sm_sv_1;Pantsir-SM-SV;
ussr_pantsyr_sm_sv_2;SPAA / SAM;
ussr_buk_m3_fcs_shop;9S18M3;
ussr_buk_m3_fcs_0;"9S18M3 Target Acquisition Radar Vehicle
<color=#7b9fb5>Buk-M3</color>";
ussr_buk_m3_fcs_1;9S18M3;
ussr_buk_m3_fcs_2;Radar Vehicle;
ussr_buk_m3_launcher_shop;9A317M;
ussr_buk_m3_launcher_0;"<color=#c8a5b2>9A317M</color>
9K317M Transporter Erector Launcher And Radar
<color=#7b9fb5>Buk-M3</color>";
ussr_buk_m3_launcher_1;9A317M;
ussr_buk_m3_launcher_2;SAM;
ussr_garford_putilov_shop;Garford-Putilov;
ussr_garford_putilov_0;Garford-Putilov;
ussr_garford_putilov_1;Garford-Putilov;
ussr_garford_putilov_2;Light Tank;
uk_garford_putilov_shop;Garford;
uk_garford_putilov_0;Putilov-Garford;
uk_garford_putilov_1;Garford;
uk_garford_putilov_2;Light Tank;
ussr_t_26_1940_1st_GvTBr_shop;T-26-1 (1st G.T.B.);
ussr_t_26_1940_1st_GvTBr_0;"T-26-1 obr.1940 g.
<color=#fcba03>1st Guards Tank Brigade</color>";
ussr_t_26_1940_1st_GvTBr_1;T-26-1 (1st G.T.B.);
ussr_t_26_1940_1st_GvTBr_2;Light Tank;
ussr_t_26E_shop;T-26-1E;
ussr_t_26E_0;T-26-1E obr.1940 g.;
ussr_t_26E_1;T-26-1E;
ussr_t_26E_2;Light Tank;
ussr_bt_7_1937_td_shop;BT-7 [TD];
ussr_bt_7_1937_td_0;"<color=#c8a5b2>Object A-7</color>
BT-7 obr.1937 g.
<color=#9146ff>Twitch Drop</color>";
ussr_bt_7_1937_td_1;BT-7 [TD];
ussr_bt_7_1937_td_2;Light Tank;
ussr_rbt_5_shop;RBT-5;
ussr_rbt_5_0;RBT-5;
ussr_rbt_5_1;RBT-5;
ussr_rbt_5_2;Light Tank;
ussr_t_35_shop;T-35;
ussr_t_35_0;T-35 obr.1935 g.;
ussr_t_35_1;T-35;
ussr_t_35_2;Heavy Tank;
ussr_ba_11_shop;BA-11;
ussr_ba_11_0;BA-11;
ussr_ba_11_1;BA-11;
ussr_ba_11_2;Armored Car;
ussr_su_57_shop;SU-57;
ussr_su_57_0;SU-57;
ussr_su_57_1;SU-57;
ussr_su_57_2;Tank Destroyer;
ussr_bm_8_24_shop;BM-8-24;
ussr_bm_8_24_0;BM-8-24;
ussr_bm_8_24_1;BM-8-24;
ussr_bm_8_24_2;Tank Destroyer;
ussr_pzkpfw_III_ausf_J_L42_shop;▂T-IIIJ;
ussr_pzkpfw_III_ausf_J_L42_0;▂T-IIIJ obr.1941 g.;
ussr_pzkpfw_III_ausf_J_L42_1;▂T-IIIJ;
ussr_pzkpfw_III_ausf_J_L42_2;Medium Tank;
ussr_zut_37_shop;ZUT-37;
ussr_zut_37_0;"<color=#c8a5b2>Object 0-70</color>
ZUT-37";
ussr_zut_37_1;ZUT-37;
ussr_zut_37_2;SPAA;
ussr_su_76m_5st_kav_corps_shop;SU-76M (5th G.C.C.) ;
ussr_su_76m_5st_kav_corps_0;"SU-76M obr.1943 g.
<color=#fcba03>5th Guards Cavalry Corps</color>";
ussr_su_76m_5st_kav_corps_1;SU-76M (5th G.C.C.) ;
ussr_su_76m_5st_kav_corps_2;Tank Destroyer;
ussr_t_126sp_shop;T-126SP;
ussr_t_126sp_0;"<color=#c8a5b2>Object 126</color>
T-126SP";
ussr_t_126sp_1;T-126SP;
ussr_t_126sp_2;Light Tank;
ussr_su_76d_shop;SU-76D;
ussr_su_76d_0;SU-76D;
ussr_su_76d_1;SU-76D;
ussr_su_76d_2;Tank Destroyer;
ussr_bt_7a_f32_shop;BT-7 art. (F-32);
ussr_bt_7a_f32_0;"<color=#c8a5b2>Object A-7</color>
BT-7 artillerijskij
<color=#c0c0c0>S 76.2mm F-32</color>";
ussr_bt_7a_f32_1;BT-7 art. (F-32);
ussr_bt_7a_f32_2;Light Tank;
ussr_m3c_shop;▂M3s;
ussr_m3c_0;▂M3s;
ussr_m3c_1;▂M3s;
ussr_m3c_2;Medium Tank;
ussr_smk_shop;SMK;
ussr_smk_0;SMK;
ussr_smk_1;SMK;
ussr_smk_2;Heavy Tank;
ussr_bm_13n_shop;BM-13N;
ussr_bm_13n_0;BM-13N;
ussr_bm_13n_1;BM-13N;
ussr_bm_13n_2;Tank Destroyer;
ussr_t_34_1941_cast_turret_shop;T-34 (1st G.T.B.);
ussr_t_34_1941_cast_turret_0;"<color=#c8a5b2>Object 34</color>
T-34 obr.1941 g.
<color=#fcba03>1st Guards Tank Brigade</color>";
ussr_t_34_1941_cast_turret_1;T-34 (1st G.T.B.);
ussr_t_34_1941_cast_turret_2;Medium Tank;
ussr_kv_8_shop;KV-8;
ussr_kv_8_0;"<color=#c8a5b2>Object 228</color>
KV-8";
ussr_kv_8_1;KV-8;
ussr_kv_8_2;Heavy Tank;
ussr_a_12_mk_2_matilda_2A_F96_shop;▂Matilda-III;
ussr_a_12_mk_2_matilda_2A_F96_0;"▂MK-II Matilda-III
<color=#c0c0c0>obr. 1944 g.</color>
<color=#c0c0c0>76.2mm F-96</color>";
ussr_a_12_mk_2_matilda_2A_F96_1;▂Matilda-III;
ussr_a_12_mk_2_matilda_2A_F96_2;Infantry Tank;
ussr_t_34E_shop;T-34E;
ussr_t_34E_0;"<color=#c8a5b2>Object 34</color>
T-34E obr.1943 g.";
ussr_t_34E_1;T-34E;
ussr_t_34E_2;Medium Tank;
ussr_valentine_mk_9_shop;▂Valentine-IX;
ussr_valentine_mk_9_0;▂MK-III Valentine-IX obr.1943 g.;
ussr_valentine_mk_9_1;▂Valentine-IX;
ussr_valentine_mk_9_2;Infantry Tank;
ussr_su_85a_shop;SU-85A;
ussr_su_85a_0;SU-85A;
ussr_su_85a_1;SU-85A;
ussr_su_85a_2;Tank Destroyer;
ussr_bm_31_12_shop;BM-31-12;
ussr_bm_31_12_0;BM-31-12;
ussr_bm_31_12_1;BM-31-12;
ussr_bm_31_12_2;Tank Destroyer;
ussr_kv_2_1940_shop;KV-2 (1941);
ussr_kv_2_1940_0;KV-2 obr.1941 g.;
ussr_kv_2_1940_1;KV-2 (1941);
ussr_kv_2_1940_2;Heavy Tank;
ussr_t_34_57_1943_shop;T-34-57 (1943);
ussr_t_34_57_1943_0;"<color=#c8a5b2>Object 34</color>
T-34-57 obr.1943 g.";
ussr_t_34_57_1943_1;T-34-57 (1943);
ussr_t_34_57_1943_2;Medium Tank;
ussr_kv_1e_shop;KV-1E;
ussr_kv_1e_0;KV-1E obr.1941;
ussr_kv_1e_1;KV-1E;
ussr_kv_1e_2;Heavy Tank;
ussr_m4a2_76w_sherman_shop;▂M4-A2-76;
ussr_m4a2_76w_sherman_0;▂M4-A2-76;
ussr_m4a2_76w_sherman_1;▂M4-A2-76;
ussr_m4a2_76w_sherman_2;Medium Tank;
ussr_su_100Y_shop;SU-100Y;
ussr_su_100Y_0;SU-100Y;
ussr_su_100Y_1;SU-100Y;
ussr_su_100Y_2;Tank Destroyer;
ussr_kv_2_zis_6_shop;KV-2 (ZiS-6);
ussr_kv_2_zis_6_0;"KV-2 obr.1941 g.
<color=#c0c0c0>S 107mm ZiS-6</color>";
ussr_kv_2_zis_6_1;KV-2 (ZiS-6);
ussr_kv_2_zis_6_2;Heavy Tank;
ussr_t_34_85_zis_53_v80_shop;T-34-85 (61st G.T.B.);
ussr_t_34_85_zis_53_v80_0;"<color=#c8a5b2>Object 35</color>
T-34-85 obr.1944 g.
<color=#fcba03>61st Guards Tank Brigade</color>";
ussr_t_34_85_zis_53_v80_1;T-34-85 (61st G.T.B.);
ussr_t_34_85_zis_53_v80_2;Medium Tank;
ussr_kv_122_shop;KV-122;
ussr_kv_122_0;KV-122 obr.1944 g.;
ussr_kv_122_1;KV-122;
ussr_kv_122_2;Heavy Tank;
ussr_kv_220_shop;KV-220;
ussr_kv_220_0;"<color=#c8a5b2>Object 220</color>
KV-220 obr.1940 g.";
ussr_kv_220_1;KV-220;
ussr_kv_220_2;Heavy Tank;
ussr_su_122P_shop;SU-122P;
ussr_su_122P_0;SU-122P;
ussr_su_122P_1;SU-122P;
ussr_su_122P_2;Tank Destroyer;
ussr_pzkpfw_V_shop;▂T-VA;
ussr_pzkpfw_V_0;"▂T-VA obr.1944 g.
<color=#7b9fb5>Pantyera</color>";
ussr_pzkpfw_V_1;▂T-VA;
ussr_pzkpfw_V_2;Medium Tank;
ussr_t_44_po_shop;T-44 No.1;
ussr_t_44_po_0;"<color=#c8a5b2>Object 36</color>
T-44 No.1 obr.1944 g.";
ussr_t_44_po_1;T-44 No.1;
ussr_t_44_po_2;Medium Tank;
ussr_t_44_122_shop;T-44-122;
ussr_t_44_122_0;"<color=#c8a5b2>Object 136</color>
T-44-122";
ussr_t_44_122_1;T-44-122;
ussr_t_44_122_2;Medium Tank;
ussr_object_248_shop;Obj. 248;
ussr_object_248_0;"<color=#c8a5b2>Object 248</color>
IS-100 obr.1944 g.";
ussr_object_248_1;Obj. 248;
ussr_object_248_2;Heavy Tank;
ussr_t_44_kit_4rank_shop;T-44A (BP);
ussr_t_44_kit_4rank_0;"<color=#c8a5b2>Object 136</color>
T-44A obr.1945 g.
<color=#fcba03>Be Prepared!</color>";
ussr_t_44_kit_4rank_1;T-44A (BP);
ussr_t_44_kit_4rank_2;Medium Tank;
ussr_is_2m_kit_4rank_shop;IS-2M (BP);
ussr_is_2m_kit_4rank_0;"<color=#c8a5b2>Object 240</color>
IS-2M obr.1960 g.
<color=#fcba03>Be Prepared!</color>";
ussr_is_2m_kit_4rank_1;IS-2M (BP);
ussr_is_2m_kit_4rank_2;Heavy Tank;
ussr_m53_59_kit_4rank_shop;⚚PLDvK vz.53/59 (BP);
ussr_m53_59_kit_4rank_0;"⚚PLDvK vz.53/59
<color=#7b9fb5>Praga</color>
<color=#fcba03>Be Prepared!</color>";
ussr_m53_59_kit_4rank_1;⚚PLDvK vz.53/59 (BP);
ussr_m53_59_kit_4rank_2;SPAA;
ussr_t_34_100_shop;T-34-100;
ussr_t_34_100_0;"<color=#c8a5b2>Object 35</color>
T-34-100 obr.1945 g.";
ussr_t_34_100_1;T-34-100;
ussr_t_34_100_2;Medium Tank;
ussr_type_62_shop;▂Type 62;
ussr_type_62_0;"<color=#c8a5b2>WZ131</color>
▂Type 1962 Light Tank";
ussr_type_62_1;▂Type 62;
ussr_type_62_2;Light Tank;
ussr_2s19_m2_shop;2S19M2;
ussr_2s19_m2_0;"<color=#c8a5b2>Object 316</color>
2S19M2
<color=#7b9fb5>Msta-S2</color>";
ussr_2s19_m2_1;2S19M2;
ussr_2s19_m2_2;Self-Propelled Gun;
ussr_is_6_shop;IS-6;
ussr_is_6_0;"<color=#c8a5b2>Object 252</color>
IS-6";
ussr_is_6_1;IS-6;
ussr_is_6_2;Heavy Tank;
ussr_t_10a_shop;T-10A;
ussr_t_10a_0;"<color=#c8a5b2>Object 731</color>
T-10A obr.1956 g.";
ussr_t_10a_1;T-10A;
ussr_t_10a_2;Heavy Tank;
ussr_object_120_shop;Obj. 120;
ussr_object_120_0;"<color=#c8a5b2>Object 120</color>
SU-152
<color=#7b9fb5>Taran</color>";
ussr_object_120_1;Obj. 120;
ussr_object_120_2;Tank Destroyer;
ussr_pt_76_57_shop;PT-76E;
ussr_pt_76_57_0;PT-76E;
ussr_pt_76_57_1;PT-76E;
ussr_pt_76_57_2;Light Tank;
ussr_to_55_shop;TO-55;
ussr_to_55_0;"<color=#c8a5b2>Object 482</color>
TO-55 obr.1961 g.";
ussr_to_55_1;TO-55;
ussr_to_55_2;Main Battle Tank;
ussr_t_55_am_shop;T-55AM-1;
ussr_t_55_am_0;"<color=#c8a5b2>Object 155AM-1</color>
T-55AM-1 obr.1983 g.";
ussr_t_55_am_1;T-55AM-1;
ussr_t_55_am_2;Main Battle Tank;
ussr_is_7_shop;IS-7;
ussr_is_7_0;"<color=#c8a5b2>Object 260</color>
IS-7 obr.1948 g.";
ussr_is_7_1;IS-7;
ussr_is_7_2;Heavy Tank;
ussr_bmd_4_shop;BMD-4;
ussr_bmd_4_0;"<color=#c8a5b2>Object 960</color>
BMD-4 obr.2004 g.";
ussr_bmd_4_1;BMD-4;
ussr_bmd_4_2;Infantry Fighting Vehicle;
ussr_object_279_shop;Obj. 279;
ussr_object_279_0;Object 279 obr.1960 g.;
ussr_object_279_1;Obj. 279;
ussr_object_279_2;Heavy Tank;
ussr_bmp_2m_shop;BMP-2M;
ussr_bmp_2m_0;"<color=#c8a5b2>Object 675</color>
BMP-2M obr.2005 g.";
ussr_bmp_2m_1;BMP-2M;
ussr_bmp_2m_2;Infantry Fighting Vehicle;
ussr_object_292_shop;Obj. 292;
ussr_object_292_0;Object 292;
ussr_object_292_1;Obj. 292;
ussr_object_292_2;Main Battle Tank;
ussr_bmpt_72_shop;BMPT-72;
ussr_bmpt_72_0;"<color=#c8a5b2>Object 183</color>
BMPT-72
<color=#7b9fb5>Spyridon</color>
<color=#7b9fb5>”Terminator-2”</color>";
ussr_bmpt_72_1;BMPT-72;
ussr_bmpt_72_2;Infantry Fighting Vehicle;
ussr_2s38_shop;ZAK-57;
ussr_2s38_0;"<color=#c8a5b2>Object 688</color>
<color=#c8a5b2>2S38</color>
ZAK-57
<color=#7b9fb5>Derivatsiya-PVO</color>";
ussr_2s38_1;ZAK-57;
ussr_2s38_2;Light Tank;
ussr_t_80um2_shop;T-80U (Drozd);
ussr_t_80um2_0;"<color=#c8a5b2>Object 219AS</color>
T-80U obr.1995 g.
<color=#c0c0c0>S sistemoy aktivnoy zashchity Drozd</color>";
ussr_t_80um2_1;T-80U (Drozd);
ussr_t_80um2_2;Main Battle Tank;
ussr_t_80uk_shop;T-80UK;
ussr_t_80uk_0;"<color=#c8a5b2>Object 630A</color>
T-80UK obr.1992 g.";
ussr_t_80uk_1;T-80UK;
ussr_t_80uk_2;Main Battle Tank;
ussr_t_80ue1_shop;T-80UE-1;
ussr_t_80ue1_0;"<color=#c8a5b2>Object 219AS</color>
T-80UE-1 obr.1999 g.";
ussr_t_80ue1_1;T-80UE-1;
ussr_t_80ue1_2;Main Battle Tank;
ussr_t_80ue1_sm_shop;Maria’s T-80UE-1;
ussr_t_80ue1_sm_0;"<color=#c8a5b2>Object 219AS</color>
T-80UE-1 obr.1999 g.
<color=#fcba03>Senrai Maidens, Maria</color>";
ussr_t_80ue1_sm_1;T-80UE-1;
ussr_t_80ue1_sm_2;Main Battle Tank;
ussr_t_34_1940_l_11_shop;A-34;
ussr_t_34_1940_l_11_0;"<color=#c8a5b2>Object 34</color>
A-34 obr.1940 g.";
ussr_t_34_1940_l_11_1;A-34;
ussr_t_34_1940_l_11_2;Medium Tank;
ussr_is_2_1944_revenge_shop;IS-2 (Revenge);
ussr_is_2_1944_revenge_0;"<color=#c8a5b2>Object 240</color>
IS-2 obr.1944 g.
<color=#fcba03>Revenge of the Hero Brother</color>";
ussr_is_2_1944_revenge_1;IS-2 (Revenge);
ussr_is_2_1944_revenge_2;Heavy Tank;
ussr_t_34_85E_shop;T-34-85E;
ussr_t_34_85E_0;"<color=#c8a5b2>Object 35</color>
T-34-85E obr.1944 g.";
ussr_t_34_85E_1;T-34-85E;
ussr_t_34_85E_2;Medium Tank;
ussr_t_80u_yt_cup_2019_shop;␙T-80U;
ussr_t_80u_yt_cup_2019_0;"<color=#c8a5b2>Object 219AS</color>
T-80U obr.1992 g.
<color=#fcba03>␙ YouTube Cup 2019 ␙</color>";
ussr_t_80u_yt_cup_2019_1;␙T-80U;
ussr_t_80u_yt_cup_2019_2;Main Battle Tank;
ussr_kv_7_u13_shop;KV-7;
ussr_kv_7_u13_0;"KV-7 obr.1941 g.
<color=#c0c0c0>S krepleniyem U-13</color>";
ussr_kv_7_u13_1;KV-7;
ussr_kv_7_u13_2;Tank Destroyer;
ussr_object_140_shop;Obj. 140;
ussr_object_140_0;Object 140;
ussr_object_140_1;Obj. 140;
ussr_object_140_2;Medium Tank;
ussr_bmd_4m_shop;BMD-4M (Bakhcha-U);
ussr_bmd_4m_0;"<color=#c8a5b2>Object 960M</color>
BMD-4M
<color=#c0c0c0>S boyevym modulem «Bakhcha-U»</color>";
ussr_bmd_4m_1;BMD-4M (Bakhcha-U);
ussr_bmd_4m_2;Infantry Fighting Vehicle;
ussr_sdkfz_251_21_kit_3rank_shop;▂Sd.Kfz.251/21 (2 cm) (‘45);
ussr_sdkfz_251_21_kit_3rank_0;"<color=#c8a5b2>Sd.Kfz.251/21</color>
▂mittlerer Schützenpanzerwagen Ausf. D
<color=#c0c0c0>mit 2cm MG 151 Drilling</color>
<color=#7b9fb5>Hanomag</color>
<color=#fcba03>In May 1945</color>";
ussr_sdkfz_251_21_kit_3rank_1;▂Sd.Kfz.251/21 (2 cm) (‘45);
ussr_sdkfz_251_21_kit_3rank_2;SPAA;
ussr_t_34_85_zis_53_kit_3rank_shop;T-34-85 (‘45);
ussr_t_34_85_zis_53_kit_3rank_0;"<color=#c8a5b2>Object 35</color>
T-34-85 obr.1944 g.
<color=#fcba03>In May 1945</color>";
ussr_t_34_85_zis_53_kit_3rank_1;T-34-85 (‘45);
ussr_t_34_85_zis_53_kit_3rank_2;Medium Tank;
ussr_is_1_kit_3rank_shop;IS-1 (‘45);
ussr_is_1_kit_3rank_0;"<color=#c8a5b2>Object 237</color>
IS-1 obr.1943 g.
<color=#fcba03>In May 1945</color>";
ussr_is_1_kit_3rank_1;IS-1 (‘45);
ussr_is_1_kit_3rank_2;Heavy Tank;
ussr_t_72b3_arena_shop;T-72B3 (Arena-E);
ussr_t_72b3_arena_0;"<color=#c8a5b2>Object 184-3M</color>
T-72B3 obr.2011 g.
<color=#c0c0c0>S sistemoy aktivnoy zashchity Arena-E</color>";
ussr_t_72b3_arena_1;T-72B3 (Arena-E);
ussr_t_72b3_arena_2;Main Battle Tank;
;;
;;
;;
<RUS Helicopters>;;
;;
mi_4av_shop;Mi-4AV;
mi_4av_0;"<color=#7b9fb5>Mil Design Bureau</color>
Mi-4AV";
mi_4av_1;Mi-4AV;
mi_4av_2;Mi-4;
mi_8tv_shop;Mi-8TVK;
mi_8tv_0;"<color=#7b9fb5>Mil Design Bureau</color>
Mi-8TVK";
mi_8tv_1;Mi-8TV;
mi_8tv_2;Mi-8;
mi_8amtsh_shop;Mi-8AMTSh;
mi_8amtsh_0;"<color=#7b9fb5>Mil Moscow Helicopter Plant</color>
Mi-8AMTSh";
mi_8amtsh_1;Mi-8AMT;
mi_8amtsh_2;Mi-8;
mi_24a_shop;Mi-24A;
mi_24a_0;"<color=#7b9fb5>Mil Moscow Helicopter Plant</color>
Mi-24A Krokodil";
mi_24a_1;Mi-24A;
mi_24a_2;Mi-24;
mi_24v_shop;Mi-24V;
mi_24v_0;"<color=#7b9fb5>Mil Moscow Helicopter Plant</color>
Mi-24V Krokodil";
mi_24v_1;Mi-24V;
mi_24v_2;Mi-24;
mi_24p_shop;Mi-24P;
mi_24p_0;"<color=#7b9fb5>Mil Moscow Helicopter Plant</color>
Mi-24P Krokodil";
mi_24p_1;Mi-24P;
mi_24p_2;Mi-24;
mi_35m_shop;Mi-24VM;
mi_35m_0;"<color=#7b9fb5>Mil Moscow Helicopter Plant</color>
Mi-24VM Krokodil";
mi_35m_1;Mi-24V;
mi_35m_2;Mi-24;
mi_28n_shop;Mi-28N;
mi_28n_0;"<color=#7b9fb5>Mil Moscow Helicopter Plant</color>
Mi-28N";
mi_28n_1;Mi-28N;
mi_28n_2;Mi-28;
mi_28nm_shop;Mi-28NM;
mi_28nm_0;"<color=#7b9fb5>Mil Moscow Helicopter Plant</color>
Mi-28NM";
mi_28nm_1;Mi-28N;
mi_28nm_2;Mi-28;
ka_29_shop;Ka-29;
ka_29_0;"<color=#7b9fb5>Kamov</color>
Ka-29";
ka_29_1;Ka-29;
ka_29_2;Ka-29;
ka_50_shop;Ka-50;
ka_50_0;"<color=#7b9fb5>Kamov</color>
Ka-50";
ka_50_1;Ka-50;
ka_50_2;Ka-50;
ka_52_shop;Ka-52;
ka_52_0;"<color=#7b9fb5>Kamov</color>
Ka-52";
ka_52_1;Ka-52;
ka_52_2;Ka-52;
mi_8amtsh_vn_shop;Mi-8AMTSh-VN;
mi_8amtsh_vn_0;"<color=#7b9fb5>Mil Moscow Helicopter Plant</color>
Mi-8AMTSh-VN";
mi_8amtsh_vn_1;Mi-8AMT;
mi_8amtsh_vn_2;Mi-8;
mi_35p_shop;Mi-35P;
mi_35p_0;"<color=#7b9fb5>Mil Moscow Helicopter Plant</color>
Mi-35P Krokodil
<color=#c0c0c0>Phoenix</color>";
mi_35p_1;Mi-35P;
mi_35p_2;Mi-35;
;;
;;
;;
<RUS Aviation>;;
;;
yak-1_early_shop;Yak-1;
yak-1_early_0;"<color=#7b9fb5>Yakovlev Design Bureau | OKB-115</color>
Yak-1";
yak-1_early_1;Yak-1;
yak-1_early_2;Yak-1;
yak-1b_shop;Yak-1B;
yak-1b_0;"<color=#7b9fb5>Yakovlev Design Bureau | OKB-115</color>
Yak-1B";
yak-1b_1;Yak-1B;
yak-1b_2;Yak-1;
yak-7b_shop;Yak-7B;
yak-7b_0;"<color=#7b9fb5>Yakovlev Design Bureau | OKB-115</color>
Yak-7B";
yak-7b_1;Yak-7B;
yak-7b_2;Yak-7;
yak-9_shop;Yak-9;
yak-9_0;"<color=#7b9fb5>Yakovlev Design Bureau | OKB-115</color>
Yak-9";
yak-9_1;Yak-9;
yak-9_2;Yak-9;
yak-9b_shop;Yak-9B;
yak-9b_0;"<color=#7b9fb5>Yakovlev Design Bureau | OKB-115</color>
Yak-9B";
yak-9b_1;Yak-9B;
yak-9b_2;Yak-9;
yak-9t_shop;Yak-9T;
yak-9t_0;"<color=#7b9fb5>Yakovlev Design Bureau | OKB-115</color>
Yak-9T";
yak-9t_1;Yak-9T;
yak-9t_2;Yak-9;
yak-9k_shop;Yak-9K;
yak-9k_0;"<color=#7b9fb5>Yakovlev Design Bureau | OKB-115</color>
Yak-9K";
yak-9k_1;Yak-9K;
yak-9k_2;Yak-9;
yak-3_shop;Yak-3;
yak-3_0;"<color=#7b9fb5>Yakovlev Design Bureau | OKB-115</color>
Yak-3";
yak-3_1;Yak-3;
yak-3_2;Yak-3;
yak-9u_shop;Yak-9U;
yak-9u_0;"<color=#7b9fb5>Yakovlev Design Bureau | OKB-115</color>
Yak-9U";
yak-9u_1;Yak-9U;
yak-9u_2;Yak-9;
yak-3p_shop;Yak-3P;
yak-3p_0;"<color=#7b9fb5>Yakovlev Design Bureau | OKB-115</color>
Yak-3P";
yak-3p_1;Yak-3P;
yak-3p_2;Yak-3;
yak-9p_shop;Yak-9P;
yak-9p_0;"<color=#7b9fb5>Yakovlev Design Bureau | OKB-115</color>
Yak-9P";
yak-9p_1;Yak-9P;
yak-9p_2;Yak-9;
yak-3u_shop;Yak-3U;
yak-3u_0;"<color=#7b9fb5>Yakovlev Design Bureau | OKB-115</color>
Yak-3U";
yak-3u_1;Yak-3U;
yak-3u_2;Yak-3;
yak-9ut_shop;Yak-9UT;
yak-9ut_0;"<color=#7b9fb5>Yakovlev Design Bureau | OKB-115</color>
Yak-9UT";
yak-9ut_1;Yak-9U;
yak-9ut_2;Yak-9;
yak-15_early_shop;Yak-15 (1946);
yak-15_early_0;"<color=#7b9fb5>Yakovlev Design Bureau | OKB-115</color>
Yak-15
<color=#c0c0c0>(1946)</color>";
yak-15_early_1;Yak-15 (1946);
yak-15_early_2;Yak-15;
yak-15_shop;Yak-15 (1947);
yak-15_0;"<color=#7b9fb5>Yakovlev Design Bureau | OKB-115</color>
Yak-15
<color=#c0c0c0>(1947)</color>";
yak-15_1;Yak-15 (1947);
yak-15_2;Yak-15;
yak-17_shop;Yak-17;
yak-17_0;"<color=#7b9fb5>Yakovlev Design Bureau | OKB-115</color>
Yak-17";
yak-17_1;Yak-17;
yak-17_2;Yak-17;
yak-23_shop;Yak-23;
yak-23_0;"<color=#7b9fb5>Yakovlev Design Bureau | OKB-115</color>
Yak-23";
yak-23_1;Yak-23;
yak-23_2;Yak-23;
yak-30d_shop;Yak-30D;
yak-30d_0;"<color=#7b9fb5>Yakovlev Design Bureau | OKB-115</color>
Yak-30D";
yak-30d_1;Yak-30D;
yak-30d_2;Yak-30;
yak-38m_shop;Yak-38M;
yak-38m_0;"<color=#7b9fb5>Yakovlev Design Bureau | OKB-115</color>
Yak-38M";
yak-38m_1;Yak-38M;
yak-38m_2;Yak-38;
yak_141_shop;Yak-41;
yak_141_0;"<color=#7b9fb5>Yakovlev Design Bureau | OKB-115</color>
Yak-41";
yak_141_1;Yak-41;
yak_141_2;Yak-41;
mig_29kr_9_41r_shop;MiG-29Kr;
mig_29kr_9_41r_0;"<color=#7b9fb5>Russian Aircraft Corporation Mikoyan</color>
MiG-29Kr
<color=#c0c0c0>izdeliye 9-41R</color>";
mig_29kr_9_41r_1;MiG-29K;
mig_29kr_9_41r_2;MiG-29;
i-16_type5_shop;I-16 Type 5;
i-16_type5_0;"<color=#7b9fb5>Polikarpov Design Bureau</color>
I-16 Type 5 Ishak";
i-16_type5_1;I-16 Type 5;
i-16_type5_2;I-16;
mig_3_series_1_15_shop;MiG-3-15;
mig_3_series_1_15_0;"<color=#7b9fb5>Mikoyan-Gurevich Design Bureau | OKB-155</color>
MiG-3-15";
mig_3_series_1_15_1;MiG-3-15;
mig_3_series_1_15_2;MiG-3;
i-16_type10_shop;I-16 Type 10;
i-16_type10_0;"<color=#7b9fb5>Polikarpov Design Bureau</color>
I-16 Type 10 Ishak";
i-16_type10_1;I-16 Type 10;
i-16_type10_2;I-16;
i-16_type18_shop;I-16 Type 18;
i-16_type18_0;"<color=#7b9fb5>Polikarpov Design Bureau</color>
I-16 Type 18 Ishak";
i-16_type18_1;I-16 Type 18;
i-16_type18_2;I-16;
i-16_type24_shop;I-16 Type 24;
i-16_type24_0;"<color=#7b9fb5>Polikarpov Design Bureau</color>
I-16 Type 24 Ishak";
i-16_type24_1;I-16 Type 24;
i-16_type24_2;I-16;
mig_3_series_1_15_bk_pod_shop;MiG-3-15 (BK);
mig_3_series_1_15_bk_pod_0;"<color=#7b9fb5>Mikoyan-Gurevich Design Bureau | OKB-155</color>
MiG-3-15 (BK)";
mig_3_series_1_15_bk_pod_1;MiG-3-15;
mig_3_series_1_15_bk_pod_2;MiG-3;
mig_3_series_34_shop;MiG-3-34;
mig_3_series_34_0;"<color=#7b9fb5>Mikoyan-Gurevich Design Bureau | OKB-155</color>
MiG-3-34";
mig_3_series_34_1;MiG-3-34;
mig_3_series_34_2;MiG-3;
i-16_type27_shop;I-16 Type 27;
i-16_type27_0;"<color=#7b9fb5>Polikarpov Design Bureau</color>
I-16 Type 27 Ishak";
i-16_type27_1;I-16 Type 27;
i-16_type27_2;I-16;
i_185_m82_shop;I-185 (M-82);
i_185_m82_0;"<color=#7b9fb5>Polikarpov Design Bureau</color>
I-185 (M-82)";
i_185_m82_1;I-185 (M-82);
i_185_m82_2;I-185;
i_185_m71_standard_shop;I-185 (M-71);
i_185_m71_standard_0;"<color=#7b9fb5>Polikarpov Design Bureau</color>
I-185 (M-71)";
i_185_m71_standard_1;I-185 (M-71);
i_185_m71_standard_2;I-185;
i_225_shop;I-225;
i_225_0;"<color=#7b9fb5>Polikarpov Design Bureau</color>
I-225";
i_225_1;I-225;
i_225_2;I-225;
mig-9_shop;MiG-9;
mig-9_0;"<color=#7b9fb5>Mikoyan-Gurevich Design Bureau | OKB-155</color>
MiG-9";
mig-9_1;MiG-9;
mig-9_2;MiG-9;
mig-9_ussr_shop;I-307;
mig-9_ussr_0;"<color=#7b9fb5>Mikoyan-Gurevich Design Bureau | OKB-155</color>
I-307";
mig-9_ussr_1;I-307;
mig-9_ussr_2;I-307;
mig-15_ns23_shop;MiG-15;
mig-15_ns23_0;"<color=#7b9fb5>Mikoyan-Gurevich Design Bureau | OKB-155</color>
MiG-15";
mig-15_ns23_1;MiG-15;
mig-15_ns23_2;MiG-15;
mig-15bis_ns23_shop;MiG-15bis (NS-23);
mig-15bis_ns23_0;"<color=#7b9fb5>Mikoyan-Gurevich Design Bureau | OKB-155</color>
MiG-15bis (NS-23)";
mig-15bis_ns23_1;MiG-15bis;
mig-15bis_ns23_2;MiG-15;
mig-15_shop;MiG-15bis;
mig-15_0;"<color=#7b9fb5>Mikoyan-Gurevich Design Bureau | OKB-155</color>
MiG-15bis";
mig-15_1;MiG-15bis;
mig-15_2;MiG-15;
mig-17_shop;MiG-17;
mig-17_0;"<color=#7b9fb5>Mikoyan-Gurevich Design Bureau | OKB-155</color>
MiG-17";
mig-17_1;MiG-17;
mig-17_2;MiG-17;
mig-19pt_shop;MiG-19PT;
mig-19pt_0;"<color=#7b9fb5>Mikoyan-Gurevich Design Bureau | OKB-155</color>
MiG-19PT";
mig-19pt_1;MiG-19PT;
mig-19pt_2;MiG-19;
mig-21_f13_shop;MiG-21F-13;
mig-21_f13_0;"<color=#7b9fb5>Mikoyan-Gurevich Design Bureau | OKB-155</color>
MiG-21F-13";
mig-21_f13_1;MiG-21F;
mig-21_f13_2;MiG-21;
mig-21_smt_shop;MiG-21SMT;
mig-21_smt_0;"<color=#7b9fb5>Mikoyan-Gurevich Design Bureau | OKB-155</color>
MiG-21SMT";
mig-21_smt_1;MiG-21SMT;
mig-21_smt_2;MiG-21;
mig-21_bis_shop;MiG-21bis;
mig-21_bis_0;"<color=#7b9fb5>Mikoyan-Gurevich Design Bureau | OKB-155</color>
MiG-21bis";
mig-21_bis_1;MiG-21bis;
mig-21_bis_2;MiG-21;
mig_23m_shop;MiG-23M;
mig_23m_0;"<color=#7b9fb5>Mikoyan-Gurevich Design Bureau | OKB-155</color>
MiG-23M";
mig_23m_1;MiG-23M;
mig_23m_2;MiG-23;
mig_23mld_shop;MiG-23MLD;
mig_23mld_0;"<color=#7b9fb5>Mikoyan-Gurevich Design Bureau | OKB-155</color>
MiG-23MLD";
mig_23mld_1;MiG-23M;
mig_23mld_2;MiG-23;
mig_29_9_12_shop;MiG-29 (9-12);
mig_29_9_12_0;"<color=#7b9fb5>Russian Aircraft Corporation Mikoyan</color>
MiG-29
<color=#c0c0c0>izdeliye 9-12</color>";
mig_29_9_12_1;MiG-29;
mig_29_9_12_2;MiG-29;
mig_29_9_13_shop;MiG-29 (9-13);
mig_29_9_13_0;"<color=#7b9fb5>Russian Aircraft Corporation Mikoyan</color>
MiG-29
<color=#c0c0c0>izdeliye 9-13</color>";
mig_29_9_13_1;MiG-29;
mig_29_9_13_2;MiG-29;
mig_29smt_9_19_shop;MiG-29SMT-R;
mig_29smt_9_19_0;"<color=#7b9fb5>Russian Aircraft Corporation Mikoyan</color>
MiG-29SMT-R
<color=#c0c0c0>izdeliye 9-19R</color>";
mig_29smt_9_19_1;MiG-29SM;
mig_29smt_9_19_2;MiG-29;
mig_35_shop;MiG-35S;
mig_35_0;"<color=#7b9fb5>Russian Aircraft Corporation Mikoyan</color>
MiG-35S
<color=#c0c0c0>izdeliye 9-41SR</color>
<color=#c0c0c0>S radiolokatsionnoy stantsiyey N010AE</color>";
mig_35_1;MiG-35S;
mig_35_2;MiG-35;
i-15_1934_shop;I-15;
i-15_1934_0;"<color=#7b9fb5>Polikarpov Design Bureau</color>
I-15";
i-15_1934_1;I-15;
i-15_1934_2;I-15;
i-15_1935_shop;I-15 (M-22);
i-15_1935_0;"<color=#7b9fb5>Polikarpov Design Bureau</color>
I-15 (M-22)";
i-15_1935_1;I-15 (M-22);
i-15_1935_2;I-15;
i-15_1935_moscow_shop;I-15 (M-25);
i-15_1935_moscow_0;"<color=#7b9fb5>Polikarpov Design Bureau</color>
I-15 (M-25)";
i-15_1935_moscow_1;I-15 (M-25);
i-15_1935_moscow_2;I-15;
i-15bis_shop;I-15bis;
i-15bis_0;"<color=#7b9fb5>Polikarpov Design Bureau</color>
I-15bis";
i-15bis_1;I-15bis;
i-15bis_2;I-15;
i-153_m62_shop;I-153;
i-153_m62_0;"<color=#7b9fb5>Polikarpov Design Bureau</color>
I-153 (M-62)";
i-153_m62_1;I-153;
i-153_m62_2;I-153;
lagg-3-8_shop;LaGG-3-8;
lagg-3-8_0;"<color=#7b9fb5>Lavochkin-Gorbunov-Gudkov</color>
LaGG-3-8";
lagg-3-8_1;LaGG-3-8;
lagg-3-8_2;LaGG-3;
lagg-3-11_shop;LaGG-3-11;
lagg-3-11_0;"<color=#7b9fb5>Lavochkin-Gorbunov-Gudkov</color>
LaGG-3-11";
lagg-3-11_1;LaGG-3-11;
lagg-3-11_2;LaGG-3;
lagg-3-35_shop;LaGG-3-35;
lagg-3-35_0;"<color=#7b9fb5>Lavochkin-Gorbunov-Gudkov</color>
LaGG-3-35";
lagg-3-35_1;LaGG-3-35;
lagg-3-35_2;LaGG-3;
lagg-3-66_shop;LaGG-3-66;
lagg-3-66_0;"<color=#7b9fb5>Lavochkin-Gorbunov-Gudkov</color>
LaGG-3-66";
lagg-3-66_1;LaGG-3-66;
lagg-3-66_2;LaGG-3;
la-5_type37_early_shop;La-5;
la-5_type37_early_0;"<color=#7b9fb5>Lavochkin Design Bureau | OKB-301</color>
La-5";
la-5_type37_early_1;La-5;
la-5_type37_early_2;La-5;
la-5_type39_shop;La-5F;
la-5_type39_0;"<color=#7b9fb5>Lavochkin Design Bureau | OKB-301</color>
La-5F";
la-5_type39_1;La-5F;
la-5_type39_2;La-5;
la-5fn_shop;La-5FN;
la-5fn_0;"<color=#7b9fb5>Lavochkin Design Bureau | OKB-301</color>
La-5FN";
la-5fn_1;La-5F;
la-5fn_2;La-5;
la-7_shop;La-7;
la-7_0;"<color=#7b9fb5>Lavochkin Design Bureau | OKB-301</color>
La-7";
la-7_1;La-7;
la-7_2;La-7;
la-7b-20_shop;La-7 (B-20);
la-7b-20_0;"<color=#7b9fb5>Lavochkin Design Bureau | OKB-301</color>
La-7
<color=#c0c0c0>With 20mm B-20</color>";
la-7b-20_1;La-7;
la-7b-20_2;La-7;
la-9_shop;La-9;
la-9_0;"<color=#7b9fb5>Lavochkin Design Bureau | OKB-301</color>
La-9";
la-9_1;La-9;
la-9_2;La-9;
su-9_shop;Su-9;
su-9_0;"<color=#7b9fb5>Sukhoi Design Bureau | OKB-51</color>
Su-9
<color=#c0c0c0>Versiya 1946</color>";
su-9_1;Su-9;
su-9_2;Su-9;
la_200_toriy_shop;La-200;
la_200_toriy_0;"<color=#7b9fb5>Lavochkin Design Bureau | OKB-301</color>
La-200";
la_200_toriy_1;La-200;
la_200_toriy_2;La-200;
la-15_shop;La-15;
la-15_0;"<color=#7b9fb5>Lavochkin Design Bureau | OKB-301</color>
La-15";
la-15_1;La-15;
la-15_2;La-15;
su-7b_shop;Su-7B;
su-7b_0;"<color=#7b9fb5>Sukhoi Design Bureau | OKB-51</color>
Su-7B";
su-7b_1;Su-7B;
su-7b_2;Su-7;
su-7bkl_shop;Su-7BKL;
su-7bkl_0;"<color=#7b9fb5>Sukhoi Design Bureau | OKB-51</color>
Su-7BKL";
su-7bkl_1;Su-7B;
su-7bkl_2;Su-7;
su_15tm_shop;Su-15TM;
su_15tm_0;"<color=#7b9fb5>Sukhoi Design Bureau | OKB-51</color>
Su-15TM";
su_15tm_1;Su-15T;
su_15tm_2;Su-15;
su_17m2_shop;Su-17M2;
su_17m2_0;"<color=#7b9fb5>Sukhoi Design Bureau | OKB-51</color>
Su-17M2";
su_17m2_1;Su-17M;
su_17m2_2;Su-17;
su_17m4_shop;Su-17M4;
su_17m4_0;"<color=#7b9fb5>Sukhoi Design Bureau | OKB-51</color>
Su-17M4";
su_17m4_1;Su-17M;
su_17m4_2;Su-17;
su_27_shop;Su-27S;
su_27_0;"<color=#7b9fb5>Sukhoi Design Bureau | OKB-51</color>
Su-27S";
su_27_1;Su-27S;
su_27_2;Su-27;
su_27sm_shop;Su-27SM;
su_27sm_0;"<color=#7b9fb5>Sukhoi Aviation Military Industrial Combine</color>
Su-27SM";
su_27sm_1;Su-27S;
su_27sm_2;Su-27;
su_30sm_shop;Su-30SM;
su_30sm_0;"<color=#7b9fb5>Sukhoi Company</color>
Su-30SM";
su_30sm_1;Su-30S;
su_30sm_2;Su-30;
su_30sm2_shop;Su-30SM2;
su_30sm2_0;"<color=#7b9fb5>Sukhoi Company</color>
Su-30SM2";
su_30sm2_1;Su-30S;
su_30sm2_2;Su-30;
po-2_shop;U-2LSh;
po-2_0;"<color=#7b9fb5>Polikarpov Design Bureau</color>
U-2LSh";
po-2_1;U-2L;
po-2_2;U-2;
bb-1_shop;BB-1;
bb-1_0;"<color=#7b9fb5>Sukhoi Design Bureau | OKB-51</color>
BB-1";
bb-1_1;BB-1;
bb-1_2;BB-1;
su-2_mv5_shop;Su-2 MV-5;
su-2_mv5_0;"<color=#7b9fb5>Sukhoi Design Bureau | OKB-51</color>
Su-2 MV-5";
su-2_mv5_1;Su-2 MV-5;
su-2_mv5_2;Su-2;
su-2_tss1_shop;Su-2 TSS-1;
su-2_tss1_0;"<color=#7b9fb5>Sukhoi Design Bureau | OKB-51</color>
Su-2 TSS-1";
su-2_tss1_1;Su-2 TSS-1;
su-2_tss1_2;Su-2;
su-2_m82_shop;Su-2 (M-82);
su-2_m82_0;"<color=#7b9fb5>Sukhoi Design Bureau | OKB-51</color>
Su-2 (M-82)";
su-2_m82_1;Su-2 (M-82);
su-2_m82_2;Su-2;
pe-3_early_shop;Pe-3 (E);
pe-3_early_0;"<color=#7b9fb5>Petlyakov Design Bureau</color>
Pe-3
<color=#c0c0c0>Early Modification</color>";
pe-3_early_1;Pe-3;
pe-3_early_2;Pe-3;
pe-3_shop;Pe-3 (L);
pe-3_0;"<color=#7b9fb5>Petlyakov Design Bureau</color>
Pe-3
<color=#c0c0c0>Late Modification</color>";
pe-3_1;Pe-3;
pe-3_2;Pe-3;
yak_2_kabb_shop;Yak-2 KABB;
yak_2_kabb_0;"<color=#7b9fb5>Yakovlev Design Bureau</color>
Yak-2 KABB";
yak_2_kabb_1;Yak-2 KABB;
yak_2_kabb_2;Yak-2;
il_2_1941_shop;Il-2 (1941);
il_2_1941_0;"<color=#7b9fb5>Ilyushin Design Bureau | OKB-39</color>
Il-2
<color=#c0c0c0>Modifikatsiya 1941</color>";
il_2_1941_1;Il-2 (1941);
il_2_1941_2;Il-2;
il-2i_shop;Il-2 (1942);
il-2i_0;"<color=#7b9fb5>Ilyushin Design Bureau | OKB-39</color>
Il-2
<color=#c0c0c0>Modifikatsiya 1942</color>";
il-2i_1;Il-2 (1942);
il-2i_2;Il-2;
il_2_37_1943_shop;Il-2-37;
il_2_37_1943_0;"<color=#7b9fb5>Ilyushin Design Bureau | OKB-39</color>
Il-2-37";
il_2_37_1943_1;Il-2-37;
il_2_37_1943_2;Il-2;
pe-3_bis_shop;Pe-3bis;
pe-3_bis_0;"<color=#7b9fb5>Petlyakov Design Bureau</color>
Pe-3bis";
pe-3_bis_1;Pe-3bis;
pe-3_bis_2;Pe-3;
il_2m_1943_shop;Il-2 (1943);
il_2m_1943_0;"<color=#7b9fb5>Ilyushin Design Bureau | OKB-39</color>
Il-2
<color=#c0c0c0>Modifikatsiya 1943</color>";
il_2m_1943_1;Il-2 (1943);
il_2m_1943_2;Il-2;
il-2m_shop;Il-2 (1944);
il-2m_0;"<color=#7b9fb5>Ilyushin Design Bureau | OKB-39</color>
Il-2
<color=#c0c0c0>Modifikatsiya 1944</color>";
il-2m_1;Il-2 (1944);
il-2m_2;Il-2;
su-6_m71_shop;Su-6 (M-71F);
su-6_m71_0;"<color=#7b9fb5>Sukhoi Design Bureau | OKB-51</color>
Su-6 (M-71F)";
su-6_m71_1;Su-6 (M-71F);
su-6_m71_2;Su-6;
su-6_am42_shop;Su-6 (AM-42);
su-6_am42_0;"<color=#7b9fb5>Sukhoi Design Bureau | OKB-51</color>
Su-6 (AM-42)";
su-6_am42_1;Su-6 (AM-42);
su-6_am42_2;Su-6;
il-10_shop;Il-10 (1945);
il-10_0;"<color=#7b9fb5>Ilyushin Design Bureau | OKB-39</color>
Il-10
<color=#c0c0c0>Modifikatsiya 1945</color>";
il-10_1;Il-10 (1945);
il-10_2;Il-10;
il-10_1946_shop;Il-10 (1947);
il-10_1946_0;"<color=#7b9fb5>Ilyushin Design Bureau | OKB-39</color>
Il-10
<color=#c0c0c0>Modifikatsiya 1947</color>";
il-10_1946_1;Il-10 (1947);
il-10_1946_2;Il-10;
il_28_shop;Il-28;
il_28_0;"<color=#7b9fb5>Ilyushin Design Bureau | OKB-39</color>
Il-28";
il_28_1;Il-28;
il_28_2;Il-28;
il_28sh_shop;Il-28Sh;
il_28sh_0;"<color=#7b9fb5>Ilyushin Design Bureau | OKB-39</color>
Il-28Sh";
il_28sh_1;Il-28Sh;
il_28sh_2;Il-28;
yak_130_early_shop;Yak-130;
yak_130_early_0;"<color=#7b9fb5>Yakovlev Corporation</color>
Yak-130";
yak_130_early_1;Yak-130;
yak_130_early_2;Yak-130;
su_25_shop;Su-25;
su_25_0;"<color=#7b9fb5>Sukhoi Design Bureau | OKB-51</color>
Su-25 Grach";
su_25_1;Su-25;
su_25_2;Su-25;
su_25t_shop;Su-25T;
su_25t_0;"<color=#7b9fb5>Sukhoi Design Bureau | OKB-51</color>
Su-25T Grach";
su_25t_1;Su-25T;
su_25t_2;Su-25;
su_25sm3_shop;Su-25SM3;
su_25sm3_0;"<color=#7b9fb5>Sukhoi Company</color>
Su-25SM3 Grach";
su_25sm3_1;Su-25SM;
su_25sm3_2;Su-25;
sb_2m_100_shop;SB 2M-100A;
sb_2m_100_0;"<color=#7b9fb5>Tupolev Design Bureau | OKB-156</color>
SB 2M-100A";
sb_2m_100_1;SB 2M;
sb_2m_100_2;SB 2;
sb_2m_103c_shop;SB 2M-103;
sb_2m_103c_0;"<color=#7b9fb5>Tupolev Design Bureau | OKB-156</color>
SB 2M-103";
sb_2m_103c_1;SB 2M;
sb_2m_103c_2;SB 2;
yak-4_shop;Yak-4;
yak-4_0;"<color=#7b9fb5>Yakovlev Design Bureau | OKB-115</color>
Yak-4";
yak-4_1;Yak-4;
yak-4_2;Yak-4;
ar_2_shop;Ar-2;
ar_2_0;"<color=#7b9fb5>Arkhangelsky Design Bureau</color>
Ar-2";
ar_2_1;Ar-2;
ar_2_2;Ar-2;
sb_2m_103u_mv3_shop;SB 2M-103U;
sb_2m_103u_mv3_0;"<color=#7b9fb5>Tupolev Design Bureau | OKB-156</color>
SB 2M-103U MV-3";
sb_2m_103u_mv3_1;SB 2M;
sb_2m_103u_mv3_2;SB 2;
sb_2m_105_shop;SB 2M-105;
sb_2m_105_0;"<color=#7b9fb5>Tupolev Design Bureau | OKB-156</color>
SB 2M-105";
sb_2m_105_1;SB 2M;
sb_2m_105_2;SB 2;
db_3b_shop;DB-3B;
db_3b_0;"<color=#7b9fb5>Ilyushin Design Bureau | OKB-39</color>
DB-3B";
db_3b_1;DB-3B;
db_3b_2;DB-3;
il-4_shop;Il-4;
il-4_0;"<color=#7b9fb5>Ilyushin Design Bureau | OKB-39</color>
Il-4";
il-4_1;Il-4;
il-4_2;Il-4;
pe-2-1_shop;Pe-2-1;
pe-2-1_0;"<color=#7b9fb5>Petlyakov Design Bureau</color>
Pe-2-1 Peshka";
pe-2-1_1;Pe-2-1;
pe-2-1_2;Pe-2;
pe-2-31_shop;Pe-2-31;
pe-2-31_0;"<color=#7b9fb5>Petlyakov Design Bureau</color>
Pe-2-31 Peshka";
pe-2-31_1;Pe-2-31;
pe-2-31_2;Pe-2;
pe-2-83_shop;Pe-2-83;
pe-2-83_0;"<color=#7b9fb5>Petlyakov Design Bureau</color>
Pe-2-83 Peshka";
pe-2-83_1;Pe-2-83;
pe-2-83_2;Pe-2;
er-2_m105_mv3_shop;Yer-2 (M-105);
er-2_m105_mv3_0;"<color=#7b9fb5>Yermolayev Design Bureau | OKB-240</color>
Yer-2 (M-105)";
er-2_m105_mv3_1;Yer-2 (M-105);
er-2_m105_mv3_2;Yer-2;
er-2_m105r_lu2b_shop;Yer-2 (M-105R);
er-2_m105r_lu2b_0;"<color=#7b9fb5>Yermolayev Design Bureau | OKB-240</color>
Yer-2 (M-105R)";
er-2_m105r_lu2b_1;Yer-2 (M-105R);
er-2_m105r_lu2b_2;Yer-2;
pe-2-110_shop;Pe-2-110;
pe-2-110_0;"<color=#7b9fb5>Petlyakov Design Bureau</color>
Pe-2-110 Peshka";
pe-2-110_1;Pe-2-110;
pe-2-110_2;Pe-2;
pe-2-359_shop;Pe-2-359;
pe-2-359_0;"<color=#7b9fb5>Petlyakov Design Bureau</color>
Pe-2-359 Peshka";
pe-2-359_1;Pe-2-359;
pe-2-359_2;Pe-2;
pe-8_m82_shop;Pe-8;
pe-8_m82_0;"<color=#7b9fb5>Petlyakov Design Bureau</color>
Pe-8";
pe-8_m82_1;Pe-8;
pe-8_m82_2;Pe-8;
er-2_ach30b_early_shop;Yer-2-3;
er-2_ach30b_early_0;"<color=#7b9fb5>Yermolayev Design Bureau | OKB-240</color>
Yer-2-3";
er-2_ach30b_early_1;Yer-2-3;
er-2_ach30b_early_2;Yer-2;
er-2_ach30b_late_shop;Yer-2-4;
er-2_ach30b_late_0;"<color=#7b9fb5>Yermolayev Design Bureau | OKB-240</color>
Yer-2-4";
er-2_ach30b_late_1;Yer-2-4;
er-2_ach30b_late_2;Yer-2;
tu-2_shop;Tu-2S-7;
tu-2_0;"<color=#7b9fb5>Tupolev Design Bureau | OKB-156</color>
Tu-2S-7";
tu-2_1;Tu-2S;
tu-2_2;Tu-2;
tu-2_postwar_shop;Tu-2S-1;
tu-2_postwar_0;"<color=#7b9fb5>Tupolev Design Bureau | OKB-156</color>
Tu-2S-1";
tu-2_postwar_1;Tu-2S;
tu-2_postwar_2;Tu-2;
tu-2_postwar_late_shop;Tu-2S-8;
tu-2_postwar_late_0;"<color=#7b9fb5>Tupolev Design Bureau | OKB-156</color>
Tu-2S-8";
tu-2_postwar_late_1;Tu-2S;
tu-2_postwar_late_2;Tu-2;
tu_4_shop;Tu-4;
tu_4_0;"<color=#7b9fb5>Tupolev Design Bureau | OKB-156</color>
Tu-4";
tu_4_1;Tu-4;
tu_4_2;Tu-4;
tu_14t_shop;Tu-14T;
tu_14t_0;"<color=#7b9fb5>Tupolev Design Bureau | OKB-156</color>
Tu-14T";
tu_14t_1;Tu-14T;
tu_14t_2;Tu-14;
yak-28b_shop;Yak-28B;
yak-28b_0;"<color=#7b9fb5>Yakovlev Design Bureau | OKB-115</color>
Yak-28B";
yak-28b_1;Yak-28B;
yak-28b_2;Yak-28;
mig_27m_shop;MiG-27M;
mig_27m_0;"<color=#7b9fb5>Mikoyan-Gurevich Design Bureau | OKB-155</color>
MiG-27M";
mig_27m_1;MiG-27M;
mig_27m_2;MiG-27;
mig_27k_shop;MiG-27K;
mig_27k_0;"<color=#7b9fb5>Mikoyan-Gurevich Design Bureau</color>
MiG-27K";
mig_27k_1;MiG-27K;
mig_27k_2;MiG-27;
su_24m_shop;Su-24M2;
su_24m_0;"<color=#7b9fb5>Sukhoi Design Bureau | OKB-51</color>
Su-24M2";
su_24m_1;Su-24M;
su_24m_2;Su-24;
su_34_shop;Su-34 NVO;
su_34_0;"<color=#7b9fb5>Sukhoi Company</color>
Su-34 NVO";
su_34_1;Su-34;
su_34_2;Su-34;
i-15bis_krasnolutsky_shop;Krasnolutsky’s I-15bis;
i-15bis_krasnolutsky_0;"<color=#7b9fb5>Polikarpov Design Bureau</color>
I-15bis
<color=#fcba03>Mitrofan Petrovich Krasnolutsky</color>";
i-15bis_krasnolutsky_1;I-15bis;
i-15bis_krasnolutsky_2;I-15;
mbr-2_shop;MBR-2bis;
mbr-2_0;"<color=#7b9fb5>Beriev Design Bureau | OKB-49</color>
MBR-2bis";
mbr-2_1;MBR-2bis;
mbr-2_2;MBR-2;
pby-5a_ussr_shop;▂PBY-5A;
pby-5a_ussr_0;"<color=#7b9fb5>Consolidated Aircraft Corporation</color>
▂PBY-5A Catalina";
pby-5a_ussr_1;▂PBY-5;
pby-5a_ussr_2;▂PBY;
po-2m_shop;U-2M;
po-2m_0;"<color=#7b9fb5>Polikarpov Design Bureau</color>
U-2M";
po-2m_1;U-2M;
po-2m_2;U-2;
hp52_hampden_tbmk1_ussr_utk1_shop;▂Hampden T.B. I;
hp52_hampden_tbmk1_ussr_utk1_0;"<color=#7b9fb5>Handley Page Ltd.</color>
▂Hampden T.B. Mk. I (UTK-1)";
hp52_hampden_tbmk1_ussr_utk1_1;▂Hampden T.B. I;
hp52_hampden_tbmk1_ussr_utk1_2;▂Hampden;
tb_3_m17_32_shop;TB-3-4M-17F;
tb_3_m17_32_0;"<color=#7b9fb5>Tupolev Design Bureau | OKB-156</color>
TB-3-4M-17F";
tb_3_m17_32_1;TB-3-4M-17F;
tb_3_m17_32_2;TB-3;
tandem_mai_shop;Sh-Tandem;
tandem_mai_0;"<color=#7b9fb5>Moscow Aviation Institute</color>
Sh-Tandem";
tandem_mai_1;Sh-Tandem;
tandem_mai_2;Sh-Tandem;
db_lk_shop;DB-LK;
db_lk_0;"<color=#7b9fb5>Belyayev</color>
DB-LK";
db_lk_1;DB-LK;
db_lk_2;DB-LK;
i-153_m62_zhukovskiy_shop;Zhukovsky’s I-153;
i-153_m62_zhukovskiy_0;"<color=#7b9fb5>Polikarpov Design Bureau</color>
I-153 (M-62)
<color=#fcba03>Sergey Zhukovsky</color>";
i-153_m62_zhukovskiy_1;I-153;
i-153_m62_zhukovskiy_2;I-153;
p-40e_ussr_shop;▂P-40E-1;
p-40e_ussr_0;"<color=#7b9fb5>Curtiss-Wright Corporation</color>
▂P-40E-1-CU Warhawk";
p-40e_ussr_1;▂P-40E;
p-40e_ussr_2;▂P-40;
lagg-3-23_shop;LaGG-3-23;
lagg-3-23_0;"<color=#7b9fb5>Lavochkin-Gorbunov-Gudkov</color>
LaGG-3-23";
lagg-3-23_1;LaGG-3-23;
lagg-3-23_2;LaGG-3;
hurricanemkii_ussr_shop;▂Hurricane Mk. IIb;
hurricanemkii_ussr_0;"<color=#7b9fb5>Hawker Aircraft Ltd.</color>
▂Hurricane Mk. IIb";
hurricanemkii_ussr_1;▂Hurricane Mk. II;
hurricanemkii_ussr_2;▂Hurricane;
yak_1_litvyak_shop;Litvyak’s Yak-1;
yak_1_litvyak_0;"<color=#7b9fb5>Yakovlev Design Bureau | OKB-115</color>
Yak-1
<color=#fcba03>Lydia Litvyak</color>";
yak_1_litvyak_1;Yak-1;
yak_1_litvyak_2;Yak-1;
i_29_shop;I-29;
i_29_0;"<color=#7b9fb5>Yakovlev Design Bureau | OKB-115</color>
I-29";
i_29_1;I-29;
i_29_2;I-29;
i-153p_shop;I-153P;
i-153p_0;"<color=#7b9fb5>Polikarpov Design Bureau</color>
I-153P";
i-153p_1;I-153P;
i-153p_2;I-153;
il_2_m82_shop;Il-2 (M-82);
il_2_m82_0;"<color=#7b9fb5>Ilyushin Design Bureau | OKB-39</color>
Il-2 (M-82)";
il_2_m82_1;Il-2 (M-82);
il_2_m82_2;Il-2;
i-16_type28_shop;I-16 Type 28;
i-16_type28_0;"<color=#7b9fb5>Polikarpov Design Bureau</color>
I-16 Type 28 Ishak";
i-16_type28_1;I-16 Type 28;
i-16_type28_2;I-16;
i_180_shop;I-180S;
i_180_0;"<color=#7b9fb5>Polikarpov Design Bureau</color>
I-180S";
i_180_1;I-180S;
i_180_2;I-180;
p-39k_1_shop;▂P-39K-1;
p-39k_1_0;"<color=#7b9fb5>Bell Aircraft Corporation</color>
▂P-39K-1-BE Airacobra";
p-39k_1_1;▂P-39K;
p-39k_1_2;▂P-39;
lagg-3-34_shop;LaGG-3-34;
lagg-3-34_0;"<color=#7b9fb5>Lavochkin-Gorbunov-Gudkov</color>
LaGG-3-34";
lagg-3-34_1;LaGG-3-34;
lagg-3-34_2;LaGG-3;
lagg-i-301_shop;I-301;
lagg-i-301_0;"<color=#7b9fb5>Lavochkin-Gorbunov-Gudkov</color>
I-301";
lagg-i-301_1;I-301;
lagg-i-301_2;I-301;
a_20g_30_ussr_shop;▂A-20G-30;
a_20g_30_ussr_0;"<color=#7b9fb5>Douglas Aircraft Company</color>
▂A-20G-30-DO Havoc";
a_20g_30_ussr_1;▂A-20G;
a_20g_30_ussr_2;▂A-20;
yak-9m_shop;Golovachev’s Yak-9M;
yak-9m_0;"<color=#7b9fb5>Yakovlev Design Bureau | OKB-115</color>
Yak-9M
<color=#fcba03>Pavel Y. Golovachev</color>";
yak-9m_1;Yak-9M;
yak-9m_2;Yak-9;
p-39n_su_shop;▂Pokryshkin’s P-39N-0;
p-39n_su_0;"<color=#7b9fb5>Bell Aircraft Corporation</color>
▂P-39N-0-BE Airacobra
<color=#fcba03>Alexander Pokryshkin</color>";
p-39n_su_1;▂P-39N;
p-39n_su_2;▂P-39;
pe-2-205_shop;Pe-2-205;
pe-2-205_0;"<color=#7b9fb5>Petlyakov Design Bureau</color>
Pe-2-205 Peshka";
pe-2-205_1;Pe-2-205;
pe-2-205_2;Pe-2;
p-63a-5_ussr_shop;▂P-63A-5;
p-63a-5_ussr_0;"<color=#7b9fb5>Bell Aircraft Corporation</color>
▂P-63A-5-BE Kingcobra";
p-63a-5_ussr_1;▂P-63A;
p-63a-5_ussr_2;▂P-63;
il_8_1944_shop;Il-8;
il_8_1944_0;"<color=#7b9fb5>Ilyushin Design Bureau | OKB-39</color>
Il-8
<color=#c0c0c0>(1944)</color>";
il_8_1944_1;Il-8;
il_8_1944_2;Il-8;
p-47d_ussr_shop;▂P-47D-27;
p-47d_ussr_0;"<color=#7b9fb5>Republic Aircraft Corporation</color>
▂P-47D-27-RE Thunderbolt";
p-47d_ussr_1;▂P-47D;
p-47d_ussr_2;▂P-47;
tis_ma_shop;TIS MA;
tis_ma_0;"<color=#7b9fb5>Polikarpov Design Bureau</color>
TIS MA";
tis_ma_1;TIS MA;
tis_ma_2;TIS MA;
b_25j_30_vvs_ussr_shop;▂B-25J-30;
b_25j_30_vvs_ussr_0;"<color=#7b9fb5>North American Aviation</color>
▂B-25J-30-NC Mitchell";
b_25j_30_vvs_ussr_1;▂B-25J;
b_25j_30_vvs_ussr_2;▂B-25;
itp_m1_shop;ITP (M-2);
itp_m1_0;"<color=#7b9fb5>Polikarpov Design Bureau</color>
ITP (M-2)";
itp_m1_1;ITP (M-2);
itp_m1_2;ITP;
yak-3_eremin_shop;Eremin’s Yak-3;
yak-3_eremin_0;"<color=#7b9fb5>Yakovlev Design Bureau | OKB-115</color>
Yak-3
<color=#fcba03>Boris Eremin</color>";
yak-3_eremin_1;Yak-3;
yak-3_eremin_2;Yak-3;
su_6_single_shop;Su-6;
su_6_single_0;"<color=#7b9fb5>Sukhoi Design Bureau | OKB-51</color>
Su-6";
su_6_single_1;Su-6;
su_6_single_2;Su-6;
su-8_shop;Su-8;
su-8_0;"<color=#7b9fb5>Sukhoi Design Bureau | OKB-51</color>
Su-8";
su-8_1;Su-8;
su-8_2;Su-8;
la-7_dolgushin_shop;Dolgushin’s La-7;
la-7_dolgushin_0;"<color=#7b9fb5>Lavochkin Design Bureau | OKB-301</color>
La-7
<color=#fcba03>Sergei Dolgushin</color>";
la-7_dolgushin_1;La-7;
la-7_dolgushin_2;La-7;
tu-1_shop;Tu-1;
tu-1_0;"<color=#7b9fb5>Tupolev Design Bureau | OKB-156</color>
Tu-1";
tu-1_1;Tu-1;
tu-1_2;Tu-1;
be_6_shop;Be-6;
be_6_0;"<color=#7b9fb5>Beriev Design Bureau | OKB-49</color>
Be-6";
be_6_1;Be-6;
be_6_2;Be-6;
spitfire_ix_ussr_shop;▂Matsievich’s Spitfire L.F. IXc;
spitfire_ix_ussr_0;"<color=#7b9fb5>Supermarine Aviation Works Ltd.</color>
▂Spitfire L.F. Mk. IXc
<color=#fcba03>Vasili Matsievich</color>";
spitfire_ix_ussr_1;▂Spitfire L.F. IX;
spitfire_ix_ussr_2;▂Spitfire;
yak-3_vk107_shop;Yak-3 (VK-107);
yak-3_vk107_0;"<color=#7b9fb5>Yakovlev Design Bureau | OKB-115</color>
Yak-3
<color=#c0c0c0>VK-107 Engine</color>";
yak-3_vk107_1;Yak-3 (VK-107);
yak-3_vk107_2;Yak-3;
su-11_shop;Su-11;
su-11_0;"<color=#7b9fb5>Sukhoi Design Bureau | OKB-51</color>
Su-11
<color=#c0c0c0>Versiya 1946</color>";
su-11_1;Su-11;
su-11_2;Su-11;
bi_shop;BI-3;
bi_0;"<color=#7b9fb5>Bereznyak-Isayev</color>
BI-3";
bi_1;BI-3;
bi_2;BI;
mig-15bis_ish_shop;MiG-15bis-ISh;
mig-15bis_ish_0;"<color=#7b9fb5>Mikoyan-Gurevich Design Bureau | OKB-155</color>
MiG-15bis-ISh";
mig-15bis_ish_1;MiG-15bis;
mig-15bis_ish_2;MiG-15;
la_174_shop;La-174;
la_174_0;"<color=#7b9fb5>Lavochkin Design Bureau | OKB-301</color>
La-174";
la_174_1;La-174;
la_174_2;La-174;
yak-38_shop;Yak-38;
yak-38_0;"<color=#7b9fb5>Yakovlev Design Bureau | OKB-115</color>
Yak-38";
yak-38_1;Yak-38;
yak-38_2;Yak-38;
mig-21_pfm_shop;MiG-21PFM;
mig-21_pfm_0;"<color=#7b9fb5>Mikoyan-Gurevich Design Bureau | OKB-155</color>
MiG-21PFM";
mig-21_pfm_1;MiG-21PFM;
mig-21_pfm_2;MiG-21;
mig-21_s_shop;MiG-21S;
mig-21_s_0;"<color=#7b9fb5>Mikoyan-Gurevich Design Bureau | OKB-155</color>
MiG-21S";
mig-21_s_1;MiG-21S;
mig-21_s_2;MiG-21;
mig_23ml_shop;MiG-23ML;
mig_23ml_0;"<color=#7b9fb5>Mikoyan-Gurevich Design Bureau | OKB-155</color>
MiG-23ML";
mig_23ml_1;MiG-23M;
mig_23ml_2;MiG-23;
su_25tm_shop;Su-25TM;
su_25tm_0;"<color=#7b9fb5>Sukhoi Design Bureau | OKB-51</color>
Su-25TM Grach";
su_25tm_1;Su-25T;
su_25tm_2;Su-25;
lagg-3-4_shop;LaGG-3-4;
lagg-3-4_0;"<color=#7b9fb5>Lavochkin-Gorbunov-Gudkov</color>
LaGG-3-4";
lagg-3-4_1;LaGG-3-4;
lagg-3-4_2;LaGG-3;
il-2m_mstitel_shop;Il-2 (Mstitel);
il-2m_mstitel_0;"<color=#7b9fb5>Ilyushin Design Bureau | OKB-39</color>
Il-2 «Mstitel»
<color=#c0c0c0>Modifikatsiya 1944</color>";
il-2m_mstitel_1;Il-2;
il-2m_mstitel_2;Il-2;
p-39q_15_shop;▂P-39Q-15;
p-39q_15_0;"<color=#7b9fb5>Bell Aircraft Corporation</color>
▂P-39Q-15-BE Airacobra";
p-39q_15_1;▂P-39Q;
p-39q_15_2;▂P-39;
tu-2_early_shop;Tu-2;
tu-2_early_0;"<color=#7b9fb5>Tupolev Design Bureau | OKB-156</color>
Tu-2";
tu-2_early_1;Tu-2;
tu-2_early_2;Tu-2;
p-63c-5_ussr_shop;▂P-63C-5;
p-63c-5_ussr_0;"<color=#7b9fb5>Bell Aircraft Corporation</color>
▂P-63C-5-BE Kingcobra";
p-63c-5_ussr_1;▂P-63C;
p-63c-5_ussr_2;▂P-63;
p-63a-10_ussr_shop;▂P-63A-10;
p-63a-10_ussr_0;<color=#7b9fb5>Bell Aircraft Corporation</color>▂P-63A-10-BE Kingcobra;
p-63a-10_ussr_1;▂P-63A;
p-63a-10_ussr_2;▂P-63;
la-11_shop;La-11;
la-11_0;"<color=#7b9fb5>Lavochkin Design Bureau | OKB-301</color>
La-11";
la-11_1;La-11;
la-11_2;La-11;
fw-190d-9_ussr_shop;▂Fw 190 D-9;
fw-190d-9_ussr_0;"<color=#7b9fb5>Focke-Wulf Flugzeugbau AG</color>
▂Fw 190 D-9 Würger";
fw-190d-9_ussr_1;▂Fw 190 D;
fw-190d-9_ussr_2;▂Fw 190;
yak-3t_shop;Yak-3T;
yak-3t_0;"<color=#7b9fb5>Yakovlev Design Bureau | OKB-115</color>
Yak-3T";
yak-3t_1;Yak-3T;
yak-3t_2;Yak-3;
mig_25pd_shop;MiG-25PD;
mig_25pd_0;"<color=#7b9fb5>Mikoyan-Gurevich Design Bureau | OKB-155</color>
MiG-25PD";
mig_25pd_1;MiG-25P;
mig_25pd_2;MiG-25;
su_33_shop;Su-33;
su_33_0;"<color=#7b9fb5>Sukhoi Aviation Military Industrial Combine</color>
Su-33
<color=#c0c0c0>Modifikatsiya 2017</color>";
su_33_1;Su-33;
su_33_2;Su-33;
mig_29m_9_15_shop;MiG-29M;
mig_29m_9_15_0;"<color=#7b9fb5>Russian Aircraft Corporation Mikoyan</color>
MiG-29M
<color=#c0c0c0>izdeliye 9-15</color>";
mig_29m_9_15_1;MiG-29M;
mig_29m_9_15_2;MiG-29;
tu_95m_shop;Tu-95M;
tu_95m_0;"<color=#7b9fb5>Tupolev Design Bureau | OKB-156</color>
Tu-95M";
tu_95m_1;Tu-95M;
tu_95m_2;Tu-95;
;;
;;
;;
<RUS Bluewater>;;
;;
ussr_destroyer_frunze_shop;Frunze;
ussr_destroyer_frunze_0;"<color=#7b9fb5>Èskadrennyj Minonosec Tip Novik</color>
Frunze";
ussr_destroyer_frunze_1;Frunze;
ussr_destroyer_frunze_2;Tip Novik [DD];
ussr_destroyer_pr45_shop;Opytny;
ussr_destroyer_pr45_0;"<color=#7b9fb5>Project 45</color>
Opytny
<color=#c0c0c0>1942 Refit</color>";
ussr_destroyer_pr45_1;Opytny;
ussr_destroyer_pr45_2;Opytny;
ussr_destroyer_7_besposhchadny_shop;Besposhchadny;
ussr_destroyer_7_besposhchadny_0;"<color=#7f9fb5>Project 7</color>
<color=#7b9fb5>Èskadrennyj Minonosec Tip Gnevny</color>
Besposhchadny
<color=#c0c0c0>1945 Refit</color>";
ussr_destroyer_7_besposhchadny_1;Besposhchadny;
ussr_destroyer_7_besposhchadny_2;Tip Gnevny [DD];
ussr_destroyer_moskva_shop;Moskva;
ussr_destroyer_moskva_0;"<color=#7b9fb5>Project 1</color>
<color=#7b9fb5>Èskadrennyj Minonosec Tip Leningrad</color>
Moskva";
ussr_destroyer_moskva_1;Moskva;
ussr_destroyer_moskva_2;Tip Leningrad [DD];
ussr_destroyer_7y_shop;Soobrazitelny;
ussr_destroyer_7y_0;"<color=#7b9fb5>Project 7U</color>
<color=#7b9fb5>Èskadrennyj Minonosec Tip Strozhevoy</color>
Soobrazitelny
<color=#c0c0c0>1943 Refit</color>";
ussr_destroyer_7y_1;Soobrazitelny;
ussr_destroyer_7y_2;Tip Strozhevoy [DD];
ussr_cruiser_krasnyi_kavkaz_shop;Krasny Kavkaz;
ussr_cruiser_krasnyi_kavkaz_0;"<color=#7b9fb5>Legkij Krejser Tip Admiral Nakimov</color>
Krasny Kavkaz
<color=#c0c0c0>1944 Refit</color>";
ussr_cruiser_krasnyi_kavkaz_1;Krasny Kavkaz;
ussr_cruiser_krasnyi_kavkaz_2;Tip Admiral Nakimov [CL];
ussr_cruiser_krasnyi_krim_shop;Krasny Krym;
ussr_cruiser_krasnyi_krim_0;"<color=#7b9fb5>Legkij Krejser Tip Svetlana</color>
Krasny Krym
<color=#c0c0c0>1943 Refit</color>";
ussr_cruiser_krasnyi_krim_1;Krasny Krym;
ussr_cruiser_krasnyi_krim_2;Tip Svetlana [CL];
ussr_cruiser_chervona_ukraina_shop;Chervona Ukraina;
ussr_cruiser_chervona_ukraina_0;"<color=#7b9fb5>Legkij Krejser Tip Admiral Nakimov</color>
Chervona Ukraina
<color=#c0c0c0>1941 Refit</color>";
ussr_cruiser_chervona_ukraina_1;Chervona Ukraina;
ussr_cruiser_chervona_ukraina_2;Tip Admiral Nakimov [CL];
ussr_cruiser_kirov_shop;Kirov;
ussr_cruiser_kirov_0;"<color=#7b9fb5>Project 26</color>
<color=#7b9fb5>Legkij Krejser Tip Kirov</color>
Kirov
<color=#c0c0c0>1941 Refit</color>";
ussr_cruiser_kirov_1;Kirov;
ussr_cruiser_kirov_2;Tip Kirov [CL];
ussr_cruiser_chapayev_shop;Chapayev;
ussr_cruiser_chapayev_0;"<color=#7b9fb5>Project 68K</color>
<color=#7b9fb5>Legkij Krejser Tip Chapayev</color>
Chapayev
<color=#c0c0c0>1950 Refit</color>";
ussr_cruiser_chapayev_1;Chapayev;
ussr_cruiser_chapayev_2;Tip Chapayev [CL];
ussr_cruiser_sverdlov_shop;Sverdlov;
ussr_cruiser_sverdlov_0;"<color=#7b9fb5>Project 68bis</color>
<color=#7b9fb5>Legkij Krejser Tip Sverdlov</color>
Sverdlov
<color=#c0c0c0>1952 Refit</color>";
ussr_cruiser_sverdlov_1;Sverdlov;
ussr_cruiser_sverdlov_2;Tip Sverdlov [CL];
ussr_battleship_poltava_shop;Poltava;
ussr_battleship_poltava_0;"<color=#7b9fb5>Lineynyy Korabl’ Tip Sevastopol</color>
Poltava
<color=#c0c0c0>1914 Refit</color>";
ussr_battleship_poltava_1;Poltava;
ussr_battleship_poltava_2;Tip Sevastopol [BB];
ussr_battleship_parizhskaya_kommuna_shop;Parizhskaya Kommuna;
ussr_battleship_parizhskaya_kommuna_0;"<color=#7b9fb5>Lineynyy Korabl’ Tip Sevastopol</color>
Parizhskaya Kommuna
<color=#c0c0c0>1941 Refit</color>";
ussr_battleship_parizhskaya_kommuna_1;Parizhskaya Kommuna;
ussr_battleship_parizhskaya_kommuna_2;Tip Sevastopol [BB];
ussr_battleship_novorossiysk_shop;Novorossiysk;
ussr_battleship_novorossiysk_0;"<color=#7b9fb5>Lineynyy Korabl’ Tip Conte di Cavour</color>
Novorossiysk
<color=#c0c0c0>1953 Refit</color>";
ussr_battleship_novorossiysk_1;Novorossiysk;
ussr_battleship_novorossiysk_2;Tip Conte di Cavour [BB];
ussr_battleship_arhangelsk_shop;Arkhangelsk;
ussr_battleship_arhangelsk_0;"<color=#7b9fb5>Lineynyy Korabl’ Tip Revenge</color>
Arkhangelsk
<color=#c0c0c0>1944 Refit</color>";
ussr_battleship_arhangelsk_1;Arkhangelsk;
ussr_battleship_arhangelsk_2;Tip Revenge [BB];
ussr_battleship_pr23_sovetskij_soyuz_shop;Sovetsky Soyuz;
ussr_battleship_pr23_sovetskij_soyuz_0;"<color=#7b9fb5>Project 23</color>
<color=#7b9fb5>Lineynyy Korabl’ Tip Sovetsky Soyuz</color>
Sovetsky Soyuz";
ussr_battleship_pr23_sovetskij_soyuz_1;Sovetsky Soyuz;
ussr_battleship_pr23_sovetskij_soyuz_2;Tip Sovetsky Soyuz [BB];
ussr_destroyer_regele_ferdinand_class_letuchiy_shop;Letuchiy;
ussr_destroyer_regele_ferdinand_class_letuchiy_0;"<color=#7b9fb5>Èskadrennyj Minonosec Tip Regele Ferdinand</color>
Letuchiy
<color=#c0c0c0>1945 Refit</color>";
ussr_destroyer_regele_ferdinand_class_letuchiy_1;Letuchiy;
ussr_destroyer_regele_ferdinand_class_letuchiy_2;Tip Regele Ferdinand [DD];
ussr_destroyer_pr30_ognevoy_shop;Ognevoy;
ussr_destroyer_pr30_ognevoy_0;"<color=#7b9fb5>Project 30</color>
<color=#7b9fb5>Èskadrennyj Minonosec Tip Ognevoy</color>
Ognevoy";
ussr_destroyer_pr30_ognevoy_1;Ognevoy;
ussr_destroyer_pr30_ognevoy_2;Tip Ognevoy [DD];
ussr_destroyer_pr30bis_bezuprechnyi_shop;Bezuprechny;
ussr_destroyer_pr30bis_bezuprechnyi_0;"<color=#7b9fb5>Project 30bis</color>
<color=#7b9fb5>Èskadrennyj Minonosec Tip Skory</color>
Bezuprechny
<color=#c0c0c0>1950 Refit</color>";
ussr_destroyer_pr30bis_bezuprechnyi_1;Bezuprechny;
ussr_destroyer_pr30bis_bezuprechnyi_2;Tip Skory [DD];
ussr_destroyer_pr20_tashkent_shop;Tashkent;
ussr_destroyer_pr20_tashkent_0;"<color=#7b9fb5>Project 20</color>
<color=#7bf9b5>Èskadrennyj Minonosec Tip Tashkent</color>
Tashkent
<color=#c0c0c0>1942 Refit</color>";
ussr_destroyer_pr20_tashkent_1;Tashkent;
ussr_destroyer_pr20_tashkent_2;Tip Tashkent [DD];
ussr_destroyer_pr48k_erevan_shop;Erevan;
ussr_destroyer_pr48k_erevan_0;"<color=#7b9fb5>Project 48K</color>
<color=#7b9fb5>Èskadrennyj Minonosec Tip Kiev</color>
Erevan";
ussr_destroyer_pr48k_erevan_1;Erevan;
ussr_destroyer_pr48k_erevan_2;Tip Kiev [DD];
ussr_destroyer_pr56_spokoinyy_shop;Spokoiny;
ussr_destroyer_pr56_spokoinyy_0;"<color=#7b9fb5>Project 56</color>
<color=#7b9fb5>Èskadrennyj Minonosec Tip Kotlin</color>
Spokoiny";
ussr_destroyer_pr56_spokoinyy_1;Spokoiny;
ussr_destroyer_pr56_spokoinyy_2;Tip Kotlin [DD];
ussr_destroyer_pr56_bravy_shop;Bravy;
ussr_destroyer_pr56_bravy_0;"<color=#7b9fb5>Project 56K</color>
<color=#7b9fb5>Èskadrennyj Minonosec Tip Kotlin</color>
Bravy";
ussr_destroyer_pr56_bravy_1;Bravy;
ussr_destroyer_pr56_bravy_2;Tip Kotlin [DD];
ussr_cruiser_mikhail_kutuzov_shop;Mikhail Kutuzov;
ussr_cruiser_mikhail_kutuzov_0;"<color=#7b9fb5>Project 68A</color>
<color=#7b9fb5>Legkij Krejser Tip Sverdlov</color>
Mikhail Kutuzov
<color=#c0c0c0>1986 Refit</color>";
ussr_cruiser_mikhail_kutuzov_1;Mikhail Kutuzov;
ussr_cruiser_mikhail_kutuzov_2;Tip Sverdlov [CL];
ussr_battleship_imperatritsa_mariya_shop;Imperatritsa Mariya;
ussr_battleship_imperatritsa_mariya_0;"<color=#7b9fb5>Lineynyy Korabl’ Tip Imperatritsa Mariya</color>
Imperatritsa Mariya";
ussr_battleship_imperatritsa_mariya_1;Imperatritsa Mariya;
ussr_battleship_imperatritsa_mariya_2;Tip Imperatritsa Mariya [BB];
ussr_battlecruiser_izmail_shop;Izmail;
ussr_battlecruiser_izmail_0;"<color=#7b9fb5>Lineynyy Korabl’ Tip Izmail</color>
Izmail";
ussr_battlecruiser_izmail_1;Izmail;
ussr_battlecruiser_izmail_2;Tip Izmail [CB];
ussr_battlecruiser_kronshtadt_shop;Kronshtadt;
ussr_battlecruiser_kronshtadt_0;"<color=#7b9fb5>Project 69</color>
<color=#7b9fb5>Lineynyy Krejser Tip Kronshtadt</color>
Kronshtadt";
ussr_battlecruiser_kronshtadt_1;Kronshtadt;
ussr_battlecruiser_kronshtadt_2;Tip Kronshtadt [CB];
ussr_battlecruiser_stalingrad_shop;Stalingrad;
ussr_battlecruiser_stalingrad_0;"<color=#7b9fb5>Project 82</color>
<color=#7b9fb5>Lineynyy Krejser Tip Stalingrad</color>
Stalingrad";
ussr_battlecruiser_stalingrad_1;Stalingrad;
ussr_battlecruiser_stalingrad_2;Tip Stalingrad [CB];
ussr_destroyer_kerch_shop;Kerch;
ussr_destroyer_kerch_0;"<color=#7b9fb5>Èskadrennyj Minonosec Tip Fidonisy</color>
Kerch";
ussr_destroyer_kerch_1;Kerch;
ussr_destroyer_kerch_2;Tip Fidonisy [DD];
ussr_destroyer_7_ryany_shop;Ryany;
ussr_destroyer_7_ryany_0;"<color=#7b9fb5>Project 7</color>
<color=#7b9fb5>Èskadrennyj Minonosec Tip Gnevny</color>
Ryany";
ussr_destroyer_7_ryany_1;Ryany;
ussr_destroyer_7_ryany_2;Tip Gnevny [DD];
ussr_destroyer_pr30bis_smelyi_shop;Smelyi;
ussr_destroyer_pr30bis_smelyi_0;"<color=#7b9fb5>Project 30bis</color>
<color=#7b9fb5>Èskadrennyj Minonosec Tip Skory</color>
Smelyi";
ussr_destroyer_pr30bis_smelyi_1;Smelyi;
ussr_destroyer_pr30bis_smelyi_2;Tip Skory [DD];
ussr_destroyer_leningrad_shop;Leningrad;
ussr_destroyer_leningrad_0;"<color=#7b9fb5>Project 1</color>
<color=#7b9fb5>Èskadrennyj Minonosec Tip Leningrad</color>
Leningrad
<color=#c0c0c0>1944 Refit</color>";
ussr_destroyer_leningrad_1;Leningrad;
ussr_destroyer_leningrad_2;Tip Leningrad [DD];
ussr_destroyer_pr56_blagorodny_shop;Blagorodnyy;
ussr_destroyer_pr56_blagorodny_0;"<color=#7b9fb5>Project 56PLO</color>
<color=#7b9fb5>Èskadrennyj Minonosec Tip Kotlin</color>
Blagorodnyy
<color=#c0c0c0>1978 Refit</color>";
ussr_destroyer_pr56_blagorodny_1;Blagorodnyy;
ussr_destroyer_pr56_blagorodny_2;Tip Kotlin [DD];
ussr_cruiser_kerch_shop;Kerch;
ussr_cruiser_kerch_0;"<color=#7b9fb5>Legkij Krejser Tip Duca d’Aosta</color>
Kerch
<color=#c0c0c0>1953 Refit</color>";
ussr_cruiser_kerch_1;Kerch;
ussr_cruiser_kerch_2;Tip Duca d’Aosta [CL];
ussr_cruiser_voroshilov_shop;Voroshilov;
ussr_cruiser_voroshilov_0;"<color=#7b9fb5>Project 26</color>
<color=#7b9fb5>Legkij Krejser Tip Kirov</color>
Voroshilov";
ussr_cruiser_voroshilov_1;Voroshilov;
ussr_cruiser_voroshilov_2;Tip Kirov [CL];
ussr_cruiser_zheleznyakov_shop;Zheleznyakov;
ussr_cruiser_zheleznyakov_0;"<color=#7b9fb5>Project 68K</color>
<color=#7b9fb5>Legkij Krejser Tip Chapayev</color>
Zheleznyakov";
ussr_cruiser_zheleznyakov_1;Zheleznyakov;
ussr_cruiser_zheleznyakov_2;Chapayev Class [CL];
ussr_cruiser_shcherbakov_shop;Shcherbakov;
ussr_cruiser_shcherbakov_0;"<color=#7b9fb5>Project 68bis-ZIF</color>
<color=#7b9fb5>Legkij Krejser Tip Sverdlov</color>
Shcherbakov";
ussr_cruiser_shcherbakov_1;Shcherbakov;
ussr_cruiser_shcherbakov_2;Tip Sverdlov [CL];
ussr_cruiser_maxim_gorky_shop;Maxim Gorky;
ussr_cruiser_maxim_gorky_0;"<color=#7b9fb5>Project 26bis</color>
<color=#7b9fb5>Legkij Krejser Tip Maxim Gorky</color>
Maxim Gorky";
ussr_cruiser_maxim_gorky_1;Maxim Gorky;
ussr_cruiser_maxim_gorky_2;Tip Maxim Gorky [CL];
ussr_battleship_marat_shop;Marat;
ussr_battleship_marat_0;"<color=#7b9fb5>Lineynyy Korabl’ Tip Sevastopol</color>
Marat
<color=#c0c0c0>1941 Refit</color>";
ussr_battleship_marat_1;Marat;
ussr_battleship_marat_2;Tip Sevastopol [BB];
ussr_destroyer_7y_stroyny_shop;Stroyny;
ussr_destroyer_7y_stroyny_0;"<color=#7b9fb5>Project 7U</color>
<color=#7b9fb5>Èskadrennyj Minonosec Tip Strozhevoy</color>
Stroyny
<color=#c0c0c0>1945 Refit</color>";
ussr_destroyer_7y_stroyny_1;Stroyny;
ussr_destroyer_7y_stroyny_2;Tip Strozhevoy [DD];
ussr_destroyer_pr41_neustrashimy_shop;Neustrashimy;
ussr_destroyer_pr41_neustrashimy_0;"<color=#7b9fb5>Project 41</color>
Èskadrennyj Minonosec Tip Tallinn</color>
Neustrashimy
<color=#c0c0c0>1960 Refit</color>";
ussr_destroyer_pr41_neustrashimy_1;Neustrashimy;
ussr_destroyer_pr41_neustrashimy_2;Tip Tallinn [DD];
ussr_cruiser_omaha_class_murmansk_shop;Murmansk;
ussr_cruiser_omaha_class_murmansk_0;"<color=#7b9fb5>Legkij Krejser Tip Omaha</color>
Murmansk
<color=#c0c0c0>1945 Refit</color>";
ussr_cruiser_omaha_class_murmansk_1;Murmansk;
ussr_cruiser_omaha_class_murmansk_2;Tip Omaha [CL];
ussr_battlecruiser_sevastopol_shop;Sevastopol;
ussr_battlecruiser_sevastopol_0;"<color=#7b9fb5>Project 69I</color>
<color=#7b9fb5>Lineynyy Krejser Tip Kronshtadt</color>
Sevastopol";
ussr_battlecruiser_sevastopol_1;Sevastopol;
ussr_battlecruiser_sevastopol_2;Tip Kronshtadt [CB];
ussr_battleship_oktyabrskaya_revolutsiya_shop;Oktyabryskaya Revolutsiya;
ussr_battleship_okytabrskaya_revolutsiya_0;"<color=#7b9fb5>Lineynyy Korabl’ Tip Sevastopol</color>
Oktyabryskaya Revolutsiya
<color=#c0c0c0>1946 Refit</color>";
ussr_battleship_okytabrskaya_revolutsiya_1;Oktyabryskaya Revolutsiya;
ussr_battleship_okytabrskaya_revolutsiya_2;Tip Sevastopol [BB];
;;
;;
;;
<RUS Coastal>;;
;;
ussr_g5_mtb_shop;TKA-12/1;
ussr_g5_mtb_0;G-5 Class Motor Torpedo Boat Series X, TKA-12/1;
ussr_g5_mtb_1;TKA-12/1;
ussr_g5_mtb_2;Torpedo Boat;
ussr_d3_shop;TKA-11;
ussr_d3_0;Project P-19-OK | D-3 Class Motor Torpedo Boat, TKA-11;
ussr_d3_1;TKA-11;
ussr_d3_2;Torpedo Boat;
ussr_pr_103_sm4_shop;SM-4;
ussr_pr_103_sm4_0;Project 103 | SM-4;
ussr_pr_103_sm4_1;SM-4;
ussr_pr_103_sm4_2;Torpedo Boat;
ussr_mpk_163_shop;MPK-163;
ussr_mpk_163_0;Project 122bis | Kronshtadt Class Sub-Chaser, MPK-163;
ussr_mpk_163_1;MPK-163;
ussr_mpk_163_2;Subchaser;
ussr_pr_123bis_shop;TK-687;
ussr_pr_123bis_0;Project 123bis | P 4 Class Torpedo Boat, TK-687;
ussr_pr_123bis_1;TK-687;
ussr_pr_123bis_2;Torpedo Boat;
ussr_pr_123k_shop;TK-1;
ussr_pr_123k_0;Project 123K | P 4 Class Torpedo Boat, TK-1;
ussr_pr_123k_1;TK-1;
ussr_pr_123k_2;Torpedo Boat;
ussr_pr_1204_late_shop;AK-508;
ussr_pr_1204_late_0;Project 1204 | Shmel Class Armored Gun Boat, AK-508;
ussr_pr_1204_late_1;AK-508;
ussr_pr_1204_late_2;Armored Gunboat;
ussr_bmo_shop;BMO-318;
ussr_bmo_0;Project 194 Amored Sub-Chaser, BMO-318;
ussr_bmo_1;BMO-318;
ussr_bmo_2;Armored Gunboat;
ussr_pr_183_shop;TK-20;
ussr_pr_183_0;Project 183 | P 6 Class Torpedo Boat, TK-20;
ussr_pr_183_1;TK-20;
ussr_pr_183_2;Torpedo Boat;
ussr_pr_206_shop;TK-12;
ussr_pr_206_0;Project 206 | Shershen Class Torpedo Boat, TK-12;
ussr_pr_206_1;TK-12;
ussr_pr_206_2;Gunboat;
ussr_pr_206m_shop;T-98;
ussr_pr_206m_0;Project 206M Shtorm | Shershen Class Torpedo Boat, T-98;
ussr_pr_206m_1;T-98;
ussr_pr_206m_2;Gunboat;
ussr_mo_4_shop;PK-216;
ussr_mo_4_0;Project 174 | MO Class Sub-Chaser, PK-216;
ussr_mo_4_1;PK-216;
ussr_mo_4_2;Subchaser;
ussr_od_200_shop;MO-361;
ussr_od_200_0;Project 200 | MO Class Sub-Chaser, MO-361;
ussr_od_200_1;MO-316;
ussr_od_200_2;Subchaser;
ussr_mpk_122a_shop;MPK-143;
ussr_mpk_122a_0;Project 122A | Kronshtadt Class Sub-Chaser, MPK-143;
ussr_mpk_122a_1;MPK-143;
ussr_mpk_122a_2;Subchaser;
ussr_1124_art_shop;BK-121;
ussr_1124_art_0;Project 1124 Armored River Boat, BK-121;
ussr_1124_art_1;BK-121;
ussr_1124_art_2;Armored Gunboat;
ussr_1124_ack_shop;BK-314;
ussr_1124_ack_0;Project 1124 Armored River Boat, BK-314;
ussr_1124_ack_1;BK-314;
ussr_1124_ack_2;Armored Gunboat;
ussr_fugas_t1_strela_shop;Strela;
ussr_fugas_t1_strela_0;"<color=#7b9fb5>Project 53</color>
<color=#7b9bf5>Fugas Class Minesweeper</color>
T-1 Strela";
ussr_fugas_t1_strela_1;Strela;
ussr_fugas_t1_strela_2;Minesweeper;
ussr_skr_groza_1943_shop;Groza;
ussr_skr_groza_1943_0;Uragan Class Guard Ship, Groza;
ussr_skr_groza_1943_1;Groza;
ussr_skr_groza_1943_2;Gunboat;
ussr_mpk_201m_shop;PSKR-203;
ussr_mpk_201m_0;Project 201M Sub-Chaser, PSKR-203;
ussr_mpk_201m_1;PSKR-203;
ussr_mpk_201m_2;Subchaser;
ussr_mpk_204_shop;MPK-88;
ussr_mpk_204_0;Project 204 | Poti Class Sub-Chaser,MPK-88;
ussr_mpk_204_1;MPK-88;
ussr_mpk_204_2;Subchaser;
ussr_skr_pr50_jenot_shop;Yenot;
ussr_skr_pr50_jenot_0;Project 50 | Riga Class Frigate, Yenot;
ussr_skr_pr50_jenot_1;Yenot;
ussr_skr_pr50_jenot_2;Riga Class [FF];
ussr_mpk_pr1331m_shop;Urengoy;
ussr_mpk_pr1331m_0;Project 133.1M | Parchim Class Corvette, MPK-192 Urengoy;
ussr_mpk_pr1331m_1;Urengoy;
ussr_mpk_pr1331m_2;Parchim Class [FS];
ussr_skr_pr159_shop;PLK-1;
ussr_skr_pr159_0;Project 159 | Petya Class Frigate, PLK-1;
ussr_skr_pr159_1;PLK-1;
ussr_skr_pr159_2;Petya Class [FF];
ussr_pr_191_shop;BK-166;
ussr_pr_191_0;Project 191 Armored Gun Boat, BK-166;
ussr_pr_191_1;BK-166;
ussr_pr_191_2;Armored Gunboat;
ussr_pr_191m_shop;BK-167;
ussr_pr_191m_0;Project 191M Armored Gun Boat, BK-167;
ussr_pr_191m_1;BK-167;
ussr_pr_191m_2;Armored Gunboat;
ussr_mkl_186_shop;BK-521;
ussr_mkl_186_0;Project 186 Armored Gun Boat, BK-521;
ussr_mkl_186_1;BK-521;
ussr_mkl_186_2;Armored Gunboat;
ussr_mbk_161_1944_shop;BK-516;
ussr_mbk_161_1944_0;Project 161 Armored Gun Boat, BK-516;
ussr_mbk_161_1944_1;BK-516;
ussr_mbk_161_1944_2;Armored Gunboat;
ussr_mpk_pr12412_shop;MPK-140;
ussr_mpk_pr12412_0;Project 1241.2 | Pauk Class Corvett, MPK-140;
ussr_mpk_pr12412_1;MPK-140;
ussr_mpk_pr12412_2;Pauk Class [FS];
ussr_mpk_pr11451_shop;MPK-215;
ussr_mpk_pr11451_0;Project 11451 | Mukha Class Corvette, MPK-215;
ussr_mpk_pr11451_1;MPK-215;
ussr_mpk_pr11451_2;Mukha Class [FS];
ussr_mpk_pr_1124_shop;MPK-33;
ussr_mpk_pr_1124_0;Project 1124 | Albatross Class Corvette, MPK-33;
ussr_mpk_pr_1124_1;MPK-33;
ussr_mpk_pr_1124_2;Albatross Class [FS];
ussr_g5_mtb_shvak_shop;TKA-12/5 (ShVAK);
ussr_g5_mtb_shvak_0;G-5 Class Motor Torpedo Boat, TKA-12/5 (ShVAK-20);
ussr_g5_mtb_shvak_1;TKA-12/5 (ShVAK);
ussr_g5_mtb_shvak_2;Torpedo Boat;
ussr_g5_rct_shop;TK-412;
ussr_g5_rct_0;G-5 Class Motor Torpedo Boat Series XI, TK-412;
ussr_g5_rct_1;TK-412;
ussr_g5_rct_2;Gunboat;
ussr_ya_5m_shop;MK-25;
ussr_ya_5m_0;MK-25;
ussr_ya_5m_1;MK-25;
ussr_ya_5m_2;Gunboat;
ussr_pr_123k_hydrofoils_shop;TK-996;
ussr_pr_123k_hydrofoils_0;Project 123K | P 4 Class Torpedo Boat, TK-996;
ussr_pr_123k_hydrofoils_1;TK-996;
ussr_pr_123k_hydrofoils_2;Torpedo Boat;
ussr_mpk_122bis_shop;MPK-173;
ussr_mpk_122bis_0;Project 122bis | Kronshtadt Class Sub-Chaser, MPK-173;
ussr_mpk_122bis_1;MPK-173;
ussr_mpk_122bis_2;Subchaser;
ussr_pr_1204_shop;AK-222;
ussr_pr_1204_0;Project 1204 | Shmel Class Armored Gun Boat, AK-222;
ussr_pr_1204_1;AK-222;
ussr_pr_1204_2;Armored Gunboat;
ussr_mbk_161_1943_shop;BK-501;
ussr_mbk_161_1943_0;Project 161 Armored Gun Boat, BK-501;
ussr_mbk_161_1943_1;BK-501;
ussr_mbk_161_1943_2;Armored Gunboat;
ussr_mkl_186_mk85_shop;BK-558;
ussr_mkl_186_mk85_0;Project 186 Armored Gun Boat, BK-558;
ussr_mkl_186_mk85_1;BK-558;
ussr_mkl_186_mk85_2;Armored Gunboat;
ussr_mpk_201k_shop;P-190;
ussr_mpk_201k_0;Project 201 Sub-Chaser, P-190;
ussr_mpk_201k_1;P-190;
ussr_mpk_201k_2;Subchaser;
ussr_skr_pr50plo_rosomacha_shop;Rosomacha;
ussr_skr_pr50plo_rosomacha_0;Project 50 | Riga Class Frigate, Rosomacha;
ussr_skr_pr50plo_rosomacha_1;Rosomacha;
ussr_skr_pr50plo_rosomacha_2;Riga Class [FF];
ussr_mpk_pr12412p_shop;MPK-211;
ussr_mpk_pr12412p_0;MPK-211 | Project 1241.2 | Pauk Class Corvette, MPK-211;
ussr_mpk_pr12412p_1;MPK-211;
ussr_mpk_pr12412p_2;Pauk Class [FS];
ussr_skr_pr35_shop;PLK-7;
ussr_skr_pr35_0;Project 35 | Mirka Class Frigate, PLK-7;
ussr_skr_pr35_1;PLK-7;
ussr_skr_pr35_2;Mirka Class [FF];
ussr_1124_rct_shop;BK-31;
ussr_1124_rct_0;Project 1124 Armored River Boat, BK-31;
ussr_1124_rct_1;BK-31;
ussr_1124_rct_2;Armored Gunboat;
ussr_pr253l_shop;TK-373;
ussr_pr253l_0;Project 253L | MT Class Minesweeper, TK-373;
ussr_pr253l_1;TK-373;
ussr_pr253l_2;Minesweeper;
ussr_pr_205pe_k225_shop;AK-225;
ussr_pr_205pe_k225_0;Project 205PE | Stenka Class Patrol Boat, AK-225;
ussr_pr_205pe_k225_1;AK-225;
ussr_pr_205pe_k225_2;Gunboat;
ussr_d3_tk126_shop;TK-126;
ussr_d3_tk126_0;Prokect 19-OK | TK-126;
ussr_d3_tk126_1;TK-126;
ussr_d3_tk126_2;Torpedo Boat;
;;
;;
;;
<GBR Army>;;
;;
uk_a_13_mk1_shop;Cruiser Mk.III;
uk_a_13_mk1_0;Tank, Cruiser, Mk.III, A.13 Mk.I;
uk_a_13_mk1_1;Cruiser Mk.III;
uk_a_13_mk1_2;Light Tank;
uk_a_13_mk2_shop;Cruiser Mk.IV;
uk_a_13_mk2_0;Tank, Cruiser, Mk.IV, A.13 Mk.II;
uk_a_13_mk2_1;Cruiser Mk.IV;
uk_a_13_mk2_2;Light ;
uk_crusader_mk_2_shop;Crusader Mk.II;
uk_crusader_mk_2_0;Tank, Cruiser, Mk.VI, A.15, Crusader Mk.II;
uk_crusader_mk_2_1;Crusader Mk.II;
uk_crusader_mk_2_2;Light Tank;
uk_crusader_mk_3_shop;Crusader Mk.III;
uk_crusader_mk_3_0;Tank, Cruiser, Mk.VI, A.15, Crusader Mk.III;
uk_crusader_mk_3_1;Crusader Mk.III;
uk_crusader_mk_3_2;Light Tank;
uk_a27m_cromwell_5_shop;Cromwell Mk.Vc;
uk_a27m_cromwell_5_0;Tank, Cruiser, Mk.VIII, A.27M, Cromwell Mk.Vc;
uk_a27m_cromwell_5_1;Cromwell Mk.Vc;
uk_a27m_cromwell_5_2;Medium Tank;
uk_a27m_cromwell_1_shop;Cromwell Mk.Ic;
uk_a27m_cromwell_1_0;Tank, Cruiser, Mk.VIII, A.27M, Cromwell Mk.Ic;
uk_a27m_cromwell_1_1;Cromwell Mk.Ic;
uk_a27m_cromwell_1_2;Medium Tank;
uk_sherman_II_shop;Sherman Mk.II;
uk_sherman_II_0;Tank, Medium, Sherman Mk.II;
uk_sherman_II_1;Sherman Mk.II;
uk_sherman_II_2;Medium Tank;
uk_sherman_vc_firefly_shop;Sherman Mk.Vc;
uk_sherman_vc_firefly_0;"Tank, Medium, Sherman Mk.Vc
<color=#7b9fb5>”Firefly”</color>";
uk_sherman_vc_firefly_1;Sherman Mk.Vc;
uk_sherman_vc_firefly_2;Medium Tank;
uk_a30_challenger_shop;Challenger Mk.I;
uk_a30_challenger_0;Tank, Cruiser, A.30, Challenger Mk.I;
uk_a30_challenger_1;Challenger Mk.I;
uk_a30_challenger_2;Medium Tank;
uk_a_34_comet_shop;Comet Mk.Ia;
uk_a_34_comet_0;Tank, Cruiser, A.34,Comet Mk.Ia;
uk_a_34_comet_1;Comet Mk.Ia;
uk_a_34_comet_2;Medium Tank;
uk_centurion_mk_1_shop;Centurion Mk.1;
uk_centurion_mk_1_0;Tank, Cruiser, A.41, Centurion Mk.1;
uk_centurion_mk_1_1;Centurion Mk.1;
uk_centurion_mk_1_2;Main Battle Tank;
uk_centurion_mk_3_shop;Centurion Mk.3;
uk_centurion_mk_3_0;"<color=#c8a5b2>FV4007</color>
Tank, Combat, 20lb Gun, Centurion Mk.3";
uk_centurion_mk_3_1;Centurion Mk.3;
uk_centurion_mk_3_2;Main Battle Tank;
uk_fv221_caernarvon_shop;Caernarvon Mk.2;
uk_fv221_caernarvon_0;"<color=#c8a5b2>FV221</color>
Tank, Medium, 20lb Gun, Caernarvon Mk.2";
uk_fv221_caernarvon_1;Caernarvon Mk.2;
uk_fv221_caernarvon_2;Heavy Tank;
uk_conqueror_mk_2_shop;Conqueror Mk.2;
uk_conqueror_mk_2_0;"<color=#c8a5b2>FV214</color>
Tank, Heavy No.1, 120mm Gun, Conqueror Mk.2";
uk_conqueror_mk_2_1;Conqueror Mk.2;
uk_conqueror_mk_2_2;Heavy Tank;
uk_centurion_mk_10_shop;Centurion Mk.10;
uk_centurion_mk_10_0;"<color=#c8a5b2>FV4017</color>
Tank, Combat, 105mm Gun, Centurion Mk.10";
uk_centurion_mk_10_1;Centurion Mk.10;
uk_centurion_mk_10_2;Main Battle Tank;
uk_chieftain_mk_3_shop;Chieftain Mk.3;
uk_chieftain_mk_3_0;"<color=#c8a5b2>FV4201</color>
Tank, Combat, 120mm Gun, Chieftain Mk.3";
uk_chieftain_mk_3_1;Chieftain Mk.3;
uk_chieftain_mk_3_2;Main Battle Tank;
uk_chieftain_mk_5_shop;Chieftain Mk.5;
uk_chieftain_mk_5_0;"<color=#c8a5b2>FV4201</color>
Tank, Combat, 120mm Gun, Chieftain Mk.5";
uk_chieftain_mk_5_1;Chieftain Mk.5;
uk_chieftain_mk_5_2;Main Battle Tank;
uk_chieftain_mk_10_shop;Chieftain Mk.10;
uk_chieftain_mk_10_0;"<color=#c8a5b2>FV4201</color>
Tank, Combat, 120mm Gun, Chieftain Mk.10";
uk_chieftain_mk_10_1;Chieftain Mk.10;
uk_chieftain_mk_10_2;Main Battle Tank;
uk_chieftain_900_shop;Chieftain 900;
uk_chieftain_900_0;"<color=#c8a5b2>FV4201</color>
Tank, Combat, 120mm Gun, Chieftain 900";
uk_chieftain_900_1;Chieftain 900;
uk_chieftain_900_2;Main Battle Tank;
uk_challenger_1_shop;Challenger Mk.2;
uk_challenger_1_0;"<color=#c8a5b2>FV4030/4</color>
Tank, Combat, 120mm Gun, Challenger Mk.2";
uk_challenger_1_1;Challenger Mk.2;
uk_challenger_1_2;Main Battle Tank;
uk_challenger_mk_3_shop;Challenger Mk.3;
uk_challenger_mk_3_0;"<color=#c8a5b2>FV4030/4</color>
Tank, Combat, 120mm Gun, Challenger Mk.3";
uk_challenger_mk_3_1;Challenger Mk.3;
uk_challenger_mk_3_2;Main Battle Tank;
uk_challenger_II_shop;Challenger 2 (2003);
uk_challenger_II_0;"<color=#c8a5b2>FV4034</color>
Tank, Combat, 120mm Gun, Challenger 2
<color=#c0c0c0>Dorchester Level 2E</color>
<color=#c0c0c0>circa. 2003</color>";
uk_challenger_II_1;Challenger 2 (2003);
uk_challenger_II_2;Main Battle Tank;
uk_challenger_2_dorchester_shop;Challenger 2 (2007);
uk_challenger_2_dorchester_0;"<color=#c8a5b2>FV4034</color>
Tank, Combat, 120mm Gun, Challenger 2
<color=#c0c0c0>Dorchester Level 2F</color>
<color=#c0c0c0>circa. 2007</color>";
uk_challenger_2_dorchester_1;Challenger 2 (2007);
uk_challenger_2_dorchester_2;Main Battle Tank;
uk_challenger_2_tes_shop;Challenger 2 TES;
uk_challenger_2_tes_0;"<color=#c8a5b2>FV4034</color>
Tank, Combat, 120mm Gun, Challenger 2
<color=#c0c0c0>Dorchester Level 2H</color>
<color=#c0c0c0>Theatre Entry Standard - circa. 2008</color>";
uk_challenger_2_tes_1;Challenger 2 TES;
uk_challenger_2_tes_2;Main Battle Tank;
uk_challenger_2_bn_shop;Black Night;
uk_challenger_2_bn_0;"<color=#c8a5b2>FV4034</color>
Tank, Combat, 120mm Gun, Challenger 2
<color=#7b9fb5>Black Night</color>";
uk_challenger_2_bn_1;Black Night;
uk_challenger_2_bn_2;Main Battle Tank;
uk_challenger_2e_shop;Challenger 2E;
uk_challenger_2e_0;"<color=#c8a5b2>FV4034</color>
Tank, Combat, 120mm Gun, Challenger 2E";
uk_challenger_2e_1;Challenger 2E;
uk_challenger_2e_2;Main Battle Tank;
uk_challenger_2_lep_shop;Challenger 2 (LEP);
uk_challenger_2_lep_0;"<color=#c8a5b2>FV4034</color>
Tank, Combat, 120mm Gun, Challenger 2
<color=#c0c0c0>Life-Extension Programme</color>";
uk_challenger_2_lep_1;Challenger 2 (LEP);
uk_challenger_2_lep_2;Main Battle Tank;
uk_m3_stuart_shop;Stuart Mk.I;
uk_m3_stuart_0;Tank, Light, Stuart Mk.I;
uk_m3_stuart_1;Stuart Mk.I;
uk_m3_stuart_2;Light Tank;
uk_m3a1_stuart_shop;Stuart Mk.III;
uk_m3a1_stuart_0;Tank, Light, Stuart Mk.III;
uk_m3a1_stuart_1;Stuart Mk.III;
uk_m3a1_stuart_2;Light Tank;
uk_valentine_mk_1_shop;Valentine Mk.I;
uk_valentine_mk_1_0;Tank, Infantry, Mk.III, Valentine Mk.I;
uk_valentine_mk_1_1;Valentine Mk.I;
uk_valentine_mk_1_2;Infantry Tank;
uk_valentine_mk_11_shop;Valentine Mk.XI;
uk_valentine_mk_11_0;Tank, Infantry, Mk.III, Valentine Mk.XI;
uk_valentine_mk_11_1;Valentine Mk.XI;
uk_valentine_mk_11_2;Infantry Tank;
uk_valentine_mk_9_shop;Valentine Mk.IX;
uk_valentine_mk_9_0;Tank, Infantry, Mk.III, Valentine Mk.IX;
uk_valentine_mk_9_1;Valentine Mk.IX;
uk_valentine_mk_9_2;Infantry Tank;
uk_a_12_mk_2_matilda_2_shop;Matilda Mk.III;
uk_a_12_mk_2_matilda_2_0;Tank, Infantry, Mk.IIa*, A.12, Matilda Mk.III;
uk_a_12_mk_2_matilda_2_1;Matilda Mk.III;
uk_a_12_mk_2_matilda_2_2;Infantry Tank;
uk_a_22_mk_1_churchill_1941_shop;Churchill Mk.I;
uk_a_22_mk_1_churchill_1941_0;Tank, Infantry, Mk.IV, A.22A, Churchill Mk.I;
uk_a_22_mk_1_churchill_1941_1;Churchill Mk.I;
uk_a_22_mk_1_churchill_1941_2;Infantry Tank;
uk_a_22b_mk_3_churchill_1942_shop;Churchill Mk.III;
uk_a_22b_mk_3_churchill_1942_0;Tank, Infantry, Mk.IV, A.22B, Churchill Mk.III;
uk_a_22b_mk_3_churchill_1942_1;Churchill Mk.III;
uk_a_22b_mk_3_churchill_1942_2;Infantry Tank;
uk_churchill_na75_shop;Churchill NA75;
uk_churchill_na75_0;Tank, Infantry, Mk.IV, Churchill, NA75;
uk_churchill_na75_1;Churchill NA75;
uk_churchill_na75_2;Infantry Tank;
uk_a_22f_mk_7_churchill_1944_shop;Churchill Mk.VII;
uk_a_22f_mk_7_churchill_1944_0;Tank, Infantry, Mk.IV, A.22F, Churchill Mk.VII;
uk_a_22f_mk_7_churchill_1944_1;Churchill Mk.VII;
uk_a_22f_mk_7_churchill_1944_2;Infantry Tank;
uk_charioteer_mk_7_shop;Charioteer Mk.VIIa;
uk_charioteer_mk_7_0;"<color=#c8a5b2>FV4101</color>
Tank, Medium Gun, Charioteer Mk.VIIa";
uk_charioteer_mk_7_1;Charioteer Mk.VIIa;
uk_charioteer_mk_7_2;Medium Tank;
uk_fv4202_shop;FV4202;
uk_fv4202_0;"<color=#c8a5b2>FV4202</color>
Tank, Combat, 20lb Gun, Centurion, 40-ton";
uk_fv4202_1;FV4202;
uk_fv4202_2;Main Battle Tank;
uk_vickers_mbt_mk_1_shop;Vickers Mk.1;
uk_vickers_mbt_mk_1_0;Vickers Battle Tank Mk.1;
uk_vickers_mbt_mk_1_1;Vickers Mk.1;
uk_vickers_mbt_mk_1_2;Main Battle Tank;
uk_vickers_mbt_mk_3_shop;Vickers Mk.3;
uk_vickers_mbt_mk_3_0;Vickers Battle Tank Mk.3;
uk_vickers_mbt_mk_3_1;Vickers Mk.3;
uk_vickers_mbt_mk_3_2;Main Battle Tank;
uk_vickers_mk7_shop;Vickers Mk.7/2;
uk_vickers_mk7_0;Vickers Battle Tank Mk.7/2;
uk_vickers_mk7_1;Vickers Mk.7/2;
uk_vickers_mk7_2;Main Battle Tank;
uk_a17_mk_1_tetrarch_shop;Tetrarch Mk.I;
uk_a17_mk_1_tetrarch_0;Tank, Light Mk.VII, A.17, Tetrarch Mk.I;
uk_a17_mk_1_tetrarch_1;Tetrarch Mk.I;
uk_a17_mk_1_tetrarch_2;Light Tank;
uk_daimler_mk_2_shop;Daimler Mk.II;
uk_daimler_mk_2_0;Car, Armored, Daimler Mk.II;
uk_daimler_mk_2_1;Daimler Mk.II;
uk_daimler_mk_2_2;Armored Car;
uk_sp_17_pdr_valentine_shop;Archer Mk.I;
uk_sp_17_pdr_valentine_0;QF 17pdr, SP.1, Valentine Mk.I, Archer Mk.I;
uk_sp_17_pdr_valentine_1;Archer Mk.I;
uk_sp_17_pdr_valentine_2;Tank Destroyer;
uk_3_inch_gun_carrier_shop;3-inch Gun Carrier;
uk_3_inch_gun_carrier_0;Gun Carrier, 3-inch, Mk.I, A.22D, Churchill;
uk_3_inch_gun_carrier_1;3-inch Gun Carrier;
uk_3_inch_gun_carrier_2;Tank Destroyer;
uk_17_pdr_m10_achilles_shop;Achilles Mk.Ic;
uk_17_pdr_m10_achilles_0;"QF 17pdr, SP, M10, Achilles Mk.Ic
<color=#7b9fb5>”Firefly”</color>";
uk_17_pdr_m10_achilles_1;Achilles Mk.Ic;
uk_17_pdr_m10_achilles_2;Tank Destroyer;
uk_m44_shop;Cardinal;
uk_m44_0;155mm, Self-Propelled, Cardinal;
uk_m44_1;Cardinal;
uk_m44_2;SPG;
uk_a30_sp_avenger_shop;Avenger Mk.I;
uk_a30_sp_avenger_0;QF 17pdr, SP.2, A.30, Avenger Mk.I;
uk_a30_sp_avenger_1;Avenger Mk.I;
uk_a30_sp_avenger_2;Medium Tank;
uk_fv4005_shop;FV4005;
uk_fv4005_0;"<color=#c8a5b2>FV4005</color>
Tank, Heavy Gun, SP No.2
<color=#7b9fb5>”Centaur”</color>";
uk_fv4005_1;FV4005;
uk_fv4005_2;Tank Destroyer;
uk_m109a1_shop;▄M109A1;
uk_m109a1_0;▄Howitzer, Self-Propelled, Full Tracked, 155mm Gun, M109A1;
uk_m109a1_1;▄M109A1;
uk_m109a1_2;Self-Propelled Gun;
uk_a39_tortoise_shop;Tortoise;
uk_a39_tortoise_0;Tank, Heavy Assault, A.39E1, Tortoise;
uk_a39_tortoise_1;Tortoise;
uk_a39_tortoise_2;Tank Destroyer;
uk_fv4004_conway_shop;Conway;
uk_fv4004_conway_0;FV4004 | Tank, Heavy Gun, Conway;
uk_fv4004_conway_1;Conway;
uk_fv4004_conway_2;Tank Destroyer;
uk_fv438_swingfire_shop;Swingfire;
uk_fv438_swingfire_0;"<color=#c8a5b2>FV438</color>
Launched, Guided Missile, Carrier Mounted, Full Tracked, Swingfire";
uk_fv438_swingfire_1;Swingfire;
uk_fv438_swingfire_2;Missile Carrier;
uk_fv510_isv_shop;Warrior;
uk_fv510_isv_0;"<color=#c8a5b2>FV510</color>
Infantry Section Vehicle, Warrior";
uk_fv510_isv_1;Warrior;
uk_fv510_isv_2;Infantry Fighting Vehicle;
uk_fv102_striker_shop;Striker;
uk_fv102_striker_0;"<color=#c8a5b2>FV102</color>
Anti-Armour Guided Weapon Carrier, Striker";
uk_fv102_striker_1;Striker;
uk_fv102_striker_2;Missile Carrier;
uk_vickers_mk_6_aa_mk_1_shop;Light Mk.VIa AA;
uk_vickers_mk_6_aa_mk_1_0;Tank, Light, Mk.VIa, A.5 Mk.I, AA, Mk.I;
uk_vickers_mk_6_aa_mk_1_1;Light Mk.VIa AA;
uk_vickers_mk_6_aa_mk_1_2;SPAA;
uk_t17e2_shop;Staghound AA Mk.I;
uk_t17e2_0;Car, Armored, T17E2 Staghound, AA, Mk.I;
uk_t17e2_1;Staghound AA Mk.I;
uk_t17e2_2;SPAA;
uk_crusader_aa_mk_1_shop;Crusader AA Mk.I;
uk_crusader_aa_mk_1_0;Tank, Cruiser, Mk.VI, A.15, Crusader Mk.III, AA, Mk.I;
uk_crusader_aa_mk_1_1;Crusader AA Mk.I;
uk_crusader_aa_mk_1_2;SPAA;
uk_armored_car_mk_2_aa_shop;AEC Mk.II AA;
uk_armored_car_mk_2_aa_0;Car, Armored, AEC Mk.II AA;
uk_armored_car_mk_2_aa_1;AEC Mk.II AA;
uk_armored_car_mk_2_aa_2;SPAA;
uk_crusader_aa_mk_2_shop;Crusader AA Mk.II;
uk_crusader_aa_mk_2_0;Tank, Cruiser, Mk.VI, A.15, Crusader Mk.III, AA, Mk.II;
uk_crusader_aa_mk_2_1;Crusader AA Mk.II;
uk_crusader_aa_mk_2_2;SPAA;
uk_falcon_shop;Falcon;
uk_falcon_0;FV433 | Tank, AA, Falcon;
uk_falcon_1;Falcon;
uk_falcon_2;SPAA;
uk_chieftain_marksman_shop;Chieftain Marksman;
uk_chieftain_marksman_0;Marconi Electronic Systems Chieftain Mk.10 Marksman;
uk_chieftain_marksman_1;Chieftain Marksman;
uk_chieftain_marksman_2;SPAA;
uk_stormer_air_defence_shop;Stormer AD;
uk_stormer_air_defence_0;"<color=#c8a5b2>FV4333</color>
Stormer Air Defense";
uk_stormer_air_defence_1;Stormer AD;
uk_stormer_air_defence_2;SPAA / SAM;
uk_stormer_hvm_shop;Stormer HVM;
uk_stormer_hvm_0;"<color=#c8a5b2>FV4333</color>
Combat Vehicle, Carrier, Full Tracked,
Stormer High Velocity Missile System";
uk_stormer_hvm_1;Stormer HVM;
uk_stormer_hvm_2;SAM;
uk_sky_sabre_fcs_shop;SV 15T (Giraffe AMB);
uk_sky_sabre_fcs_0;"Sky Sabre
Support Vehicle 15-Tonne
<color=#c0c0c0>With Giraffe AMB radar</color>";
uk_sky_sabre_fcs_1;SV 15T (Giraffe AMB);
uk_sky_sabre_fcs_2;Radar Vehicle;
uk_sky_sabre_launcher_shop;SV 15T (Land Ceptor);
uk_sky_sabre_launcher_0;"Sky Sabre
Support Vehicle 15-Tonne
<color=#c0c0c0>With Land Ceptor system</color>";
uk_sky_sabre_launcher_1;SV 15T (Land Ceptor);
uk_sky_sabre_launcher_2;SAM;
uk_a25_mk_8_shop;Harry Hopkins Mk.I;
uk_a25_mk_8_0;Tank, Light, Mk.VIII, A.25, Harry Hopkins Mk.I;
uk_a25_mk_8_1;Harry Hopkins Mk.I;
uk_a25_mk_8_2;Light Tank;
uk_fv107_scimitar_shop;Scimitar;
uk_fv107_scimitar_0;"<color=#c8a5b2>FV107</color>
Combat Vehicle Reconnaissance (Tracked) Scimitar";
uk_fv107_scimitar_1;Scimitar;
uk_fv107_scimitar_2;Light Tank;
uk_fv721_fox_shop;Fox;
uk_fv721_fox_0;"<color=#c8a5b2>FV721</color>
Combat Vehicle Reconnaissance (Wheeled), Fox";
uk_fv721_fox_1;Fox;
uk_fv721_fox_2;Armored Car;
uk_vickers_mk_11_shop;Vickers Mk.11;
uk_vickers_mk_11_0;Vickers Mk.11;
uk_vickers_mk_11_1;Vickers Mk.11;
uk_vickers_mk_11_2;Light Tank;
uk_vfm_5_shop;VFM5;
uk_vfm_5_0;Vickers/FMC Mk.5;
uk_vfm_5_1;VFM5;
uk_vfm_5_2;Light Tank;
uk_ajax_shop;Ajax;
uk_ajax_0;Combat Vehicle, Reconnaissance, Full Tracked, Ajax;
uk_ajax_1;Ajax;
uk_ajax_2;Infantry Fighting Vehicle;
uk_mark_v_shop;Mark V (M);
uk_mark_v_0;Tank, Mark V (Male);
uk_mark_v_1;Mark V (M);
uk_mark_v_2;Medium Tank;
uk_a_13_mk1_3rd_rtr_shop;Cruiser Mk.III (3rd R.T.R.);
uk_a_13_mk1_3rd_rtr_0;"Tank, Cruiser, Mk.III, A.13 Mk.I
<color=#fcba03>3rd Royal Tank Regiment</color>";
uk_a_13_mk1_3rd_rtr_1;Cruiser Mk.III (3rd R.T.R.);
uk_a_13_mk1_3rd_rtr_2;Light Tank;
uk_a_13_mk2_1939_shop;Cruiser Mk.IVa;
uk_a_13_mk2_1939_0;Tank, Cruiser, Mk.IVa, A.13 Mk.IIa;
uk_a_13_mk2_1939_1;Cruiser Mk.IVa;
uk_a_13_mk2_1939_2;Light Tank;
uk_a1e1_independent_shop;Independent;
uk_a1e1_independent_0;Vickers Independent, Tank, Heavy, A.1E1;
uk_a1e1_independent_1;Independent;
uk_a1e1_independent_2;Heavy Tank;
uk_alecto_mk_1_shop;Alecto Mk.I;
uk_alecto_mk_1_0;QF 95mm, SP.3, A.25, Alecto Mk.I;
uk_alecto_mk_1_1;Alecto Mk.I;
uk_alecto_mk_1_2;Tank Destroyer;
uk_crusader_mk_2_the_saint_shop;Crusader Mk.II (1st Arm.Div.);
uk_crusader_mk_2_the_saint_0;"Tank, Cruiser, Mk.VI, A.15, Crusader Mk.II
<color=#7b9fb5>The Saint</color>
<color=#fcba03>1st Armored Division</color>";
uk_crusader_mk_2_the_saint_1;Crusader Mk.II (1st Arm.Div.);
uk_crusader_mk_2_the_saint_2;Light Tank;
uk_mk1_grant_shop;Grant Mk.I;
uk_mk1_grant_0;Tank, Medium, Grant Mk.I;
uk_mk1_grant_1;Grant Mk.I;
uk_mk1_grant_2;Medium Tank;
uk_armored_car_aec_mk_2_shop;AEC Mk.II;
uk_armored_car_aec_mk_2_0;Car, Armoured, AEC Mk.II;
uk_armored_car_aec_mk_2_1;AEC Mk.II;
uk_armored_car_aec_mk_2_2;Armored Car;
uk_a27m_cromwell_5_rp3_shop;Cromwell Mk.Vc Tulip;
uk_a27m_cromwell_5_rp3_0;"Tank, Cruiser, Mk.VIII, A.27M, Cromwell Mk.Vc
<color=#7b9fb5>Tulip</color>
<color=#c0c0c0>Specialised Armour Development Establishment</color>";
uk_a27m_cromwell_5_rp3_1;Cromwell Mk.Vc Tulip;
uk_a27m_cromwell_5_rp3_2;Medium Tank;
uk_churchill_avre_shop;Churchill Mk.III AVRE;
uk_churchill_avre_0;Tank, Infantry, Mk.IV, A.22B, Churchill Mk.III, AVRE;
uk_churchill_avre_1;Churchill Mk.III AVRE;
uk_churchill_avre_2;Combat Engineer Vehicle;
uk_a_33_excelsior_shop;Commodore;
uk_a_33_excelsior_0;Tank, Heavy Assault, A.33B, Commodore;
uk_a_33_excelsior_1;Commodore;
uk_a_33_excelsior_2;Assault Tank;
uk_a_22f_mk_7_churchill_crocodile_shop;Churchill Crocodile;
uk_a_22f_mk_7_churchill_crocodile_0;Tank, Infantry,Mk.IV, A.22F, Churchill Mk.VII, Crocodile;
uk_a_22f_mk_7_churchill_crocodile_1;Churchill Crocodile;
uk_a_22f_mk_7_churchill_crocodile_2;Infantry Tank;
uk_a_34_comet_iron_duke_shop;Iron Duke IV;
uk_a_34_comet_iron_duke_0;"Tank, Cruiser, A.34, Comet Mk.Ia
<color=#7b9fb5>Iron Duke IV</color>
<color=#fcba03>1st Royal Tank Regiment</color>";
uk_a_34_comet_iron_duke_1;Iron Duke IV;
uk_a_34_comet_iron_duke_2;Medium Tank;
uk_tog_2_shop;T.O.G. 2*;
uk_tog_2_0;T.O.G. 2* Heavily Armoured Assault Tank;
uk_tog_2_1;T.O.G. 2*;
uk_tog_2_2;Assault Tank;
uk_centurion_mk_3_ss11_shop;▄strv 81 (rbs 52A);
uk_centurion_mk_3_ss11_0;"▄stridsvagn 81 (C III)
<color=#c0c0c0>robotsystem 52A</color>";
uk_centurion_mk_3_ss11_1;▄strv 81 (rbs 52A);
uk_centurion_mk_3_ss11_2;Medium Tank;
uk_a_43_black_prince_shop;Black Prince;
uk_a_43_black_prince_0;Tank, Infantry, A.43E1, Black Prince;
uk_a_43_black_prince_1;Black Prince;
uk_a_43_black_prince_2;Infantry Tank;
uk_centurion_action_x_shop;Centurion Mk.7 (CMT);
uk_centurion_action_x_0;"<color=#c8a5b2>FV4021</color>
Tank, Combat, 20lb Gun, Centurion Mk.7
<color=#c0c0c0>Centurion Mantletless Turret</color>";
uk_centurion_action_x_1;Centurion Mk.7 (CMT);
uk_centurion_action_x_2;Main Battle Tank;
uk_centurion_mk_2_shop;Centurion Mk.2;
uk_centurion_mk_2_0;Tank, Cruiser, A.41A, Centurion Mk.2;
uk_centurion_mk_2_1;Centurion Mk.2;
uk_centurion_mk_2_2;Main Battle Tank;
uk_centurion_mk_5_avre_era_shop;Centurion Mk.5 AVRE;
uk_centurion_mk_5_avre_era_0;"<color=#c8a5b2>FV4003</color>
Tank, Assault Vehicle, Royal Engineers, Centurion Mk.5";
uk_centurion_mk_5_avre_era_1;Centurion Mk.5 AVRE;
uk_centurion_mk_5_avre_era_2;Combat Engineer Vehicle;
uk_fv107_scimitar_mk2_shop;Scimitar Mk.2 (TES);
uk_fv107_scimitar_mk2_0;"<color=#c8a5b2>FV107</color>
Combat Vehicle Reconnaissance (Tracked) Scimitar Mk.2
<color=#c0c0c0>Theatre Entry Standard</color>";
uk_fv107_scimitar_mk2_1;Scimitar Mk.2 (TES);
uk_fv107_scimitar_mk2_2;Light Tank;
uk_centurion_shot_kal_d_shop;▄Sho’t Kal D;
uk_centurion_shot_kal_d_0;▄Sho’t Kal Dalet;
uk_centurion_shot_kal_d_1;▄Sho’t Kal D;
uk_centurion_shot_kal_d_2;Main Battle Tank;
uk_challenger_1_mk_3_gulf_shop;Challenger Mk.3 (R.S.D.G.);
uk_challenger_1_mk_3_gulf_0;"<color=#c8a5b2>FV4030/4</color>
Tank, Combat, 120mm Gun, Challenger Mk.3
<color=#fcba03>Royal Scots Dragoon Guards</color>";
uk_challenger_1_mk_3_gulf_1;Challenger Mk.3 (R.S.D.G.);
uk_challenger_1_mk_3_gulf_2;Main Battle Tank;
uk_challenger_2_megatron_shop;Megatron;
uk_challenger_2_megatron_0;"<color=#c8a5b2>FV4034</color>
Tank, Combat, 120mm Gun, Challenger 2
<color=#7b9fb5>Megatron</color>
<color=#c0c0c0>Dorchester Level 2H</color>
<color=#c0c0c0>Theatre Entry Standard - circa. 2012</color>";
uk_challenger_2_megatron_1;Megatron;
uk_challenger_2_megatron_2;Main Battle Tank;
uk_challenger_2_megatron_sm_shop;Emily’s Challenger 2 TES;
uk_challenger_2_megatron_sm_0;"<color=#c8a5b2>FV4034</color>
Tank, Combat, 120mm Gun, Challenger 2
<color=#c0c0c0>Dorchester Level 2H</color>
<color=#c0c0c0>Theatre Entry Standard - circa. 2012</color>";
uk_challenger_2_megatron_sm_1;Challenger 2 TES;
uk_challenger_2_megatron_sm_2;Main Battle Tank;
uk_17_pdr_m10_achilles_norfolk_yeomanry_shop;Achilles Mk.Ic (65th A.T.R.);
uk_17_pdr_m10_achilles_norfolk_yeomanry_0;"QF 17pdr, SP, M10, Achilles Mk.Ic
<color=#7b9fb5>”Firefly”</color>
<color=#fcba03>65th Anti-Tank Regiment</color>";
uk_17_pdr_m10_achilles_norfolk_yeomanry_1;Achilles Mk.Ic (65th A.T.R.);
uk_17_pdr_m10_achilles_norfolk_yeomanry_2;Tank Destroyer;
uk_challenger_II_yt_cup_2019_shop;␙Challenger 2 (2003);
uk_challenger_II_yt_cup_2019_0;"<color=#c8a5b2>FV4034</color>
␙Tank, Combat, 120mm Gun, Challenger 2
<color=#c0c0c0>Dorchester Level 2E</color>
<color=#c0c0c0>circa. 2003</color>";
uk_challenger_II_yt_cup_2019_1;␙Challenger 2 (2003);
uk_challenger_II_yt_cup_2019_2;Main Battle Tank;
uk_a30_sp_avenger_kit_3rank_shop;Avenger Mk.I (Overlord);
uk_a30_sp_avenger_kit_3rank_0;"QF 17pdr, A.30 Avenger Mk.I
<color=#fcba03>Echoes of Overlord</color>";
uk_a30_sp_avenger_kit_3rank_1;Avenger Mk.I (Overlord);
uk_a30_sp_avenger_kit_3rank_2;Medium Tank;
uk_sherman_vc_firefly_kit_3rank_shop;Sherman Mk.Vc (Overlord);
uk_sherman_vc_firefly_kit_3rank_0;"Tank, Medium, Sherman Mk.Vc
<color=#7b9fb5>”Firefly”</color>
<color=#fcba03>Echoes of Overlord</color>";
uk_sherman_vc_firefly_kit_3rank_1;Sherman Mk.Vc (Overlord);
uk_sherman_vc_firefly_kit_3rank_2;Medium Tank;
uk_crusader_aa_mk_3_kit_3rank_shop;Crusader Mk.II (Overlord);
uk_crusader_aa_mk_3_kit_3rank_0;"Tank, Cruiser, Mk.VI, A.15, Crusader Mk.III, AA, Mk.II
<color=#fcba03>Echoes of Overlord</color>";
uk_crusader_aa_mk_3_kit_3rank_1;Crusader Mk.II (Overlord);
uk_crusader_aa_mk_3_kit_3rank_2;SPAA;
uk_vickers_gbt_155_shop;Vickers SP 155;
uk_vickers_gbt_155_0;"Vickers Mk.3 Main Battle Tank
SP 155
<color=#c0c0c0>With GBT 155 turret</color>";
uk_vickers_gbt_155_1;Vickers SP 155;
uk_vickers_gbt_155_2;Howitzer;
uk_as_90_mk_2_shop;AS90 (CEP 1);
uk_as_90_mk_2_0;"AS90
Gun, Self-Propelled, 155mm, L131
<color=#c0c0c0>Capability Enhancement Program, Technology Insertion Package 1</color>";
uk_as_90_mk_2_1;AS90 (CEP 1);
uk_as_90_mk_2_2;Howitzer;
;;
;;
;;
<GBR Helicopter>;;
;;
scout_ah_mk1_shop;Scout A.H. 1;
scout_ah_mk1_0;"<color=#7b9fb5>Westland Helicopters</color>
Scout A.H. Mk. 1";
scout_ah_mk1_1;Scout A.H. 1;
scout_ah_mk1_2;Scout;
wasp_has_mk1_shop;Wasp H.A.S. 1;
wasp_has_mk1_0;"<color=#7b9fb5>Westland Helicopters</color>
Wasp H.A.S. Mk. 1";
wasp_has_mk1_1;Wasp H.A.S. 1;
wasp_has_mk1_2;Wasp;
wessex_mk5_shop;Wessex H.U. 5;
wessex_mk5_0;"<color=#7b9fb5>Westland Helicopters</color>
Wessex H.U. Mk. 5";
wessex_mk5_1;Wessex H.U. 5;
wessex_mk5_2;Wessex;
lynx_ah_mk1_shop;Lynx A.H. 1;
lynx_ah_mk1_0;"<color=#7b9fb5>Westland Helicopters</color>
Lynx A.H. Mk. 1";
lynx_ah_mk1_1;Lynx A.H. 1;
lynx_ah_mk1_2;Lynx;
ah_mk1_shop;Apache A.H. 1;
ah_mk1_0;"<color=#7b9fb5>AgustaWestland</color>
Apache A.H. Mk. 1";
ah_mk1_1;Apache A.H. 1;
ah_mk1_2;Apache;
ah_64e_britain_shop;Apache A.H. 2;
ah_64e_britain_0;"<color=#7b9fb5>Boeing Rotocraft Systems</color>
Apache A.H. Mk. 2";
ah_64e_britain_1;Apache A.H. 2;
ah_64e_britain_2;Apache;
aw_159_shop;Wildcat H.M.A. 2;
aw_159_0;"<color=#7b9bf5>AgustaWestland</color>
Wildcat H.M.A. Mk. 2";
aw_159_1;Wildcat H.M.A. 2;
aw_159_2;Wildcat;
g_lynx_shop;G-LYNX;
g_lynx_0;"<color=#7b9fb5>Westland Helicopters</color>
G-LYNX";
g_lynx_1;G-LYNX;
g_lynx_2;G-LYNX;
;;
;;
;;
<GBR Aviation>;;
;;
fury_mk1_shop;Fury Mk. I;
fury_mk1_0;"<color=#7b9fb5>H. G. Hawker Engineering</color>
Fury Mk. I";
fury_mk1_1;Fury Mk. I;
fury_mk1_2;Fury;
fury_mk2_shop;Fury Mk. II;
fury_mk2_0;"<color=#7b9fb5>H. G. Hawker Engineering</color>
Fury Mk. II";
fury_mk2_1;Fury Mk. II;
fury_mk2_2;Fury;
hurricanemkii_shop;Hurricane Mk. IIb;
hurricanemkii_0;"<color=#7b9fb5>Hawker Aircraft Ltd.</color>
Hurricane Mk. IIb (Tropicalized)";
hurricanemkii_1;Hurricane Mk. II;
hurricanemkii_2;Hurricane;
hurricane_mk1_shop;Hurricane Mk. I;
hurricane_mk1_0;"<color=#7b9fb5>Hawker Aircraft Ltd.</color>
Hurricane Mk. I (Late)";
hurricane_mk1_1;Hurricane Mk. I;
hurricane_mk1_2;Hurricane;
typhoon_mk1a_shop;Typhoon Mk. Ia;
typhoon_mk1a_0;"<color=#7b9fb5>Hawker Aircraft Ltd.</color>
Typhoon Mk. Ia";
typhoon_mk1a_1;Typhoon Mk. I;
typhoon_mk1a_2;Typhoon;
typhoon_mk1b_late_shop;Typhoon Mk. Ib;
typhoon_mk1b_late_0;"<color=#7b9fb5>Hawker Aircraft Ltd.</color>
Typhoon Mk. Ib
<color=#c0c0c0>Modification 1943</color>";
typhoon_mk1b_late_1;Typhoon Mk. I;
typhoon_mk1b_late_2;Typhoon;
tempest_mkv_shop;Tempest F.B. 5;
tempest_mkv_0;"<color=#7b9fb5>Hawker Aircraft Ltd.</color>
Tempest F.B. Mk. 5
<color=#c0c0c0>Series 2</color>";
tempest_mkv_1;Tempest F.B. 5;
tempest_mkv_2;Tempest;
tempest_mk2_shop;Tempest F.B. 2;
tempest_mk2_0;"<color=#7b9fb5>Hawker Aircraft Ltd.</color>
Tempest F.B. Mk. 2";
tempest_mk2_1;Tempest F.B. 2;
tempest_mk2_2;Tempest;
vampire_fb5_shop;Vampire F.B. 5;
vampire_fb5_0;"<color=#7b9fb5>de Havilland Aircraft Company Ltd.</color>
Vampire F.B. Mk. 5";
vampire_fb5_1;Vampire F.B. 5;
vampire_fb5_2;Vampire;
venom_fb4_shop;Venom F.B. 4;
venom_fb4_0;"<color=#7b9fb5>de Havilland Aircraft Company Ltd.</color>
Venom F.B. Mk. 4";
venom_fb4_1;Venom F.B. 4;
venom_fb4_2;Venom;
hunter_f1_shop;Hunter F. 1;
hunter_f1_0;"<color=#7b9fb5>Hawker Aircraft Ltd.</color>
Hunter F. 1";
hunter_f1_1;Hunter F. 1;
hunter_f1_2;Hunter;
hunter_f6_shop;Hunter F. 6;
hunter_f6_0;"<color=#7b9fb5>Hawker Aircraft Ltd.</color>
Hunter F. 6";
hunter_f6_1;Hunter F. 6;
hunter_f6_2;Hunter;
f-4m_fgr2_shop;Phantom F.G.R. 2;
f-4m_fgr2_0;"<color=#7b9fb5>McDonnell Douglas Corporation</color>
F-4M-31-MC Phantom F.G.R. Mk.2";
f-4m_fgr2_1;Phantom F.G.R. 2;
f-4m_fgr2_2;Phantom;
ef_2000_fgr4_shop;Typhoon F.G.R. 4;
ef_2000_fgr4_0;"<color=#7b9fb5>Eurofighter Jagdflugzeug GmbH</color>
Typhoon F.G.R. Mk.4
<color=#c0c0c0>Tranche 2 | Project Centurion</color>";
ef_2000_fgr4_1;Typhoon F.G.R. 4;
ef_2000_fgr4_2;Typhoon;
ef_2000_typhoon_aesa_shop;Typhoon F.G.R. 4 (ZK355);
ef_2000_typhoon_aesa_0;"<color=#7b9fb5>Eurofighter Jagdflugzeug GmbH</color>
Typhoon F.G.R. Mk.4
<color=#c0c0c0>Tranche 3 | Project Centurion</color>
<color=#fcba03>ZK355</color>";
ef_2000_typhoon_aesa_1;Typhoon F.G.R. 4;
ef_2000_typhoon_aesa_2;Typhoon;
gladiator_mk2_shop;Gladiator Mk. II;
gladiator_mk2_0;"<color=#7b9fb5>Gloster Aircraft Ltd.</color>
Gladiator Mk. II";
gladiator_mk2_1;Gladiator Mk. II;
gladiator_mk2_2;Gladiator;
spitfire_mk1_shop;Spitfire Mk. Ia;
spitfire_mk1_0;"<color=#7b9fb5>Supermarine Aviation Works Ltd.</color>
Spitfire Mk. Ia";
spitfire_mk1_1;Spitfire Mk. I;
spitfire_mk1_2;Spitfire;
spitfiremkiia_shop;Spitfire Mk. IIa;
spitfiremkiia_0;"<color=#7b9fb5>Supermarine Aviation Works Ltd.</color>
Spitfire Mk. IIa";
spitfiremkiia_1;Spitfire Mk. II;
spitfiremkiia_2;Spitfire;
spitfiremkii_shop;Spitfire Mk. IIb;
spitfiremkii_0;"<color=#7b9fb5>Supermarine Aviation Works Ltd.</color>
Spitfire Mk. IIb";
spitfiremkii_1;Spitfire Mk. II;
spitfiremkii_2;Spitfire;
spitfire_mk5b_shop;Spitfire Mk. Vb (Trop);
spitfire_mk5b_0;"<color=#7b9fb5>Supermarine Aviation Works Ltd.</color>
Spitfire Mk. Vb (Tropicalized)";
spitfire_mk5b_1;Spitfire Mk. V;
spitfire_mk5b_2;Spitfire;
spitfire_mk5b_notrop_shop;Spitfire Mk. Vb;
spitfire_mk5b_notrop_0;"<color=#7b9fb5>Supermarine Aviation Works Ltd.</color>
Spitfire Mk. Vb";
spitfire_mk5b_notrop_1;Spitfire Mk. V;
spitfire_mk5b_notrop_2;Spitfire;
spitfire_ix_early_shop;Spitfire F. IXc;
spitfire_ix_early_0;"<color=#7b9fb5>Supermarine Aviation Works Ltd.</color>
Spitfire F. Mk. IXc";
spitfire_ix_early_1;Spitfire F. IX;
spitfire_ix_early_2;Spitfire;
spitfire_xvi_shop;Spitfire F. XVI;
spitfire_xvi_0;"<color=#7b9fb5>Supermarine Aviation Works Ltd.</color>
Spitfire F. Mk. XVI";
spitfire_xvi_1;Spitfire F. XVI;
spitfire_xvi_2;Spitfire;
spitfire_mk5c_shop;Spitfire Mk. Vc (Trop);
spitfire_mk5c_0;"<color=#7b9fb5>Supermarine Aviation Works Ltd.</color>
Spitfire Mk. Vc (Tropicalized)";
spitfire_mk5c_1;Spitfire Mk. V;
spitfire_mk5c_2;Spitfire;
spitfire_mk5c_notrop_shop;Spitfire Mk. Vc;
spitfire_mk5c_notrop_0;"<color=#7b9fb5>Supermarine Aviation Works Ltd.</color>
Spitfire Mk. Vc";
spitfire_mk5c_notrop_1;Spitfire Mk. V;
spitfire_mk5c_notrop_2;Spitfire;
spitfire_mk14e_shop;Spitfire F. XIVe;
spitfire_mk14e_0;"<color=#7b9fb5>Supermarine Aviation Works Ltd.</color>
Spitfire F. Mk. XIVe";
spitfire_mk14e_1;Spitfire F. XIV;
spitfire_mk14e_2;Spitfire;
spitfire_mk18e_shop;Spitfire F. XVIIIe;
spitfire_mk18e_0;"<color=#7b9fb5>Supermarine Aviation Works Ltd.</color>
Spitfire F. Mk. XVIIIe";
spitfire_mk18e_1;Spitfire F. XVIII;
spitfire_mk18e_2;Spitfire;
spitfire_ix_shop;Spitfire L.F. IXe;
spitfire_ix_0;"<color=#7b9fb5>Supermarine Aviation Works Ltd.</color>
Spitfire L.F. Mk. IXe";
spitfire_ix_1;Spitfire L.F. IX;
spitfire_ix_2;Spitfire;
spitfire_f22_shop;Spitfire F. 22;
spitfire_f22_0;"<color=#7b9fb5>Supermarine Aviation Works Ltd.</color>
Spitfire F. Mk. 22";
spitfire_f22_1;Spitfire F. 22;
spitfire_f22_2;Spitfire;
spitfire_f24_shop;Spitfire F. 24;
spitfire_f24_0;"<color=#7b9fb5>Supermarine Aviation Works Ltd.</color>
Spitfire F. Mk. 24";
spitfire_f24_1;Spitfire F. 24;
spitfire_f24_2;Spitfire;
meteor_fmk3_shop;Meteor F. 3;
meteor_fmk3_0;"<color=#7b9fb5>Gloster Aircraft Ltd.</color>
Meteor F. Mk. 3";
meteor_fmk3_1;Meteor F. 3;
meteor_fmk3_2;Meteor;
meteor_fmk3_navy_shop;Sea Meteor F. 3;
meteor_fmk3_navy_0;"<color=#7b9fb5>Gloster Aircraft Ltd.</color>
Sea Meteor F. Mk. 3";
meteor_fmk3_navy_1;Sea Meteor F. 3;
meteor_fmk3_navy_2;Sea Meteor;
meteor_fmk4_lw_shop;Meteor F. 3 (D.5);
meteor_fmk4_lw_0;"<color=#7b9fb5>Gloster Aircraft Ltd.</color>
Meteor F. Mk. 3 (Derwent 5)";
meteor_fmk4_lw_1;Meteor F. 3;
meteor_fmk4_lw_2;Meteor;
meteor_fmk4_sw_shop;Meteor F. 4;
meteor_fmk4_sw_0;"<color=#7b9fb5>Gloster Aircraft Ltd.</color>
Meteor F. Mk. 4";
meteor_fmk4_sw_1;Meteor F. 4;
meteor_fmk4_sw_2;Meteor;
meteor_fmk8_shop;Meteor F. 8;
meteor_fmk8_0;"<color=#7b9fb5>Gloster Aircraft Ltd.</color>
Meteor F. Mk. 8";
meteor_fmk8_1;Meteor F. 8;
meteor_fmk8_2;Meteor;
javelin_fmk9_shop;Javelin F.A.W. 9;
javelin_fmk9_0;"<color=#7b9fb5>Gloster Aircraft Ltd.</color>
Javelin F.A.W. Mk. 9";
javelin_fmk9_1;Javelin F.A.W. 9;
javelin_fmk9_2;Javelin;
lightning_f6_shop;Lightning F. 6;
lightning_f6_0;"<color=#7b9fb5>British Aircraft Corporation</color>
Lighting F. Mk. 6";
lightning_f6_1;Lightning F. 6;
lightning_f6_2;Lightning;
tornado_f3_shop;Tornado F. 3;
tornado_f3_0;"<color=#7b9fb5>British Aerospace plc.</color>
Tornado F. Mk. 3
<color=#c0c0c0>Foxhunter Stage 2G*</color>";
tornado_f3_1;Tornado F. 3;
tornado_f3_2;Tornado;
tornado_f3_late_shop;Tornado F. 3 (AOP);
tornado_f3_late_0;"<color=#7b9fb5>British Aerospace plc.</color>
Tornado F. Mk. 3
<color=#c0c0c0>AMRAAM Optimisation Programme</color>";
tornado_f3_late_1;Tornado F. 3;
tornado_f3_late_2;Tornado;
nimrod_mk1_shop;Nimrod Mk. I;
nimrod_mk1_0;"<color=#7b9fb5>Hawker Siddeley</color>
Nimrod Mk. I";
nimrod_mk1_1;Nimrod Mk. I;
nimrod_mk1_2;Nimrod;
nimrod_mk2_shop;Nimrod Mk. II;
nimrod_mk2_0;"<color=#7b9fb5>Hawker Siddeley</color>
Nimrod Mk. II";
nimrod_mk2_1;Nimrod Mk. II;
nimrod_mk2_2;Nimrod;
gladiator_mk2_navy_shop;Sea Gladiator Mk. I;
gladiator_mk2_navy_0;"<color=#7b9fb5>Gloster Aircraft Company Ltd.</color>
Sea Gladiator Mk. I";
gladiator_mk2_navy_1;Sea Gladiator Mk. I;
gladiator_mk2_navy_2;Sea Gladiator;
hurricane_mk1b_shop;Sea Hurricane Mk. Ib;
hurricane_mk1b_0;"<color=#7b9fb5>Hawker Aircraft Ltd.</color>
Sea Hurricane Mk. Ib";
hurricane_mk1b_1;Sea Hurricane Mk. I;
hurricane_mk1b_2;Sea Hurricane;
hurricane_mk1c_shop;Sea Hurricane Mk. Ic;
hurricane_mk1c_0;"<color=#7b9fb5>Hawker Aircraft Ltd.</color>
Sea Hurricane Mk. Ic";
hurricane_mk1c_1;Sea Hurricane Mk. I;
hurricane_mk1c_2;Sea Hurricane;
firebrand_tf4_shop;Firebrand T.F. IV;
firebrand_tf4_0;"<color=#7b9fb5>Blackburn Aircraft Ltd.</color>
Firebrand T.F. Mk. IV";
firebrand_tf4_1;Firebrand T.F. IV;
firebrand_tf4_2;Firebrand;
firefly_mk1_shop;Firefly F. I;
firefly_mk1_0;"<color=#7b9fb5>Fairey Aviation Company Ltd.</color>
Firefly F. Mk. I";
firefly_mk1_1;Firefly F. I;
firefly_mk1_2;Firefly;
firefly_mk5_shop;Firefly F.R. 5;
firefly_mk5_0;"<color=#7b9fb5>Fairey Aviation Company Ltd.</color>
Firefly F.R. Mk. 5";
firefly_mk5_1;Firefly F.R. 5;
firefly_mk5_2;Firefly;
seafire_mk3_shop;Seafire L.F. IIIc;
seafire_mk3_0;"<color=#7b9fb5>Supermarine Aviation Works Ltd.</color>
Seafire L.F. Mk. IIIc";
seafire_mk3_1;Seafire L.F. III;
seafire_mk3_2;Seafire;
seafire_mk17_shop;Seafire F. XVIIc;
seafire_mk17_0;"<color=#7b9fb5>Supermarine Aviation Works Ltd.</color>
Seafire F. Mk. XVIIc";
seafire_mk17_1;Seafire F. XVII;
seafire_mk17_2;Seafire;
seafire_fr47_shop;Seafire F.R. 47;
seafire_fr47_0;"<color=#7b9fb5>Supermarine Aviation Works Ltd.</color>
Seafire F.R. Mk. 47";
seafire_fr47_1;Seafire F.R. 47;
seafire_fr47_2;Seafire;
sea_fury_fb11_shop;Sea Fury F.B. 11;
sea_fury_fb11_0;"<color=#7b9fb5>Hawker Aircraft Ltd.</color>
Sea Fury F.B. Mk. 11";
sea_fury_fb11_1;Sea Fury F.B. 11;
sea_fury_fb11_2;Sea Fury;
attaker_fb1_shop;Attacker F.B. 1;
attaker_fb1_0;"<color=#7b9fb5>Supermarine Aviation Works Ltd.</color>
Attacker F.B. Mk. 1";
attaker_fb1_1;Attacker F.B. 1;
attaker_fb1_2;Attacker;
sea_hawk_fga6_shop;Sea Hawk F.G.A. 6;
sea_hawk_fga6_0;"<color=#7b9fb5>Hawker Aircraft Ltd.</color>
Sea Hawk F.G.A. Mk. 6";
sea_hawk_fga6_1;Sea Hawk F.G.A. 6;
sea_hawk_fga6_2;Sea Hawk;
sea_venom_faw20_shop;Sea Venom F.A.W. 20;
sea_venom_faw20_0;"<color=#7b9fb5>de Havilland Aircraft Company Ltd.</color>
Sea Venom F.A.W. Mk. 20";
sea_venom_faw20_1;Sea Venom F.A.W. 20;
sea_venom_faw20_2;Sea Venom;
scimitar_f1_shop;Scimitar F. 1;
scimitar_f1_0;"<color=#7b9fb5>Supermarine Aviation Works Ltd.</color>
Scimitar F. Mk. 1";
scimitar_f1_1;Scimitar F. 1;
scimitar_f1_2;Scimitar;
harrier_frs1_early_shop;Sea Harrier F.R.S.1;
harrier_frs1_early_0;"<color=#7b9fb5>British Aerospace plc.</color>
Sea Harrier F.R.S. Mk. 1";
harrier_frs1_early_1;Sea Harrier F.R.S. 1;
harrier_frs1_early_2;Sea Harrier;
f-4k_shop;Phantom F.G. 1;
f-4k_0;"<color=#7b9fb5>McDonnell Douglas Corporation</color>
F-4K-31-MC Phantom F.G. Mk. 1";
f-4k_1;Phantom F.G. 1;
f-4k_2;Phantom;
sea_harrier_fa2_shop;Sea Harrier F.A. 2;
sea_harrier_fa2_0;"<color=#7b9fb5>British Aerospace plc.</color>
Sea Harrier F.A. Mk .2";
sea_harrier_fa2_1;Sea Harrier F.A. 2;
sea_harrier_fa2_2;Sea Harrier;
v_156_b1_shop;Chesapeake Mk. I;
v_156_b1_0;"<color=#7b9fb5>Chance Vought</color>
Chesapeake Mk. I";
v_156_b1_1;Chesapeake Mk. I;
v_156_b1_2;Chesapeake;
blenheim_mkiv_shop;Blenheim Mk. IV;
blenheim_mkiv_0;"<color=#7b9fb5>British Aeroplane Company Ltd.</color>
Blemheim Mk. IV";
blenheim_mkiv_1;Blenheim Mk. IV;
blenheim_mkiv_2;Blenheim;
hurricane_mk4_shop;Hurricane Mk. IV;
hurricane_mk4_0;"<color=#7b9fb5>Hawker Aircraft Ltd.</color>
Hurricane Mk. IV";
hurricane_mk4_1;Hurricane Mk. IV;
hurricane_mk4_2;Hurricane;
beaufighter_mk6c_shop;Beaufighter Mk. VIc;
beaufighter_mk6c_0;"<color=#7b9fb5>Bristol Aeroplane Company Ltd.</color>
Beaufighter Mk. VIc";
beaufighter_mk6c_1;Beaufighter Mk. VI;
beaufighter_mk6c_2;Beaufighter;
beaufighter_mkx_shop;Beaufighter Mk. X;
beaufighter_mkx_0;"<color=#7b9fb5>Bristol Aeroplane Company Ltd.</color>
Beaufighter Mk. X";
beaufighter_mkx_1;Beaufighter Mk. X;
beaufighter_mkx_2;Beaufighter;
tempest_mkv_vikkers_shop;Tempest F.B. 5 (PV);
tempest_mkv_vikkers_0;"<color=#7b9fb5>Hawker Aircraft Ltd.</color>
Tempest F.B. Mk. 5
<color=#c0c0c0>Armed with Class P Vickers</color>";
tempest_mkv_vikkers_1;Tempest F.B. 5;
tempest_mkv_vikkers_2;Tempest;
mosquito_nf_mk2_shop;Mosquito N.F. II;
mosquito_nf_mk2_0;"<color=#7b9fb5>de Havilland Aircraft Company Ltd.</color>
Mosquito N.F Mk. II";
mosquito_nf_mk2_1;Mosquito N.F. II;
mosquito_nf_mk2_2;Mosquito;
mosquito_tr_mk33_shop;Sea Mosquito T.R. 33;
mosquito_tr_mk33_0;"<color=#7b9fb5>de Havilland Aircraft Company Ltd.</color>
Sea Mosquito T.R. Mk. 33";
mosquito_tr_mk33_1;Sea Mosquito T.R. 33;
mosquito_tr_mk33_2;Sea Mosquito;
mosquito_fb_mk6_shop;Mosquito F.B. VI;
mosquito_fb_mk6_0;"<color=#7b9fb5>de Havilland Aircraft Company Ltd.</color>
Mosquito F.B. Mk. VI";
mosquito_fb_mk6_1;Mosquito F.B. VI;
mosquito_fb_mk6_2;Mosquito;
mosquito_fb_mk18_shop;Mosquito F.B. XVIII;
mosquito_fb_mk18_0;"<color=#7b9fb5>de Havilland Aircraft Company Ltd.</color>
Mosquito F.B. Mk. XVIII";
mosquito_fb_mk18_1;Mosquito F.B. XVIII;
mosquito_fb_mk18_2;Mosquito;
brigand_b1_shop;Brigand B. 1;
brigand_b1_0;"<color=#7b9fb5>Bristol Aeroplane Company Ltd.</color>
Brigand B. Mk. 1";
brigand_b1_1;Brigand B. 1;
brigand_b1_2;Brigand;
whirlwind_mk1_shop;Whirlwind Mk. I;
whirlwind_mk1_0;"<color=#7b9fb5>Westland Aircraft</color>
Whirlwind Mk. I";
whirlwind_mk1_1;Whirlwind Mk. I;
whirlwind_mk1_2;Whirlwind;
welkin_fmk1_shop;Welkin F. I;
welkin_fmk1_0;"<color=#7b9fb5>Westland Aircraft</color>
Welkin F. Mk. I";
welkin_fmk1_1;Welkin F. I;
welkin_fmk1_2;Welkin;
hornet_mk3_shop;Hornet F. 3;
hornet_mk3_0;"<color=#7b9fb5>de Havilland Aircraft Company Ltd.</color>
Hornet F. Mk. 3";
hornet_mk3_1;Hornet F. 3;
hornet_mk3_2;Hornet;
hawk_t1a_early_shop;Hawk T. 1A;
hawk_t1a_early_0;"<color=#7b9fb5>British Aerospace plc.</color>
Hawk T. Mk. 1A";
hawk_t1a_early_1;Hawk T. 1;
hawk_t1a_early_2;Hawk;
swift_f1_shop;Swift F. 1;
swift_f1_0;"<color=#7b9fb5>Supermarine Aviation Works Ltd.</color>
Swift F. Mk. 1";
swift_f1_1;Swift F. 1;
swift_f1_2;Swift;
swift_f7_shop;Swift F. 7;
swift_f7_0;"<color=#7b9fb5>Supermarine Aviation Works Ltd.</color>
Swift F. Mk. 7";
swift_f7_1;Swift F. 7;
swift_f7_2;Swift;
jaguar_gr1_shop;Jaguar G.R. 1;
jaguar_gr1_0;"<color=#7b9fb5>British Aircraft Corporation</color>
Jaguar S G.R. Mk. 1";
jaguar_gr1_1;Jaguar G.R. 1;
jaguar_gr1_2;Jaguar;
harrier_gr3_shop;Harrier G.R. 3;
harrier_gr3_0;"<color=#7b9fb5>Hawker Siddeley</color>
Harrier G.R. Mk. 3";
harrier_gr3_1;Harrier G.R. 3;
harrier_gr3_2;Harrier;
jaguar_gr1a_shop;Jaguar G.R. 1B;
jaguar_gr1a_0;"<color=#7b9fb5>British Aircraft Corporation</color>
Jaguar S G.R. Mk. 1B";
jaguar_gr1a_1;Jaguar GR. 1;
jaguar_gr1a_2;Jaguar;
hawk_200_shop;Hawk 200 (ZH200);
hawk_200_0;"<color=#7b9fb5>British Aerospace plc.</color>
Hawk 200
<color=#fcba03>ZH200</color>";
hawk_200_1;Hawk 200;
hawk_200_2;Hawk;
hawk_200_rda_shop;Hawk 200 (RDA);
hawk_200_rda_0;"<color=#7b9fb5>British Aerospace plc.</color>
Hawk 200
<color=#c0c0c0>Radar Development Aircraft</color>";
hawk_200_rda_1;Hawk 200;
hawk_200_rda_2;Hawk;
harrier_gr7_shop;Harrier G.R. 7;
harrier_gr7_0;"<color=#7b9fb5>British Aerospace plc.</color>
Harrier II G.R. Mk. 7";
harrier_gr7_1;Harrier G.R. 7;
harrier_gr7_2;Harrier;
swordfish_mk1_shop;Swordfish Mk. I;
swordfish_mk1_0;"<color=#7b9fb5>Fairey Aviation Company</color>
Swordfish Mk. I";
swordfish_mk1_1;Swordfish Mk. I;
swordfish_mk1_2;Swordfish;
hp52_hampden_mk1_late_shop;Hampden Mk. I;
hp52_hampden_mk1_late_0;"<color=#7b9fb5>Handley Page Ltd.</color>
Hampden Mk. I";
hp52_hampden_mk1_late_1;Hampden Mk. I;
hp52_hampden_mk1_late_2;Hampden;
hp52_hampden_tbmk1_shop;Hampden T.B. I;
hp52_hampden_tbmk1_0;"<color=#7b9fb5>Handley Page Ltd.</color>
Hampden T.B. Mk. I";
hp52_hampden_tbmk1_1;Hampden T.B. I;
hp52_hampden_tbmk1_2;Hampden;
sunderland_mk3a_shop;Sunderland Mk. IIIa;
sunderland_mk3a_0;"<color=#7b9fb5>Short Brothers plc.</color>
Sunderland Mk. IIIa";
sunderland_mk3a_1;Sunderland Mk. III;
sunderland_mk3a_2;Sunderland;
sunderland_mk5_shop;Sunderland Mk. V;
sunderland_mk5_0;"<color=#7b9fb5>Short Brothers plc.</color>
Sunderland Mk. V";
sunderland_mk5_1;Sunderland Mk. V;
sunderland_mk5_2;Sunderland;
wellington_mk1c_shop;Wellington Mk. Ic (E);
wellington_mk1c_0;"<color=#7b9fb5>Vickers-Armstrongs Ltd.</color>
Wellington Mk. Ic
<color=#c0c0c0>Early Modification</color>";
wellington_mk1c_1;Wellington Mk. I;
wellington_mk1c_2;Wellington;
wellington_mk1c_late_shop;Wellington Mk. Ic (L);
wellington_mk1c_late_0;"<color=#7b9fb5>Vickers-Armstrongs Ltd.</color>
Wellington Mk. Ic
<color=#c0c0c0>Late Modification</color>";
wellington_mk1c_late_1;Wellington Mk. I;
wellington_mk1c_late_2;Wellington;
wellington_mk3_shop;Wellington Mk. III;
wellington_mk3_0;"<color=#7b9fb5>Vickers-Armstrongs Ltd.</color>
Wellington Mk. III";
wellington_mk3_1;Wellington Mk. III;
wellington_mk3_2;Wellington;
wellington_mk10_shop;Wellington Mk. X;
wellington_mk10_0;"<color=#7b9fb5>Vickers-Armstrongs Ltd.</color>
Wellington Mk. X";
wellington_mk10_1;Wellington Mk. X;
wellington_mk10_2;Wellington;
halifax_mk3_shop;Halifax B. IIIa;
halifax_mk3_0;"<color=#7b9fb5>Handley Page Ltd.</color>
Halifax B. Mk. IIIa";
halifax_mk3_1;Halifax B. IIIa;
halifax_mk3_2;Halifax ;
stirling_mk1_shop;Stirling B. I;
stirling_mk1_0;"<color=#7b9fb5>Short Brothers plc.</color>
Stirling B. Mk. I";
stirling_mk1_1;Stirling B. I;
stirling_mk1_2;Stirling;
stirling_mk3_shop;Stirling B. III;
stirling_mk3_0;"<color=#7b9fb5>Short Brothers plc.</color>
Stirling B. Mk. III";
stirling_mk3_1;Stirling B. III;
stirling_mk3_2;Stirling;
lancaster_mk1_shop;Lancaster B. I;
lancaster_mk1_0;"<color=#7b9fb5>Avro</color>
Lancaster B. Mk. I";
lancaster_mk1_1;Lancaster B. I;
lancaster_mk1_2;Lancaster;
lancaster_mk3_shop;Lancaster B. III;
lancaster_mk3_0;"<color=#7b9fb5>Avro</color>
Lancaster B. Mk. III";
lancaster_mk3_1;Lancaster B. III;
lancaster_mk3_2;Lancaster;
lincoln_b2_shop;Lincoln B. 2;
lincoln_b2_0;"<color=#7b9fb5>Avro</color>
Lincoln B. Mk. 2";
lincoln_b2_1;Lincoln B. 2;
lincoln_b2_2;Lincoln;
shackleton_mr_mk_2_shop;Shackleton M.R. 2;
shackleton_mr_mk_2_0;"<color=#7b9fb5>Avro</color>
Shackleton M.R. Mk. 2";
shackleton_mr_mk_2_1;Shackleton M.R. 2;
shackleton_mr_mk_2_2;Shackleton;
washington_b1_shop;Washington B. 1;
washington_b1_0;"<color=#7b9fb5>Boeing Aircraft Company</color>
Washington B. Mk. 1";
washington_b1_1;Washington B. 1;
washington_b1_2;Washington;
canberra_bmk2_shop;Canberra B. 2;
canberra_bmk2_0;"<color=#7b9fb5>English Electric Company Ltd.</color>
Canberra B. Mk. 2";
canberra_bmk2_1;Canberra B. 2;
canberra_bmk2_2;Canberra;
canberra_bimk6_shop;Canberra B(I). 6;
canberra_bimk6_0;"<color=#7b9fb5>English Electric Company Ltd.</color>
Canberra B(I). Mk. 6";
canberra_bimk6_1;Canberra B. 6;
canberra_bimk6_2;Canberra;
buccaneer_s2_shop;Buccaneer S. 2;
buccaneer_s2_0;"<color=#7b9fb5>Blackburn Aircraft Ltd.</color>
Buccaneer S. Mk. 2";
buccaneer_s2_1;Buccaneer S. 2;
buccaneer_s2_2;Buccaneer;
buccaneer_s2b_shop;Buccaneer S. 2B;
buccaneer_s2b_0;"<color=#7b9fb5>Blackburn Aircraft Ltd.</color>
Buccaneer S. Mk. 2B";
buccaneer_s2b_1;Buccaneer S. 2;
buccaneer_s2b_2;Buccaneer;
tornado_gr1_shop;Tornado G.R. 1B;
tornado_gr1_0;"<color=#7b9fb5>British Aerospace plc.</color>
Tornado GR. Mk. 1B";
tornado_gr1_1;Tornado G.R. 1;
tornado_gr1_2;Tornado;
tornado_gr4_shop;Tornado G.R. 4;
tornado_gr4_0;"<color=#7b9fb5>British Aerospace plc.</color>
Tornado G.R. Mk. 4";
tornado_gr4_1;Tornado G.R. 4;
tornado_gr4_2;Tornado;
hp_12_shop;O/400;
hp_12_0;"<color=#7b9fb5>Handley Page Ltd.</color>
O/400";
hp_12_1;O/400;
hp_12_2;O/400;
gladiator_mk2_tuck_shop;Tuck’s Gladiator Mk. II;
gladiator_mk2_tuck_0;"<color=#7b9fb5>Gloster Aircraft Company Ltd.</color>
Gladiator Mk. II
<color=#fcba03>Robert Tuck</color>";
gladiator_mk2_tuck_1;Gladiator Mk. II;
gladiator_mk2_tuck_2;Gladiator;
swordfish_mk2_shop;Swordfish Mk. II;
swordfish_mk2_0;"<color=#7b9fb5>Fairey Aviation Company Ltd.</color>
Swordfish Mk. II";
swordfish_mk2_1;Swordfish Mk. II;
swordfish_mk2_2;Swordfish;
pby-5a_raf_shop;▄Catalina Mk. IIIa;
pby-5a_raf_0;"<color=#7b9fb5>Consolidated Aircraft Corporation</color>
▄Catalina Mk. IIIa";
pby-5a_raf_1;▄Catalina Mk. III;
pby-5a_raf_2;▄Catalina;
avenger_mk1_shop;▄Avenger T.F. II;
avenger_mk1_0;"<color=#7b9fb5>Grumman Aircraft Engineering Corporation</color>
▄Avenger TF. Mk. II";
avenger_mk1_1;▄Avenger T.F. II;
avenger_mk1_2;▄Avenger;
intruder_mk_1_shop;▄Havoc Mk. I;
intruder_mk_1_0;"<color=#7b9fb5>Douglas Aircraft Company</color>
▄Havoc Mk. I";
intruder_mk_1_1;▄Havoc Mk. I;
intruder_mk_1_2;▄Havoc;
hudson_mk_v_shop;▄Hudson Mk. V;
hudson_mk_v_0;"<color=#7b9fb5>Lockheed Corporation</color>
▄Hudson Mk. V";
hudson_mk_v_1;▄Hudson Mk. V;
hudson_mk_v_2;▄Hudson;
beaufighter_mk1_40mm_shop;Beaufighter Mk. I (40);
beaufighter_mk1_40mm_0;"<color=#7b9fb5>Bristol Aeroplane Company Ltd.</color>
Beaufighter Mk. I Prototype (40-mm)";
beaufighter_mk1_40mm_1;Beaufighter Mk. I;
beaufighter_mk1_40mm_2;Beaufighter;
b_48_firecrest_shop;Firecrest;
b_48_firecrest_0;"<color=#7b9fb5>Blackburn Aircraft Ltd.</color>
Firecrest";
b_48_firecrest_1;Firecrest;
b_48_firecrest_2;Firecrest;
boston_mk_1_shop;▄Boston Mk. I;
boston_mk_1_0;"<color=#7b9fb5>Douglas Aircraft Company</color>
▄Boston Mk. I";
boston_mk_1_1;▄Boston Mk. I;
boston_mk_1_2;▄Boston;
corsair_fmk2_shop;▄Corsair F. II;
corsair_fmk2_0;"<color=#7b9fb5>Chance Vought</color>
▄Corsair F. Mk. II";
corsair_fmk2_1;▄Corsair F. II;
corsair_fmk2_2;▄Corsair;
db_7_shop;▄DB-7;
db_7_0;"<color=#7b9fb5>Douglas Aircraft Company</color>
▄DB-7";
db_7_1;▄DB-7;
db_7_2;▄DB-7;
spitfiremkiia_ep_shop;Spitfire Mk. IIa (441 Sq.);
spitfiremkiia_ep_0;"<color=#7b9fb5>Supermarine Aviation Works Ltd.</color>
Spitfire Mk. IIa «Venture I»
<color=#fcba03>441 Sq. RCAF</color>";
spitfiremkiia_ep_1;Spitfire Mk. II;
spitfiremkiia_ep_2;Spitfire;
spitfire_mk5b_float_shop;Spitfire Mk. Vb (W3760);
spitfire_mk5b_float_0;"<color=#7b9fb5>Supermarine Aviation Works Ltd.</color>
Spitfire Mk. Vb
<color=#fcba03>W3760</color>";
spitfire_mk5b_float_1;Spitfire Mk. V;
spitfire_mk5b_float_2;Spitfire;
hurricane_mk1_late_ep_shop;Hurricane Mk. I (No.800 N.A.Sq.);
hurricane_mk1_late_ep_0;"<color=#7b9fb5>Hawker Aircraft Ltd.</color>
Hurricane Mk. I
<color=#fcba03>No.800 Naval Air Squadron</color>";
hurricane_mk1_late_ep_1;Hurricane Mk. I;
hurricane_mk1_late_ep_2;Hurricane;
f4f-4_martlet_mk4_shop;▄Martlet Mk. IV;
f4f-4_martlet_mk4_0;"<color=#7b9fb5>Grumman Aircraft Engineering Corporation</color>
▄Martlet Mk. IV";
f4f-4_martlet_mk4_1;▄Martlet Mk. IV;
f4f-4_martlet_mk4_2;▄Martlet;
mosquito_b_mk16_shop;Mosquito B. XVI;
mosquito_b_mk16_0;"<color=#7b9fb5>de Havilland Aircraft Company Ltd.</color>
Mosquito B. Mk. XVI";
mosquito_b_mk16_1;Mosquito B. XVI;
mosquito_b_mk16_2;Mosquito;
hellcat_fmk1_shop;▄Hellcat Mk. II;
hellcat_fmk1_0;"<color=#7b9fb5>Grumman Aircraft Engineering Corporation</color>
▄Hellcat Mk. II";
hellcat_fmk1_1;▄Hellcat Mk. II;
hellcat_fmk1_2;▄Hellcat;
whirlwind_p9_shop;P. 9;
whirlwind_p9_0;"<color=#7b9fb5>Westland Aircraft</color>
P. 9";
whirlwind_p9_1;P. 9;
whirlwind_p9_2;P. 9;
thunderbolt_mk1_shop;▄Thunderbolt Mk. I;
thunderbolt_mk1_0;"<color=#7b9fb5>Republic Aircraft Corporation</color>
▄Thunderbolt Mk. I";
thunderbolt_mk1_1;▄Thunderbolt Mk. I;
thunderbolt_mk1_2;▄Thunderbolt;
spitfire_mk9c_4cannons_shop;Spitfire F. IXc;
spitfire_mk9c_4cannons_0;"<color=#7b9fb5>Supermarine Aircraft Works Ltd.</color>
Spitfire F. Mk. Ixc";
spitfire_mk9c_4cannons_1;Spitfire F. IX;
spitfire_mk9c_4cannons_2;Spitfire;
p-51b_shop;▄Mustang Mk. Ia;
p-51b_0;"<color=#7b9fb5>North American Aviation</color>
▄Mustang Mk. Ia";
p-51b_1;▄Mustang Mk. I;
p-51b_2;▄Mustang;
mb_5_shop;MB.5;
mb_5_0;"<color=#7b9fb5>Martin-Baker Aircraft Company Ltd.</color>
MB.5";
mb_5_1;MB.5;
mb_5_2;MB.5;
wyvern_s4_shop;Wyvern S. 4;
wyvern_s4_0;"<color=#7b9fb5>Westland Aircraft</color>
Wyvern S. Mk. 4";
wyvern_s4_1;Wyvern S. 4;
wyvern_s4_2;Wyvern;
hornet_mk1_shop;Hornet F. 1;
hornet_mk1_0;"<color=#7b9fb5>de Havilland Aircraft Company Ltd.</color>
Hornet F. Mk. 1";
hornet_mk1_1;Hornet F. 1;
hornet_mk1_2;Hornet;
spitfire_mk14c_shop;Spitfire F. XIVc;
spitfire_mk14c_0;"<color=#7b9fb5>Supermarine Aviation Works Ltd.</color>
Spitfire F. Mk. XIVc";
spitfire_mk14c_1;Spitfire F. XIV;
spitfire_mk14c_2;Spitfire;
meteor_fmk8_reaper_shop;GAF;
meteor_fmk8_reaper_0;"<color=#7b9fb5>Gloster Aircraft Company Ltd.</color>
Meteor Ground Attack Fighter";
meteor_fmk8_reaper_1;GAF;
meteor_fmk8_reaper_2;GAF;
hawk_t1a_shop;Hawk T. 1A (FRP);
hawk_t1a_0;"<color=#7b9fb5>British Aerospace plc.</color>
Hawk T. 1A
<color=#c0c0c0>Fuselage Replacement Program</color>";
hawk_t1a_1;Hawk T. 1;
hawk_t1a_2;Hawk;
attaker_fb2_shop;Attacker F.B. 2;
attaker_fb2_0;"<color=#7b9fb5>Supermarine Aviation Works Ltd.</color>
Attacker F.B. Mk. 2";
attaker_fb2_1;Attacker F.B. 2;
attaker_fb2_2;Attacker;
dh_110_sea_vixen_shop;Sea Vixen F.A.W. 2;
dh_110_sea_vixen_0;"<color=#7b9fb5>de Havilland Aircraft Company Ltd.</color>
Sea Vixen F.A.W. Mk. 2";
dh_110_sea_vixen_1;Sea Vixen F.A.W. 2;
dh_110_sea_vixen_2;Sea Vixen;
harrier_gr1_shop;Harrier G.R. 1;
harrier_gr1_0;"<color=#7b9fb5>Hawker Siddeley</color>
Harrier G.R. Mk. 1";
harrier_gr1_1;Harrier G.R. 1;
harrier_gr1_2;Harrier;
buccaneer_s1_shop;Buccaneer S. 1;
buccaneer_s1_0;"<color=#7b9fb5>Blackburn Aircraft Ltd.</color>
Buccaneer S. Mk. 1";
buccaneer_s1_1;Buccaneer S. 1;
buccaneer_s1_2;Buccaneer;
harrier_frs1_shop;Sea Harrier F.R.S. 1 (XZ493);
harrier_frs1_0;"<color=#7b9fb5>British Aerospace plc.</color>
Sea Harrier F.R.S. Mk. 1
<color=#fcba03>XZ493</color>";
harrier_frs1_1;Sea Harrier F.R.S. 1;
harrier_frs1_2;Sea Harrier;
f-4jk_shop;Phantom F. 3;
f-4jk_0;"<color=#7b9fb5>McDonnell Douglas Corporation</color>
F-4J(UK) Phantom F. Mk. 3";
f-4jk_1;Phantom F. 3;
f-4jk_2;Phantom;
harrier_t10_shop;Harrier T. 10;
harrier_t10_0;"<color=#7b9fb5>British Aerospace plc.</color>
Harrier II T. Mk. 10";
harrier_t10_1;Harrier T. 10;
harrier_t10_2;Harrier;
d_520_shop;▄D.520-C1;
d_520_0;"<color=#7b9fb5>Société Aéronautique Française (Avions Dewoitine)</color>
▄D.520-C1";
d_520_1;▄D.520-C;
d_520_2;▄D.520;
d_521_shop;▄D.521;
d_521_0;"<color=#7b9fb5>Société Aéronautique Française (Avions Dewoitine)</color>
▄D.521";
d_521_1;▄D.521;
d_521_2;▄D.521;
typhoon_mk1b_shop;Typhoon Mk. Ib (1942);
typhoon_mk1b_0;"<color=#7b9fb5>Hawker Aircraft Ltd.</color>
Typhoon Mk. Ib
<color=#c0c0c0>Version 1942</color>";
typhoon_mk1b_1;Typhoon Mk. I;
typhoon_mk1b_2;Typhoon;
spitfire_fr_mk14e_shop;Prendergast’s Spitfire F.R. XIVe;
spitfire_fr_mk14e_0;"<color=#7b9fb5>Supermarine Aviation Works Ltd.</color>
Spitfire F.R. Mk. XIVe
<color=#fcba03>James Prendergast</color>";
spitfire_fr_mk14e_1;Spitfire F.R. XIVe;
spitfire_fr_mk14e_2;Spitfire;
spitfire_ix_plagis_shop;Plagis’ Spitfire L.F. IXc;
spitfire_ix_plagis_0;"<color=#7b9fb5>Supermarine Aviation Works Ltd.</color>
Spitfire L.F. IXc
<color=#fcba03>John Plagis</color>";
spitfire_ix_plagis_1;Spitfire L.F. IX;
spitfire_ix_plagis_2;Spitfire;
;;
;;
;;
<GBR Bluewater>;;
;;
uk_destroyer_v_class_vega_shop;Vega;
uk_destroyer_v_class_vega_0;"<color=#7b9fb5>Admiralty V-Class Destroyer</color>
HMS Vega (L 41)
<color=#c0c0c0>1944 Refit</color>";
uk_destroyer_v_class_vega_1;Vega;
uk_destroyer_v_class_vega_2;Admiralty V-Class [DD];
uk_destroyer_hunt_2series_shop;Calpe;
uk_destroyer_hunt_2series_0;"<color=#7b9fb5>Hunt Class Destroyer (Type II)</color>
HMS Calpe (L 71)
<color=#c0c0c0>1942 Refit</color>";
uk_destroyer_hunt_2series_1;Calpe;
uk_destroyer_hunt_2series_2;Hunt Class [DD];
uk_destroyer_tribal_shop;Eskimo;
uk_destroyer_tribal_0;"<color=#7b9fb5>Tribal Class Destroyer</color>
HMS Eskimo (F 75)
<color=#c0c0c0>1941 Refit</color>";
uk_destroyer_tribal_1;Eskimo;
uk_destroyer_tribal_2;Tribal Class [DD];
uk_destroyer_battle_2series_shop;Armada;
uk_destroyer_battle_2series_0;"<color=#7b9fb5>Battle Class Destroyer</color>
HMS Armada (D 14)
<color=#c0c0c0>1943 Refit</color>";
uk_destroyer_battle_2series_1;Armada;
uk_destroyer_battle_2series_2;Battle Class [DD];
uk_cruiser_arethusa_shop;Arethusa;
uk_cruiser_arethusa_0;"<color=#7b9fb5>Arethusa Class Light Cruiser</color>
HMS Arethusa (26)
<color=#c0c0c0>1943 Refit</color>";
uk_cruiser_arethusa_1;Arethusa;
uk_cruiser_arethusa_2;Arethusa Class [CL];
uk_cruiser_fiji_class_fiji_shop;Fiji;
uk_cruiser_fiji_class_fiji_0;"<color=#7b9fb5>Crown Colony Class Light Cruiser</color>
HMS Fiji (58)
<color=#c0c0c0>1941 Refit</color>";
uk_cruiser_fiji_class_fiji_1;Fiji;
uk_cruiser_fiji_class_fiji_2;Fiji Class [CL];
uk_cruiser_southampton_shop;Southampton;
uk_cruiser_southampton_0;"<color=#7b9fb5>Town Class Light Cruiser</color>
HMS Southampton (83)
<color=#c0c0c0>1940 Refit</color>";
uk_cruiser_southampton_1;Southampton;
uk_cruiser_southampton_2;Town Class [CL];
uk_battleship_dreadnought_shop;Dreadnought;
uk_battleship_dreadnought_0;"<color=#7b9fb5>Battleship</color>
HMS Dreadnought
<color=#c0c0c0>1917 Refit</color>";
uk_battleship_dreadnought_1;Dreadnought;
uk_battleship_dreadnought_2;Dreadnought [BB];
uk_battleship_orion_shop;Orion;
uk_battleship_orion_0;"<color=#7b9fb5>Orion Class Battleship</color>
HMS Orion (52)";
uk_battleship_orion_1;Orion;
uk_battleship_orion_2;Orion Class [BB];
uk_battleship_marlborough_shop;Marlborough;
uk_battleship_marlborough_0;"<color=#7b9fb5>Iron Duke Class Battleship</color
HMS Marlborough (79)";
uk_battleship_marlborough_1;Marlborough;
uk_battleship_marlborough_2;Iron Duke Class [BB];
uk_battleship_q_elizabet_class_warspite_shop;Warspite;
uk_battleship_q_elizabet_class_warspite_0;"<color=#7b9fb5>Queen Elizabeth Class Battleship</color>
HMS Warspite (03)
<color=#c0c0c0>1942 Refit</color>";
uk_battleship_q_elizabet_class_warspite_1;Warspite;
uk_battleship_q_elizabet_class_warspite_2;Queen Elizabeth Class [BB];
uk_battleship_vanguard_shop;Vanguard;
uk_battleship_vanguard_0;"<color=#7b9fb5>Vanguard Class Battleship</color>
HMS Vanguard (23)";
uk_battleship_vanguard_1;Vanguard;
uk_battleship_vanguard_2;Vanguard Class [BB];
uk_destroyer_g_grafton_shop;Grafton;
uk_destroyer_g_grafton_0;"<color=#7b9fb5>G-Class Destroyer</color>
HMS Grafton (H 89)";
uk_destroyer_g_grafton_1;Grafton;
uk_destroyer_g_grafton_2;G-Class [DD];
uk_destroyer_st_class_saumarez_shop;Saumarez;
uk_destroyer_st_class_saumarez_0;"<color=#7b9fb5>S-Class Destroyer</color>
HMS Saumarez (G 12)
<color=#c0c0c0>1945 Refit</color>";
uk_destroyer_st_class_saumarez_1;Saumarez;
uk_destroyer_st_class_saumarez_2;S-Class [DD];
uk_destroyer_hunt_4series_shop;Brissenden;
uk_destroyer_hunt_4series_0;"<color=#7b9fb5>Hunt Class Destroyer (Type IV)</color>
HMS Brissenden (L 79)
<color=#c0c0c0>1943 Refit</color>";
uk_destroyer_hunt_4series_1;Brissenden;
uk_destroyer_hunt_4series_2;Hunt Class [DD];
uk_destroyer_k_class_shop;Kelvin;
uk_destroyer_k_class_0;"<color=#7b9fb5>K-Class Destroyer</color>
HMS Kelvin (F 37)
<color=#c0c0c0>1939 Refit</color>";
uk_destroyer_k_class_1;Kelvin;
uk_destroyer_k_class_2;K-Class [DD];
uk_destroyer_daring_class_diana_shop;Diana;
uk_destroyer_daring_class_diana_0;"<color=#7b9fb5>Daring Class Destroyer</color>
HMS Diana (D 126)
<color=#c0c0c0>1958 Refit</color>";
uk_destroyer_daring_class_diana_1;Diana;
uk_destroyer_daring_class_diana_2;Daring Class [DD];
uk_destroyer_daring_class_daring_shop;Daring;
uk_destroyer_daring_class_daring_0;"<color=#7b9fb5>Daring Class Destroyer</color>
HMS Daring (D 05)";
uk_destroyer_daring_class_daring_1;Daring;
uk_destroyer_daring_class_daring_2;Daring Class [DD];
uk_cruiser_dido_shop;Dido;
uk_cruiser_dido_0;"<color=#7b9fb5>Dido Class Light Cruiser</color>
HMS Dido (37)
<color=#c0c0c0>1941 Refit</color>";
uk_cruiser_dido_1;Dido;
uk_cruiser_dido_2;Dido Class [CL];
uk_cruiser_york_shop;York;
uk_cruiser_york_0;"<color=#7b9fb5>York Class Heavy Cruiser</color>
HMS York (90)
<color=#c0c0c0>1941 Refit</color>";
uk_cruiser_york_1;York;
uk_cruiser_york_2;York Class [CA];
uk_battleship_colossus_shop;Colossus;
uk_battleship_colossus_0;"<color=#7b9fb5>Colossus Class Battleship</color>
HMS Colossus
<color=#c0c0c0>1918 Refit</color>";
uk_battleship_colossus_1;Colossus;
uk_battleship_colossus_2;Colossus Class [BB];
uk_battleship_centurion_shop;Centurion;
uk_battleship_centurion_0;"<color=#7b9fb5>King George V Class Battleship</color>
HMS Centurion (12)";
uk_battleship_centurion_1;Centurion;
uk_battleship_centurion_2;King George V Class [BB];
uk_battleship_rodney_shop;Rodney;
uk_battleship_rodney_0;"<color=#7b9fb5>Nelson Class Battleship</color>
HMS Rodney (29)
<color=#c0c0c0>1940 Refit</color>";
uk_battleship_rodney_1;Rodney;
uk_battleship_rodney_2;Nelson Class [BB];
uk_battleship_prince_of_wales_shop;Prince of Wales;
uk_battleship_prince_of_wales_0;"<color=#7b9fb5>King George V Class Battleship</color>
HMS Prince of Wales (53)
<color=#c0c0c0>1941 Refit</color>";
uk_battleship_prince_of_wales_1;Prince of Wales;
uk_battleship_prince_of_wales_2;King George V Class [BB];
uk_battleship_lion_class_shop;Lion;
uk_battleship_lion_class_0;"<color=#7b9fb5>Lion Class Battleship</color>
HMS Lion (27)";
uk_battleship_lion_class_1;Lion;
uk_battleship_lion_class_2;Lion Class [BB];
uk_destroyer_clemson_churchill_shop;Churchill;
uk_destroyer_clemson_churchill_0;"<color=#7b9fb5>Town Class Destroyer</color>
HMS Churchill (I 45)
<color=#c0c0c0>1942 Refit</color>";
uk_destroyer_clemson_churchill_1;Churchill;
uk_destroyer_clemson_churchill_2;Town Class [DD];
uk_egret_class_shop;Egret;
uk_egret_class_0;"<color=#7b9fb5>Egret Class Sloop</color>
HMS Egret (L 75)
<color=#c0c0c0>1943 Refit</color>";
uk_egret_class_1;Egret;
uk_egret_class_2;Egret Class;
uk_minelayer_abdiel_class_abdiel_shop;Abdiel;
uk_minelayer_abdiel_class_abdiel_0;"<color=#7b9fb5>Abdiel Class Minelayer</color>
HMS Abdiel (M 39)";
uk_minelayer_abdiel_class_abdiel_1;Abdiel;
uk_minelayer_abdiel_class_abdiel_2;Abdiel Class [AM];
uk_cruiser_enterprise_d52_shop;Enterprise;
uk_cruiser_enterprise_d52_0;"<color=#7b9fb5>Emerald Class Light Cruiser</color>
HMS Enterprise (D 52)
<color=#c0c0c0>1944 Refit</color>";
uk_cruiser_enterprise_d52_1;Enterprise;
uk_cruiser_enterprise_d52_2;Emerald Class [CL];
uk_cruiser_hawkins_shop;Hawkins;
uk_cruiser_hawkins_0;"<color=#7b9fb5>Hawkins Class Heavy Cruiser</color>
HMS Hawkins (D 86)
<color=#c0c0c0>1942 Refit</color>";
uk_cruiser_hawkins_1;Hawkins;
uk_cruiser_hawkins_2;Hawkins Class [CA];
uk_cruiser_kent_shop;Kent;
uk_cruiser_kent_0;"<color=#7b9fb5>County Class Heavy Cruiser</color>
HMS Kent (54)
<color=#c0c0c0>1934 Refit</color>";
uk_cruiser_kent_1;Kent;
uk_cruiser_kent_2;County Class [CA];
uk_cruiser_norfolk_shop;Norfolk;
uk_cruiser_norfolk_0;"<color=#7b9fb5>County Class Heavy Cruiser</color>
HMS Norfolk (78)
<color=#c0c0c0>1943 Refit</color>";
uk_cruiser_norfolk_1;Norfolk;
uk_cruiser_norfolk_2;County Class [CA];
uk_cruiser_london_shop;London;
uk_cruiser_london_0;"<color=#7b9fb5>County Class Heavy Cruiser</color>
HMS London (69)
<color=#c0c0c0>1945 Refit</color>";
uk_cruiser_london_1;London;
uk_cruiser_london_2;County Class [CA];
uk_battlecruiser_glorious_shop;Glorious;
uk_battlecruiser_glorious_0;"<color=#7b9fb5>Courageous Class Battlecruiser</color>
HMS Glorious (77)
<color=#c0c0c0>1919 Refit</color>";
uk_battlecruiser_glorious_1;Glorious;
uk_battlecruiser_glorious_2;Courageous Class [CB];
uk_battlecruiser_invincible_shop;Invincible;
uk_battlecruiser_invincible_0;"<color=#7b9fb5>Invincible Class Battlecruiser</color>
HMS Invincible (85)
<color=#c0c0c0>1916 Refit</color>";
uk_battlecruiser_invincible_1;Invincible;
uk_battlecruiser_invincible_2;Invincible Class [CB];
uk_battlecruiser_queen_mary_shop;Queen Mary;
uk_battlecruiser_queen_mary_0;"<color=#7b9fb5>Battlecruiser</color>
HMS Queen Mary (14)
<color=#c0c0c0>1915 Refit</color>";
uk_battlecruiser_queen_mary_1;Queen Mary;
uk_battlecruiser_queen_mary_2;Queen Mary [CB];
uk_battlecruiser_hood_shop;Hood;
uk_battlecruiser_hood_0;"<color=#7b9fb5>Admiral Class Battlecruiser</color>
HMS Hood (51)
<color=#c0c0c0>1941 Refit</color>";
uk_battlecruiser_hood_1;Hood;
uk_battlecruiser_hood_2;Admiral Class [CB];
uk_destroyer_v_class_verdun_shop;Verdun;
uk_destroyer_v_class_verdun_0;"<color=#7b9fb5>Admiralty V-Class Destroyer</color>
HMS Verdun (L 93)
<color=#c0c0c0>1941 Refit</color>";
uk_destroyer_v_class_verdun_1;Verdun;
uk_destroyer_v_class_verdun_2;Admiralty V-Class [DD];
uk_destroyer_clemson_montgomery_g95_shop;Montgomery;
uk_destroyer_clemson_montgomery_g95_0;"<color=#7b9fb5>Town Class Destroyer</color>
HMS Montgomery (G 95)
<color=#c0c0c0>1941 Refit</color>";
uk_destroyer_clemson_montgomery_g95_1;Montgomery;
uk_destroyer_clemson_montgomery_g95_2;Town Class [DD];
uk_destroyer_v_class_valhalla_shop;Valhalla;
uk_destroyer_v_class_valhalla_0;"<color=#7b9fb5>Admiralty V-Class Destroyer</color>
HMS Valhalla (G 45)
<color=#c0c0c0>1923 Refit</color>";
uk_destroyer_v_class_valhalla_1;Valhalla;
uk_destroyer_v_class_valhalla_2;Admiralty V-Class [DD];
uk_destroyer_j_class_shop;Jervis;
uk_destroyer_j_class_0;"<color=#7b9fb5>J-Class Destroyer</color>
HMS Jervis (F 00)
<color=#c0c0c0>1940 Refit</color>";
uk_destroyer_j_class_1;Jervis;
uk_destroyer_j_class_2;J-Class [DD];
uk_destroyer_tribal_mohawk_shop;Mohawk;
uk_destroyer_tribal_mohawk_0;"<color=#7b9fb5>Tribal Class Destroyer</color>
HMS Mohawk (L 31)
<color=#c0c0c0>1941 Refit</color>";
uk_destroyer_tribal_mohawk_1;Mohawk;
uk_destroyer_tribal_mohawk_2;Tribal Class [DD];
uk_destroyer_daring_class_diamond_shop;Diamond;
uk_destroyer_daring_class_diamond_0;"<color=#7b9fb5>Daring Class Destroyer</color>
HMS Diamond (D 35)";
uk_destroyer_daring_class_diamond_1;Diamond;
uk_destroyer_daring_class_diamond_2;Daring Class [DD];
uk_destroyer_battle_cadiz_shop;Cadiz;
uk_destroyer_battle_cadiz_0;"<color=#7b9fb5>Battle Class Destroyer</color>
HMS Cadiz (D 79)
<color=#c0c0c0>1951 Refit</color>";
uk_destroyer_battle_cadiz_1;Cadiz;
uk_destroyer_battle_cadiz_2;Battle Class [DD];
uk_cruiser_liverpool_shop;Liverpool;
uk_cruiser_liverpool_0;"<color=#7b9fb5>Town Class Light Cruiser</color>
HMS Liverpool (11)
<color=#c0c0c0>1952 Refit</color>";
uk_cruiser_liverpool_1;Liverpool;
uk_cruiser_liverpool_2;Town Class [CL];
uk_cruiser_belfast_shop;Belfast;
uk_cruiser_belfast_0;"<color=#7b9fb5>Town Class Light Cruiser</color>
HMS Belfast (C 35)
<color=#c0c0c0>1959 Refit</color>";
uk_cruiser_belfast_1;Belfast;
uk_cruiser_belfast_2;Town Class [CL];
uk_cruiser_tiger_shop;Tiger;
uk_cruiser_tiger_0;"<color=#7b9fb5>Tiger Class Light Cruiser</color>
HMS Tiger (C 20)";
uk_cruiser_tiger_1;Tiger;
uk_cruiser_tiger_2;Tiger Class [CL];
uk_battleship_iron_duke_shop;Iron Duke;
uk_battleship_iron_duke_0;"<color=#7b9fb5>Iron Duke Class Battleship</color>
HMS Iron Duke (28)
<color=#c0c0c0>1928 Refit</color>";
uk_battleship_iron_duke_1;Iron Duke;
uk_battleship_iron_duke_2;Iron Duke Class [BB];
uk_battlecruiser_renown_shop;Renown;
uk_battlecruiser_renown_0;"<color=#7b9fb5>Renown Class Battlecruiser</color>
HMS Renown (72)
<color=#c0c0c0>1944 Refit</color>";
uk_battlecruiser_renown_1;Renown;
uk_battlecruiser_renown_2;Renown Class [CB];
uk_battleship_q_elizabet_class_barham_shop;Barham;
uk_battleship_q_elizabet_class_barham_0;"<color=#7b9fb5>Queen Elizabeth Class Battleship</color>
HMS Barham (04)
<color=#c0c0c0>1916 Refit</color>";
uk_battleship_q_elizabet_class_barham_1;Barham;
uk_battleship_q_elizabet_class_barham_2;Queen Elizabeth Class [BB];
uk_battlecruiser_repulse_shop;Repulse;
uk_battlecruiser_repulse_0;"<color=#7bf9b5>Renown Class Battlecruiser</color>
HMS Repulse (34)
<color=#c0c0c0>1941 Refit</color>";
uk_battlecruiser_repulse_1;Repulse;
uk_battlecruiser_repulse_2;Renown Class [CB];
uk_battleship_nelson_shop;Nelson;
uk_battleship_nelson_0;"<color=#7b9fb5>Nelson Class Battleship</color>
HMS Nelson (28)
<color=#c0c0c0>1945 Refit</color>";
uk_battleship_nelson_1;Nelson;
uk_battelship_nelson_2;Nelson Class [BB];
;;
;;
;;
<GBR Coastal>;;
;;
uk_mtb_1series_shop;MTB 1;
uk_mtb_1series_0;Motor Torpedo Boat, BPB 60’, MTB 1;
uk_mtb_1series_1;MTB 1;
uk_mtb_1series_2;Torpedo Boat;
uk_mtb35_vosper_shop;MTB 35;
uk_mtb35_vosper_0;Motor Torpedo Boat, 70’ Vosper Type I, MTB 35;
uk_mtb35_vosper_1;MTB 35;
uk_mtb35_vosper_2;Torpedo Boat;
uk_fairmile_a_ml100_shop;ML 100;
uk_fairmile_a_ml100_0;Motor Launch Boat, Fairmile Type A, ML 100;
uk_fairmile_a_ml100_1;ML 100;
uk_fairmile_a_ml100_2;Gunboat;
uk_70ft_mgb_shop;MGB 61;
uk_70ft_mgb_0;Motor Gun Boat, BPB 70’, MGB 61;
uk_70ft_mgb_1;MGB 61;
uk_70ft_mgb_2;Gunboat;
uk_fairmile_b_ml345_shop;ML 345;
uk_fairmile_b_ml345_0;Motor Launch Boat, Fairmile Type B, ML 345;
uk_fairmile_b_ml345_1;ML 345;
uk_fairmile_b_ml345_2;Gunboat;
uk_dark_class_shop;Dark Adventurer;
uk_dark_class_0;Dark Class, Dark Adventurer (P 1101);
uk_dark_class_1;Dark Adventurer;
uk_dark_class_2;Gunboat;
uk_dark_class_mtb_shop;Dark Aggressor;
uk_dark_class_mtb_0;Dark Class, Dark Aggressor (P 1102);
uk_dark_class_mtb_1;Dark Aggressor;
uk_dark_class_mtb_2;Torpedo Boat;
uk_fairmile_d_617_632_shop;MTB 617;
uk_fairmile_d_617_632_0;Motor Torpedo Boat, Fairmile Type D, MTB 617;
uk_fairmile_d_617_632_1;MTB 617;
uk_fairmile_d_617_632_2;Torpedo Boat;
uk_fairmile_d_697_800_shop;MTB 697;
uk_fairmile_d_697_800_0;Motor Torpedo Boat, Fairmile Type D, MTB 697;
uk_fairmile_d_697_800_1;MTB 697;
uk_fairmile_d_697_800_2;Torpedo Boat;
uk_sgb_304_shop;Grey Fox;
uk_sgb_304_0;Steam Gun Boat, Grey Fox (SGB 4);
uk_sgb_304_1;Grey Fox;
uk_sgb_304_2;Gunboat;
uk_brave_borderer_shop;Brave Borderer;
uk_brave_borderer_0;Brave Class, Brave Borderer (P 1011);
uk_brave_borderer_1;Brave Borderer;
uk_brave_borderer_2;Torpedo Boat;
uk_frigate_leopard_shop;Leopard;
uk_frigate_leopard_0;Leopard Class Frigate, HMS Leopard (F 14);
uk_frigate_leopard_1;Leopard;
uk_frigate_leopard_2;Leopard Class [FF];
uk_mtb_vosper_1series_shop;MTB 396;
uk_mtb_vosper_1series_0;Motor Torpedo Boat, 73’ Vosper Type I, MTB 396;
uk_mtb_vosper_1series_1;MTB 396;
uk_mtb_vosper_1series_2;Torpedo Boat;
uk_mtb_vosper_2series_shop;MTB 379;
uk_mtb_vosper_2series_0;Motor Torpedo Boat, 73’ Vosper Type II, MTB 379;
uk_mtb_vosper_2series_1;MTB 379;
uk_mtb_vosper_2series_2;Torpedo Boat;
uk_hdml_ml1383_shop;ML 1383;
uk_hdml_ml1383_0;Harbour Defence Motor Launch 1383 Class, ML 1383;
uk_hdml_mlk1383_;ML 1383;
uk_hdml_mlk1383_;Gunboat;
uk_isles_class_trawler_shop;Liscomb;
uk_isles_class_trawler_0;Isles Class Trawler, HMT Liscomb (T 285);
uk_isles_class_trawler_1;Liscomb;
uk_isles_class_trawler_2;Subchaser;
uk_fairmile_c_shop;MGB 312;
uk_fairmile_c_0;Motor Gun Boat, Fairmile Type C, MGB 312;
uk_fairmile_c_1;MGB 312;
uk_fairmile_c_2;Gunboat;
uk_fairmile_lcs_l_h_mk2_shop;LCS(L) 257;
uk_fairmile_lcs_l_h_mk2_0;Landing Craft Support, Fairmile Type H, LCS(L) 257;
uk_fairmile_lcs_l_h_mk2_1;LCS(L) 257;
uk_fairmile_lcs_l_h_mk2_2;Gunboat;
uk_fairmile_d_601_616_shop;MGB 601;
uk_fairmile_d_601_616_0;Motor Gun Boat, Fairmile Type D, MGB 601;
uk_fairmile_d_601_616_1;MGB 601;
uk_fairmile_d_601_616_2;Gunboat;
uk_fairmile_c_332_shop;MGB 332;
uk_fairmile_c_332_0;Motor Gun Boat, Fairmile Type C, MGB 332;
uk_fairmile_c_332_1;MGB 332;
uk_fairmile_c_332_2;Gunboat;
uk_corvette_peacock_shop;Peacock;
uk_corvette_peacock_0;Peacock Class Corvette, HMS Peacock (P 239);
uk_corvette_peacock_1;Peacock;
uk_corvette_peacock_2;Peacock Class [FS];
uk_frigate_whitby_blackpool_shop;Torquay;
uk_frigate_whitby_blackpool_0;Whitby Class Frigate, HMS Torquay (F 43);
uk_frigate_whitby_blackpool_1;Torquay;
uk_frigate_whitby_blackpool_2;Whitby Class [FF];
uk_mtb_2series_shop;MTB 2;
uk_mtb_2series_0;Motor Torpedo Boat, BPB 60’, MTB 2;
uk_mtb_2series_1;MTB 2;
uk_mtb_2series_2;Torpedo Boat;
uk_73ft_vosper_type2_shop;MTB 523;
uk_73ft_vosper_type2_0;Motor Torpedo Boat, 73’ Vosper, MTB 523;
uk_73ft_vosper_type2_1;MTB 523;
uk_73ft_vosper_type2_2;Torpedo Boat;
uk_71ft_mgb_shop;MGB 75;
uk_71ft_mgb_0;Motor Torpedo Boat, BPB 72’, MGB 75;
uk_71ft_mgb_1;MGB 75;
uk_71ft_mgb_2;Gunboat;
uk_gay_class_archer_shop;Gay Archer;
uk_gay_class_archer_0;Gay Class, HMS Gay Archer (P 1041);
uk_gay_class_archer_1;Gay Archer;
uk_gay_class_archer_2;Torpedo Boat;
uk_higgins_78ft_mtb422_shop;MTB 422;
uk_higgins_78ft_mtb422_0;Motor Torpedo Boat, 78’ Higgins, MTB 422;
uk_higgins_78ft_mtb422_1;MTB 422;
uk_higgins_78ft_mtb422_2;Torpedo Boat;
uk_sgb_309_shop;Grey Goose;
uk_sgb_309_0;Steam Gun Boat, Grey Goose (SGB 9);
uk_sgb_309_1;Grey Goose;
uk_sgb_309_2;Gunboat;
uk_dark_class_mtb_td_shop;Dark Aggressor [TD];
uk_dark_class_mtb_td_0;Dark Class, Dark Aggressor (P 1102) [Twitch Drop];
uk_dark_class_mtb_td_1;Dark Aggressor [TD];
uk_dark_class_mtb_td_2;Torpedo Boat;
uk_frigate_river_shop;Spey;
uk_frigate_river_0;River Class Frigate, HMS Spey (K 246);
uk_frigate_river_1;Spey;
uk_frigate_river_2;Gunboat;
uk_frigate_whitby_shop;Whitby;
uk_frigate_whitby_0;Whitby Class Frigate, HMS Whitby (F 36);
uk_frigate_whitby_1;Whitby;
uk_frigate_whitby_2;Whitby Class [FF];
uk_fairmile_d_5001_5029_shop;MTB 5001;
uk_fairmile_d_5001_5029_0;Motor Torpedo Boat, Fairmile Type D, MTB 5001;
uk_fairmile_d_5001_5029_1;MTB 5001;
uk_fairmile_d_5001_5029_2;Torpedo Boat;
uk_71ft_mtb460_shop;MTB 460;
uk_71ft_mtb460_0;Motor Torpedo Boat, 71’ G Type, MTB 460;
uk_71ft_mtb460_1;MTB 460;
uk_71ft_mtb460_2;Torpedo Boat;
uk_73ft_vosper_type1_shop;MTB 379;
uk_73ft_vosper_type1_0;Motor Torpedo Boat, 73’ Vosper, MTB 379;
uk_73ft_vosper_type1_1;MTB 379;
uk_73ft_vosper_type1_2;Torpedo Boat;
;;
;;
;;
<JPN Army>;;
;;
jp_type_95_ha_go_shop;Ha Gō;
jp_type_95_ha_go_0;"<color=#c8a5b2>Type 95 Light Tank</color>
Ha Gō";
jp_type_95_ha_go_1;Ha Gō;
jp_type_95_ha_go_2;Light Tank;
jp_type_98_ke_ni_shop;Ke Ni Kō;
jp_type_98_ke_ni_0;"<color=#c8a5b2>Type 98 Light Tank</color>
Ke Ni Kō";
jp_type_98_ke_ni_1;Ke Ni Kō;
jp_type_98_ke_ni_2;Light Tank;
jp_type_2_ka_mi_shop;Ka Mi;
jp_type_2_ka_mi_0;"<color=#c8a5b2>Special Launch Type 2</color>
Ka Mi";
jp_type_2_ka_mi_1;Ka Mi;
jp_type_2_ka_mi_2;Light Tank;
jp_m24_chaffee_shop;▅M24;
jp_m24_chaffee_0;"▅Light Tank, M24
<color=#c0c0c0>1951</color>";
jp_m24_chaffee_1;▅M24;
jp_m24_chaffee_2;Light Tank;
jp_m4a3e8_76w_sherman_shop;▅M4A3(76);
jp_m4a3e8_76w_sherman_0;▅Tank, Medium, M4A3(76)W HVSS;
jp_m4a3e8_76w_sherman_1;▅M4A3(76);
jp_m4a3e8_76w_sherman_2;Medium Tank;
jp_m41_walker_bulldog_shop;▅M41A1;
jp_m41_walker_bulldog_0;▅76mm Gun Tank, M41A1;
jp_m41_walker_bulldog_1;▅M41A1;
jp_m41_walker_bulldog_2;Light Tank;
jp_type_60_sprg_shop;Type 60 SP (C);
jp_type_60_sprg_0;Type 60 Self-Propelled 106mm Recoilless Gun Mod.C;
jp_type_60_sprg_1;Type 60 SP (C);
jp_type_60_sprg_2;Tank Destroyer;
jp_type_60_atm_shop;Type 60 APC (ATM-1);
jp_type_60_atm_0;"Type 60 Armored Personnel Carrier
<color=#c0c0c0>64-Shiki tai-sensha yūdō-dan</color>";
jp_type_60_atm_1;Type 60 APC (ATM-1);
jp_type_60_atm_2;Missile Carrier;
jp_type_87_rcv_prot_shop;RCV (No.1);
jp_type_87_rcv_prot_0;"Reconnaissance Combat Vehicle,
No.1 Prototype";
jp_type_87_rcv_prot_1;RCV (No.1);
jp_type_87_rcv_prot_2;Light Tank;
jp_type_87_rcv_shop;Type 87 RCV;
jp_type_87_rcv_0;"Type 87 Reconnaissance Combat Vehicle
<color=#7b9fb5>“Kurakkuai”</color>";
jp_type_87_rcv_1;Type 87 RCV;
jp_type_87_rcv_2;Light Tank;
jp_type_89_shop;Type 89 FV;
jp_type_89_0;"Type 89 Armored Combat Vehicle
<color=#7b9fb5>“Raitotaigā”</color>";
jp_type_89_1;Type 89 FV;
jp_type_89_2;Infantry Fighting Vehicle;
jp_type_10_prototype_shop;TK (No.3) (2006);
jp_type_10_prototype_0;"Tank Experimental, No.3 Prototype
<color=#c0c0c0>2006-Nen kaisei</color>";
jp_type_10_prototype_1;TK (No.3) (2006);
jp_type_10_prototype_2;Main Battle Tank;
jp_type_89b_i_go_otsu_shop;I Gō Kō;
jp_type_89b_i_go_otsu_0;"<color=#c8a5b2>Type 89b Medium Tank</color>
I Gō Kō";
jp_type_89b_i_go_otsu_1;I Gō Kō;
jp_type_89b_i_go_otsu_2;Light Tank;
jp_type_97_chi_ha_shop;Chi Ha;
jp_type_97_chi_ha_0;"<color=#c8a5b2>Type 97 Medium Tank</color>
Chi Ha";
jp_type_97_chi_ha_1;Chi Ha;
jp_type_97_chi_ha_2;Medium Tank;
jp_type_2_ho_i_shop;Ho I;
jp_type_2_ho_i_0;"<color=#c8a5b2>Type 2 Medium Tank</color>
Ho I";
jp_type_2_ho_i_1;Ho I;
jp_type_2_ho_i_2;Medium Tank;
jp_type_97_kai_shop;Chi Ha Kai;
jp_type_97_kai_0;"<color=#c8a5b2>Type 97 Medium Tank</color>
Chi Ha Kai";
jp_type_97_kai_1;Chi Ha Kai;
jp_type_97_kai_2;Medium Tank;
jp_type_1_chi_he_shop;Chi He;
jp_type_1_chi_he_0;"<color=#c8a5b2>Type 1 Medium Tank</color>
Chi He";
jp_type_1_chi_he_1;Chi He;
jp_type_1_chi_he_2;Medium Tank;
jp_type_3_chi_nu_shop;Chi Nu;
jp_type_3_chi_nu_0;"<color=#c8a5b2>Type 3 Medium Tank</color>
Chi Nu";
jp_type_3_chi_nu_1;Chi Nu;
jp_type_3_chi_nu_2;Medium Tank;
jp_type_4_chi_to_shop;Chi To;
jp_type_4_chi_to_0;"<color=#c8a5b2>Type 4 Medium Tank</color>
Chi To";
jp_type_4_chi_to_1;Chi To;
jp_type_4_chi_to_2;Medium Tank;
jp_type_4_chi_to_late_shop;Chi To (No.2);
jp_type_4_chi_to_late_0;"<color=#c8a5b2>Type 4 Medium Tank</color>
Chi To
<color=#c0c0c0>Prototype No.2</color>";
jp_type_4_chi_to_late_1;Chi To (No.2);
jp_type_4_chi_to_late_2;Medium Tank;
jp_type_5_chi_ri_shop;Chi Ri;
jp_type_5_chi_ri_0;"<color=#c8a5b2>Type 5 Medium Tank</color>
Chi Ri
<color=#c0c0c0>Prototype No.2</color>";
jp_type_5_chi_ri_1;Chi Ri;
jp_type_5_chi_ri_2;Medium Tank;
jp_st_a1_shop;STA-1;
jp_st_a1_0;STA-1;
jp_st_a1_1;STA-1;
jp_st_a1_2;Main Battle Tank;
jp_st_a2_shop;STA-2;
jp_st_a2_0;STA-2;
jp_st_a2_1;STA-2;
jp_st_a2_2;Main Battle Tank;
jp_type_61_shop;Type 61 TK (B);
jp_type_61_0;Type 61 Tank Mod.B;
jp_type_61_1;Type 61 TK;
jp_type_61_2;Main Battle Tank;
jp_st_a3_shop;STA-3;
jp_st_a3_0;STA-3;
jp_st_a3_1;STA-3;
jp_st_a3_2;Main Battle Tank;
jp_m47_patton_II_shop;▅M47;
jp_m47_patton_II_0;▅90mm Gun Tank, M47;
jp_m47_patton_II_1;▅M47;
jp_m47_patton_II_2;Medium Tank;
jp_st_b1_shop;STB-2;
jp_st_b1_0;STB-0002;
jp_st_b1_1;STB-2;
jp_st_b1_2;Main Battle Tank;
jp_type_74_c_shop;Type 74 TK (C);
jp_type_74_c_0;"Type 74 Tank Mod.C
<color=#7b9fb5>”Nana-yon”</color>";
jp_type_74_c_1;Type 74 TK (C);
jp_type_74_c_2;Main Battle Tank;
jp_type_74_shop;Type 74 TK (E);
jp_type_74_0;"Type 74 Tank Mod.E
<color=#7b9fb5>”Nana-yon”</color>";
jp_type_74_1;Type 74 TK (E);
jp_type_74_2;Main Battle Tank;
jp_type_74_f_shop;Type 74 TK (F);
jp_type_74_f_0;"Type 74 Tank Mod.F
<color=#7b9fb5>”Nana-yon”</color>";
jp_type_74_f_1;Type 74 TK (F);
jp_type_74_f_2;Main Battle Tank;
jp_type_90_shop;Type 90 TK;
jp_type_90_0;"Type 90 Tank
<color=#7b9fb5>“Kyū-maru”</color>";
jp_type_90_1;Type 90 TK;
jp_type_90_2;Main Battle Tank;
jp_type_90b_shop;Type 90 TK (B);
jp_type_90b_0;"Type 90 Tank Mod.B
<color=#7b9fb5>“Kyū-maru”</color>";
jp_type_90b_1;Type 90 TK (B);
jp_type_90b_2;Main Battle Tank;
jp_type_10_shop;Type 10 TK;
jp_type_10_0;"Type 10 Tank
<color=#7b9fb5>”Hitomaru”</color>";
jp_type_10_1;Type 10 TK;
jp_type_10_2;Main Battle Tank;
jp_tkx_prot_shop;TK (No.3) (2009);
jp_tkx_prot_0;"Tank Experimental, No.3 Prototype
<color=#c0c0c0>2009-Nen kaisei</color>";
jp_tkx_prot_1;TK (No.3) (2009);
jp_tkx_prot_2;Main Battle Tank;
jp_type_4_ho_ro_shop;Ho Ro;
jp_type_4_ho_ro_0;"<color=#c8a5b2>Type 4 Self-Propelled Gun</color>
Ho Ro";
jp_type_4_ho_ro_1;Ho Ro;
jp_type_4_ho_ro_2;Self-Propelled Gun;
jp_hiro_sha_shop;Hi Ro Sha;
jp_hiro_sha_0;"<color=#c8a5b2>Type 95 Self-Propelled Gun</color>
Experimental 12cm Self-Propelled Gun
Hi Ro Sha";
jp_hiro_sha_1;Hi Ro Sha;
jp_hiro_sha_2;Tank Destroyer;
jp_type_2_ho_ni_2_shop;Ho Ni II;
jp_type_2_ho_ni_2_0;"<color=#c8a5b2>Type 2 Self-Propelled Gun</color>
Ho Ni II";
jp_type_2_ho_ni_2_1;Ho Ni II;
jp_type_2_ho_ni_2_2;Tank Destroyer;
jp_type_3_ho_ni_I_shop;Ho Ni I;
jp_type_3_ho_ni_I_0;"<color=#c8a5b2>Type 1 Self-Propelled Gun</color>
Ho Ni I";
jp_type_3_ho_ni_I_1;Ho Ni I;
jp_type_3_ho_ni_I_2;Tank Destroyer;
jp_type_3_ho_ni_III_shop;Ho Ni III;
jp_type_3_ho_ni_III_0;"<color=#c8a5b2>Type 3 Self-Propelled Gun</color>
Ho Ni III";
jp_type_3_ho_ni_III_1;Ho Ni III;
jp_type_3_ho_ni_III_2;Tank Destroyer;
jp_navy_120mm_spg_shop;Naval 12cm SPG;
jp_navy_120mm_spg_0;Naval 120mm Self-Propelled Gun;
jp_navy_120mm_spg_1;Naval 12cm SPG;
jp_navy_120mm_spg_2;Tank Destroyer;
jp_type_5_na_to_shop;Na To;
jp_type_5_na_to_0;"<color=#c8a5b2>Type 5 Self-Propelled Gun</color>
Na To";
jp_type_5_na_to_1;Na To;
jp_type_5_na_to_2;Tank Destroyer;
jp_m44_shop;▅M44A1 HSP;
jp_m44_0;▅M44A1 Self-Propelled Howitzer;
jp_m44_1;▅M44A1 HSP;
jp_m44_2;SPG;
jp_m36b2_jgsdf_shop;▅M36;
jp_m36b2_jgsdf_0;▅90mm Gun Motor Carriage, M36;
jp_m36b2_jgsdf_1;▅M36;
jp_m36b2_jgsdf_2;Tank Destroyer;
jp_type_75_shop;Type 75 HSP;
jp_type_75_0;Type 75 Self-Propelled Howitzer;
jp_type_75_1;Type 75 HSP;
jp_type_75_2;Self-Propelled Gun;
jp_type_99_shop;Type 99 HSP;
jp_type_99_0;Type 99 Self-Propelled Howitzer;
jp_type_99_1;Type 99 HSP;
jp_type_99_2;Self-Propelled Gun;
jp_type_5_ho_ri_production_shop;Ho Ri (Fic.);
jp_type_5_ho_ri_production_0;"<color=#c8a5b2>Type 5 Self-Propelled Gun</color>
10cm Self-Propelled Gun Ho Ri
Fictional Concept";
jp_type_5_ho_ri_production_1;Ho Ri (Fic.);
jp_type_5_ho_ri_production_2;Tank Destroyer;
jp_type_16_mcv_prot_shop;MCV (No.3);
jp_type_16_mcv_prot_0;"Mobile Combat Vehicle,
No.3 Prototype";
jp_type_16_mcv_prot_1;MCV (No.3);
jp_type_16_mcv_prot_2;Light Tank;
jp_type_16_shop;Type 16 MCV;
jp_type_16_0;Type 16 Maneuver Combat Vehicle;
jp_type_16_1;Type 16 MCV;
jp_type_16_2;Light Tank;
jp_type_94_shop;Type 94;
jp_type_94_0;Isuzu Type 94;
jp_type_94_1;Type 94;
jp_type_94_2;SPAA;
jp_type_98_ta_se_shop;Ta Se;
jp_type_98_ta_se_0;"<color=#c8a5b2>Type 98 Anti-Aircraft Tank</color>
Ta Se";
jp_type_98_ta_se_1;Ta Se;
jp_type_98_ta_se_2;SPAA;
jp_halftrack_m16_shop;▅M16 AAG;
jp_halftrack_m16_0;▅Self-Propelled Anti-Aircraft Gun, M16;
jp_halftrack_m16_1;▅M16 AAG;
jp_halftrack_m16_2;SPAA;
jp_type_95_so_ki_shop;So Ki;
jp_type_95_so_ki_0;"<color=#c8a5b2>Type 95 Anti-Aircraft Tank</color>
So Ki";
jp_type_95_so_ki_1;So Ki;
jp_type_95_so_ki_2;SPAA;
jp_m19_shop;▅M19A1 AAG;
jp_m19_0;▅Self-Propelled Anti-Aircraft Gun, M19A1;
jp_m19_1;▅M19A1 AAG;
jp_m19_2;SPAA;
jp_m42_duster_shop;▅M42 AAG;
jp_m42_duster_0;▅Self-Propelled Anti-Aircraft Gun, M42;
jp_m42_duster_1;▅M42 AAG;
jp_m42_duster_2;SPAA;
jp_sub_i_ii_20mm_shop;SUB-I-2;
jp_sub_i_ii_20mm_0;"Mitsubishi SUB-I-2
<color=#c0c0c0>20mm MK 20</color>";
jp_sub_i_ii_20mm_1;SUB-I-2;
jp_sub_i_ii_20mm_2;SPAA;
jp_type_87_shop;Type 87 AW;
jp_type_87_0;"Type 87 Self-Propelled Anti-Aircraft Gun
<color=#7b9fb5>“Sukaishūta”</color>";
jp_type_87_1;Type 87 AW;
jp_type_87_2;SPAA;
jp_type_93_shop;BXD10 (Kin-SAM);
jp_type_93_0;"BXD10 | High Mobility Vehicle
<color=#7b9fb5>“Kōkidōsha”</color>
<color=#c0c0c0>93-Shiki kinji taikū misairu tōsai</color>";
jp_type_93_1;BXD10 (Kin-SAM);
jp_type_93_2;SAM;
jp_type_81_tansam_shop;Type 73 (Tan-SAM);
jp_type_81_tansam_0;"Type 73 | 3½ Truck
<color=#7b9fb5>Ougata</color>
<color=#c0c0c0>81-Gata Tan samu-tsuki</color>";
jp_type_81_tansam_1;Type 73 (Tan-SAM);
jp_type_81_tansam_2;SAM;
jp_type_81_tansam_fcs_shop;Type 73 (TADV);
jp_type_81_tansam_fcs_0;"Type 73 | 3½ Truck
<color=#7b9fb5>Ougata</color>
<color=#c0c0c0>Target Acquisition & Designation Vehicle</color>";
jp_type_81_tansam_fcs_1;Type 73 (TADV);
jp_type_81_tansam_fcs_2;Radar Vehicle;
jp_type_81_tansam_launcher_shop;Type 73 (Tan-SAM Kai);
jp_type_81_tansam_launcher_0;"Type 73 | 3½ Truck
<color=#7b9fb5>Ougata</color>
<color=#c0c0c0>81-Shiki Tan samu aratame tōsai</color>";
jp_type_81_tansam_launcher_1;Type 73 (Tan-SAM Kai);
jp_type_81_tansam_launcher_2;SAM;
jp_type_03_chusam_fcs_shop;NK 8x8 (TADV);
jp_type_03_chusam_fcs_0;"Kato Works NK 8x8
<color=#c0c0c0>Target Acquisition & Designation Vehicle</color>";
jp_type_03_chusam_fcs_1;NK 8x8 (TADV);
jp_type_03_chusam_fcs_2;Radar Vehicle;
jp_type_03_chusam_launcher_shop;NK 8x8 (Chū-SAM);
jp_type_03_chusam_launcher_0;"Kato Works NK 8x8
<color=#c0c0c0>03-Gata-chū samu tōsai</color>";
jp_type_03_chusam_launcher_1;NK 8x8 (Chū-SAM);
jp_type_03_chusam_launcher_2;SAM;
jp_type_95_ha_go_commander_shop;Ha Gō (Com.);
jp_type_95_ha_go_commander_0;"<color=#c8a5b2>Type 95 Light Tank</color>
Ha Gō Commander";
jp_type_95_ha_go_commander_1;Ha Gō (Com.);
jp_type_95_ha_go_commander_2;Light Tank;
jp_type_3_ka_chi_shop;Ka Chi;
jp_type_3_ka_chi_0;"<color=#c8a5b2>Special Launch Type 3</color>
Ka Chi";
jp_type_3_ka_chi_1;Ka Chi;
jp_type_3_ka_chi_2;Medium Tank;
jp_type_95_heavy_shop;Ro Gō;
jp_type_95_heavy_0;"<color=#c8a5b2>Type 95 Heavy Tank</color>
Ro Gō";
jp_type_95_heavy_1;Ro Gō;
jp_type_95_heavy_2;Heavy Tank;
jp_type_97_chi_ha_12cm_shop;Short Barrel 12cm;
jp_type_97_chi_ha_12cm_0;Short Barrel 120mm Gun Tank;
jp_type_97_chi_ha_12cm_1;Short Barrel 12cm;
jp_type_97_chi_ha_12cm_2;Medium Tank;
jp_type_1_chi_he_5th_regiment_shop;Chi He (No.5 S.Ren);
jp_type_1_chi_he_5th_regiment_0;"<color=#c8a5b2>Type 5 Medium Tank</color>
Chi He
<color=#fcba03>No.5 Sensha Rentai</color>";
jp_type_1_chi_he_5th_regiment_1;Chi He (No.5 S.Ren);
jp_type_1_chi_he_5th_regiment_2;Medium Tank;
jp_type_3_chi_nu_75cm_type_5_shop;Chi Nu II;
jp_type_3_chi_nu_75cm_type_5_0;"<color=#c8a5b2>Type 3 Medium Tank</color>
Chi Nu II";
jp_type_3_chi_nu_75cm_type_5_1;Chi Nu II;
jp_type_3_chi_nu_75cm_type_5_2;Medium Tank;
jp_pzkpfw_VI_ausf_e_tiger_shop;▅Tiger E;
jp_pzkpfw_VI_ausf_e_tiger_0;"<color=#c8a5b2>Sd.Kfz.181</color>
▅Panzerkampfwagen VI Tiger Ausf. E";
jp_pzkpfw_VI_ausf_e_tiger_1;▅Tiger E;
jp_pzkpfw_VI_ausf_e_tiger_2;Heavy Tank;
jp_type_5_ho_ri_prototype_shop;Ho Ri (Inc.);
jp_type_5_ho_ri_prototype_0;"Experimental New Gun Tank Kō Ho Ri
<color=#c0c0c0>Inclined Armor Mockup</color>";
jp_type_5_ho_ri_prototype_1;Ho Ri (Inc.);
jp_type_5_ho_ri_prototype_2;Tank Destroyer;
jp_type_61_mod_shop;Type 61 TK (B) (13th Sen.Dai.);
jp_type_61_mod_0;"Type 61 Tank Mod.B
<color=#fcba03>13th Sensha Daitai, 3 Chūtai</color>";
jp_type_61_mod_1;Type 61 TK (B) (13th Sen.Dai.);
jp_type_61_mod_2;Medium Tank;
jp_type_75_mlrs_shop;Type 75 MSSR;
jp_type_75_mlrs_0;Type 75 Self-Propelled Multiple Rocket Launcher;
jp_type_75_mlrs_1;Type 75 MSSR;
jp_type_75_mlrs_2;Tank Destroyer;
jp_type_74_red_star_shop;Type 74 TK (Fuji T.E.U.);
jp_type_74_red_star_0;"Type 74 Tank Mod.C
<color=#7b9fb5>”Nana-yon”</color>
<color=#fcba03>Fuji School Training Evaluation Unit</color>";
jp_type_74_red_star_1;Type 74 TK (Fuji T.E.U.);
jp_type_74_red_star_2;Main Battle Tank;
jp_icv_prototype_shop;Type 25 RCV;
jp_icv_prototype_0;Type 25 Reconnaissance Combat Vehicle;
jp_icv_prototype_1;Type 25 RCV;
jp_icv_prototype_2;Infantry Fighting Vehicle;
jp_type_16_mod_shop;Type 16 MCV (15th R.D.R.);
jp_type_16_mod_0;"Type 16 Maneuver Combat Vehicle
<color=#fcba03>15th Rapid Deployment Regiment</color>";
jp_type_16_mod_1;Type 16 MCV (15th R.D.R.);
jp_type_16_mod_2;Light Tank;
jp_type_74_mod_g_kai_shop;Type 74 TK (G);
jp_type_74_mod_g_kai_0;"Type 74 Tank Kai Mod.G
<color=#7b9fb5>”Nana-yon”</color>";
jp_type_74_mod_g_kai_1;Type 74 TK (G);
jp_type_74_mod_g_kai_2;Main Battle Tank;
jp_type_90b_camo_shop;Type 90 TK (B) (Fuji A.I.R.);
jp_type_90b_camo_0;"Type 90 Tank Mod.B
<color=#7b9fb5>“Kyū-maru”</color>
<color=#fcba03>Fuji School Armored Instruction Regiment</color>";
jp_type_90b_camo_1;Type 90 TK (B) (Fuji);
jp_type_90b_camo_2;Main Battle Tank;
jp_type_90b_sm_shop;Usagi’s Type 90 TK (B);
jp_type_90b_sm_0;"Type 90 Tank Mod.B
<color=#7b9fb5>“Kyū-maru”</color>
<color=#fcba03>Usagi, Senrai Maidens</color>";
jp_type_90b_sm_1;Type 90 TK (B);
jp_type_90b_sm_2;Main Battle Tank;
jp_type_97_kai_td_shop;Chi Ha Kai [TD];
jp_type_97_kai_td_0;"<color=#c8a5b2>Type 97 Medium Tank</color>
Chi Ha Kai
<color=#9146ff>Twitch Drop</color>";
jp_type_97_kai_td_1;Chi Ha Kai [TD];
jp_type_97_kai_td_2;Medium Tank;
jp_icv_ifv_prototype_shop;Type 24 WAFV;
jp_icv_ifv_prototype_0;Type 24 Wheeled Armored Fighting Vehicle;
jp_icv_ifv_prototype_1;Type 24 WAFV;
jp_icv_ifv_prototype_2;Infantry Fighting Vehicle;
;;
;;
;;
<JPN Helicopter>;;
;;
uh_1b_japan_shop;▅UH-1B;
uh_1b_japan_0;"<color=#7b9fb5>Fuji Heavy Industries</color>
▅UH-1B Hiyodiro";
uh_1b_japan_1;▅UH-1B;
uh_1b_japan_2;▅UH-1;
ah_1s_early_shop;▅AH-1E;
ah_1s_early_0;"<color=#7b9fb5>Fuji Heavy Industries</color>
▅AH-1E Anti-Tank Helicopter Cobra";
ah_1s_early_1;▅AH-1E;
ah_1s_early_2;▅AH-1;
ah_1s_late_shop;▅AH-1S;
ah_1s_late_0;"<color=#7b9fb5>Fuji Heavy Industries</color>
▅AH-1S Anti-Tank Helicopter Cobra
<color=#c0c0c0>Cobra Night Imaging Thermal Equipment</color>";
ah_1s_late_1;▅AH-1S;
ah_1s_late_2;▅AH-1;
ah_64d_japan_shop;▅AH-64DJP;
ah_64d_japan_0;"<color=#7b9fb5>Fuji Heavy Industries</color>
▅AH-64DJP Apache Longbow";
ah_64d_japan_1;▅AH-64D;
ah_64d_japan_2;▅AH-64;
ah_1s_shop;▅AH-1S (4th A.T.H.U.);
ah_1s_0;"<color=#7b9fb5>Fuji Heavy Industries</color>
▅AH-1S Anti-Tank Helicopter Cobra
<color=#c0c0c0>Cobra Night Imaging Thermal Equipment</color>
<color=#fcba03>4th Anti-Tank Helicopter Unit</color>";
ah_1s_1;▅AH-1S;
ah_1s_2;▅AH-1;
ah_64d_lightweight_japan_shop;▅AH-64DJP (3rd A.T.H.U.);
ah_64d_lightweight_japan_0;"<color=#7b9fb5>Fuji Heavy Industries</color>
▅AH-64DJP Apache Longbow
<color=#fcba03>3rd Anti-Tank Helicopter Unit</color>";
ah_64d_lightweight_japan_1;▅AH-64D;
ah_64d_lightweight_japan_2;▅AH-64;
;;
;;
;;
<JPN Aviation>;;
;;
f1m2_shop;F1M2;
f1m2_0;"<color=#7b9fb5>Mitsubishi Jūkōgyō K.K.</color>
F1M2";
f1m2_1;F1M2;
f1m2_2;F1M;
a5m4_shop;A5M4;
a5m4_0;"<color=#7b9fb5>Mitsubishi Jūkōgyō K.K.</color>
A5M4 Model 24";
a5m4_1;A5M4;
a5m4_2;A5M;
a6m2_n_zero_shop;A6M2-N;
a6m2_n_zero_0;"<color=#7b9fb5>Mitsubishi Jūkōgyō K.K.</color>
A6M2-N";
a6m2_n_zero_1;A6M2;
a6m2_n_zero_2;A6M;
n1k1_kyuofu_shop;N1K1;
n1k1_kyuofu_0;"<color=#7b9fb5>Kawanishi Kōkūki</color>
N1K1 Model 11 Kyōfū";
n1k1_kyuofu_1;N1K1;
n1k1_kyuofu_2;N1K;
a6m2_mod11_shop;A6M2a;
a6m2_mod11_0;"<color=#7b9fb5>Mitsubishi Jūkōgyō K.K.</color>
A6M2a Model 11 Rei-sen";
a6m2_mod11_1;A6M2;
a6m2_mod11_2;A6M;
a6m2_zero_shop;A6M2b;
a6m2_zero_0;"<color=#7b9fb5>Mitsubishi Jūkōgyō K.K.</color>
A6M2b Model 21 Rei-sen";
a6m2_zero_1;A6M2;
a6m2_zero_2;A6M;
a6m3_zero_shop;A6M3;
a6m3_zero_0;"<color=#7b9fb5>Mitsubishi Jūkōgyō K.K.</color>
A6M3 Model 32 Rei-sen";
a6m3_zero_1;A6M3;
a6m3_zero_2;A6M;
a6m3_mod22_zero_shop;A6M3a;
a6m3_mod22_zero_0;"<color=#7b9fb5>Mitsubishi Jūkōgyō K.K.</color>
A6M3a Model 22 Rei-sen";
a6m3_mod22_zero_1;A6M3;
a6m3_mod22_zero_2;A6M;
a6m3_mod22ko_zero_shop;A6M3b;
a6m3_mod22ko_zero_0;"<color=#7b9fb5>Mitsubishi Jūkōgyō K.K.</color>
A6M3b Model 22 Kō Rei-sen";
a6m3_mod22ko_zero_1;A6M3;
a6m3_mod22ko_zero_2;A6M;
a6m5_zero_shop;A6M5;
a6m5_zero_0;"<color=#7b9fb5>Mitsubishi Jūkōgyō K.K.</color>
A6M5 Model 52 Rei-sen";
a6m5_zero_1;A6M5;
a6m5_zero_2;A6M;
a6m5otsu_shop;A6M5b;
a6m5otsu_0;"<color=#7b9fb5>Mitsubishi Jūkōgyō K.K.</color>
A6M5b Model 52 Rei-sen";
a6m5otsu_1;A6M5;
a6m5otsu_2;A6M;
a6m5hei_shop;A6M5c;
a6m5hei_0;"<color=#7b9fb5>Mitsubishi Jūkōgyō K.K.</color>
A6M5c Model 52 Rei-sen";
a6m5hei_1;A6M5;
a6m5hei_2;A6M;
a7m2_shop;A7M2;
a7m2_0;"<color=#7b9fb5>Mitsubishi Jūkōgyō K.K.</color>
A7M2 Model 11 Reppū";
a7m2_1;A7M2;
a7m2_2;A7M;
n1k1_ja_shop;N1K1-Ja;
n1k1_ja_0;"<color=#7b9fb5>Kawanishi Kōkūki</color>
N1K1-Ja Model 11 Shiden";
n1k1_ja_1;N1K1;
n1k1_ja_2;N1K;
n1k2_j_shop;N1K2-J;
n1k2_j_0;"<color=#7b9fb5>Kawanishi Kōkūki</color>
N1K2-J Model 21 Shiden-Kai";
n1k2_j_1;N1K2;
n1k2_j_2;N1K;
n1k2_jko_shop;N1K2-Ja;
n1k2_jko_0;"<color=#7b9fb5>Kawanishi Kōkūki</color>
N1K2-J Model 21 Shiden-Kai";
n1k2_jko_1;N1K2;
n1k2_jko_2;N1K;
kitsuka_shop;Kikka Kai;
kitsuka_0;Nakajima | Kikka Kai;
kitsuka_1;Kikka;
kitsuka_2;Kikka;
f-86f-30_japan_shop;▅F-86F-30;
f-86f-30_japan_0;"<color=#7b9fb5>Mitsubishi Jūkōgyō K.K.</color>
▅F-86F-30-MIT Kyokkō";
f-86f-30_japan_1;▅F-86F;
f-86f-30_japan_2;▅F-86;
f-86f-40_japan_shop;▅F-86F-40;
f-86f-40_japan_0;"<color=#7b9fb5>Mitsubishi Jūkōgyō K.K.</color>
▅F-86F-40-MIT Kyokkō";
f-86f-40_japan_1;▅F-86F;
f-86f-40_japan_2;▅F-86;
f-104j_shop;▅F-104J;
f-104j_0;"<color=#7b9fb5>Mitsubishi Jūkōgyō K.K.</color>
▅F-104J-MIT Eikō";
f-104j_1;▅F-104J;
f-104j_2;▅F-104;
f-4ej_shop;▅F-4EJ;
f-4ej_0;"<color=#7b9fb5>Mitsubishi Jūkōgyō K.K.</color>
▅F-4EJ-MIT Fantomu";
f-4ej_1;▅F-4EJ;
f-4ej_2;▅F-4;
f-4ej_kai_shop;▅F-4EJ Kai;
f-4ej_kai_0;"<color=#7b9fb5>Mitsubishi Jūkōgyō K.K.</color>
▅F-4EJ-MIT Kai Fantomu";
f-4ej_kai_1;▅F-4EJ;
f-4ej_kai_2;▅F-4;
f_15j_shop;▅F-15J;
f_15j_0;"<color=#7b9fb5>Mitsubishi Jūkōgyō K.K.</color>
▅F-15J-MIT Igurū
<color=#c0c0c0>C14 Batch</color>";
f_15j_1;▅F-15J;
f_15j_2;▅F-15;
f_15j_kai_shop;▅F-15J(M);
f_15j_kai_0;"<color=#7b9fb5>Mitsubishi Jūkōgyō K.K.</color>
▅F-15J-MIT Igurū
<color=#c0c0c0>Mid-Term Defense Program | C14 Batch</color>";
f_15j_kai_1;▅F-15J;
f_15j_kai_2;▅F-15;
ki_10_1_shop;Ki-10-I;
ki_10_1_0;"<color=#7b9fb5>Kawasaki Kokuki Kogyo K.K.</color>
Ki-10-I";
ki_10_1_1;Ki-10-I;
ki_10_1_2;Ki-10;
ki_10_2_shop;Ki-10-II;
ki_10_2_0;"<color=#7b9fb5>Kawasaki Kokuki Kogyo K.K.</color>
Ki-10-II";
ki_10_2_1;Ki-10-II;
ki_10_2_2;Ki-10;
ki_10_1_commander_shop;Ki-10-I (No.1 S.);
ki_10_1_commander_0;"<color=#7b9fb5>Kawasaki Kokuki Kogyo K.K.</color>
Ki-10-I
<color=#fcba03>Hikō No.1 Sentai</color>";
ki_10_1_commander_1;Ki-10-I;
ki_10_1_commander_2;Ki-10;
ki_10_2_commander_shop;Ki-10-II (No.77 S.);
ki_10_2_commander_0;"<color=#7b9fb5>Kawasaki Kokuki Kogyo K.K.</color>
Ki-10-II
<color=#fcba03>Hikō No.77 Sentai</color>";
ki_10_2_commander_1;Ki-10-II;
ki_10_2_commander_2;Ki-10;
ki-27_otsu_shop;Ki-27b;
ki-27_otsu_0;"<color=#7b9fb5>Kawasaki Kokuki Kogyo K.K.</color>
Ki-27b";
ki-27_otsu_1;Ki-27;
ki-27_otsu_2;Ki-27;
ki_43_1_shop;Ki-43-Ic;
ki_43_1_0;"<color=#7b9fb5>Nakajima Hikōki K.K.</color>
Ki-43-Ic Hayabusa";
ki_43_1_1;Ki-43-I;
ki_43_1_2;Ki-43;
ki_43_2_shop;Ki-43-II;
ki_43_2_0;"<color=#7b9fb5>Nakajima Hikōki K.K.</color>
Ki-43-II Hayabusa";
ki_43_2_1;Ki-43-II;
ki_43_2_2;Ki-43;
ki_44_1_shop;Ki-44-Ia;
ki_44_1_0;"<color=#7b9fb5>Nakajima Hikōki K.K.</color>
Ki-44-Ia Shoki";
ki_44_1_1;Ki-44-I;
ki_44_1_2;Ki-44;
ki_61_1a_ko_shop;Ki-61-Ia;
ki_61_1a_ko_0;"<color=#7b9fb5>Kawasaki Kokuki Kogyo K.K.</color>
Ki-61-Ia Hien";
ki_61_1a_ko_1;Ki-61-I;
ki_61_1a_ko_2;Ki-61;
ki_44_2_hei_shop;Ki-44-IIc;
ki_44_2_hei_0;"<color=#7b9fb5>Nakajima Hikōki K.K.</color>
Ki-44-IIc Shoki";
ki_44_2_hei_1;Ki-44-II;
ki_44_2_hei_2;Ki-44;
ki_61_1a_otsu_shop;Ki-61-Ib;
ki_61_1a_otsu_0;"<color=#7b9fb5>Kawasaki Kokuki Kogyo K.K.</color>
Ki-61-Ib Hien";
ki_61_1a_otsu_1;Ki-61-I;
ki_61_1a_otsu_2;Ki-61;
ki_43_3_otsu_shop;Ki-43-IIIb;
ki_43_3_otsu_0;"<color=#7b9fb5>Nakajima Hikōki K.K.</color>
Ki-43-IIIb Hayabusa";
ki_43_3_otsu_;Ki-43-III;
ki_43_3_otsu_2;Ki-43;
ki_61_1a_tei_shop;Ki-61-Id;
ki_61_1a_tei_0;"<color=#7b9fb5>Kawasaki Kokuki Kogyo K.K.</color>
Ki-61-Id Hein";
ki_61_1a_tei_1;Ki-61-I;
ki_61_1a_tei_2;Ki-61;
ki_61_2_early_shop;Ki-61-IIa Kai;
ki_61_2_early_0;"<color=#7b9fb5>Kawasaki Kokuki Kogyo K.K.</color>
Ki-61-IIa Kai Hein";
ki_61_2_early_1;Ki-61-II;
ki_61_2_early_2;Ki-61;
ki_100_early_shop;Ki-100-Ia;
ki_100_early_0;"<color=#7b9fb5>Kawasaki Kokuki Kogyo K.K.</color>
Ki-100-Ia";
ki_100_early_1;Ki-100-I;
ki_100_early_2;Ki-100;
ki_61_1a_hei_shop;Ki-61-Ic;
ki_61_1a_hei_0;"<color=#7b9fb5>Kawasaki Kokuki Kogyo K.K.</color>
Ki-61-Ic Hein";
ki_61_1a_hei_1;Ki-61-I;
ki_61_1a_hei_2;Ki-61;
ki_84_ko_shop;Ki-84-Ia;
ki_84_ko_0;"<color=#7b9fb5>Nakajima Hikōki K.K.</color>
Ki-84-Ia Hayate";
ki_84_ko_1;Ki-84-I;
ki_84_ko_2;Ki-84;
ki_84_otsu_shop;Ki-84-Ib;
ki_84_otsu_0;"<color=#7b9fb5>Nakajima Hikōki K.K.</color>
Ki-84-Ib Hayate";
ki_84_otsu_1;Ki-84-I;
ki_84_otsu_2;Ki-84;
ki_84_hei_shop;Ki-84-Ic;
ki_84_hei_0;"<color=#7b9fb5>Nakajima Hikōki K.K.</color>
Ki-84-Ic Hayate";
ki_84_hei_1;Ki-84-I;
ki_84_hei_2;Ki-84;
j8m1_shop;Ki-200;
j8m1_0;"<color=#7b9fb5>Mitsubishi Jūkōgyō K.K.</color>
Ki-200 Shūsui";
j8m1_1;Ki-200;
j8m1_2;Ki-200;
t2_shop;T-2(K);
t2_0;"<color=#7b9fb5>Mitsubishi Jūkōgyō K.K.</color>
T-2 “Kōki-gata”";
t2_1;T-2(K);
t2_2;T-2;
f1_shop;F-1;
f1_0;"<color=#7b9fb5>Mitsubishi Jūkōgyō K.K.</color>
F-1";
f1_1;F-1;
f1_2;F-1;
f_16aj_shop;▅F-16AJ;
f_16aj_0;"<color=#7b9fb5>General Dynamics Corporation</color>
▅F-16AJ-CF Fighting Falcon";
f_16aj_1;▅F-16AJ;
f_16aj_2;▅F-16;
f_2a_shop;F-2A;
f_2a_0;"<color=#7b9fb5>Mitsubishi Jūkōgyō K.K.</color>
F-2A-MIT Baipā Zero
<color=#c0c0c0>C10 Batch</color>";
f_2a_1;F-2A;
f_2a_2;F-2;
ki-45_tei_shop;Ki-45d Kai;
ki-45_tei_0;"<color=#7b9fb5>Kawasaki Kokuki Kogyo K.K.</color>
Ki-45d Kai Toryu";
ki-45_tei_1;Ki-45d;
ki-45_tei_2;Ki-45;
ki-45_otsu_shop;Ki-45b Kai;
ki-45_otsu_0;"<color=#7b9fb5>Kawasaki Kokuki Kogyo K.K.</color>
Ki-45b Kai Toryu";
ki-45_otsu_1;Ki-45b;
ki-45_otsu_2;Ki-45;
ki-45_ko_shop;Ki-45a Kai;
ki-45_ko_0;"<color=#7b9fb5>Kawasaki Kokuki Kogyo K.K.</color>
Ki-45a Kai Toryu";
ki-45_ko_1;Ki-45a;
ki-45_ko_2;Ki-45;
ki-45_hei_shop;Ki-45c Kai;
ki-45_hei_0;"<color=#7b9fb5>Kawasaki Kokuki Kogyo K.K.</color>
Ki-45c Kai Toryu";
ki-45_hei_1;Ki-45c;
ki-45_hei_2;Ki-45;
ki_109_shop;Ki-109;
ki_109_0;"<color=#7b9fb5>Mitsubishi Jūkōgyō K.K.</color>
Ki-109 Kiryū";
ki_109_1;Ki-109;
ki_109_2;Ki-109;
j1n1_mod11_early_shop;J1N1;
j1n1_mod11_early_0;"<color=#7b9fb5>Nakajima Hikōki K.K.</color>
J1N1 Gekkō";
j1n1_mod11_early_1;J1N1;
j1n1_mod11_early_2;J1N;
ki_102_otsu_shop;Ki-102b;
ki_102_otsu_0;"<color=#7b9fb5>Kawasaki Kokuki Kogyo K.K.</color>
Ki-102b";
ki_102_otsu_1;Ki-102b;
ki_102_otsu_2;Ki-102;
ki_108_shop;Ki-108 Kai;
ki_108_0;"<color=#7b9fb5>Kawasaki Kokuki Kogyo K.K.</color>
Ki-108 Kai";
ki_108_1;Ki-108;
ki_108_2;Ki-108;
j2m2_shop;J2M2;
j2m2_0;"<color=#7b9fb5>Mitsubishi Jūkōgyō K.K.</color>
J2M2 Model 11 Raiden";
j2m2_1;J2M2;
j2m2_2;J2M;
j5n1_shop;J5N1;
j5n1_0;"<color=#7b9fb5>Nakajima Hikōki K.K.</color>
J5N1 Tenrai";
j5n1_1;J5N1;
j5n1_2;J5N;
j7w1_shop;J7W1;
j7w1_0;"<color=#7b9fb5>Kyūshū Hikōki K.K.</color>
J7W1 Shinden";
j7w1_1;J7W1;
j7w1_2;J7W;
j2m3_shop;J2M3;
j2m3_0;"<color=#7b9fb5>Mitsubishi Jūkōgyō K.K.</color>
J2M3 Model 21 Raiden";
j2m3_1;J2M3;
j2m3_2;J2M;
j2m5_shop;J2M5;
j2m5_0;"<color=#7b9fb5>Mitsubishi Jūkōgyō K.K.</color>
J2M5 Model 33 Raiden";
j2m5_1;J2M5;
j2m5_2;J2M;
ki-83_shop;Ki-83;
ki-83_0;"<color=#7b9fb5>Mitsubishi Jūkōgyō K.K.</color>
Ki-83";
ki-83_1;Ki-83;
ki-83_2;Ki-83;
b5n2_shop;B5N2;
b5n2_0;"<color=#7b9fb5>Nakajima Hikōki K.K.</color>
B5N2 Model 12";
b5n2_1;B5N2;
b5n2_2;B5N;
d3a1_shop;D3A1;
d3a1_0;"<color=#7b9fb5>Aichi Kōkūki K.K.</color>
D3A1";
d3a1_1;D3A1;
d3a1_2;D3A;
b6n1_shop;B6N1;
b6n1_0;"<color=#7b9fb5>Nakajima Hikōki K.K.</color>
B6N1 Model 11 Tenzan";
b6n1_1;B6N1;
b6n1_2;B6N;
b6n2_shop;B6N2;
b6n2_0;"<color=#7b9fb5>Nakajima Hikōki K.K.</color>
B6N2 Model 12 Tenzan";
b6n2_1;B6N2;
b6n2_2;B6N;
b6n2a_shop;B6N2a;
b6n2a_0;"<color=#7b9fb5>Nakajima Hikōki K.K.</color>
B6N2a Model 12 Kō Tenzan";
b6n2a_1;B6N2;
b6n2a_2;B6N;
d4y1_shop;D4Y1;
d4y1_0;"<color=#7b9fb5>Kaigun Kōkū Gijutsu-shō</color>
D4Y1 Model 11 Suisei";
d4y1_1;D4Y1;
d4y1_2;D4Y;
d4y2_shop;D4Y2;
d4y2_0;"<color=#7b9fb5>Kaigun Kōkū Gijutsu-shō</color>
D4Y2 Model 12 Suisei";
d4y2_1;D4Y2;
d4y2_2;D4Y;
d4y3_shop;D4Y3a;
d4y3_0;"<color=#7b9fb5>Kaigun Kōkū Gijutsu-shō</color>
D4Y3a Model 33 Kō Suisei";
d4y3_1;D4Y3;
d4y3_2;D4Y;
p1y1_mod11_shop;P1Y1;
p1y1_mod11_0;"<color=#7b9fb5>Kaigun Kōkū Gijutsu-shō</color>
P1Y1 Model 11 Ginga";
p1y1_mod11_1;P1Y1;
p1y1_mod11_2;P1Y;
b7a2_shop;B7A1;
b7a2_0;"<color=#7b9fb5>Aichi Kōkūki K.K.</color>
B7A1 Model 11 Ryusei";
b7a2_1;B7A1;
b7a2_2;B7A;
ki_93_1_ko_shop;Ki-93;
ki_93_1_ko_0;"<color=#7b9fb5>Rikugun Kokugijutsu Kenkyujo</color>
Ki-93";
ki_93_1_ko_1;Ki-93;
ki_93_1_ko_2;Ki-93;
r2y2_v1_shop;R2Y2-J;
r2y2_v1_0;"<color=#7b9fb5>Kaigun Kōkū Gijutsu-shō</color>
R2Y2-J Keiun-Kai";
r2y2_v1_1;R2Y2;
r2y2_v1_2;R2Y;
r2y2_v2_shop;R2Y2-Ja;
r2y2_v2_0;"<color=#7b9fb5>Kaigun Kōkū Gijutsu-shō</color>
R2Y2-Ja Keiun-Kai";
r2y2_v2_1;R2Y2;
r2y2_v2_2;R2Y;
r2y2_kai_shop;R2Y2-Jb;
r2y2_kai_0;"<color=#7b9fb5>Kaigun Kōkū Gijutsu-shō</color>
R2Y2-Jb Keiun-Kai";
r2y2_kai_1;R2Y2;
r2y2_kai_2;R2Y;
ki_32_shop;Ki-32;
ki_32_0;"<color=#7b9fb5>Kawasaki Kokuki Kogyo K.K.</color>
Ki-32";
ki_32_1;Ki-32;
ki_32_2;Ki-32;
ki_21_1ko_shop;Ki-21-Ia;
ki_21_1ko_0;"<color=#7b9fb5>Mitsubishi Jūkōgyō K.K.</color>
Ki-21-Ia";
ki_21_1ko_1;Ki-21-I;
ki_21_1ko_2;Ki-21;
h6k4_shop;H6K4;
h6k4_0;"<color=#7b9fb5>Kawanishi Kōkūki</color>
H6K4 Model 11";
h6k4_1;H6K4;
h6k4_2;H6K;
g4m1_shop;G4M1;
g4m1_0;"<color=#7b9fb5>Mitsubishi Jūkōgyō K.K.</color>
G4M1 Model 11 Hamaki";
g4m1_1;G4M1;
g4m1_2;G4M;
h8k2_shop;H8K2;
h8k2_0;"<color=#7b9fb5>Kawanishi Kōkūki</color>
H8K2 Model 12 Seikū";
h8k2_1;H8K2;
h8k2_2;H8K;
ki-49_1_shop;Ki-49-I;
ki-49_1_0;"<color=#7b9fb5>Nakajima Hikōki K.K.</color>
Ki-49-I Donryu";
ki-49_1_1;Ki-49-I;
ki-49_1_2;Ki-49;
ki-49_2a_shop;Ki-49-IIa;
ki-49_2a_0;"<color=#7b9fb5>Nakajima Hikōki K.K.</color>
Ki-49-IIa Donryu";
ki-49_2a_1;Ki-49-II;
ki-49_2a_2;Ki-49;
ki-49_2b_shop;Ki-49-IIb (E);
ki-49_2b_0;"<color=#7b9fb5>Nakajima Hikōki K.K.</color>
Ki-49-IIb Donryu
<color=#c0c0c0>Early Modification</color>";
ki-49_2b_1;Ki-49-II;
ki-49_2b_2;Ki-49;
ki-49_2b_late_shop;Ki-49-IIb (L);
ki-49_2b_late_0;"<color=#7b9fb5>Nakajima Hikōki K.K.</color>
Ki-49-IIb Donryu
<color=#c0c0c0>Late Modification</color>";
ki-49_2b_late_1;Ki-49-II;
ki-49_2b_late_2;Ki-49;
g5n1_shop;G5N1;
g5n1_0;"<color=#7b9fb5>Mitsubishi Jūkōgyō K.K.</color>
G5N1 Shinzan";
g5n1_1;G5N1;
g5n1_2;G5N;
ki_67_1_ko_shop;Ki-67-Ia;
ki_67_1_ko_0;"<color=#7b9fb5>Mitsubishi Jūkōgyō K.K.</color>
Ki-67-Ia";
ki_67_1_ko_1;Ki-67;
ki_67_1_ko_2;Ki-67;
ki_67_1_otsu_shop;Ki-67-Ib;
ki_67_1_otsu_0;"<color=#7b9fb5>Mitsubishi Jūkōgyō K.K.</color>
Ki-67-Ib";
ki_67_1_otsu_1;Ki-67;
ki_67_1_otsu_2;Ki-67;
g8n1_shop;G8N1;
g8n1_0;"<color=#7b9fb5>Mitsubishi Jūkōgyō K.K.</color>
G8N1 Renzan";
g8n1_1;G8N1;
g8n1_2;G8N;
a5m4_hagiri_shop;Hagiri’s A5M4;
a5m4_hagiri_0;"<color=#7b9fb5>Mitsubishi Jūkōgyō K.K.</color>
A5M4 Model 24
<color=#fcba03>Matsuo Hagiri</color>";
a5m4_hagiri_1;A5M4;
a5m4_hagiri_2;A5M;
ki-27_otsu_ep_shop;Ki-27b (No.4 S.);
ki-27_otsu_ep_0;"<color=#7b9fb5>Nakajima Hikōki K.K.</color>
Ki-27b
<color=#fcba03>Hikō No.4 Sentai</color>";
ki-27_otsu_ep_1;Ki-27;
ki-27_otsu_ep_2;Ki-27;
a7he1_shop;A7He1;
a7he1_0;"<color=#7b9fb5>Heinkel Flugzeugwerke</color>
A7He1";
a7he1_1;A7He1;
a7he1_2;A7H;
ki_48_2_otsu_shop;Ki-48-IIb;
ki_48_2_otsu_0;"<color=#7b9fb5>Kawasaki Kokuki Kogyo K.K.</color>
Ki-48-IIb";
ki_48_2_otsu_1;Ki-48-II;
ki_48_2_otsu_2;Ki-48;
ki_44_1_ep_shop;Ki-44-Ia (No.47 C.);
ki_44_1_ep_0;"<color=#7b9fb5>Nakajima Hikōki K.K.</color>
Ki-44-Ia Shoki
<color=#fcba03>No.47 Chotai</color>";
ki_44_1_ep_1;Ki-44-I;
ki_44_1_ep_2;Ki-44;
ki_21_1hei_shop;Ki-21-Ic;
ki_21_1hei_0;"<color=#7b9fb5>Mitsubishi Jūkōgyō K.K.</color>
Ki-21-Ic";
ki_21_1hei_1;Ki-21-I;
ki_21_1hei_2;Ki-21;
ki_44_2_otsu_shop;Ki-44-IIb;
ki_44_2_otsu_0;"<color=#7b9fb5>Nakajima Hikōki K.K.</color>
Ki-44-IIb Shoki";
ki_44_2_otsu_1;Ki-44-II;
ki_44_2_otsu_2;Ki-44;
bf-109e-3_japan_shop;▅Bf 109 E-7/N;
bf-109e-3_japan_0;"<color=#7b9fb5>Messerschmitt AG</color>
▅Bf 109 E-7/N";
bf-109e-3_japan_1;▅Bf 109 E;
bf-109e-3_japan_2;▅Bf 109;
h8k3_shop;H8K3;
h8k3_0;"<color=#7b9fb5>Kawanishi Kōkūki</color>
H8K3 Model 22 Seikū";
h8k3_1;H8K3;
h8k3_2;H8K;
f4u-1a_japan_shop;▅F4U-1A;
f4u-1a_japan_0;"<color=#7b9fb5>Chance Vought</color>
▅F4U-1A Corsair";
f4u-1a_japan_1;▅F4U-1;
f4u-1a_japan_2;▅F4U;
ki-96_shop;Ki-96;
ki-96_0;"<color=#7b9fb5>Kawanishi Kōkūki</color>
Ki-96";
ki-96_1;Ki-96;
ki-96_2;Ki-96;
p-51c-11-nt_japan_shop;▅P-51C-11;
p-51c-11-nt_japan_0;"<color=#7b9fb5>North American Aviation</color>
▅P-51C-11-NT Mustang";
p-51c-11-nt_japan_1;▅P-51C;
p-51c-11-nt_japan_2;▅P-51;
ki_100_2_shop;Ki-100-II;
ki_100_2_0;"<color=#7b9fb5>Kawasaki Kokuki Kogyo K.K.</color>
Ki-100-II";
ki_100_2_1;Ki-100-II;
ki_100_2_2;Ki-100;
b7a2_homare_23_shop;B7A2;
b7a2_homare_23_0;"<color=#7b9fb5>Aichi Kōkūki K.K.</color>
B7A2 Model 13 Ryusei";
b7a2_homare_23_1;B7A2;
b7a2_homare_23_2;B7A;
b-17e_japan_shop;▅B-17E;
b-17e_japan_0;"<color=#7b9fb5>Boeing Aircraft Company</color>
▅B-17E-BO Flying Fortress";
b-17e_japan_1;▅B-17E;
b-17e_japan_2;▅B-17;
a6m6c_shop;A6M6c;
a6m6c_0;"<color=#7b9fb5>Mitsubishi Jūkōgyō K.K.</color>
A6M6c Model 53 Rei-sen";
a6m6c_1;A6M6;
a6m6c_2;A6M;
a7m1_shop;A7M1;
a7m1_0;"<color=#7b9fb5>Mitsubishi Jūkōgyō K.K.</color>
A7M1 Reppū";
a7m1_1;A7M1;
a7m1_2;A7M;
a6m5ko_shop;A6M5a;
a6m5ko_0;"<color=#7b9fb5>Mitsubishi Jūkōgyō K.K.</color>
A6M5a Model 52 Kō Rei-sen";
a6m5ko_1;A6M5;
a6m5ko_2;A6M;
ki_61_1a_hei_ep_shop;Tada’s Ki-61-Ic;
ki_61_1a_hei_ep_0;"<color=#7b9fb5>Kawasaki Kokuki Kogyo K.K.</color>
Ki-61-Ic Hien
<color=#fcba03>Chuichi Tada</color>";
ki_61_1a_hei_ep_1;Ki-61-I;
ki_61_1a_hei_ep_2;Ki-61;
fw-190a-5_japan_shop;▅Fw 190 A-5;
fw-190a-5_japan_0;"<color=#7b9fb5>Focke-Wulf Flugzeugbau AG</color>
▅Fw 190 A-5 Würger";
fw-190a-5_japan_1;▅Fw 190 A;
fw-190a-5_japan_2;▅Fw 190;
j2m5_30mm_shop;J2M5a;
j2m5_30mm_0;"<color=#7b9fb5>Mitsubishi Jūkōgyō K.K.</color>
J2M5a Model 33 Ko Raiden";
j2m5_30mm_1;J2M5;
j2m5_30mm_2;J2M;
ki_94_2_shop;Ki-94-II;
ki_94_2_0;"<color=#7b9fb5>Tachikawa Hikōki K.K.</color>
Ki-94-II";
ki_94_2_1;Ki-94-II;
ki_94_2_2;Ki-94;
ki_87_shop;Ki-87;
ki_87_0;"<color=#7b9fb5>Nakajima Hikōki K.K.</color>
Ki-87";
ki_87_1;Ki-87;
ki_87_2;Ki-87;
j6k1_shop;J6K1;
j6k1_0;"<color=#7b9fb5>Kawanishi Kōkūki</color>
J6K1 Jinpū";
j6k1_1;J6K1;
j6k1_2;J6K;
f-86f-40_japan_blue_impulse_shop;▅F-86F-40 (BI);
f-86f-40_japan_blue_impulse_0;"<color=#7b9fb5>Mitsubishi Jūkōgyō K.K.</color>
▅F-86F-40-MIT Kyokkō
<color=#fcba03>11 Squadron, 4th Air Wing Blue Impulse</color>";
f-86f-40_japan_blue_impulse_1;▅F-86F;
f-86f-40_japan_blue_impulse_2;▅F-86;
f-4ej_adtw_shop;▅F-4EJ (ADTW);
f-4ej_adtw_0;"<color=#7b9fb5>Mitsubishi Jūkōgyō K.K.</color>
▅F-4EJ-MIT Fantomu
<color=#fcba03>Air Development & Test Wing</color>";
f-4ej_adtw_1;▅F-4EJ;
f-4ej_adtw_2;▅F-4;
t2_early_shop;XT-2;
t2_early_0;"<color=#7b9fb5>Mitsubishi Jūkōgyō K.K.</color>
XT-2";
t2_early_1;XT-2;
t2_early_2;XT-2;
j2m4_kai_shop;J2M4 Kai;
j2m4_kai_0;"<color=#7b9fb5>Mitsubishi Jūkōgyō K.K.</color>
J2M4 Kai Model 32 Raiden";
j2m4_kai_1;J2M4;
j2m4_kai_2;J2M;
f_2a_adtw_shop;XF-2A;
f_2a_adtw_0;"<color=#7b9fb5>Mitsubishi Jūkōgyō K.K.</color>
XF-2A-MIT
<color=#fcba03>Air Development & Test Wing</color>";
f_2a_adtw_1;XF-2A;
f_2a_adtw_2;XF-2;
me_210_v22_japan_shop;▅Me 210 V22;
me_210_v22_japan_0;"<color=#7b9fb5>Messerschmitt AG</color>
▅Me 210 V22";
me_210_v22_japan_1;▅Me 210 V;
me_210_v22_japan_2;▅Me 210;
;;
;;
;;
<JPN Bluewater>;;
;;
jp_destroyer_momi_shop;Momi;
jp_destroyer_momi_0;"<color=#7b9fb5>Momi Class Destroyer</color>
Momi
<color=#c0c0c0>1930 Refit</color>";
jp_destroyer_momi_1;Momi;
jp_destroyer_momi_2;Momi Class [DD];
jp_destroyer_matsu_shop;Matsu;
jp_destroyer_matsu_0;"<color=#7b9fb5>Matsu Class Destroyer</color>
Matsu";
jp_destroyer_matsu_1;Matsu;
jp_destroyer_matsu_2;Matsu Class [DD];
jp_minelayer_tsugaru_shop;Tsugaru;
jp_minelayer_tsugaru_0;"<color=#7b9fb5>Tsugaro Class Minelayer</color>
Tsugaru
<color=#c0c0c0>1943 Refit</color>";
jp_minelayer_tsugaru_1;Tsugaru;
jp_minelayer_tsugaru_2;Tsugaru Class [AM];
jp_destroyer_harukaze_shop;Harukaze;
jp_destroyer_harukaze_0;"<color=#7b9fb5>Harukaze Class Destroyer</color>
JDS Harukaze (DD 101)";
jp_destroyer_harukaze_1;Harukaze;
jp_destroyer_harukaze_2;Harukaze Class [DD];
jp_destroyer_akizuki_shop;Akizuki;
jp_destroyer_akizuki_0;"<color=#7b9fb5>Akizuki Class Destroyer</color>
Akizuki
<color=#c0c0c0>1944 Refit</color>";
jp_destroyer_akizuki_1;Akizuki;
jp_destroyer_akizuki_2;Akizuki Class [DD];
jp_cruiser_kako_shop;Kako;
jp_cruiser_kako_0;"<color=#7b9fb5>Furutaka Class Heavy Cruiser</color>
Kako
<color=#c0c0c0>1935 Refit</color>";
jp_cruiser_kako_1;Kako;
jp_cruiser_kako_2;Furutaka Class [CA];
jp_cruiser_furutaka_shop;Furutaka;
jp_cruiser_furutaka_0;"<color=#7b9fb5>Furutaka Class Heavy Cruiser</color>
Furutaka
<color=#c0c0c0>1942 Refit</color>";
jp_cruiser_furutaka_1;Furutaka;
jp_cruiser_furutaka_2;Furutaka Class [CA];
jp_cruiser_aoba_shop;Aoba;
jp_cruiser_aoba_0;"<color=#7b9fb5>Aoba Class Heavy Cruiser</color>
Aoba
<color=#c0c0c0>1945 Refit</color>";
jp_cruiser_aoba_1;Aoba;
jp_cruiser_aoba_2;Aoba Class [CA];
jp_cruiser_haguro_shop;Haguro;
jp_cruiser_haguro_0;"<color=#7b9fb5>Myōkō Class Heavy Cruiser</color>
Haguro
<color=#c0c0c0>1944 Refit</color>";
jp_cruiser_haguro_1;Haguro;
jp_cruiser_haguro_2;Myōkō Class [CA];
jp_cruiser_tone_shop;Tone;
jp_cruiser_tone_0;"<color=#7b9fb5>Tone Class Heavy Cruiser</color>
Tone
<color=#c0c0c0>1945 Refit</color>";
jp_cruiser_tone_1;Tone;
jp_cruiser_tone_2;Tone Class [CA];
jp_battleship_settsu_shop;Settsu;
jp_battleship_settsu_0;"<color=#7b9fb5>Kawachi Class Battleship</color>
Settsu
<color=#c0c0c0>1920 Refit</color>";
jp_battleship_settsu_1;Settsu;
jp_battleship_settsu_2;Kawachi Class [BB];
jp_battleship_fuso_shop;Fusō;
jp_battleship_fuso_0;"<color=#7b9fb5>Fusō Class Battleship</color>
Fusō
<color=#c0c0c0>1944 Refit</color>";
jp_battleship_fuso_1;Fusō;
jp_battleship_fuso_2;Fusō Class [BB];
jp_battleship_yamato_shop;Yamato;
jp_battleship_yamato_0;"<color=#7b9fb5>Yamato Class Battleship</color>
Yamato
<color=#c0c0c0>1945 Refit</color>";
jp_battleship_yamato_1;Yamato;
jp_battleship_yamato_2;Yamato Class [BB];
jp_destroyer_mutsuki_shop;Mutsuki;
jp_destroyer_mutsuki_0;"<color=#7b9fb5>Mutsuki Class Destroyer</color>
Mutsuki
<color=#c0c0c0>1941 Refit</color>";
jp_destroyer_mutsuki_1;Mutsuki;
jp_destroyer_mutsuki_2;Mutsuki Class [DD];
jp_destroyer_fubuki_shop;Ayanami;
jp_destroyer_fubuki_0;"<color=#7b9fb5>Fubuki Class Destroyer</color>
Ayanami
<color=#c0c0c0>1936 Refit</color>";
jp_destroyer_fubuki_1;Ayanami;
jp_destroyer_fubuki_2;Fubuki Class [DD];
jp_destroyer_yugumo_shop;Yūgumo;
jp_destroyer_yugumo_0;"<color=#7b9fb5>Yūgumo Class Destroyer</color>
Yūgumo";
jp_destroyer_yugumo_1;Yūgumo;
jp_destroyer_yugumo_2;Yūgumo Class [DD];
jp_destroyer_hatsuharu_shop;Hatsuharu;
jp_destroyer_hatsuharu_0;"<color=#7b9fb5>Hatsuharu Class Destroyer</color>
Hatsuharu
<color=#c0c0c0>1933 Refit</color>";
jp_destroyer_hatsuharu_1;Hatsuharu;
jp_destroyer_hatsuharu_2;Hatsuharu Class [DD];
jp_cruiser_isuzu_shop;Isuzu;
jp_cruiser_isuzu_0;"<color=#7b9fb5>Nagara Class Light Cruiser</color>
Isuzu
<color=#c0c0c0>1944 Refit</color>";
jp_cruiser_isuzu_1;Isuzu;
jp_cruiser_isuzu_2;Nagara Class [CL];
jp_cruiser_kuma_shop;Tama;
jp_cruiser_kuma_0;"<color=#7b9fb5>Kuma Class Light Cruiser</color>
Tama
<color=#c0c0c0>1941 Refit</color>";
jp_cruiser_kuma_1;Tama;
jp_cruiser_kuma_2;Kuma Class [CL];
jp_cruiser_sendai_shop;Sendai;
jp_cruiser_sendai_0;"<color=#7b9fb5>Sendai Class Light Cruiser</color>
Sendai
<color=#c0c0c0>1942 Refit</color>";
jp_cruiser_sendai_1;Sendai;
jp_cruiser_sendai_2;Sendai Class [CL];
jp_cruiser_agano_shop;Agano;
jp_cruiser_agano_0;"<color=#7b9fb5>Agano Class Light Cruiser</color>
Agano
<color=#c0c0c0>1944 Refit</color>";
jp_cruiser_agano_1;Agano;
jp_cruiser_agano_2;Agano Class [CL];
jp_cruiser_oyodo_shop;Ōyodo;
jp_cruiser_oyodo_0;"<color=#7b9fb5>Ōyodo Class Light Cruiser</color>
Ōyodo
<color=#7b9fb5>1944 Refit</color>";
jp_cruiser_oyodo_1;Ōyodo;
jp_cruiser_oyodo_2;Ōyodo Class [CL];
jp_cruiser_mogami_suzuya_shop;Suzuya;
jp_cruiser_mogami_suzuya_0;"<color=#7b9fb5>Mogami Class Light Cruiser</color>
Suzuya
<color=#7b9fb5>1937 Refit</color>";
jp_cruiser_mogami_suzuya_1;Suzuya;
jp_cruiser_mogami_suzuya_2;Mogami Class [CL];
jp_cruiser_mogami_shop;Mogami;
jp_cruiser_mogami_0;"<color=#7b9fb5>Mogami Class Heavy Cruiser</color>
Mogami
<color=#c0c0c0>1940 Refit</color>";
jp_cruiser_mogami_1;Mogami;
jp_cruiser_mogami_2;Mogami Class [CA];
jp_battleship_hyuga_shop;Hyūga;
jp_battleship_hyuga_0;"<color=#7b9fb5>Ise Class Battleship</color>
Hyūga
<color=#c0c0c0>1920 Refit</color>";
jp_battleship_hyuga_1;Hyūga;
jp_battleship_hyuga_2;Ise Class [BB];
jp_battleship_ise_shop;Ise;
jp_battleship_ise_0;"<color=#7b9fb5>Ise Class Battleship</color>
Ise
<color=#c0c0c0>1941 Refit</color>";
jp_battleship_ise_1;Ise;
jp_battleship_ise_2;Ise Class [BB];
jp_battlecruiser_amagi_shop;Amagi;
jp_battlecruiser_amagi_0;"<color=#7b9fb5>Amagi Class Battlecruiser</color>
Amagi";
jp_battlecruiser_amagi_1;Amagi;
jp_battlecruiser_amagi_2;Amagi Class [CB];
jp_battleship_musashi_shop;Musashi;
jp_battleship_musashi_0;"<color=#7b9fb5>Yamato Class Battleship</color>
Musashi
<color=#c0c0c0>1943 Refit</color>";
jp_battleship_musashi_1;Musashi;
jp_battleship_musashi_2;Yamato Class [BB];
jp_destroyer_kagero_shop;Kagerō;
jp_destroyer_kagero_0;"<color=#7b9fb5>Kagerō Class Destroyer</color>
Kagerō
<color=#c0c0c0>1945 Refit</color>";
jp_destroyer_kagero_1;Kagerō;
jp_destroyer_kagero_2;Kagerō Class [DD];
jp_armoredcruiser_ikoma_shop;Ikoma;
jp_armoredcruiser_ikoma_0;"<color=#7b9fb5>Tsukuba Class Battlecruiser</color>
Ikoma
<color=#c0c0c0>1912 Refit</color>";
jp_armoredcruiser_ikoma_1;Ikoma;
jp_armoredcruiser_ikoma_2;Tsukuba Class [CB];
jp_battlecruiser_hiei_shop;Hiei;
jp_battlecruiser_hiei_0;"<color=#7b9fb5>Kongō Class Battleship</color>
Hiei
<color=#c0c0c0>1926 Refit</color>";
jp_battlecruiser_hiei_1;Hiei;
jp_battlecruiser_hiei_2;Kongō Class [BB];
jp_battlecruiser_kongo_shop;Kongō;
jp_battlecruiser_kongo_0;"<color=#7b9fb5>Kongō Class Battleship</color>
Kongō
<color=#c0c0c0>1944 Refit</color>";
jp_battlecruiser_kongo_1;Kongō;
jp_battlecruiser_kongo_2;Kongō Class [BB];
jp_battleship_mutsu_shop;Mutsu;
jp_battleship_mutsu_0;"<color=#7b9fb5>Nagato Class Battleship</color>
Mutsu
<color=#c0c0c0>1922 Refit</color>";
jp_battleship_mutsu_1;Mutsu;
jp_battleship_mutsu_2;Nagato Class [BB];
jp_destroyer_satsuki_shop;Satsuki;
jp_destroyer_satsuki_0;"<color=#7b9fb5>Mutsuki Class Destroyer</color>
Satsuki
<color=#c0c0c0>1935 Refit</color>";
jp_destroyer_satsuki_1;Satsuki;
jp_destroyer_satsuki_2;Mutsuki Class [DD];
jp_destroyer_nenohi_shop;Nenohi;
jp_destroyer_nenohi_0;"<color=#7b9fb5>Hatsuharu Class Destroyer</color>
Nenohi
<color=#c0c0c0>1942 Refit</color>";
jp_destroyer_nenohi_1;Nenohi;
jp_destroyer_nenohi_2;Hatsuharu Class [DD];
jp_destroyer_yugure_shop;Yūgure;
jp_destroyer_yugure_0;"<color=#7b9fb5>Ariake Clas Destroyer</color>
JDS Yūgure (DD 184)
<color=#c0c0c0>1960 Refit</color>";
jp_destroyer_yugure_1;Yūgure;
jp_destroyer_yugure_2;Arike Class [DD];
jp_destroyer_hatsuzuki_shop;╊Hatsuzuki;
jp_destroyer_hatsuzuki_0;"<color=#7b9fb5>Akizuki Class Destroyer</color>
╊Hatsuzuki
<color=#c0c0c0>1944 Refit</color>";
jp_destroyer_hatsuzuki_1;╊Hatsuzuki;
jp_destroyer_hatsuzuki_2;Akizuki Class [DD];
jp_destroyer_shimakaze_shop;Shimakaze;
jp_destroyer_shimakaze_0;"<color=#7b9fb5>Shimakaze Class Destroyer</color>
Shimakaze
<color=#c0c0c0>1944 Refit</color>";
jp_destroyer_shimakaze_1;Shimakaze;
jp_destroyer_shimakaze_2;Shimakaze Class [DD];
jp_destroyer_yuudachi_shop;Yūdachi;
jp_destroyer_yuudachi_0;"<color=#7b9fb5>Shiratsuyu Class Destroyer</color>
Yūdachi
<color=#c0c0c0>1942 Refit</color>";
jp_destroyer_yuudachi_1;Yūdachi;
jp_destroyer_yuudachi_2;Shiratsuyu Class [DD];
jp_cruiser_yubari_shop;Yūbari;
jp_cruiser_yubari_0;"<color=#7b9fb5>Yūbari Class Light Cruiser</color>
Yūbari
<color=#c0c0c0>1944 Refit</color>";
jp_cruiser_yubari_1;Yūbari;
jp_cruiser_yubari_2;Yūbari Class [CL];
jp_cruiser_myoko_shop;Myōkō;
jp_cruiser_myoko_0;"<color=#7b9fb5>Myōkō Class Heavy Cruiser</color>
Myōkō
<color=#c0c0c0>1944 Refit</color>";
jp_cruiser_myoko_1;Myōkō;
jp_cruiser_myoko_2;Myōkō Class [CA];
jp_cruiser_mogami_mikuma_shop;Mikuma;
jp_cruiser_mogami_mikuma_0;"<color=#7b9fb5>Mogami Class Light Cruiser</color>
Mikuma
<color=#c0c0c0>1939 Refit</color>";
jp_cruiser_mogami_mikuma_1;Mikuma;
jp_cruiser_mogami_mikuma_2;Mogami Class [CL];
jp_armoredcruiser_kurama_shop;Kurama;
jp_armoredcruiser_kurama_0;"<color=#7b9fb5>Ibuki Class Battlecruiser</color>
Kurama
<color=#c0c0c0>1920 Refit</color>";
jp_armoredcruiser_kurama_1;Kurama;
jp_armoredcruiser_kurama_2;Ibuki Class [CB];
jp_battleship_yamashiro_shop;Yamashiro;
jp_battleship_yamashiro_0;"<color=#7b9fb5>Fusō Class Battleship</color>
Yamashiro
<color=#c0c0c0>1920 Refit</color>";
jp_battleship_yamashiro_1;Yamashiro;
jp_battleship_yamashiro_2;Fusō Class [BB];
jp_battlecruiser_haruna_shop;Haruna;
jp_battlecruiser_haruna_0;"<color=#7b9fb5>Kongō Class Battleship</color>
Haruna
<color=#c0c0c0>1945 Refit</color>";
jp_battlecruiser_haruna_1;Haruna;
jp_battlecruiser_haruna_2;Kongō Class [BB];
jp_destroyer_hayanami_shop;Hayanami;
jp_destroyer_hayanami_0;"<color=#7b9fb5>Yūgumo Class Destroyer</color>
Hayanami
<color=#c0c0c0>1943 Refit</color>";
jp_destroyer_hayanami_1;Hayanami;
jp_destroyer_hayanami_2;Yūgumo Class [DD];
jp_destroyer_kiyoshimo_shop;Kiyoshimo;
jp_destroyer_kiyoshimo_0;"<color=#7b9fb5>Yūgumo Class Destroyer</color>
Kiyoshimo
<color=#c0c0c0>1944 Refit</color>";
jp_destroyer_kiyoshimo_1;Kiyoshimo;
jp_destroyer_kiyoshimo_2;Yūgumo Class [DD];
jp_destroyer_murasame_shop;Murasame;
jp_destroyer_murasame_0;"<color=#7b9fb5>Murasame Class Destroyer</color>
JDS Murasame (DD-107)
<color=#7b9fb5>1976 Refit</color>";
jp_destroyer_murasame_1;Murasame;
jp_destroyer_murasame_2;Murasame Class [DD];
jp_battlecruiser_kirishima_shop;Kirishima;
jp_battlecruiser_kirishima_0;"<color=#7b9fb5>Kongō Class Battleship</color>
Kirishima
<color=#c0c0c0>1941 Refit</color>";
jp_battlecruiser_kirishima_1;Kirishima;
jp_battlecruiser_kirishima_2;Kongō Class [BB];
jp_destroyer_yukikaze_shop;Yukikaze;
jp_destroyer_yukikaze_0;"<color=#7b9fb5>Kagerō Class Destroyer</color>
Yukikaze
<color=#c0c0c0>1945 Refit</color>";
jp_destroyer_yukikaze_1;Yukikaze;
jp_destroyer_yukikaze_2;Kagerō Class [DD];
jp_battleship_nagato_shop;Nagato;
jp_battleship_nagato_0;"<color=#7b9fb5>Nagato Class Battleship</color>
Nagato
<color=#c0c0c0>1944 Refit</color>";
jp_battleship_nagato_1;Nagato;
jp_battleship_nagato_2;Nagato Class [BB];
jp_battleship_tosa_shop;Tosa;
jp_battleship_tosa_0;"<color=#7b9fb5>Tosa Class Battleship</color>
Tosa";
jp_battleship_tosa_1;Tosa;
jp_battleship_tosa_2;Tosa Class [BB];
jp_destroyer_tade_shop;Tade;
jp_destroyer_tade_0;"<color=#7b9fb5>Momi Class Destroyer</color>
Tade
<color=#c0c0c0>1930 Refit</color>";
jp_destroyer_tade_1;Tade;
jp_destroyer_tade_2;Momi Class [DD];
jp_destroyer_suzutsuki_shop;Suzutsuki;
jp_destroyer_suzutsuki_0;"<color=#7b9fb5>Akizuki Class Destroyer</color>
Suzutsuki
<color=#c0c0c0>1945 Refit</color>";
jp_destroyer_suzutsuki_1;Suzutsuki;
jp_destroyer_suzutsuki_2;Akizuki Class [DD];
;;
;;
;;
<JPN Coastal>;;
;;
jp_t14_class_shop;No.538;
jp_t14_class_0;Type Otsu Torpedo Boat, No.538 Class Torpedo Boat (T-14) (1945);
jp_t14_class_1;No.538;
jp_t14_class_2;Torpedo Boat;
jp_t14_class_mod02_shop;No.538 (Type 96);
jp_t14_class_mod02_0;Type Otsu Torpedo Boat, No.538 Class Torpedo Boat (T-14) (Type 96) (1945);
jp_t14_class_mod02_1;No.538 (Type 96);
jp_t14_class_mod02_2;Torpedo Boat;
jp_type5_escortboat_shop;Ke-I Kō;
jp_type5_escortboat_0;Steel Large Escort Boat, Ke-I Kō;
jp_type5_escortboat_1;Ke-I Kō;
jp_type5_escortboat_2;Subchaser;
jp_ujishima_msc_shop;Ujishima (MSC-655);
jp_ujishima_msc_0;YMS-1 Class Minesweeper, JDS Ujishima (MSC-655);
jp_ujishima_msc_1;Ujishima (MSC-655);
jp_ujishima_msc_2;Minesweeper;
jp_karotei_type2_shop;Ka-Rō Model 2;
jp_karotei_type2_0;Type 4 Model 2 Subchaser, Ka-Rō Boat 2nd Model (1944);
jp_karotei_type2_1;Ka-Rō Model 2;
jp_karotei_type2_2;Gunboat;
jp_sehatei_mod1_shop;Se-Ha;
jp_sehatei_mod1_0;Experimental Ha-Gō Fighting Boat Model 1, Se-Ha Boat (1944);
jp_sehatei_mod1_1;Se-Ha;
jp_sehatei_mod1_2;Gunboat;
jp_kusen_tei_13_1944_shop;No.14;
jp_kusen_tei_13_1944_0;No.13 Class Subchaser (K-8), Subchaser No.14 (1944);
jp_kusen_tei_13_1944_1;No.14;
jp_kusen_tei_13_1944_2;Subchaser;
jp_t51b_shop;No.11;
jp_t51b_0;Type Kō Torpedo Boat, No.11 Class Torpedo Boat (T-51b);
jp_t51b_1;No.11;
jp_t51b_2;Torpedo Boat;
jp_pc301_kari_class_shop;Kari;
jp_pc301_kari_class_0;Kari Class Sub-Chaser, Kari (PC-301);
jp_pc301_kari_class_1;Kari;
jp_pc301_kari_class_2;Subchaser;
jp_type_11_pt_15_shop;PT No.15;
jp_type_11_pt_15_0;No.11 Class Patrol Torpedo Boat, Patrol Torpedo Boat No.15 (PT-815);
jp_type_11_pt_15_1;PT No.15;
jp_type_11_pt_15_2;Torpedo Boat;
jp_escort_ikazuchi_class_shop;Ikazuchi;
jp_escort_ikazuchi_class_0;Ikazuchi Class Destroyer Escort, JDS Ikazuchi (DE-202);
jp_escort_ikazuchi_class_1;Ikazuchi;
jp_escort_ikazuchi_class_2;Ikazuchi Class [DE];
jp_escort_hiburi_class_syonan_shop;Shōnan;
jp_escort_hiburi_class_syonan_0;Type Kō Escort Ship, Hiburi Class Escort Ship (E-20C), Shōnan;
jp_escort_hiburi_class_syonan_1;Shōnan;
jp_escort_hiburi_class_syonan_2;Hiburi Class [DE];
jp_yuri_class_asagao_shop;Asagao;
jp_yuri_class_asagao_0;No.1 Class Yard Training Education Boat, JDS Asagao (YTE-01);
jp_yuri_class_asagao_1;Asagao;
jp_yuri_class_asagao_2;Gunboat;
jp_destroyer_chidori_shop;Hatsukari;
jp_destroyer_chidori_0;Chidori Class Torpedo Boat, Hatsukari (1945);
jp_destroyer_chidori_1;Hatsukari;
jp_destroyer_chidori_2;Torpedo Boat;
jp_type_t1_1941_shop;No.1 (T-1);
jp_type_t1_1941_0;Type Otsu Torpedo Boat, No.1 Class Torpedo Boat (T-1) (1941);
jp_type_t1_1941_1;No.1 (T-1);
jp_type_t1_1941_2;Torpedo Boat;
jp_abtei_pr1_shop;No.1 “Sakigake”;
jp_abtei_pr1_0;No.1 Class Armored Boat, Armored Boat No.1 “Sakigake” (1927);
jp_abtei_pr1_1;No.1 “Sakigake”;
jp_abtei_pr1_2;Armored Gunboat;
jp_abtei_pr4_shop;No.36;
jp_abtei_pr4_0;No.4 Class Armored Boat, Armored Boat No.36 (1940);
jp_abtei_pr4_1;No.36;
jp_abtei_pr4_2;Armored Gunboat;
jp_type38_1944_shop;No.241;
jp_type38_1944_0;Type Otsu Torpedo Boat, No.241 Class Torpedo Boat (T-38) (1944);
jp_type38_1944_1;No.241;
jp_type38_1944_2;Torpedo Boat;
jp_no1_ch2_shop;No.1 Kusentei;
jp_no1_ch2_0;No.1 Class Subchaser (K-3), Subchaser No.1 (1944);
jp_no1_ch2_1;No.1 Kusentei;
jp_no1_ch2_2;Subchaser;
jp_no4_ch8_shop;No.4 Kusentei;
jp_no4_ch8_0;No.4 Class Subchaser (K-7), Subchaser No.4 (1945);
jp_no4_ch8_1;No.4 Kusentei;
jp_no4_ch8_2;Subchaser;
jp_type1_pt2_shop;PT No.2;
jp_type1_pt2_0;No.1 Class Patrol Boat, Patrol Torpedo Boat No.2 (PT-802);
jp_type1_pt2_1;PT No.2;
jp_type1_pt2_2;Torpedo Boat;
jp_type7_pt808_shop;PT No.8;
jp_type7_pt808_0;No.7 Class Patrol Torpedo Boat, Patrol Torpedo Boat No.8 (PT-808);
jp_type7_pt808_1;PT No.8;
jp_type7_pt808_2;Torpedo Boat;
jp_escort_chikugo_class_shop;Tokachi;
jp_escort_chikugo_class_0;Chikugo Class Destroyer Escort, JDS Tokachi (DE 218);
jp_escort_chikugo_class_1;Tokachi;
jp_escort_chikugo_class_2;Chikugo Class [DE];
jp_destroyer_isuzu_shop;Isuzu;
jp_destroyer_isuzu_0;Isuzu Class Destroyer Escort, IDS Isuzu (DE 211);
jp_destroyer_isuzu_1;Isuzu;
jp_destroyer_isuzu_2;Isuzu Class [DE];
jp_destroyer_ayanami_shop;Ayanami;
jp_destroyer_ayanami_0;Ayanami Class Destroyer, JDS Ayanami (DE 103);
jp_destroyer_ayanami_1;Ayanami;
jp_destroyer_ayanami_2;Ayanami Class [FF];
jp_t14_class_mod01_shop;No.538 (T-14);
jp_t14_class_mod01_0;Type Otsu Torpedo Boat, No.538 Class Torpedo Boat (T-14) (Type 96) (1945);
jp_t14_class_mod01_1;No.538 (T-14);
jp_t14_class_mod01_2;Torpedo Boat;
jp_karotei_type4_shop;Ka-Rō Model 4;
jp_karotei_type4_0;Type 4 Model 4 Subchaser, Ka-Rō Boat 4th Model (1944);
jp_karotei_type4_1;Ka-Rō Model 4;
jp_karotei_type4_2;Gunboat;
jp_t51a_shop;No.10;
jp_t51a_0;Type Kō Torpedo Boat, No.10 Class Torpedo Boat (T-51a);
jp_t51a_1;No.10;
jp_t51a_2;Torpedo Boat;
jp_escort_akebono_class_shop;Akebono;
jp_escort_akebono_class_0;Destroyer Escort, JDS Akabono (DE 201);
jp_escort_akebono_class_1;Akebono;
jp_escort_akebono_class_2;Akebono Class [DE];
jp_pg02_shop;PG No.2;
jp_pg02_0;No.1 Class Patrol Guided-Missile Boat (M-201), Patrol Guided-Missile Boat No.2 (PG-822);
jp_pg02_1;PG No.2;
jp_pg02_2;Gunboat;
jp_kusen_tei_13_1942_shop;No.13;
jp_kusen_tei_13_1942_0;No.13 Class Subchaser (K-8), Subchaser No.13;
jp_kusen_tei_13_1942_1;No.13;
jp_kusen_tei_13_1942_2;Subchaser;
jp_type9_pt809_shop;PT-809;
jp_type9_pt809_0;Type 9, PT-809;
jp_type9_pt809_1;PT-809;
jp_type9_pt809_2;Torpedo Boat;
jp_escort_hiburi_class_shisaka_shop;Shisaka;
jp_escort_hiburi_class_shisaka_0;Type Kō Escort Ship, Hiburi Class Escort Ship (E-20C), Shisaka;
jp_escort_hiburi_class_shisaka_1;Shisaka;
jp_escort_hiburi_class_shisaka_2;Hiburi Class [DE];
;;
;;
;;
<PRC Army>;;
;;
cn_object_211_shop;211;
cn_object_211_0;211 Amphibious Tank;
cn_object_211_1;211;
cn_object_211_2;Light Tank;
cn_pt_76_shop;␗PT-76;
cn_pt_76_0;"<color=#c8a5b2>Object 740</color>
␗PT-76 obr.1953 g.";
cn_pt_76_1;␗PT-76;
cn_pt_76_2;Light Tank;
cn_type_63_I_shop;Type 63 (1964);
cn_type_63_I_0;"<color=#c8a5b2>WZ211</color>
Type 1963 Amphibious Tank
<color=#c0c0c0>1964 Nián xiūdìng</color>";
cn_type_63_I_1;Type 63 (1964);
cn_type_63_I_2;Light Tank;
cn_type_62_shop;Type 62;
cn_type_62_0;"<color=#c8a5b2>WZ131</color>
Type 1962 Light Tank";
cn_type_62_1;Type 62;
cn_type_62_2;Light Tank;
cn_zts_63_1980_shop;ZTS63 (1979);
cn_zts_63_1980_0;"<color=#c8a5b2>WZ211</color>
 ZTS1963 Amphibious Tank
<color=#c0c0c0>1979 Nián xiūdìng</color>";
cn_zts_63_1980_1;ZTS63 (1979);
cn_zts_63_1980_2;Light Tank;
cn_type_86_shop;ZBD86;
cn_type_86_0;"<color=#c8a5b2>WZ501</color>
ZBD1986 Infantry Fighting Vehicle
<color=#c0c0c0>2020</color>";
cn_type_86_1;ZBD86;
cn_type_86_2;Infantry Fighting Vehicle;
cn_mbt2000_shop;VT1A;
cn_mbt2000_0;"<color=#c8a5b2>BW123A</color>
VT1A Main Battle Tank";
cn_mbt2000_1;VT1A;
cn_mbt2000_2;Main Battle Tank;
cn_vt_4_shop;VT4;
cn_vt_4_0;"<color=#c8a5b2>MBT-3000</color>
VT4 Main Battle Tank";
cn_vt_4_1;VT4;
cn_vt_4_2;Main Battle Tank;
cn_wz_1001_shop;WZ123A(Y);
cn_wz_1001_0;WZ123A(Y) Experimental Main Battle Tank;
cn_wz_1001_1;WZ123A(Y);
cn_wz_1001_2;Main Battle Tank;
cn_vt_4b_shop;VT4A1;
cn_vt_4b_0;"<color=#c8a5b2>MBT-3000</color>
VT4A1 Main Battle Tank";
cn_vt_4b_1;VT4A1;
cn_vt_4b_2;Main Battle Tank;
cn_t_34_1942_shop;␗Tè 34 (1943);
cn_t_34_1942_0;"␗Tè 34 Medium Tank
<color=#c0c0c0>1943 Nián xiūdìng</color>";
cn_t_34_1942_1;␗Tè 34 (1943);
cn_t_34_1942_2;Medium Tank;
cn_t_34_85_d_5t_shop;␗Tè 34 (1944);
cn_t_34_85_d_5t_0;"␗Tè 34 Medium Tank
<color=#c0c0c0>1944 Nián xiūdìng</color>";
cn_t_34_85_d_5t_1;␗Tè 34 (1944);
cn_t_34_85_d_5t_2;Main Battle Tank;
cn_type_58_shop;Type 58;
cn_type_58_0;Type 1958 Medium Tank;
cn_type_58_1;Type 58;
cn_type_58_2;Medium Tank;
cn_is_2_1943_shop;␗Sī 2 (1943);
cn_is_2_1943_0;"␗Sī 2 Heavy Tank
<color=#c0c0c0>1943 Nián xiūdìng</color>";
cn_is_2_1943_1;␗Sī 2 (1943);
cn_is_2_1943_2;Heavy Tank;
cn_is_2_1944_shop;␗Sī 2 (1944);
cn_is_2_1944_0;"␗Sī 2 Heavy Tank
<color=#c0c0c0>1944 Nián xiūdìng</color>";
cn_is_2_1944_1;␗Sī 2 (1944);
cn_is_2_1944_2;Heavy Tank;
cn_type_59_shop;Type 59;
cn_type_59_0;"<color=#c8a5b2>WZ120</color>
Type 1959 Main Battle Tank";
cn_type_59_1;Type 59;
cn_type_59_2;Main Battle Tank;
cn_type_69_shop;Type 69;
cn_type_69_0;"<color=#c8a5b2>WZ121</color>
Type 1969 Main Battle Tank";
cn_type_69_1;Type 69;
cn_type_69_2;Main Battle Tank;
cn_type_59d_shop;ZTZ59D1;
cn_type_59d_0;"<color=#c8a5b2>WZ120C</color>
ZTZ1959D1 Main Battle Tank";
cn_type_59d_1;ZTZ59D1;
cn_type_59d_2;Main Battle Tank;
cn_ztz_88b_shop;ZTZ88B;
cn_ztz_88b_0;"<color=#c8a5b2>WZ122E</color>
ZTZ1988B Main Battle Tank";
cn_ztz_88b_1;ZTZ88B;
cn_ztz_88b_2;Main Battle Tank;
cn_ztz_88a_shop;ZTZ88A;
cn_ztz_88a_0;"<color=#c8a5b2>WZ122G</color>
ZTZ1988A Main Battle Tank";
cn_ztz_88a_1;ZTZ88A;
cn_ztz_88a_2;Main Battle Tank;
cn_ztz_96_shop;ZTZ96;
cn_ztz_96_0;"<color=#c8a5b2>WZ122H</color>
ZTZ1996 Main Battle Tank";
cn_ztz_96_1;ZTZ96;
cn_ztz_96_2;Main Battle Tank;
cn_ztz_96a_shop;ZTZ96A;
cn_ztz_96a_0;"<color=#c8a5b2>WZ122R</color>
ZTZ1996A Main Battle Tank";
cn_ztz_96a_1;ZTZ96A;
cn_ztz_96a_2;Main Battle Tank;
cn_ztz_99_shop;ZTZ99 (P);
cn_ztz_99_0;"<color=#c8a5b2>WZ123</color>
ZTZ1999 Main Battle Tank
<color=#c0c0c0>Pre-Production</color>";
cn_ztz_99_1;ZTZ99 (P);
cn_ztz_99_2;Main Battle Tank;
cn_ztz_99_w_shop;ZTZ99;
cn_ztz_99_w_0;"<color=#c8a5b2>WZ123B</color>
ZTZ1999 Main Battle Tank";
cn_ztz_99_w_1;ZTZ99;
cn_ztz_99_w_2;Main Battle Tank;
cn_ztz_99a_shop;ZTZ99A;
cn_ztz_99a_0;"<color=#c8a5b2>WZ1001</color>
ZTZ1999A Main Battle Tank";
cn_ztz_99a_1;ZTZ99A;
cn_ztz_99a_2;Main Battle Tank;
cn_zsd63_pg87_shop;ZSD63 (PG87);
cn_zsd63_pg87_0;"<color=#c8a5b2>WZ531</color>
ZSD1963 Armored Personnel Carrier
<color=#c0c0c0>Dài PG87 jiēkou</color>";
cn_zsd63_pg87_1;ZSD63 (PG87);
cn_zsd63_pg87_2;SPAA;
cn_zsl_92_shop;ZSL92;
cn_zsl_92_0;"<color=#c8a5b2>WZ551A</color>
ZSL1992 Armored Personnel Carrier";
cn_zsl_92_1;ZSL92;
cn_zsl_92_2;SPAA;
cn_pgz_88_shop;PGZ88;
cn_pgz_88_0;PGZ1988 Self-Propelled Anti-Aircraft Gun;
cn_pgz_88_1;PGZ88;
cn_pgz_88_2;SPAA;
cn_wz_305_shop;Type 80;
cn_wz_305_0;"<color=#c8a5b2>WZ305</color>
Type 1980 57mm Self-Propelled Anti-Aircraft Gun";
cn_wz_305_1;Type 80;
cn_wz_305_2;SPAA;
cn_pgz_09_shop;PGZ09;
cn_pgz_09_0;PGZ2009 35mm Self-Propelled Anti-Aircraft Gun;
cn_pgz_09_1;PGZ09;
cn_pgz_09_2;SPAA;
cn_pgz_04a_shop;PGZ04A;
cn_pgz_04a_0;"<color=#c8a5b2>WA717A</color>
PGZ2004A 25mm Self-Propelled Anti-Aircraft Gun";
cn_pgz_04a_1;PGZ04A;
cn_pgz_04a_2;SPAA / SAM;
cn_tor_m1_shop;␗Tor-M1;
cn_tor_m1_0;"<color=#c8a5b2>9A331-1</color>
␗9K331 Tor-M1";
cn_tor_m1_1;␗Tor-M1;
cn_tor_m1_2;SAM;
cn_hq_17_shop;AKD17;
cn_hq_17_0;"<color=#c8a5b2>WXZ217</color>
HQ17
AKD17 Tracked Missile Launch Vehicle";
cn_hq_17_1;AKD17;
cn_hq_17_2;SAM;
cn_pgz_625_fb10_shop;CS/SA5 (2022);
cn_pgz_625_fb10_0;"CS/SA5 30mm Wheeled Self-Propelled AA Gun
<color=#c0c0c0>2022 Nián xiūdìng</color>";
cn_pgz_625_fb10_1;CS/SA5;
cn_pgz_625_fb10_2;SPAA / SAM;
cn_fk_2000_shop;FK-2000;
cn_fk_2000_0;FK-2000 Wheeled Self-Propelled AA Gun;
cn_fk_2000_1;FK-2000;
cn_fk_2000_2;SPAA / SAM;
cn_hq_11_shop;AKD11;
cn_hq_11_0;"HQ11
AKD11 Wheeled Missile Launch Vehicle";
cn_hq_11_1;AKD11;
cn_hq_11_2;SAM;
cn_su_76m_1943_shop;76 SPG;
cn_su_76m_1943_0;76mm Self-Propelled Gun;
cn_su_76m_1943_1;76 SPG;
cn_su_76m_1943_2;Tank Destroyer;
cn_lvt_4_zis_2_shop;␗LVT(A)(4) (ZiS-2);
cn_lvt_4_zis_2_0;"␗Landing Vehicle, Tracked (Armored) (Mk.4)
<color=#c0c0c0>Pèibèi 57 háomi ZiS-2</color>";
cn_lvt_4_zis_2_1;␗LVT(A)(4) (ZiS-2);
cn_lvt_4_zis_2_2;Tank Destroyer;
cn_isu_152_shop;152 SPG;
cn_isu_152_0;152mm Self-Propelled Gun;
cn_isu_152_1;152 SPG;
cn_isu_152_2;Tank Destroyer;
cn_isu_122_shop;122 SPG;
cn_isu_122_0;122mm Self-Propelled Gun;
cn_isu_122_1;122 SPG;
cn_isu_122_2;Tank Destroyer;
cn_su_100_1945_shop;100 SPG;
cn_su_100_1945_0;100mm Self-Propelled Gun;
cn_su_100_1945_1;100 SPG;
cn_su_100_1945_2;Tank Destroyer;
cn_plz_83_shop;Type 83;
cn_plz_83_0;"<color=#c8a5b2>WZ321</color>
Type 1983 152mm Self-Propelled Howitzer";
cn_plz_83_1;Type 83;
cn_plz_83_2;Self-Propelled Gun;
cn_ptz_89_shop;PTZ89;
cn_ptz_89_0;"<color=#c8a5b2>WZ371</color>
PTZ1989 120mm Self-Propelled Gun";
cn_ptz_89_1;PTZ89;
cn_ptz_89_2;Tank Destroyer;
cn_ptl_02_shop;PTL02;
cn_ptl_02_0;"<color=#c8a5b2>WZ301</color>
PTL2002 100mm Wheeled Assault Gun";
cn_ptl_02_1;PTL02;
cn_ptl_02_2;Light Tank;
cn_hj_9_shop;AFT09;
cn_hj_9_0;AFT09 Anti-Tank Missile Launch Vehicle;
cn_hj_9_1;AFT09;
cn_hj_9_2;Missile Carrier;
cn_zbd_04a_shop;ZBD04A;
cn_zbd_04a_0;"<color=#c8a5b2>WZ502G</color>
ZBD2004A Infantry Fighting Vehicle";
cn_zbd_04a_1;ZBD04A;
cn_zbd_04a_2;Infantry Fighting Vehicle;
cn_ztl_11_shop;ZLT11;
cn_ztl_11_0;ZLT2011 Wheeled Armored Assault Vehicle;
cn_ztl_11_1;ZLT11;
cn_ztl_11_2;Light Tank;
cn_plz_45_shop;PLZ45;
cn_plz_45_0;"PLZ45
PLZ1988 Self-Propelled Howitzer";
cn_plz_45_1;PLZ45;
cn_plz_45_2;Self-Propelled Gun;
cn_t_34_85_zis_53_no215_shop;␗Tè 34 (№215);
cn_t_34_85_zis_53_no215_0;"␗Tè 34 Medium Tank
<color=#c0c0c0>1944 Nián xiūdìng</color>
<color=#fcba03>№215</color>";
cn_t_34_85_zis_53_no215_1;␗Tè 34 (№215);
cn_t_34_85_zis_53_no215_2;Medium Tank;
cn_is_2_1943_no402_shop;␗Sī 2 (№402);
cn_is_2_1943_no402_0;"␗Sī 2 Heavy Tank
<color=#c0c0c0>1943 Nián xiūdìng</color>
<color=#fcba03>№402</color>";
cn_is_2_1943_no402_1;␗Sī 2 (№402);
cn_is_2_1943_no402_2;Medium Tank;
cn_wz_141_shop;141-I;
cn_wz_141_0;"141-I Armored Airborne Fighting Vehicle
<color=#c0c0c0>Prototype No.1</color>";
cn_wz_141_1;141-I;
cn_wz_141_2;Tank Destroyer;
cn_ztz_59a_shop;ZTZ59A;
cn_ztz_59a_0;"<color=#c8a5b2>WZ120A</color>
ZTZ1959A Main Battle Tank";
cn_ztz_59a_1;ZTZ59A;
cn_ztz_59a_2;Main Battle Tank;
cn_plz_83_130_shop;130mm SPGH;
cn_plz_83_130_0;130mm Self-Propelled Gun-Howitzer;
cn_plz_83_130_1;130mm SPGH;
cn_plz_83_130_2;Tank Destroyer;
cn_object_122tm_shop;122-1;
cn_object_122tm_0;122-1 Medium Tank;
cn_object_122tm_1;122-1;
cn_object_122tm_2;Main Battle Tank;
cn_wma_301_shop;WMA301;
cn_wma_301_0;WMA301 Wheeled Assault Vehicle;
cn_wma_301_1;WMA301;
cn_wma_301_2;Light Tank;
cn_ztz_96a_prot_shop;ZTZ96A (JD3);
cn_ztz_96a_prot_0;"<color=#c8a5b2>WZ122R</color>
ZTZ1996A Main Battle Tank (Prototype)
<color=#c0c0c0>zhudòng fánghù xìtong</color>";
cn_ztz_96a_prot_1;ZTZ96A (JD3);
cn_ztz_96a_prot_2;Main Battle Tank;
cn_qn506_shop;QN506;
cn_qn506_0;Guided Infrared QN506 Multi-Weapon Combat Vehicle;
cn_qn506_1;QN506;
cn_qn506_2;Infantry Fighting Vehicle;
cn_t_62_shop;␗T-62 (№545);
cn_t_62_0;"<color=#c8a5b2>Object 166</color>
␗T-62 obr.1964 g.
<color=#fcba03>№545</color>";
cn_t_62_1;␗T-62;
cn_t_62_2;Main Battle Tank;
cn_type_69_2a_shop;ZTZ69-IIA;
cn_type_69_2a_0;"<color=#c8a5b2>BW121A</color>
ZTZ1969-IIA Main Battle Tank";
cn_type_69_2a_1;ZTZ69-IIA;
cn_type_69_2a_2;Main Battle Tank;
cn_plz_05_shop;PLZ05;
cn_plz_05_0;PLZ2005 155mm Self-Propelled Howitzer;
cn_plz_05_1;PLZ05;
cn_plz_05_2;Self-Propelled Gun;
cn_ztz_96b_shop;ZTZ96B;
cn_ztz_96b_0;"<color=#c8a5b2>WZ122</color>
ZTZ96B Main Battle Tank";
cn_ztz_96b_1;ZTZ96B;
cn_ztz_96b_2;Main Battle Tank;
cn_mbt2000_sm_shop;Ling’s VT1A;
cn_mbt2000_sm_0;"<color=#c8a5b2>BW123A</color>
VT1A Main Battle Tank
<color=#fcba03>Shen Feng Ling, Senrai Maidens</color>";
cn_mbt2000_sm_1;VT1A;
cn_mbt2000_sm_2;Main Battle Tank;
;;
;;
;;
<PRC Helicopters>;;
;;
z_11wa_shop;Z11WA;
z_11wa_0;"<color=#7b9fb5>AVIC Change Aircraft Industries Corporation</color>
Z11WA";
z_11wa_1;Z11W;
z_11wa_2;Z11;
z_9w_shop;Z9W;
z_9w_0;"<color=#7b9fb5>AVIC Harbin Aircraft Industry (Group) Ltd.</color>
Z9W";
z_9w_1;Z9W;
z_9w_2;Z9;
z_9wa_shop;Z9WA;
z_9wa_0;"<color=#7b9fb5>AVIC Harbin Aircraft Industry (Group) Ltd.</color>
Z9WA";
z_9wa_1;Z9W;
z_9wa_2;Z9;
z_19_shop;Z19;
z_19_0;"<color=#7b9fb5>AVIC Harbin Aircraft Industry (Group) Ltd.</color>
Z19";
z_19_1;Z19;
z_19_2;Z19;
z_10_shop;Z10 (2009);
z_10_0;"<color=#7b9fb5>AVIC Change Aircraft Industries Corporation</color>
Z10
<color=#c0c0c0>Xiūgǎi 2009</color>";
z_10_1;Z10;
z_10_2;Z10;
z_10me_shop;Z10ME-02;
z_10me_0;"<color=#7b9fb5>AVIC Change Aircraft Industries Corporation</color>
Z10ME-02";
z_10me_1;Z10ME;
z_10me_2;Z10;
sa_342l_china_shop;␗SA.342L;
sa_342l_china_0;"<color=#7b9fb5>Société Nationale Industrielle Aérospatiale</color>
␗SA.342L Gazelle";
sa_342l_china_1;␗SA.342L;
sa_342l_china_2;␗SA.342;
z_19e_shop;Z19E;
z_19e_0;"<color=#7b9fb5>AVIC Harbin Aircraft Industries Corporation</color>
Z19E";
z_19e_1;Z19E;
z_19e_2;Z19;
z_10a_shop;Z10 (2018);
z_10a_0;"<color=#7b9fb5>AVIC Change Aircraft Industries Corporation</color>
Z10
<color=#c0c0c0>Xiūgǎi 2018</color>";
z_10a_1;Z10;
z_10a_2;Z10;
;;
;;
;;
<PRC Aviation>;;
;;
la-11_china_shop;␗La-11;
la-11_china_0;"<color=#7b9fb5>Lavochkin Design Bureau | OKB-301</color>
␗La-11";
la-11_china_1;␗La-11;
la-11_china_2;␗La-11;
la-9_china_shop;␗La-9;
la-9_china_0;"<color=#7b9fb5>Lavochkin Design Bureau | OKB-301</color>
␗La-9";
la-9_china_1;␗La-9;
la-9_china_2;␗La-9;
mig-9_china_shop;␗MiG-9;
mig-9_china_0;"<color=#7b9fb5>Mikoyan-Gurevich Design Bureau | OKB-155</color>
␗MiG-9";
mig-9_china_1;␗MiG-9;
mig-9_china_2;␗MiG-9;
mig-9_late_china_shop;␗I-307;
mig-9_late_china_0;"<color=#7b9fb5>Mikoyan-Gurevich Design Bureau | OKB-155</color>
␗I-307";
mig-9_late_china_1;␗I-307;
mig-9_late_china_2;␗I-307;
mig-15bis_nr23_china_shop;␗MiG-15bis;
mig-15bis_nr23_china_0;"<color=#7b9fb5>Mikoyan-Gurevich Design Bureau | OKB-155</color>
␗MiG-15bis";
mig-15bis_nr23_china_1;␗MiG-15bis;
mig-15bis_nr23_china_2;␗MiG-15;
mig-17_china_shop;J5;
mig-17_china_0;"<color=#7b9fb5>Mikoyan-Gurevich Design Bureau | OKB-155</color>
J5";
mig-17_china_1;J5;
mig-17_china_2;J5;
mig-19j_6a_shop;J6A;
mig-19j_6a_0;"<color=#7b9fb5>AVIC Guizhou Aircraft Industry Corporation</color>
J6A";
mig-19j_6a_1;J6A;
mig-19j_6a_2;J6;
j_7_mk2_shop;J7B;
j_7_mk2_0;"<color=#7b9fb5>AVIC Chengdu Aircraft Corporation</color>
J7B";
j_7_mk2_1;J7B;
j_7_mk2_2;J7;
j_7e_shop;J7E;
j_7e_0;"<color=#7b9fb5>AVIC Chengdu Aircraft Corporation</color>
J7E";
j_7e_1;J7E;
j_7e_2;J7;
j_8b_shop;J8B;
j_8b_0;"<color=#7b9fb5>AVIC Shenyang Aircraft Corporation</color>
J8B";
j_8b_1;J8B;
j_8b_2;J8;
j_8f_shop;J8F;
j_8f_0;"<color=#7b9fb5>AVIC Shenyang Aircraft Corporation</color>
J8F";
j_8f_1;J8F;
j_8f_2;J8;
j_10a_shop;J10A;
j_10a_0;"<color=#7b9fb5>AVIC Chengdu Aircraft Corporation</color>
J10A Měng Lóng";
j_10a_1;J10A;
j_10a_2;J10;
j_10c_shop;J10CE;
j_10c_0;"<color=#7b9fb5>AVIC Chengdu Aircraft Corporation</color>
J10CE Měng Lóng";
j_10c_1;J10C;
j_10c_2;J10;
il-10_1946_china_shop;␗Il-10 (1947);
il-10_1946_china_0;"<color=#7b9fb5>Ilyushin Design Bureau | OKB-39</color>
␗Il-10
<color=#c0c0c0>Xiūgǎi 47</color>";
il-10_1946_china_1;␗Il-10 (1947);
il-10_1946_china_2;␗Il-10;
q_5_early_shop;Q5;
q_5_early_0;"<color=#7b9fb5>Nanchang Aircraft Manufacturing Corporation</color>
Q5";
g_5_early_1;Q5;
q_5_early_2;Q5;
q_5a_shop;Q5B;
q_5a_0;"<color=#7b9fb5>Nanchang Aircraft Manufacturing Corporation</color>
Q5B";
q_5a_1;Q5B;
q_5a_2;Q5;
q_5l_shop;Q5L;
q_5l_0;"<color=#7b9fb5>AVIC Hongdu Aviation Industry Group Ltd.</color>
Q5L";
q_5l_1;Q5L;
q_5l_2;Q5;
jh_7_shop;JH7;
jh_7_0;"<color=#7b9fb5>AVIC Xi’an Aircraft Industrial Corporation</color>
JH7 Fēi Bào";
jh_7_1;JH7;
jh_7_2;JH7;
jh_7a_shop;JH7A;
jh_7a_0;"<color=#7b9fb5>AVIC Xi’an Aircraft Industrial Corporation</color>
JH7A Fēi Bào";
jh_7a_1;JH7A;
jh_7a_2;JH7;
jh_7a2_shop;JH7A2;
jh_7a2_0;"<color=#7b9fb5>AVIC Xi’an Aircraft Industrial Corporation</color>
JH7A2 Fēi Bào";
jh_7a2_1;JH7A;
jh_7a2_2;JH7;
j_16_shop;J16;
j_16_0;"<color=#7b9fb5>AVIC Shenyang Aircraft Corporation</color>
J16 Qián Lóng";
j_16_1;J16;
j_16_2;J16;
tu-2_postwar_china_shop;␗Tu-2S-44;
tu-2_postwar_china_0;"<color=#7b9fb5>Tupolev Design Bureau | OKB-156</color>
␗Tu-2S-44";
tu-2_postwar_china_1;␗Tu-2S;
tu-2_postwar_china_2;␗Tu-2;
tu_4_china_shop;␗Tu-4;
tu_4_china_0;"<color=#7b9fb5>Tupolev Design Bureau | OKB-156</color>
␗Tu-4";
tu_4_china_1;␗Tu-4;
tu_4_china_2;␗Tu-4;
il_28_china_shop;H5;
il_28_china_0;"<color=#7b9fb5>AVIC Harbin Aircraft Industry (Group) Ltd.</color>
H5";
il_28_china_1;H5;
il_28_china_2;H5;
j_11_shop;J11;
j_11_0;"<color=#7b9fb5>AVIC Shenyang Aircraft Corporation</color>
J11 Yìng Lóng";
j_11_1;J11;
j_11_2;J11;
j_11a_shop;J11A;
j_11a_0;"<color=#7b9fb5>AVIC Shenyang Aircraft Corporation</color>
J11A Yìng Lóng
<color=#c0c0c0>Mid-Life Update</color>";
j_11a_1;J11A;
j_11a_2;J11;
j_11b_shop;J11B;
j_11b_0;"<color=#7b9fb5>AVIC Shenyang Aircraft Corporation</color>
J11B Yìng Lóng
<color=#c0c0c0>Block 02</color>";
j_11b_1;J11B;
j_11b_2;J11;
j_15t_shop;J15T;
j_15t_0;"<color=#7b9fb5>AVIC Shenyang Aircraft Corporation</color>
J15T Fēi Shā";
j_15t_1;J15T;
j_15t_2;J15;
quing_6_shop;Qīng 6;
quing_6_0;"<color=#7b9fb5>Beriev Design Bureau | OKB-49</color>
Qīng 6";
quing_6_1;Qīng 6;
quing_6_2;Qīng 6;
j_7d_shop;J7D;
j_7d_0;"<color=#7b9fb5>Chengdu Aircraft Corporation</color>
J7D";
j_7d_1;J7D;
j_7d_2;J7;
jh_7a_prototype_shop;JH7A (No.1);
jh_7a_prototype_0;"<color=#7b9fb5>AVIC Xi’an Aircraft Industrial Corporation</color>
JH7A Fēi Bào (Prototype No.1)";
jh_7a_prototype_1;JH7A;
jh_7a_prototype_2;JH7;
su_30mkk_shop;␗Sū 30MKK;
su_30mkk_0;"<color=#7b9fb5>Sukhoi Aviation Military Industrial Combine</color>
␗Sū 30MKK";
su_30mkk_1;␗Sū 30MK;
su_30mkk_2;␗Sū 30;
;;
;;
;;
<ITA Army>;;
;;
it_ab_41_shop;AB 41;
it_ab_41_0;Fiat-Ansaldo Autoblinda 41;
it_ab_41_1;AB 41;
it_ab_41_2;Armored Car;
it_m11_39_shop;M11/39;
it_m11_39_0;Carro Armato Medium M11/39;
it_m11_39_1;M11/39;
it_m11_39_2;Light Tank;
it_as_42_47_shop;47/32 AS 42;
it_as_42_47_0;"Camionetta AS 42 Tipo II
<color=#c0c0c0>con 47/32 Mod.39</color>
<color=#7b9fb5>”Metropolitana”</color>";
it_as_42_47_1;47/32 AS 42;
it_as_42_47_2;Armored Car;
it_ab_43_shop;AS 43;
it_ab_43_0;Fiat-Ansaldo Autoblinda 43;
it_ab_43_1;AS 43;
it_ab_43_2;Armored Car;
it_m3a3_stuart_shop;⛨Stuart V;
it_m3a3_stuart_0;⛨Carro Armato Leggero Stuart tipo V;
it_m3a3_stuart_1;⛨Stuart V;
it_m3a3_stuart_2;Light Tank;
it_m24_chaffee_shop;⛨M24;
it_m24_chaffee_0;⛨Carro Armato Leggero M24;
it_m24_chaffee_1;⛨M24;
it_m24_chaffee_2;Light Tank;
it_m44_shop;⛨155/23 M44;
it_m44_0;⛨Obice semovente da 155/23 M44;
it_m44_1;⛨155/23 M44;
it_m44_2;SPG;
it_semovente_breda_501_shop;Breda 501;
it_semovente_breda_501_0;Semovente Ruotato da 90/52 Breda 501;
it_semovente_breda_501_1;Breda 501;
it_semovente_breda_501_2;Armored Car;
it_m18_hellcat_shop;⛨76/52 M18;
it_m18_hellcat_0;⛨Semovente da 76/52 M18;
it_m18_hellcat_1;⛨76/52 M18;
it_m18_hellcat_2;Light Tank;
it_fiat_6616_cockerill_shop;Fiat 6616 (T90);
it_fiat_6616_cockerill_0;"Fiat-OTO-Melara 6616 con torretta OTO T90 CKL
equipaggiata con cannone Cockerill Mk.3 da 90/38";
it_fiat_6616_cockerill_1;Fiat 6616 (T90);
it_fiat_6616_cockerill_2;Armored Car;
it_fiat_6614_106sr_shop;Fiat 6614 (M40A1);
it_fiat_6614_106sr_0;"Fiat-OTO-Melara 6614
<color=#c0c0c0>con 106mm M40A1C</color>";
it_fiat_6614_106sr_1;Fiat 6614 (M40A1);
it_fiat_6614_106sr_2;Armored Car;
it_c13_t90_shop;C-13/90;
it_c13_t90_0;"OTO-Melara C-13 con torretta OTO T90 CKL
equipaggiata con cannone Cockerill Mk.3 da 90/38";
it_c13_t90_1;C-13/90;
it_c13_t90_2;Light Tank;
it_oto_r3_106sr_shop;R3 (T106);
it_oto_r3_106sr_0;"OTO-Melara R3 Capraia
<color=#c0c0c0>con T106 FA</color>";
it_oto_r3_106sr_1;R3 (T106);
it_oto_r3_106sr_2;Armored Car;
it_vcc_80_hitfist_60_shop;VCC-80 (T60);
it_vcc_80_hitfist_60_0;"Veicolo Gingolato da Combattimento 80 Dardo
<color=#c0c0c0>con torretta T60/70</color>";
it_vcc_80_hitfist_60_1;VCC-80 (T60);
it_vcc_80_hitfist_60_2;Light Tank;
it_b1_centauro_shop;Centauro (P);
it_b1_centauro_0;"Cacciacarri Blindato B1 Centauro 105
<color=#c0c0c0>Pre-serie</color>";
it_b1_centauro_1;Centauro (P);
it_b1_centauro_2;Light Tank;
it_b1_centauro_romor_shop;Centauro ROMOR;
it_b1_centauro_romor_0;"Cacciacarri Blindato B1 Centauro 105
<color=#c0c0c0>Serie 2</color>
<color=#c0c0c0>ROMOR-A ERA</color>";
it_b1_centauro_romor_1;Centauro ROMOR;
it_b1_centauro_romor_2;Light Tank;
it_centauro_mgs_120_shop;Centauro I 120;
it_centauro_mgs_120_0;"Cacciacarri Blindato B1 Centauro I 120
<color=#c0c0c0>Serie 3</color>";
it_centauro_mgs_120_1;Centauro I 120;
it_centauro_mgs_120_2;Light Tank;
it_centauro_2_shop;Centauro II 120;
it_centauro_2_0;"Cacciacarri Blindato B2 Centauro II
<color=#c0c0c0>Guardian H3</color>";
it_centauro_2_1;Centauro II 120;
it_centauro_2_2;Light Tank;
it_l6_shop;L6/40;
it_l6_0;Carro Armato Leggero L6/40;
it_l6_1;L6/40;
it_l6_2;Light Tank;
it_m13_40_serie_1_shop;M13/40 I;
it_m13_40_serie_1_0;Carro Armato Medio M13/40 Serie I;
it_m13_40_serie_1_1;M13/40 I;
it_m13_40_serie_1_2;Medium Tank;
it_m13_40_serie_3_shop;M13/40 III;
it_m13_40_serie_3_0;Carro Armato Medio M13/40 Serie III;
it_m13_40_serie_3_1;M13/40 III;
it_m13_40_serie_3_2;Medium Tank;
it_m14_41_shop;M14/41;
it_m14_41_0;Carro Armato Medio M14/41;
it_m14_41_1;M14/41;
it_m14_41_2;Medium Tank;
it_m15_42_shop;M15/42;
it_m15_42_0;Carro Armato Medio M15/42;
it_m15_42_1;M15/42;
it_m15_42_2;Medium Tank;
it_pzkpfw_III_ausf_N_shop;⛨Pz.III N;
it_pzkpfw_III_ausf_N_0;⛨Carro Armato Medio Panzerkampfwagen III Ausf. N;
it_pzkpfw_III_ausf_N_1;⛨Pz.III N;
it_pzkpfw_III_ausf_N_2;Medium Tank;
it_p_40_shop;P26/40;
it_p_40_0;Carro Armato Pesante P26/40;
it_p_40_1;P26/40;
it_p_40_2;Medium Tank;
it_m4a4_sherman_shop;⛨Sherman V;
it_m4a4_sherman_0;⛨Carro Armato Medio Sherman tipo V;
it_m4a4_sherman_1;⛨Sherman V;
it_m4a4_sherman_2;Medium Tank;
it_sherman_VII_shop;⛨Sherman IC Ibrido;
it_sherman_VII_0;⛨Carro Armato Medio Sherman tipo I tipo C Ibrido;
it_sherman_VII_1;⛨Sherman IC Ibrido;
it_sherman_VII_2;Medium Tank;
it_sherman_vc_firefly_shop;⛨Sherman VC;
it_sherman_vc_firefly_0;⛨Carro Armato Medio Sherman tipo V tipo C;
it_sherman_vc_firefly_1;⛨Sherman VC;
it_sherman_vc_firefly_2;Medium Tank;
it_m26a1_pershing_shop;⛨M26A1;
it_m26a1_pershing_0;⛨Carro Armato Medio M26A1;
it_m26a1_pershing_1;⛨M26A1;
it_m26a1_pershing_2;Medium Tank;
it_m47_105_shop;⛨M47 RKM;
it_m47_105_0;⛨M47 RKM;
it_m47_105_1;⛨M47 RKM;
it_m47_105_2;Medium Tank;
it_of_40_mk_1_shop;OF 40 Mk.1;
it_of_40_mk_1_0;Carro Armato OTO-Melara OF 40 Mk.1;
it_of_40_mk_1_1;OF 40 Mk.1;
it_of_40_mk_1_2;Main Battle Tank;
it_leopard_1a2_shop;⛨Leopard 1 A2;
it_leopard_1a2_0;⛨Carro Armato Medio Leopard 1 A2;
it_leopard_1a2_1;⛨Leopard 1 A2;
it_leopard_1a2_2;Main Battle Tank;
it_of_40_mk_2a_shop;OF 40 Mk.2;
it_of_40_mk_2a_0;Carro Armato OTO-Melara OF 40 Mk.2;
it_of_40_mk_2a_1;OF 40 Mk.2;
it_of_40_mk_2a_2;Main Battle Tank;
it_leopard_1a5_shop;⛨Leopard 1 A5IT;
it_leopard_1a5_0;⛨Carro Armato da Combattimento Leopard 1 A5IT;
it_leopard_1a5_1;⛨Leopard 1 A5IT;
it_leopard_1a5_2;Main Battle Tank;
it_c1_ariete_preserie_shop;Ariete (P);
it_c1_ariete_preserie_0;"Carro Armato C1 Ariete
<color=#c0c0c0>Pre-serie</color>";
it_c1_ariete_preserie_1;Ariete (P);
it_c1_ariete_preserie_2;Main Battle Tank;
it_c1_ariete_pso_shop;Ariete (PSO);
it_c1_ariete_pso_0;"Carro Armato C1 Ariete
<color=#c0c0c0>PSO Kit tipo II</color>";
it_c1_ariete_pso_1;Ariete (PSO);
it_c1_ariete_pso_2;Main Battle Tank;
it_c1_ariete_shop;Ariete (WAR);
it_c1_ariete_0;"Carro Armato C1 Ariete
<color=#c0c0c0>WAR Kit</color>";
it_c1_ariete_1;Ariete (WAR);
it_c1_ariete_2;Main Battle Tank;
it_ariete_amv_pt1_shop;Ariete AMV;
it_ariete_amv_pt1_0;"Carro Armato C1 Ariete AMV
<color=#c0c0c0>Prototipo 1</color>";
it_ariete_amv_pt1_1;Ariete AMV;
it_ariete_amv_pt1_2;Main Battle Tank;
it_as_42_metropolitana_shop;AS 42;
it_as_42_metropolitana_0;"Camionetta AS 42 Tipo II
<color=#c0c0c0>con 20/65 Mod.35</color>
<color=#7b9fb5>Metropolitana</color>";
it_as_42_metropolitana_1;AS 42;
it_as_42_metropolitana_2;SPAA;
it_fiat_cm52_shop;CM 52;
it_fiat_cm52_0;Complesso da 12.7mm su CM 52;
it_fiat_cm52_1;CM 52;
it_fiat_cm52_2;SPAA;
it_m15_42_contraereo_shop;M15/42 Antiaereo;
it_m15_42_contraereo_0;Semovente M15/42 Antiaereo da 20/70;
it_m15_42_contraereo_1;M15/42 Antiaereo;
it_m15_42_contraereo_2;SPAA;
it_leopard_bofors_shop;40/70 Leopard;
it_leopard_bofors_0;Semovente contraereo da 40/70 su scafo Leopard 1 A2;
it_leopard_bofors_1;40/70 Leopard;
it_leopard_bofors_2;SPAA;
it_oto_r3_t20_fa_shop;R3 (T20);
it_oto_r3_t20_fa_0;"OTO-Melara R3 Capraia
<color=#c0c0c0>con T20 FA-HS</color>";
it_oto_r3_t20_fa_1;R3 (T20);
it_oto_r3_t20_fa_2;SPAA;
it_otobreda_sidam_25_shop;SIDAM 25;
it_otobreda_sidam_25_0;Sistema Italiano Difesa Aerea Mobile, 25mm;
it_otobreda_sidam_25_1;SIDAM 25;
it_otobreda_sidam_25_2;SPAA;
it_otobreda_sidam_25_mistral_shop;SIDAM 25 (Mistral);
it_otobreda_sidam_25_mistral_0;"Sistema Italiano Difesa Aerea Mobile, 25mm
<color=#c0c0c0>con Mistral </color>";
it_otobreda_sidam_25_mistral_1;SIDAM 25 (Mistral);
it_otobreda_sidam_25_mistral_2;SPAA / SAM;
it_otomatic_shop;OTOMATIC;
it_otomatic_0;OTO Main Anti-aircraft Tank for Intercept and Combat;
it_otomatic_1;OTOMATIC;
it_otomatic_2;SPAA;
it_samp_t_fcs_shop;SAMP/T (MRI);
it_samp_t_fcs_0;"M320 | Sol-Air Moyenne Portée/Terrestre
<color=#c0c0c0>Module Radar Multifonction et IFF</color>";
it_samp_t_fcs_1;SAMP/T (MRI);
it_samp_t_fcs_2;Radar Vehicle;
it_samp_t_launcher_shop;SAMP/T (MLT);
it_samp_t_launcher_0;"M320 | Sol-Air Motenne Portée/Terrestre
<color=#c0c0c0>Module de Lancement Terrestre</color>";
it_samp_t_launcher_1;SAMP/T (MLT);
it_samp_t_launcher_2;SAM;
it_l3_cc_shop;L3/33;
it_l3_cc_0;Carro Armato Leggero L3/33 Controcarro;
it_l3_cc_1;L3/33;
it_l3_cc_2;Tank Destroyer;
it_semovente_l40_shop;47/32 L6/40;
it_semovente_l40_0;Semovente L6/40 da 47/32;
it_semovente_l40_1;47/32 L6/40;
it_semovente_l40_2;Tank Destroyer;
it_lancia3ro_100_shop;100/17 3Ro;
it_lancia3ro_100_0;100/17 su Lancia 3Ro;
it_lancia3ro_100_1;100/17 3Ro;
it_lancia3ro_100_2;Tank Destroyer;
it_semovente_m41_75_18_shop;75/18 M41;
it_semovente_m41_75_18_0;Semovente M41 da 75/18;
it_semovente_m41_75_18_1;75/18 M41;
it_semovente_m41_75_18_2;Tank Destroyer;
it_semovente_m41_75_32_shop;75/32 M41;
it_semovente_m41_75_32_0;Semovente M41 da 75/32;
it_semovente_m41_75_32_1;75/32 M41;
it_semovente_m41_75_32_2;Tank Destroyer;
it_semovente_m42_75_34_shop;75/34 M42;
it_semovente_m42_75_34_0;Semovente M42 da 75/34;
it_semovente_m42_75_34_1;75/34 M42;
it_semovente_m42_75_34_2;Tank Destroyer;
it_semovente_m43_105_shop;105/25 M43;
it_semovente_m43_105_0;"Semovente M43 da 105/25
<color=#7b9fb5>”Bassotto”</color>";
it_semovente_m43_105_1;105/25 M43;
it_semovente_m43_105_2;Tank Destroyer;
it_semovente_m43_75_34_shop;75/34 M43;
it_semovente_m43_75_34_0;Semovente M43 da 75/43;
it_semovente_m43_75_34_1;75/34 M43;
it_semovente_m43_75_34_2;Tank Destroyer;
it_stug_III_ausf_G_shop;⛨StuG III G;
it_stug_III_ausf_G_0;⛨Semovente da 75/48 Sturmgeschütz III Ausf. G;
it_stug_III_ausf_G_1;⛨StuG III G;
it_stug_III_ausf_G_2;Tank Destroyer;
it_m55_shop;⛨203/25 M55;
it_m55_0;⛨Obice semovente da 203/25 M55;
it_m55_1;⛨203/25 M55;
it_m55_2;SPG;
it_semovente_m41m_90_shop;90/53 M41M;
it_semovente_m41m_90_0;Semovente M41M da 90/53;
it_semovente_m41m_90_1;90/53 M41M;
it_semovente_m41m_90_2;Tank Destroyer;
it_semovente_m43_75_46_shop;75/46 M43;
it_semovente_m43_75_46_0;Semovente M43 da 75/46;
it_semovente_m43_75_46_1;75/46 M43;
it_semovente_m43_75_46_2;Tank Destroyer;
it_m36b1_shop;⛨90/50 M36B1;
it_m36b1_0;⛨Semovente da 90/53 M36B1;
it_m36b1_1;⛨90/53 M36B1;
it_m36b1_2;Tank Destroyer;
it_m109g_shop;⛨155/23 M109;
it_m109g_0;⛨Obice semovente da 155/23 M109;
it_m109g_1;⛨155/23 M109;
it_m109g_2;Self-Propelled Gun;
it_palmaria_shop;Palmaria;
it_palmaria_0;Obice semovente da 155/41 Palmaria;
it_palmaria_1;Palmaria;
it_palmaria_2;Self-Propelled Gun;
it_pzh_2000_shop;⛨PzH 2000IT;
it_pzh_2000_0;⛨Panzerhaubitze 2000IT;
it_pzh_2000_1;⛨PzH 2000IT;
it_pzh_2000_2;SPG;
it_m113a1_tow_shop;⛨VTC M113A1 (M220);
it_m113a1_tow_0;"⛨Veicolo da trasporto e combattimento
M113A1 con sistema d’arma TOW";
it_m113a1_tow_1;⛨VTC M113A1 (M220);
it_m113a1_tow_2;Missile Carrier;
it_vbc_pt2_shop;VBC PT 2;
it_vbc_pt2_0;Veicolo Blindato da Combattimento Centauro Prototipo 2;
it_vbc_pt2_1;VBC PT 2;
it_vbc_pt2_2;Infantry Fighting Vehicle;
it_dardo_vcc_shop;Dardo;
it_dardo_vcc_0;Veicolo Cingolato da Combattimento 80 Dardo;
it_dardo_vcc_1;Dardo;
it_dardo_vcc_2;Infantry Fighting Vehicle;
it_vcc_80_hitfist_30_shop;VCC-80 (30/80);
it_vcc_80_hitfist_30_0;Veicolo Cingolato da Combattimento 80 Dardo con 30/80;
it_vcc_80_hitfist_30_1;VCC-80 (30/80);
it_vcc_80_hitfist_30_2;Infantry Fighting Vehicle;
it_freccia_shop;VBM Freccia C/C;
it_freccia_0;Veicolo Blindato Medio Freccia Contro Carro;
it_freccia_1;VBM Freccia C/C;
it_freccia_2;Infantry Fighting Vehicle;
it_l6_leone_shop;L6/40 (31 Rgt.);
it_l6_leone_0;"Carro Armato Leggero L6/40
<color=#fcba03>31 Reggimento Carristi</color>";
it_l6_leone_1;L6/40 (31 Rgt.);
it_l6_leone_2;Light Tank;
it_m13_40_serie_2_shop;M13/40 II;
it_m13_40_serie_2_0;Carro Armato Medio M13/40 Serie II;
it_m13_40_serie_2_1;M13/40 II;
it_m13_40_serie_2_2;Medium Tank;
it_m14_41_47_40_shop;M14/41 (47/40);
it_m14_41_47_40_0;"Carro Armato Medio M14/41
<color=#c0c0c0>con 47/40 Mod.38</color>";
it_m14_41_47_40_1;M14/41 (47/40);
it_m14_41_47_40_2;Medium Tank;
it_sahariano_shop;M16/43;
it_sahariano_0;Carro Armato Medio M16/43 Celere Sahariano;
it_sahariano_1;M16/43;
it_sahariano_2;Medium Tank;
it_p_26_40_shop;P26/40 (Grp.Cor.);
it_p_26_40_0;"Carro Armato Pesante P26/40
<color=#fcba03>Gruppo Corazzato “Leoncello”</color>";
it_p_26_40_1;P26/40 (Grp.Cor.);
it_p_26_40_2;Medium Tank;
it_semovente_m43_105_leoncello_shop;105/25 M43 (Grp.Cor.);
it_semovente_m43_105_leoncello_0;"Semovente M43 da 105/25
<color=#7b9fb5>”Bassotto”</color>
<color=#7b9fb5>”Terramotto”</color>
<color=#fcba03>Gruppo Corazzato “Leoncello”</color>";
it_semovente_m43_105_leoncello_1;105/25 M43 (Grp.Cor.);
it_semovente_m43_105_leoncello_2;Tank Destroyer;
it_sherman_75_37_shop;⛨Sherman I Ibrido;
it_sherman_75_37_0;⛨Carro Armato Medio Sherman tipo I Ibrido;
it_sherman_75_37_1;⛨Sherman I Ibrido;
it_sherman_75_37_2;Medium Tank;
it_breda_52_autocannone_shop;90/53 Breda 52;
it_breda_52_autocannone_0;Autocannone da 90/53 su Breda 52;
it_breda_52_autocannone_1;90/53 Breda 52;
it_breda_52_autocannone_2;Tank Destroyer;
it_pzkpfw_IV_ausf_G_shop;⛨Pz.IV G;
it_pzkpfw_IV_ausf_G_0;⛨Carro Armato Medio Panzerkampfwagen IV Ausf. G;
it_pzkpfw_IV_ausf_G_1;⛨Pz.IV G;
it_pzkpfw_IV_ausf_G_2;Medium Tank;
it_m26_ariete_shop;⛨M26 (Div.Cor.);
it_m26_ariete_0;"⛨Carro Armato Medio M26
<color=#fcba03>132ª Divisione Corazzata “Ariete”</color>";
it_m26_ariete_1;⛨M26 (Div.Cor.);
it_m26_ariete_2;Medium Tank;
it_m60a1_ariete_shop;⛨M60A1 (Div.Cor.);
it_m60a1_ariete_0;"⛨Carro Armato M60A1
<color=#fcba03>132ª Divisione Corazzata “Ariete”</color>";
it_m60a1_ariete_1;⛨M60A1 (Div.Cor.);
it_m60a1_ariete_2;Main Battle Tank;
it_aubl_74_60_70m_shop;Fiat 6616 (T60M);
it_aubl_74_60_70m_0;Fiat-OTO-Melara 6616 con torretta OTO-Breda T60M da 60/70;
it_aubl_74_60_70m_1;Fiat 6616 (T60M);
it_aubl_74_60_70m_2;Light Tank;
it_c13_tua_shop;C-13/TUA;
it_c13_tua_0;OTO-Melara C-13 con torretta TOW Under Armor;
it_c13_tua_1;C-13/TUA;
it_c13_tua_2;Tank Destroyer;
it_fiat_6614_firos_shop;Fiat 6614 (FIROS 6);
it_fiat_6614_firos_0;"Fiat-OTO-Melara 6614
<color=#c0c0c0>FIROS 6</color>";
it_fiat_6614_firos_1;Fiat 6614 (FIROS 6);
it_fiat_6614_firos_2;Light Tank;
it_of_40_mtca_shop;OF 40 Mk.2 (MTCA);
it_of_40_mtca_0;"Carro Armato OTO-Melara OF 40 Mk.2
<color=#c0c0c0>MTCA Engine</color>";
it_of_40_mtca_1;OF 40 Mk.2 (MTCA);
it_of_40_mtca_2;Main Battle Tank;
it_freccia_hitfist_ows_shop;VBM Freccia C/C (30 OWS);
it_freccia_hitfist_ows_0;"Veicolo Blindato Medio Freccia Contro Carro
<color=#c0c0c0>con torretta HITFIST 30 OWS</color>";
it_freccia_hitfist_ows_1;VBM Freccia C/C (30 OWS);
it_freccia_hitfist_ows_2;Infantry Fighting Vehicle;
it_c1_ariete_certezza_shop;Ariete (20° Corso);
it_c1_ariete_certezza_0;"Carro Armato C1 Ariete
<color=#c0c0c0>WAR Kit</color>
<color=#fcba03>20° Corso</color>";
it_c1_ariete_certezza_1;Ariete (20° Corso);
it_c1_ariete_certezza_2;Main Battle Tank;
;;
;;
;;
<ITA Helicopter>;;
;;
ab_205a_1_shop;UH-205A;
ab_205a_1_0;"<color=#7b9fb5>Bell Agusta Aerospace Company</color>
Elicottero da Sostegno al Combattimento, UH-205A";
ab_205a_1_1;UH-205A;
ab_205a_1_2;UH-205;
a_109_eoa2_shop;MRH-109A;
a_109_eoa2_0;"<color=#7b9fb5>Agusta</color>
Elicottero da Sostegno al Combattimento, MRH-109A";
a_109_eoa2_1;MRH-109A;
a_109_eoa2_2;MRH-109;
a_129_cbt_shop;AH-129C;
a_129_cbt_0;"<color=#7b9fb5>Agusta</color>
Elicottero da Esplorazione e Scorta, AH-129C Mangusta";
a_129_cbt_1;AH-129C;
a_129_cbt_2;AH-129;
a_129_d_shop;AH-129D;
a_129_d_0;"<color=#7b9fb5>AgustaWestland</color>
Elicottero da Esplorazione e Scorta, AH-129D Mangusta";
a_129_d_1;AH-129D;
a_129_d_2;AH-129;
a_129_a_shop;A129 (ATP);
a_129_a_0;"<color=#7b9fb5>Agusta</color>
A129 International (Armament Testbed Prototype)";
a_129_a_1;A129 (ATP);
a_129_a_2;A129;
;;
;;
;;
<ITA Aviation>;;
;;
ro_44_shop;Ro.44;
ro_44_0;"<color=#7b9fb5>Industrie Meccaniche e Aeronautiche Meridionali</color>
Ro.44";
ro_44_1;Ro.44;
ro_44_2;Ro.44;
re_2000_int_shop;Re.2000/I;
re_2000_int_0;"<color=#7b9fb5>Officine Meccaniche Reggiane S.p.A.</color>
Re.2000 serie I Falco I";
re_2000_int_1;Re.2000;
re_2000_int_2;Re.2000;
re_2000_ga_shop;Re.2000 G.A./III;
re_2000_ga_0;"<color=#7b9fb5>Officine Meccaniche Reggiane S.p.A.</color>
Re.2000 G.A. serie III Falco I";
re_2000_ga_1;Re.2000 G.A.;
re_2000_ga_2;Re.2000;
re_2002_early_shop;Re.2002;
re_2002_early_0;"<color=#7b9fb5>Officine Meccaniche Reggiane S.p.A.</color>
Re.2002 Ariete";
re_2002_early_1;Re.2002;
re_2002_early_2;Re.2002;
re_2001_serie1_shop;Re.2001/I;
re_2001_serie1_0;"<color=#7b9fb5>Officine Meccaniche Reggiane S.p.A.</color>
Re.2001 serie I Falco II";
re_2001_serie1_1;Re.2001;
re_2001_serie1_2;Re.2001;
re_2001_cb_shop;Re.2001 CB;
re_2001_cb_0;"<color=#7b9fb5>Officine Meccaniche Reggiane S.p.A.</color>
Re.2001 CB Falco II";
re_2001_cb_1;Re.2001 CB;
re_2001_cb_2;Re.2001;
re_2001_cn_shop;Re.2001 CN/IV;
re_2001_cn_0;"<color=#7b9fb5>Officine Meccaniche Reggiane S.p.A.</color>
Re.2001 CN serie IV Falco II";
re_2001_cn_1;Re.2001 CN;
re_2001_cn_2;Re.2001;
g_55_serie1_ss0_shop;G.55/0;
g_55_serie1_ss0_0;"<color=#7b9fb5>Fiat Aviazione</color>
G.55 sottoserie 0 Centauro";
g_55_serie1_ss0_1;G.55;
g_55_serie1_ss0_2;G.55;
g_55_serie1_shop;G.55/I;
g_55_serie1_0;"<color=#7b9fb5>Fiat Aviazione</color>
G.55 serie I Centauro";
g_55_serie1_1;G.55;
g_55_serie1_2;G.55;
re_2005_serie0_shop;Re.2005/0;
re_2005_serie0_0;"<color=#7b9fb5>Officine Meccaniche Reggiane S.p.A.</color>
Re.2005 serie 0 Sagittario";
re_2005_serie0_1;Re.2005;
re_2005_serie0_2;Re.2005;
g_56_shop;G.56;
g_56_0;"<color=#7b9fb5>Fiat Aviazione</color>
G.56";
g_56_1;G.56;
g_56_2;G.56;
vampire_fb52a_italy_shop;⛨Vampire FB.52A;
vampire_fb52a_italy_0;"<color=#7b9fb5>de Havilland Aircraft Company Ltd.</color>
⛨Vampire FB. Mk.52A";
vampire_fb52a_italy_1;⛨Vampire FB.52A;
vampire_fb52a_italy_2;⛨Vampire;
f-86_cl_13_mk4_italy_shop;⛨Sabre Mk.4;
f-86_cl_13_mk4_italy_0;"<color=#7b9fb5>Canadair Ltd.</color>
⛨CL-13 Sabre Mk.4";
f-86_cl_13_mk4_italy_1;⛨Sabre Mk.4;
f-86_cl_13_mk4_italy_2;⛨Sabre;
f-86k_late_italy_shop;⛨F-86K;
f-86k_late_italy_0;"<color=#7b9fb5>North American Aviation</color>
⛨F-86K-NA Sabre Dog";
f-86k_late_italy_1;⛨F-86K;
f-86k_late_italy_2;⛨F-86;
f-104g_italy_shop;⛨F-104G;
f-104g_italy_0;"<color=#7b9fb5>Lockheed Corporation</color>
⛨F-104G Starfighter";
f-104g_italy_1;⛨F-104G;
f-104g_italy_2;⛨F-104;
f-104s_shop;⛨F-104S.CI;
f-104s_0;"<color=#7b9fb5>Aeritalia</color>
⛨F-104S Starfighter
<color=#c0c0c0>Caccia Intercettore</color>";
f-104s_1;⛨F-104S;
f-104s_2;⛨F-104;
f-104s_asa_shop;⛨F-104S.ASA;
f-104s_asa_0;"<color=#7b9fb5>Aeritalia</color>
⛨F-104S Starfighter
<color=#c0c0c0>Aggiornamento Sistema d’Arma</color>";
f-104s_asa_1;⛨F-104S;
f-104s_asa_2;⛨F-104;
f_16a_block_15_adf_italy_shop;⛨F-16A-15ADF;
f_16a_block_15_adf_italy_0;"<color=#7b9fb5>General Dynamics</color>
⛨F-16A-15G-CF Fighting Falcon
<color=#c0c0c0>Air Defense Fighter</color>";
f_16a_block_15_adf_italy_1;⛨F-16A;
f_16a_block_15_adf_italy_2;⛨F-16;
ef_2000a_shop;F-2000A;
ef_2000a_0;"<color=#7b9fb5>Eurofighter Jagdflugzeug GmbH</color>
F-2000A Typhoon
<color=#c0c0c0>Tranche 2 | Phase 3 Enhancement A</color>";
ef_2000a_1;F-2000A;
ef_2000a_2;F-2000;
ef_2000a_aesa_shop;F-2000A (P4E);
ef_2000a_aesa_0;"<color=#7b9fb5>Eurofighter Jagdflugzeug GmbH</color>
F-2000A Typhoon
<color=#c0c0c0>Tranche 4 | Phase 4 Enhancement</color>";
ef_2000a_aesa_1;F-2000A;
ef_2000a_aesa_2;F-2000;
cr_32_shop;C.R.32;
cr_32_0;"<color=#7b9fb5>Fiat Aviazione</color>
C.R.32";
cr_32_1;C.R.32;
cr_32_2;C.R.32;
cr_32_quater_shop;C.R.32quater;
cr_32_quater_0;"<color=#7b9fb5>Fiat Aviazione</color>
C.R.32quater";
cr_32_quater_1;C.R.32;
cr_32_quater_2;C.R.32;
fiat_cr42_italy_shop;C.R.42;
fiat_cr42_italy_0;"<color=#7b9fb5>Fiat Aviazione</color>
C.R.42 Falco";
fiat_cr42_italy_1;C.R.42;
fiat_cr42_italy_2;C.R.42;
fiat_g50_seria2_italy_shop;G.50/II;
fiat_g50_seria2_italy_0;"<color=#7b9fb5>Fiat Aviazione</color>
G.50 serie II Freccia";
fiat_g50_seria2_italy_1;G.50;
fiat_g50_seria2_italy_2;G.50;
fiat_g50_seria7as_italy_shop;G.50 AS/VII;
fiat_g50_seria7as_italy_0;"<color=#7b9fb5>Fiat Aviazione</color>
G.50 AS serie VII Freccia";
fiat_g50_seria7as_italy_1;G.50 AS;
fiat_g50_seria7as_italy_2;G.50;
mc200_serie3_italy_shop;C.200/III;
mc200_serie3_italy_0;"<color=#7b9fb5>Fiat Aviazione</color>
C.200 serie III Saetta";
mc200_serie3_italy_1;C.200;
mc200_serie3_italy_2;C.200;
mc200_serie7_italy_shop;C.200/VII;
mc200_serie7_italy_0;"<color=#7b9fb5>Fiat Aviazione</color>
C.200 serie VII Saetta";
mc200_serie7_italy_1;C.200;
mc200_serie7_italy_2;C.200;
mc-202_italy_shop;C.202/VII;
mc-202_italy_0;"<color=#7b9fb5>Aeronautical Macchi S.p.A.</color>
C.202 serie VII Folgore";
mc-202_italy_1;C.202;
mc-202_italy_2;C.202;
mc-205_serie1_shop;C.205V/I;
mc-205_serie1_0;"<color=#7b9fb5>Aeronautical Macchi S.p.A.</color>
C.205V serie I Veltro";
mc-205_serie1_1;C.205V;
mc-205_serie1_2;C.205;
mc-202_ec_shop;C.202EC/III;
mc-202_ec_0;"<color=#7b9fb5>Aeronautical Macchi S.p.A.</color>
C.202EC serie III Folgore";
mc-202_ec_1;C.202EC;
mc-202_ec_2;C.202;
mc-205_n2_shop;C.205N-2;
mc-205_n2_0;"<color=#7b9fb5>Aeronautical Macchi S.p.A.</color>
C.205N-2 Orione";
mc-205_n2_1;C.205N;
mc-205_n2_2;C.205;
mc-205_serie3_shop;C.205V/III;
mc-205_serie3_0;"<color=#7b9fb5>Aeronautical Macchi S.p.A.</color>
C.205 serie III Veltro";
mc-205_serie3_1;C.205;
mc-205_serie3_2;C.205;
bf-109g-14as_shop;⛨Bf 109 G-14/AS;
bf-109g-14as_0;"<color=#7b9fb5>Messerschmitt AG</color>
⛨Bf 109 G-14/AS";
bf-109g-14as_1;⛨Bf 109 G;
bf-109g-14as_2;⛨Bf 109;
fiat_g91_ps_shop;G.91;
fiat_g91_ps_0;"<color=#7b9fb5>Fiat Aviazione</color>
G.91 Preserie";
fiat_g91_ps_1;G.91;
fiat_g91_ps_2;G.91;
fiat_g91_r1_shop;G.91R/1;
fiat_g91_r1_0;"<color=#7b9fb5>Fiat Aviazione</color>
G.91R/1 Gina";
fiat_g91_r1_1;G.91R;
fiat_g91_r1_2;G.91;
sagittario_2_shop;Sagittario 2;
sagittario_2_0;"<color=#7b9fb5>Aerfer</color>
Sagittario 2";
sagittario_2_1;Sagittario 2;
sagittario_2_2;Sagittario 2;
fiat_g91_y_shop;G.91Y;
fiat_g91_y_0;"<color=#7b9fb5>Fiat Aviazione</color>
G.91Y Gina";
fiat_g91_y_1;G.91Y;
fiat_g91_y_2;G.91;
fiat_g91_ys_shop;G.91YS;
fiat_g91_ys_0;"<color=#7b9fb5>Fiat Aviazione</color>
G.91YS Gina";
fiat_g91_ys_1;G.91Y;
fiat_g91_ys_2;G.91;
amx_shop;A-11A;
amx_0;"<color=#7b9fb5>AMX International Ltd.</color>
A-11A Ghibli";
amx_1;A-11A;
amx_2;A-11;
tornado_adv_shop;⛨Tornado F.3;
tornado_adv_0;"<color=#7b9fb5>British Aerospace plc.</color>
⛨Tornado F. Mk.3
<color=#c0c0c0>Foxhunter Stage 2G</color>";
tornado_adv_1;⛨Tornado F.3;
tornado_adv_2;⛨Tornado;
ba_65_k14_l_shop;Ba.65 (K.14) L;
ba_65_k14_l_0;"<color=#7b9fb5>Società Italiana Ernesto Breda</color>
Ba.65 (K.14 f.c.) L";
ba_65_k14_l_1;Ba.65 (K.14) L;
ba_65_k14_l_2;Ba.65;
ju-87r-2_italy_shop;⛨Ju 87 R-2;
ju-87r-2_italy_0;"<color=#7b9fb5>Junkers Flugzeug- Und Motorenwerke AG</color>
⛨Ju 87 R-2 Stuka";
ju-87r-2_italy_1;⛨Ju 87 R;
ju-87r-2_italy_2;⛨Ju 87;
breda_88_shop;Ba.88/I;
breda_88_0;"<color=#7b9fb5>Società Italiana Ernesto Breda</color>
Ba.88 serie I Lince";
breda_88_1;Ba.88;
breda_88_2;Ba.88;
p_108a_serie2_shop;P.108A/II;
p_108a_serie2_0;"<color=#7b9fb5>Piaggio Aero Industries</color>
P.108A serie II";
p_108a_serie2_1;P.108A;
p_108a_serie2_2;P.108;
fc_20_bis_shop;F.C.20bis;
fc_20_bis_0;"<color=#7b9fb5>Construzioni Aeronautiche Novaresi S.A.</color>
F.C.20bis";
fc_20_bis_1;F.C.20bis;
fc_20_bis_2;F.C.20;
ju-87d-3_italy_shop;⛨Ju 87 D-3;
ju-87d-3_italy_0;"<color=#7b9fb5>Junkers Flugzeug- Und Motorenwerke AG</color>
⛨ Ju 87 D-3 Stuka";
ju-87d-3_italy_1;⛨Ju 87 D;
ju-87d-3_italy_2;⛨Ju 87;
sm_91_shop;S.M.91;
sm_91_0;"<color=#7b9fb5>Savoia-Marchetti</color>
S.M.91";
sm_91_1;S.M.91;
sm_91_2;S.M.91;
sm_92_shop;S.M.92;
sm_92_0;"<color=#7b9fb5>Savoia-Marchetti</color>
S.M.92";
sm_92_1;S.M.92;
sm_92_2;S.M.92;
p-47d_30_italy_shop;⛨F-47D-30;
p-47d_30_italy_0;"<color=#7b9fb5>Republic Aircraft Corporation</color>
⛨F-47D-30-RE Thunderbolt";
p-47d_30_italy_1;⛨F-47D;
p-47d_30_italy_2;⛨F-47;
mb_326k_shop;MB-326K;
mb_326k_0;"<color=#7b9fb5>Aermacchi</color>
MB-326K";
mb_326k_1;MB-326K;
mb_326k_2;MB-326;
f-84g_italy_shop;⛨F-84G-21;
f-84g_italy_0;"<color=#7b9fb5>Republic Aircraft Corporation</color>
⛨F-84G-21-RE Thunderjet";
f-84g_italy_1;⛨F-84G;
f-84g_italy_2;⛨F-84;
f-84f_italy_shop;⛨F-84F-66;
f-84f_italy_0;"<color=#7b9fb5>Republic Aircraft Corporation</color>
⛨F-84F-66-RE Thunderstreak";
f-84f_italy_1;⛨F-84F;
f-84f_italy_2;⛨F-84;
tornado_ids_it_shop;A-200A;
tornado_ids_it_0;"<color=#7b9fb5>Alenia Aeronautica</color>
A-200A Tornado IDS";
tornado_ids_it_1;A-200A;
tornado_ids_it_2;A-200;
tornado_ids_it_mod95_shop;A-200C (RET.6);
tornado_ids_it_mod95_0;"<color=#7b9fb5>Alenia Aeronautica</color>
A-200C Tornado IDS
<color=#c0c0c0>Mid-Life Update - Retro Enabling Task 6</color>";
tornado_ids_it_mod95_1;A-200C;
tornado_ids_it_mod95_2;A-200;
tornado_ids_it_ret8_shop;A-200C (RET.8);
tornado_ids_it_ret8_0;"<color=#7b9fb5>Alenia Aeronautica</color>
A-200C Tornado IDS
<color=#c0c0c0>Mid-Life Update - Retro Enabling Task 8</color>";
tornado_ids_it_ret8_1;A-200C;
tornado_ids_it_ret8_2;A-200;
av_8b_plus_italy_shop;⛨AV-8B+;
av_8b_plus_italy_0;"<color=#7b9fb5>McDonnell Douglas Corporation</color>
⛨AV-8B+-MC Harrier II";
av_8b_plus_italy_1;⛨AV-8B;
av_8b_plus_italy_2;⛨AV-8;
s_81_ar125_shop;S.81;
s_81_ar125_0;"<color=#7b9fb5>Savoia-Marchetti</color>
S.81 Pipistrello";
s_81_ar125_1;S.81;
s_81_ar125_2;S.81;
br_20_dr_shop;B.R.20DR;
br_20_dr_0;"<color=#7b9fb5>Fiat Aviazione</color>
B.R.20DR Cicogna";
br_20_dr_1;B.R.20DR;
br_20_dr_2;B.R.20;
br_20m_m1_shop;B.R.20M M1;
br_20m_m1_0;"<color=#7b9fb5>Fiat Aviazione</color>
B.R.20M M1 Cicogna";
br_20m_m1_1;B.R.20M;
br_20m_m1_2;B.R.20;
sm_79_1936_italy_shop;S.M.79-I/I;
sm_79_1936_italy_0;"<color=#7b9fb5>Savoia-Marchetti</color>
S.M.79 serie I Sparviero
<color=#c0c0c0>Modifica 1936</color>";
sm_79_1936_italy_1;S.M.79-I;
sm_79_1936_italy_2;S.M.79;
sm_79_1939_italy_shop;S.M.79-I/VIII;
sm_79_1939_italy_0;"<color=#7b9fb5>Savoia-Marchetti</color>
S.M.79 serie VIII Sparviero
<color=#c0c0c0>Modifica 1939</color>";
sm_79_1939_italy_1;S.M.79-I;
sm_79_1939_italy_2;S.M.79;
sm_79_1941_italy_shop;S.M.79 AS;
sm_79_1941_italy_0;"<color=#7b9fb5>Savoia-Marchetti</color>
S.M.79 AS Sparviero
<color=#c0c0c0>Modifica 1941</color>";
sm_79_1941_italy_1;S.M.79 AS;
sm_79_1941_italy_2;S.M.79;
sm_79_1943_italy_shop;S.M.79-III;
sm_79_1943_italy_0;"<color=#7b9fb5>Savoia-Marchetti</color>
S.M.79 serie III Sparviero
<color=#c0c0c0>Modifica 1943</color>";
sm_79_1943_italy_1;S.M.79;
sm_79_1943_italy_2;S.M.79;
z_1007_bis_serie3_shop;Z.1007bis/III;
z_1007_bis_serie3_0;"<color=#7b9fb5>Cantieri Aeronautici e Navali Triestini</color>
Z.1007bis serie III Alcione";
z_1007_bis_serie3_1;Z.1007bis;
z_1007_bis_serie3_2;Z.1007;
z_1007_bis_serie5_shop;Z.1007bis/V;
z_1007_bis_serie5_0;"<color=#7b9fb5>Cantieri Aeronautici e Navali Triestini</color>
Z.1007bis serie V Alcione";
z_1007_bis_serie5_1;Z.1007bis;
z_1007_bis_serie5_2;Z.1007;
p_108b_serie1_shop;P.108B/I;
p_108b_serie1_0;"<color=#7b9fb5>Piaggio Aero Industries</color>
P.108B serie I";
p_108b_serie1_1;P.108B;
p_108b_serie1_2;P.108;
p_108b_serie2_shop;P.108B/II;
p_108b_serie2_0;"<color=#7b9fb5>Piaggio Aero Industries</color>
P.108B serie II";
p_108b_serie2_1;P.108B;
p_108b_serie2_2;P.108;
m_346fa_shop;M-346FA;
m_346fa_0;"<color=#7b9fb5>Alenia Aeronautica & Aermacchi</color>
M-346FA Master";
m_346fa_1;M-346F;
m_346fa_2;M-346;
fiat_cr42_marcolin_italy_shop;Marcolin’s C.R.42 CN;
fiat_cr42_marcolin_italy_0;"<color=#7b9fb5>Fiat Aviazione</color>
C.R.42 CN
<color=#fcba03>Luciano Marcolin</color>";
fiat_cr42_marcolin_italy_1;C.R.42 CN;
fiat_cr42_marcolin_italy_2;C.R.42;
cr_32_bis_shop;C.R.32bis;
cr_32_bis_0;"<color=#7b9fb5>Fiat Aviazione</color>
C.R.32bis";
cr_32_bis_1;C.R.32bis;
cr_32_bis_2;C.R.32;
ba_65_a80_shop;Ba.65 (A.80);
ba_65_a80_0;"<color=#7b9fb5>Società Italiana Ernesto Breda</color>
Ba.65 (A.80 R.C.)";
ba_65_a80_1;Ba.65 (A.80);
ba_65_a80_2;Ba.65;
re_2001_serie1_ep_shop;Re.2001/I (22° Gruppo);
re_2001_serie1_ep_0;"<color=#7b9fb5>Officine Meccaniche Reggiane S.p.A.</color>
Re.2001 serie I Falco II
<color=#fcba03>22° Gruppo</color>";
re_2001_serie1_ep_1;Re.2001;
re_2001_serie1_ep_2;Re.2001;
ro_57_quadriarma_shop;Ro.57bis;
ro_57_quadriarma_0;"<color=#7b9fb5>Industrie Meccaniche e Aeronautiche Meridionali</color>
Ro.57bis";
ro_57_quadriarma_1;Ro.57bis;
ro_57_quadriarma_2;Ro.57;
mc-202_d_shop;C.202D;
mc-202_d_0;"<color=#7b9fb5>Aeronautical Macchi S.p.A.</color>
C.202D Folgore";
mc-202_d_1;C.202D;
mc-202_d_2;C.202;
spitfire_mk5b_italy_shop;⛨Spitfire Mk. Vb (Trop);
spitfire_mk5b_italy_0;"<color=#7b9fb5>Supermarine Aviation Works Ltd.</color>
⛨Spitfire Mk. Vb (Tropicalized)";
spitfire_mk5b_italy_1;⛨Spitfire Mk. V;
spitfire_mk5b_italy_2;⛨Spitfire;
g_55s_shop;G.55S;
g_55s_0;"<color=#7b9fb5>Fiat Aviazione</color>
G.55S Centauro";
g_55s_1;G.55S;
g_55s_2;G.55;
re_2005_vdm_shop;Re.2005 (MM.495);
re_2005_vdm_0;"<color=#7b9fb5>Officine Meccaniche Reggiane S.p.A.</color>
Re.2005 (MM.495)";
re_2005_vdm_1;Re.2005;
re_2005_vdm_2;Re.2005;
mb_326b_shop;MB-326B;
mb_326b_0;"<color=#7b9fb5>Aermacchi</color>
MB-326B";
mb_326b_1;MB-326B;
mb_326b_2;MB-326;
ariete_shop;Ariete;
ariete_0;"<color=#7b9fb5>Aerfer</color>
Ariete";
ariete_1;Ariete;
ariete_2;Ariete;
;;
;;
;;
<ITA Bluewater>;;
;;
it_destroyer_turbine_shop;Turbine;
it_destroyer_turbine_0;"<color=#7b9fb5>Cacciatorpediniere Classe Turbine</color>
Turbine
<color=#c0c0c0>1927 Refit</color>";
it_destroyer_turbine_1;Turbine;
it_destroyer_turbine_2;Turbine Class [DD];
it_destroyer_dardo_shop;Dardo;
it_destroyer_dardo_0;"<color=#7b9fb5>Cacciatorpediniere Classe Freccia</color>
Dardo
<color=#c0c0c0>1935 Refit</color>";
it_destroyer_dardo_1;Dardo;
it_destroyer_dardo_2;Freccia Class [DD];
it_destroyer_leone_class_shop;Leone;
it_destroyer_leone_class_0;"<color=#7b9fb5>Cacciatorpediniere Classe Leone</color>
Leone
<color=#c0c0c0>1938 Refit</color>";
it_destroyer_leone_class_1;Leone;
it_destroyer_leone_class_2;Leone Class [DD];
it_destroyer_soldati_serie1_camicianera_shop;Corazziere;
it_destroyer_soldati_serie1_camicianera_0;"<color=#7b9fb5>Cacciatorpediniere Classe Soldati</color>
Corazziere
<color=#c0c0c0>1943 Refit</color>";
it_destroyer_soldati_serie1_camicianera_1;Corazziere;
it_destroyer_soldati_serie1_camicianera_2;Soldati Class [DD];
it_destroyer_navigatori_class_verazzano_shop;Giovanni da Verrazzano;
it_destroyer_navigatori_class_verazzano_0;"<color=#7b9fb5>Cacciatorpediniere Classe Navigatori</color>
Giovanni da Verrazzano
<color=#c0c0c0>1940 Refit</color>";
it_destroyer_navigatori_class_verazzano_1;Giovanni da Verrazzano;
it_destroyer_navigatori_class_verazzano_2;Navigatori Class [DD];
it_cruiser_bartolomeocolleoni_1940_shop;Bartolomeo Colleoni;
it_cruiser_bartolomeocolleoni_1940_0;"<color=#7b9fb5>Incrociatore Leggero Classe Alberto da Guissano</color>
Bartolomeo Colleoni
<color=#c0c0c0>1932 Refit</color>";
it_cruiser_bartolomeocolleoni_1940_1;Bartolomeo Colleoni;
it_cruiser_bartolomeocolleoni_1940_2;Alberto da Guissano [CL];
it_cruiser_cadorna_class_diaz_shop;Armado Diaz;
it_cruiser_cadorna_class_diaz_0;"<color=#7b9fb5>Incrociatore Leggero Classe Cadorna</color>
Armando Diaz
<color=#c0c0c0>1938 Refit</color>";
it_cruiser_cadorna_class_diaz_1;Armando Diaz;
it_cruiser_cadorna_class_diaz_2;Cadorna Class [CL];
it_cruiser_montecuccoli_shop;Raimondo Montecuccoli;
it_cruiser_montecuccoli_0;"<color=#7b9fb5>Incrociatore Leggero Classe Raimondo Montecuccoli</color>
Raimondo Montecuccoli
<color=#c0c0c0>1943 Refit</color>";
it_cruiser_montecuccoli_1;Raimondo Montecuccoli;
it_cruiser_montecuccoli_2;Raimondo Montecuccoli Class [CL];
it_cruiser_eugenio_di_savoia_shop;Eugenio di Savoia;
it_cruiser_eugenio_di_savoia_0;"<color=#7b9fb5>Incrociatore Leggero Classe Eugenio di Savoia</color>
Eugenio di Savoia
<color=#c0c0c0>1943 Refit</color>";
it_cruiser_eugenio_di_savoia_1;Eugenio di Savoia;
it_cruiser_eugenio_di_savoia_2;Duca d’Aosta Class [CL];
it_cruiser_garibaldi_class_abruzzi_shop;Luigi di Savoia Duca degli Abruzzi;
it_cruiser_garibaldi_class_abruzzi_0;"<color=#7b9fb5>Incrociatore Leggero Classe Duca degli Abruzzi</color>
Luigi di Savoia Duca degli Abruzzi
<color=#c0c0c0>1944 Refit</color>";
it_cruiser_garibaldi_class_abruzzi_1;Luigi di Savoia Duca degli Abruzzi;
it_cruiser_garibaldi_class_abruzzi_2;Duca degli Abruzzi [CL];
it_battleship_dante_alighieri_shop;Dante Alighieri;
it_battleship_dante_alighieri_0;"<color=#7b9fb5>Navi da Battaglia</color>
Dante Alighieri
<color=#c0c0c0>1923 Refit</color>";
it_battleship_dante_alighieri_1;Dante Alighieri;
it_battleship_dante_alighieri_2;Dante Alighieri [BB];
it_battleship_francesco_caracciolo_shop;Francesco Caracciolo;
it_battleship_francesco_caracciolo_0;"<color=#7b9fb5>Navi da Battaglia Classe Francesco Caracciolo</color>
Francesco Caracciolo
<color=#c0c0c0>1920 Refit</color>";
it_battleship_francesco_caracciolo_1;Francesco Caracciolo;
it_battleship_francesco_caracciolo_2;Francesco Caracciolo [BB];
it_battleship_conte_di_cavour_shop;Conte di Cavour;
it_battleship_conte_di_cavour_0;"<color=#7b9fb5>Navi da Battaglia Classe Conte di Cavour</color>
Conte di Cavour
<color=#c0c0c0>1944 Refit</color>";
it_battleship_conte_di_cavour_1;Conte di Cavour;
it_battleship_conte_di_cavour_2;Conte di Cavour Class [BB];
it_battleship_littorio_class_roma_shop;Roma;
it_battleship_littorio_class_roma_0;"<color=#7b9fb5>Navi da Battaglia Classe Littorio</color>
Roma
<color=#c0c0c0>1943 Refit</color>";
it_battleship_littorio_class_roma_1;Roma;
it_battleship_littorio_class_roma_2;Littorio Class [BB];
it_destroyer_vifor_class_aquila_shop;Aquila;
it_destroyer_vifor_class_aquila_0;"<color=#7b9fb5>Cacciatorpediniere Classe Aquila</color>
Aquila
<color=#c0c0c0>1917 Refit</color>";
it_destroyer_vifor_class_aquila_1;Aquila;
it_destroyer_vifor_class_aquila_2;Aquila Class [DD];
it_destroyer_maestrale_class_grecale_shop;Grecale;
it_destroyer_maestrale_class_grecale_0;"<color=#7b9fb5>Cacciatorpediniere Classe Maestrale</color>
Grecale
<color=#c0c0c0>1949 Refit</color>";
it_destroyer_maestrale_class_grecale_1;Grecale;
it_destroyer_maestrale_class_grecale_2;Maestrale Class [DD];
it_destroyer_comandanti_medaglie_doro_shop;Comandante Margottini;
it_destroyer_comandanti_medaglie_doro_0;"<color=#7b9fb5>Cacciatorpediniere Classe Comandante Margottini</color>
Comandante Margottini";
it_destroyer_comandanti_medaglie_doro_1;Comandante Margottini;
it_destroyer_comandanti_medaglie_doro_2;Comandante Medaglie d’Oro Class [DD];
it_destroyer_impetuoso_class_impetuoso_shop;Impetuoso;
it_destroyer_impetuoso_class_impetuoso_0;"<color=#7b9fb5>Cacciatorpediniere Classe Indomino</color>
Impetuoso (D 558)
<color=#c0c0c0>1958 Refit</color>";
it_destroyer_impetuoso_class_impetuoso_1;Impetuoso;
it_destroyer_impetuoso_class_impetuoso_2;Indomito Class [DD];
it_cruiser_etna_class_shop;Etna;
it_cruiser_etna_class_0;"<color=#7b9fb5>Incrociatore Leggero Classe Etna</color>
Etna";
it_cruiser_etna_class_1;Etna;
it_cruiser_etna_class_2;Etna Class [CL];
it_cruiser_capitani_romani_class_attilio_regolo_shop;Attilio Regolo;
it_cruiser_capitani_romani_class_attilio_regolo_0;"<color=#7b9fb5>Incrociatore Leggero Classe Capitani Romani</color>
Attilio Regolo
<color=#c0c0c0>1942 Refit</color>";
it_cruiser_capitani_romani_class_attilio_regolo_1;Attilio Regolo;
it_cruiser_capitani_romani_class_attilio_regolo_2;Capitani Romani Class [CL];
it_cruiser_trento_shop;Trento;
it_cruiser_trento_0;"<color=#7b9fb5>Incrociatore Pesante Classe Trento</color>
Trento
<color=#c0c0c0>1942 Refit</color>";
it_cruiser_trento_1;Trento;
it_cruiser_trento_2;Trento Class [CA];
it_cruiser_bolzano_shop;Bolzano;
it_cruiser_bolzano_0;"<color=#7b9fb5>Incrociatore Pesante Classe Trento</color>
Bolzano
<color=#c0c0c0>1937 Refit</color>";
it_cruiser_bolzano_1;Bolzano;
it_cruiser_bolzano_2;Trento Class [CA];
it_cruiser_zara_class_shop;Zara;
it_cruiser_zara_class_0;"<color=#7b9fb5>Incrociatore Pesante Classe Zara</color>
Zara
<color=#c0c0c0>1941 Refit</color>";
it_cruiser_zara_class_1;Zara;
it_cruiser_zara_class_2;Zara Class [CA];
it_battleship_andrea_doria_shop;Andrea Doria;
it_battleship_andrea_doria_0;"<color=#7b9fb5>Navi da Battaglia Classe Andrea Doria</color>
Andrea Doria
<color=#c0c0c0>1930 Refit</color>";
it_battleship_andrea_doria_1;Andrea Doria;
it_battleship_andrea_doria_2;Andrea Doria Class [BB];
it_battleship_caio_duilio_shop;Duilio;
it_battleship_caio_duilio_0;"<color=#7b9fb5>Navi da Battaglia Classe Duilio</color>
Duilio
<color=#c0c0c0>1942 Refit</color>";
it_battleship_caio_duilio_1;Duilio;
it_battleship_caio_duilio_2;Duilio Class [BB];
it_battleship_littorio_class_littorio_shop;Italia;
it_battleship_littorio_class_littorio_0;"<color=#7b9fb5>Navi da Battaglia Classe Littorio</color>
Italia
<color=#c0c0c0>1943 Refit</color>";
it_battleship_littorio_class_littorio_1;Italia;
it_battleship_littorio_class_littorio_2;Littorio Class [BB];
it_destroyer_aquilone_shop;Aquilone;
it_destroyer_aquilone_0;"<color=#7b9fb5>Cacciatorpediniere Classe Turbine</color>
Aquilone
<color=#c0c0c0>1939 Refit</color>";
it_destroyer_aquilone_1;Aquilone;
it_destroyer_aquilone_2;Turbine Class [DD];
it_destroyer_fletcher_geniere_shop;Geniere (1972);
it_destroyer_fletcher_geniere_0;"<color=#7b9fb5>Cacciatorpediniere Classe Fante</color>
Geniere (D 555)
<color=#c0c0c0>1972 Refit</color>";
it_destroyer_fletcher_geniere_1;Geniere (1972);
it_destroyer_fletcher_geniere_2;Fante Class [DD];
it_destroyer_cadorna_class_cadorna_shop;Luigi Cadorna;
it_destroyer_cadorna_class_cadorna_0;"<color=#7b9fb5>Incrociatore Leggero Classe Luigi Cadorna</color>
Luigi Cadorna
<color=#c0c0c0>1944 Refit</color>";
it_destroyer_cadorna_class_cadorna_1;Luigi Cadorna;
it_destroyer_cadorna_class_cadorna_2;Condottiere Class [CL];
it_destroyer_leone_class_tigre_shop;Tigre;
it_destroyer_leone_class_tigre_0;"<color=#7b9fb5>Cacciatorpediniere Classe Leone</color>
Tigre
<color=#c0c0c0>1934 Refit</color>";
it_destroyer_leone_class_tigre_1;Tigre;
it_destroyer_leone_class_tigre_2;Leone Class [DD];
it_cruiser_zara_class_pola_shop;Pola;
it_cruiser_zara_class_pola_0;"<color=#7b9fb5>Incrociatore Pesante Classe Zara</color>
Pola
<color=#c0c0c0>1941 Refit</color>";
it_cruiser_zara_class_pola_1;Pola;
it_cruiser_zara_class_pola_2;Zara Class [CA];
it_battleship_leonardo_da_vinci_shop;Leonardo da Vinci;
it_battleship_leonardo_da_vinci_0;"<color=#7b9fb5>Navi da Battaglia Classe Conte di Cavour</color>
Leonardo da Vinci";
it_battleship_leonardo_da_vinci_1;Leonardo da Vinci;
it_battleship_leonardo_da_vinci_2;Conte di Cavour Class [BB];
it_destroyer_soldati_serie1_geniere_shop;Geniere (1942);
it_destroyer_soldati_serie1_geniere_0;"<color=#7b9fb5>Cacciatorpediniere Classe Soldati</color>
Geniere
<color=#c0c0c0>1942 Refit</color>";
it_destroyer_soldati_serie1_geniere_1;Geniere (1942);
it_destroyer_soldati_serie1_geniere_2;Soldati Class [DD];
it_destroyer_soldati_serie1_shop;Aviere;
it_destroyer_soldati_serie1_0;"<color=#7b9fb5>Cacciatorpediniere Classe Soldati</color>
Aviere
<color=#c0c0c0>1940 Refit</color>";
it_destroyer_soldati_serie1_1;Aviere;
it_destroyer_soldati_serie1_2;Soldati Class [DD];
it_destroyer_saetta_shop;Saetta;
it_destroyer_saetta_0;"<color=#7b9fb5>Cacciatorpediniere Classe Freccia</color>
Saetta
<color=#c0c0c0>1943 Refit</color>";
it_destroyer_saetta_1;Saetta;
it_destroyer_saetta_2;Freccia Class [DD];
it_destroyer_oriani_class_gioberti_shop;Vincenzo Gioberti;
it_destroyer_oriani_class_gioberti_0;"<color=#7b9fb5>Cacciatorpediniere Classe Alfredo Oriani</color>
Vincenzo Gioberti
<color=#c0c0c0>1942 Refit</color>";
it_destroyer_oriani_class_gioberti_1;Vincenzo Gioberti;
it_destroyer_oriani_class_gioberti_2;Alfredo Oriani Class [DD];
it_battleship_giulio_cesare_shop;Giulio Cesare;
it_battleship_giulio_cesare_0;"<color=#7b9fb5>Navi da Battaglia Classe Conte di Cavour</color>
Giulio Cesare";
it_battleship_giulio_cesare_1;Giulio Cesare;
it_battleship_giulio_cesare_2;Conte di Cavour Class [BB];
;;
;;
;;
<ITA Coastal>;;
;;
;;
;;
it_mas_classe500_3_1944_shop;MAS 561;
it_mas_classe500_3_1944_0;Motoscafo Armato Silurante, Classe 500, 3 Serie, MAS 561 (1944);
it_mas_classe500_3_1944_1;MAS 561;
it_mas_classe500_3_1944_2;Torpedo Boat;
it_vas_baglietto_68t_1serie_shop;VAS 201;
it_vas_baglietto_68t_1serie_0;Vedette Antisommergibili, Baglietto 68 t, 1 Serie, VAS 201;
it_vas_baglietto_68t_1serie_1;VAS 201;
it_vas_baglietto_68t_1serie_2;Torpedo Boat;
it_ms15_1a_shop;MS 15;
it_ms15_1a_0;Motosilurante, CRDA 60 t, 1 Serie, MS 15;
it_ms15_1a_1;MS 15;
it_ms15_1a_2;Torpedo Boat;
it_mas_stefano_turr_shop;Stefano Turr;
it_mas_stefano_turr_0;Motoscafo Armato Silurante, Stefano Turr;
it_mas_stefano_turr_1;Stefano Turr;
it_mas_stefano_turr_2;Torpedo Boat;
it_a1_vosper_shop;MS 461;
it_a1_vosper_0;Motosilurante, Vosper 72’6”, MS 461;
it_a1_vosper_1;MS 461;
it_a1_vosper_2;Torpedo Boat;
it_ms473_2a_shop;MS 472;
it_ms473_2a_0;Motosilurante, CRDA 60 t, MS 472;
it_ms473_2a_1;MS 472;
it_ms473_2a_2;Torpedo Boat;
it_mc490_folgore_shop;Folgore;
it_mc490_folgore_0;Motocannoniera Convertibile, Classe 490, Folgore (P 490);
it_mc490_folgore_1;Folgore;
it_mc490_folgore_2;Torpedo Boat;
it_mc492_baleno_shop;Baleno;
it_mc492_baleno_0;Motocannoniera Convertibile, Classe 492, Baleno (P 492);
it_mc492_baleno_1;Baleno;
it_mc492_baleno_2;Torpedo Boat;
it_alano_9851_shop;Alano;
it_alano_9851_0;Connoniera d’Appoggio Classe LSSL, Alano (L 9851);
it_alano_9851_1;Alano;
it_alano_9851_2;Gunboat;
it_cassiopea_p401_shop;Cassiopea;
it_cassiopea_p401_0;Cassiopea Class Gunboat, Cassiopea (P 401);
it_cassiopea_p401_1;Cassiopea;
it_cassiopea_p401_2;Gunboat;
it_p494_saetta_shop;Saetta;
it_p494_saetta_0;Mottocannoniere convertibili, Classe 591, Saetta (P 494);
it_p494_saetta_1;Saetta;
it_p494_saetta_2;Gunboat;
it_mas_classe500_3_shop;MAS 551;
it_mas_classe500_3_0;Motoscafo Armato Silurante, Clase 500, 3 Serie, MAS 551;
it_mas_classe500_3_1;MAS 551;
it_mas_classe500_3_2;Torpedo Boat;
it_mas_classe429_shop;MAS 429;
it_mas_classe429_0;Motoscafo Armato Silurante, Clase 427, MAS 429;
it_mas_classe429_1;MAS 429;
it_mas_classe429_2;Gunboat;
it_ms53_2a_shop;MS 53;
it_ms53_2a_0;Motosilurante, CRDA 60 t, 2 Serie, MS 53;
it_ms53_2a_1;MS 53;
it_ms53_2a_2;Torpedo Boat;
it_ms471_1a_shop;MV 611;
it_ms471_1a_0;Motovedetta, CRDA 60 t, MV 611;
it_ms471_1a_1;MV 611;
it_ms471_1a_2;Torpedo Boat;
it_mas441_shop;MAS 441;
it_mas441_0;Motoscafo Armato Silurante, Classe 400, MAS 441;
it_mas441_1;MAS 441;
it_mas441_2;Torpedo Boat;
it_ms473_2a_art_shop;MV 473;
it_ms473_2a_art_0;Motovedetta, CRDA 60 t, MV 473;
it_ms473_2a_art_1;MV 473;
it_ms473_2a_art_2;Torpedo Boat;
it_gabbiano_class_shop;Gabbiano;
it_gabbiano_class_0;Corvetta, Classe Gabbiano, Gabbiano (GB) (1946);
it_gabbiano_class_1;Gabbiano;
it_gabbiano_class_2;Gabbiano Class [FS];
it_ciclone_class_ghibli_shop;Ghibli;
it_ciclone_class_ghibli_0;Ciclone Class Destroyer Escort, Ghibli;
it_ciclone_class_ghibli_1;Ghibli;
it_ciclone_class_ghibli_2;Ciclone Class [DE];
it_albatros_class_f543_shop;Albatros;
it_albatros_class_f543_0;Corvetta, Classe Albatros, ITS Albatros (F 543);
it_albatros_class_f543_1;Albatros;
it_albatros_class_f543_2;Albatros Class [FS];
it_mas_classe500_4_shop;MAS 569;
it_mas_classe500_4_0;Motoscafo Armato Silurante, Classe 500, 4 Serie, MAS 569;
it_mas_classe500_4_1;MAS 569;
it_mas_classe500_4_2;Torpedo Boat;
it_mc_485_shop;MC 485;
it_mc_485_0;Schnellboot | MC 485;
it_mc_485_1;MC 485;
it_mc_485_2;Torpedo Boat;
it_gabbiano_class_c16_shop;Folaga;
it_gabbiano_class_c16_0;Corvetta, Classe Gabbiano, Golaga (F 576) (1953);
it_gabbiano_class_c16_1;Folaga;
it_gabbiano_class_c16_2;Gabbiano Class [FS];
it_p420_sparviero_shop;Sparviero;
it_p420_sparviero_0;Aliscafo Missilistico, Classe Sparviero, Sparviero (P 420);
it_p420_sparviero_1;Sparviero;
it_p420_sparviero_2;Gunboat;
it_albatros_class_f544_shop;Alcione;
it_albatros_class_f544_0;Corvetta, Classe Albatros, ITS Alcione (F 544);
it_albatros_class_f544_1;Alcione;
it_albatros_class_f544_2;Albatros Class [FS];
it_p493_freccia_shop;Freccia;
it_p493_freccia_0;Motocannoniera convertibili, Classe 590, Freccia (P 493);
it_p493_freccia_1;Freccia;
it_p493_freccia_2;Gunboat;
it_ms444_shop;MS 444;
it_ms444_0;Motosilurante, CRDA 60 t, MS 444;
it_ms444_1;MS 444;
it_ms444_2;Motor Torpedo Boat;
;;
;;
;;
<FRE Army>;;
;;
fr_amc_34_shop;AMC 34 (APX 1);
fr_amc_34_0;"Automitrailleuse de combat AMC 34
<color=#c0c0c0>avec tourelle APX 1</color>";
fr_amc_34_1;AMC 34 (APX 1);
fr_amc_34_2;Light Tank;
fr_amd_35_shop;AMD 35;
fr_amd_35_0;Automitrailleuse de découverte AMD 35;
fr_amd_35_1;AMD 35;
fr_amd_35_2;Armored Car;
fr_amc_35_shop;AMC 35;
fr_amc_35_0;Automitrailleuse de combat Renault AMC 35;
fr_amc_35_1;AMC 35;
fr_amc_35_2;Light Tank;
fr_amd_35_kwk39_shop;AMD 35 (KwK.39);
fr_amd_35_kwk39_0;"Automitrailleuse de découverte AMD 35
<color=#c0c0c0>avec 50mm KwK.39</color>";
fr_amd_35_kwk39_1;AMD 35 (KwK.39);
fr_amd_35_kwk39_2;Light Tank;
fr_crusader_mk_2_shop;☨Crusader Mk.II;
fr_crusader_mk_2_0;☨Char de cavaleire Crusader Mk.II;
fr_crusader_mk_2_1;☨Crusader Mk.II;
fr_crusader_mk_2_2;Light Tank;
fr_amx_13_fl_11_shop;Char 13t-75 (FL 11);
fr_amx_13_fl_11_0;"Char léger AMX de 13t-75
<color=#c0c0c0>avec tourelle FL 11 avec 75mm SA 49</color>";
fr_amx_13_fl_11_1;Char 13t-75 (FL 11);
fr_amx_13_fl_11_2;Light Tank;
fr_panhard_ebr_1951_shop;EBR 75 (FL 11);
fr_panhard_ebr_1951_0;"Engin Blindé de Reconnaissance Panhard EBR 75 type 1955-11
<color=#c0c0c0>avec tourelle FL 11 avec 75mm SA 49</color>";
fr_panhard_ebr_1951_1;EBR 75 (FL 11);
fr_panhard_ebr_1951_2;Armored Car;
fr_amx_13_75_shop;Char 13t-75;
fr_amx_13_75_0;"Char léger AMX de 13t-75 modèle 1951
<color=#c0c0c0>avec tourelle FL 10 avec 75mm CN75-50</color>";
fr_amx_13_75_1;Char 13t-75;
fr_amx_13_75_2;Light Tank;
fr_aml_90_shop;AML 90;
fr_aml_90_0;Automitrailleuse Légère AML 90;
fr_aml_90_1;AML 90;
fr_aml_90_2;Armored Car;
fr_amx_13_90_shop;Char 13t-90;
fr_amx_13_90_0;"Char léger AMX de 13t-90 modèle 1966
<color=#c0c0c0>avec tourelle FL 10 avec 90mm CN90 F3</color>";
fr_amx_13_90_1;Char 13t-90;
fr_amx_13_90_2;Light Tank;
fr_marder_df_105_shop;☨DF 105;
fr_marder_df_105_0;☨Marder DF 105;
fr_marder_df_105_1;☨DF 105;
fr_marder_df_105_2;Light Tank;
fr_mars_15_shop;MARS 15;
fr_mars_15_0;"MARS 15
<color=#c0c0c0>avec tourelle TS 90 avec 90mm F4</color>";
fr_mars_15_1;MARS 15;
fr_mars_15_2;Light Tank;
fr_amx_13_hot_shop;Char 13t-75 (HOT);
fr_amx_13_hot_0;"Char léger AMX de 13t-75 modèle 1951
<color=#c0c0c0>avec tourelle FL 10 avec 75mm CN75-50 et HOT</color>";
fr_amx_13_hot_1;Char 13t-75 (HOT);
fr_amx_13_hot_2;Light Tank;
fr_amx_10rc_shop;AMX 10 RC;
fr_amx_10rc_0;Engin blindé léger version AMX 10 Roues-Canon;
fr_amx_10rc_1;AMX 10 RC;
fr_amx_10rc_2;Armored Car;
fr_vextra_105_shop;Vextra 105;
fr_vextra_105_0;"Véhicule Extraordinaire 105
<color=#c0c0c0>modèle 1997</color>";
fr_vextra_105_1;Vextra 105;
fr_vextra_105_2;Armored Car;
fr_vbci_shop;VBCI VCI;
fr_vbci_0;"Véhicule Blindé de Combat d’Infanterie
Version Véhicule de Combat de l'Infanterie";
fr_vbci_1;VBCI VCI;
fr_vbci_2;Infantry Fighting Vehicle;
fr_hotchkiss_h35_shop;H 35;
fr_hotchkiss_h35_0;Char léger Hotchkiss modéle 1935 H;
fr_hotchkiss_h35_1;H 35;
fr_hotchkiss_h35_2;Light Tank;
fr_hotchkiss_h39_shop;H 39;
fr_hotchkiss_h39_0;Char léger Hotchkiss modéle 1935 H modifié 39;
fr_hotchkiss_h39_1;H 39;
fr_hotchkiss_h39_2;Light Tank;
fr_somua_s35_shop;S 35;
fr_somua_s35_0;Char de cavalerie SOMUA 1935 S;
fr_somua_s35_1;S 35;
fr_somua_s35_2;Medium Tank;
fr_m3a3_stuart_shop;☨Stuart Mk.V;
fr_m3a3_stuart_0;☨Char léger Stuart Mk.V;
fr_m3a3_stuart_1;☨Stuart Mk.V;
fr_m3a3_stuart_2;Light Tank;
fr_m4a1_sherman_shop;☨M4A1;
fr_m4a1_sherman_0;☨Char moyen M4A1 Sherman;
fr_m4a1_sherman_1;☨M4A1;
fr_m4a1_sherman_2;Medium Tank;
fr_m4a4_sherman_shop;☨M4A4;
fr_m4a4_sherman_0;☨Char moyen M4A4 Sherman;
fr_m4a4_sherman_1;☨M4A4;
fr_m4a4_sherman_2;Medium Tank;
fr_m4a4_cn_75_50_shop;M4A4T (SA 50);
fr_m4a4_cn_75_50_0;"Char moyen M4A4T de 75 v 1000°
<color=#c0c0c0>avec canon de 75mm SA 50</color>";
fr_m4a4_cn_75_50_1;M4A4T (SA 50);
fr_m4a4_cn_75_50_2;Medium Tank;
fr_m26_pershing_shop;☨M 26;
fr_m26_pershing_0;☨Char moyen type “Pershing” M 26;
fr_m26_pershing_1;☨M 26;
fr_m26_pershing_2;Medium Tank;
fr_lorraine_40t_shop;Char 40t;
fr_lorraine_40t_0;"Char de bataille Lorraine de 40 tonnes
<color=#c0c0c0>avec tourelle oscillant allégée de 100</color>";
fr_lorraine_40t_1;Char 40t;
fr_lorraine_40t_2;Medium Tank;
fr_bat_chat_25t_shop;Char 25t;
fr_bat_chat_25t_0;Batignolles-Chatillon Char de 25 tonnes;
fr_bat_chat_25t_1;Char 25t;
fr_bat_chat_25t_2;Light Tank;
fr_amx_30_1972_shop;AMX 30 B;
fr_amx_30_1972_0;Engin principal de combat AMX 30 B modèle 1972;
fr_amx_30_1972_1;AMX 30 B;
fr_amx_30_1972_2;Main Battle Tank;
fr_amx_30_b2_shop;AMX 30 B2;
fr_amx_30_b2_0;Engin principal de combat AMX 30 B2;
fr_amx_30_b2_1;AMX 30 B2;
fr_amx_30_b2_2;Main Battle Tank;
fr_amx_30_b2_brenus_shop;AMX 30 B2 Brenus;
fr_amx_30_b2_brenus_0;Engin principal de combat AMX 30 B2 Brenus;
fr_amx_30_b2_brenus_1;AMX 30 B2 Brenus;
fr_amx_30_b2_brenus_2;Main Battle Tank;
fr_msc_shop;Leclerc MSC;
fr_msc_0;"Engin principal de combat Leclerc Mulet Système Complet
<color=#7b9fb5>”Ares”</color>";
fr_msc_1;Leclerc MSC;
fr_msc_2;Main Battle Tank;
fr_leclerc_s1_shop;Leclerc S1;
fr_leclerc_s1_0;Char de combat Leclerc Série 1 T3;
fr_leclerc_s1_1;Leclerc S1;
fr_leclerc_s1_2;Main Battle Tank;
fr_leclerc_s2_shop;Leclerc S2;
fr_leclerc_s2_0;Char de combat Leclerc Série 2 T9;
fr_leclerc_s2_1;Leclerc S2;
fr_leclerc_s2_2;Main Battle Tank;
fr_leclerc_sxxi_shop;Leclerc SXXI;
fr_leclerc_sxxi_0;Char de combat Leclerc Série XXI T11;
fr_leclerc_sxxi_1;Leclerc SXXI;
fr_leclerc_sxxi_2;Main Battle Tank;
fr_leclerc_azur_shop;Leclerc S2 AZUR;
fr_leclerc_azur_0;"Char de combat Leclerc Série 2
<color=#c0c0c0>Action en Zone Urbaine</color>";
fr_leclerc_azur_1;Leclerc S2 AZUR;
fr_leclerc_azur_2;Main Battle Tank;
fr_fcm_36_shop;FCM 36;
fr_fcm_36_0;Char léger d’accompagnement FCM 36;
fr_fcm_36_1;FCM 36;
fr_fcm_36_2;Light Tank;
fr_renault_r39_shop;R 35 (SA 38);
fr_renault_r39_0;"Char léger d’accompagnement R 35
<color=#c0c0c0>avec canon de 37mm SA 35</color>";
fr_renault_r39_1;R 35 (SA 38);
fr_renault_r39_2;Light Tank;
fr_renault_d2_shop;D2;
fr_renault_d2_0;Char moyen D2;
fr_renault_d2_1;D2;
fr_renault_d2_2;Medium Tank;
fr_b1_bis_shop;B1 bis;
fr_b1_bis_0;Char de batallie Renault B1 bis;
fr_b1_bis_1;B1 bis;
fr_b1_bis_2;Heavy Tank;
fr_char_2c_shop;2C;
fr_char_2c_0;Char de bataille 2C de FCM;
fr_char_2c_1;2C;
fr_char_2c_2;Heavy Tank;
fr_arl_44_acl1_shop;ARL 44 (ACL 1);
fr_arl_44_acl1_0;"Char de transition ARL 44
<color=#c0c0c0>avec tourelle ACL 1</color>";
fr_arl_44_acl1_1;ARL 44 (ACL 1);
fr_arl_44_acl1_2;Heavy Tank;
fr_m4a3e2_sherman_jumbo_shop;☨M4A3E2;
fr_m4a3e2_sherman_jumbo_0;☨Char d’assaut M4A3E2;
fr_m4a3e2_sherman_jumbo_1;☨M4A3E2;
fr_m4a3e2_sherman_jumbo_2;Assault Tank;
fr_amx_m4_shop;AMX M 4 Mle.49;
fr_amx_m4_0;"Char M 4 de AMX modèle 1949
<color=#c0c0c0>avec tourelle oscillant de 90</color>";
fr_amx_m4_1;AMX M 4 Mle.49;
fr_amx_m4_2;Medium Tank;
fr_amx_50_shop;Char 50t (T.O.A. 100);
fr_amx_50_0;"Char moyen de 50 tonnes AMX
<color=#c0c0c0>avec tourelle oscillant allégée de 100</color>";
fr_amx_50_1;Char 50t (T.O.A. 100);
fr_amx_50_2;Medium Tank;
fr_amx_50_surbaisse_shop;Char 50t B;
fr_amx_50_surbaisse_0;"Char moyen de 50 tonnes AMX Surbaissé
<color=#c0c0c0>avec tourelle oscillant basse de 120</color>";
fr_amx_50_surbaisse_1;Char 50t B;
fr_amx_50_surbaisse_2;Heavy Tank;
fr_amx_32_105_shop;AMX 32 (P1);
fr_amx_32_105_0;"Engin principal de combat AMX 32
<color=#c0c0c0>Prototype 1</color>";
fr_amx_32_105_1;AMX 32 (P1);
fr_amx_32_105_2;Main Battle Tank;
fr_amx_32_shop;AMX 32 (P2);
fr_amx_32_0;"Engin principal de combat AMX 32
<color=#c0c0c0>Prototype 2</color>";
fr_amx_32_1;AMX 32 (P2);
fr_amx_32_2;Main Battle Tank;
fr_amx_40_shop;AMX 40 (P4);
fr_amx_40_0;"Engin principal de combat AMX 40
<color=#c0c0c0>Prototype 4</color>";
fr_amx_40_1;AMX 40 (P4);
fr_amx_40_2;Main Battle Tank;
fr_embt_shop;☨EMBT;
fr_embt_0;"☨European Main Battle Tank
<color=#c0c0c0>Eurosatory 2018</color>";
fr_embt_1;☨EMBT;
fr_embt_2;Main Battle Tank;
fr_citroen_kegresse_p4t_shop;P.7.T. AA;
fr_citroen_kegresse_p4t_0;Citroen Kegresse P.7.T.;
fr_citroen_kegresse_p4t_1;P.7.T. AA;
fr_citroen_kegresse_p4t_2;SPAA;
fr_cckw_353_bofors_shop;CCKW 353 (Bofors);
fr_cckw_353_bofors_0;"Truck, 2½-Ton, 6x6, GMC CCKW 353
<color=#c0c0c0>avec canon de 40mm Bofors L/60</color>";
fr_cckw_353_bofors_1;CCKW 353 (Bofors);
fr_cckw_353_bofors_2;SPAA;
fr_amx_vtt_dca_shop;AMX VTT (M45);
fr_amx_vtt_dca_0;"Véhicule transport de troupe chenille modèle 1956
<color=#c0c0c0>avec tourelle M45C</color>";
fr_amx_vtt_dca_1;AMX VTT (M45);
fr_amx_vtt_dca_2;SPAA;
fr_amx_13_dca_40_shop;AMX 13t-DCA 40;
fr_amx_13_dca_40_0;"Char AMX 13t-DCA 40
<color=#c0c0c0>avec tourelle S 980 avec 40mm Bofors</color>";
fr_amx_13_dca_40_1;AMX 13t-DCA 40;
fr_amx_13_dca_40_2;SPAA;
fr_tpk_641_vpc_shop;TPK 6.41 VPC;
fr_tpk_641_vpc_0;ACMAT TPK 6.41 VPC;
fr_tpk_641_vpc_1;TPK 6.41 VPC;
fr_tkp_641_vpc_2;SPAA;
fr_amx_10p_shop;AMX 10 P;
fr_amx_10p_0;Véhicule combat d’Infanterie AMX 10 P;
fr_amx_10p_1;AMX 10 P;
fr_amx_10p_2;SPAA;
fr_amx_30_dca_shop;AMX 30 SA;
fr_amx_30_dca_0;"AMX 30 SA bitube de 30 mm
<color=#c0c0c0>avec tourelle S 401 A</color>";
fr_amx_30_dca_1;AMX 30 SA;
fr_amx_30_dca_2;SPAA;
fr_vab_santal_shop;VDAA SANTAL;
fr_vab_santal_0;"Véhicule de Défense Anti-Aérienne,
Systeme Anti-aerien Autonome Leger";
fr_vab_santal_1;VDAA SANTAL;
fr_vab_santal_2;SAM;
fr_amx_30_roland_shop;AMX 30 Roland I;
fr_amx_30_roland_0;Système d'arme Roland I monté sur châssis AMX 30;
fr_amx_30_roland_1;AMX 30 Roland I;
fr_amx_30_roland_2;SAM;
fr_crotale_ng_shop;☨XA-181 (ito. m/90-M);
fr_crotale_ng_0;"<color=#c8a5b2>Ps.477</color>
☨XA-181
<color=#c0c0c0>ilmatorjuntaohjus m/90-M</color>";
fr_crotale_ng_1;☨XA-181 (ito. m/90-M);
fr_crotale_ng_2;SAM;
fr_samp_t_fcs_shop;Kerax 460 (MRI);
fr_samp_t_fcs_0;"Kerax 460
Sol-Air Moyenne Portée/Terrestre Mamba
<color=#c0c0c0>Module Radar Multifoncution et IFF</color>";
fr_samp_t_fcs_1;Kerax 460 (MRI);
fr_samp_t_fcs_2;Radar Vehicle;
fr_samp_t_launcher_shop;Kerax 460 (MLT);
fr_samp_t_launcher_0;"Kerax 460
Sol-Air Motenne Portée/Terrestre Mamba
<color=#c0c0c0>Module de Lancement Terrestre</color>";
fr_samp_t_launcher_1;Kerax 460 (MLT);
fr_samp_t_launcher_2;SAM;
fr_amr_35_zt3_shop;AMR 35 ZT 3;
fr_amr_35_zt3_0;Automitrailleuse de Reconnaissance AMR 35 ZT 3;
fr_amr_35_zt3_1;AMR 35 ZT 3;
fr_amr_35_zt3_2;Tank Destroyer;
fr_lorraine_37l_shop;TRC 37 L;
fr_lorraine_37l_0;Tracteur de ravitaillement pour chars 1937 L;
fr_lorraine_37l_1;TRC 37 L;
fr_lorraine_37l_2;Tank Destroyer;
fr_somua_sau40_shop;SAu 40;
fr_somua_sau40_0;Canon Automoteur de 75mm SAu 40;
fr_somua_sau40_1;SAu 40;
fr_somua_sau40_2;Tank Destroyer;
fr_m4a3_105_sherman_shop;☨M4A3(105);
fr_m4a3_105_sherman_0;☨Char moyen M4A3(105) Sherman;
fr_m4a3_105_sherman_1;☨M4A3(105);
fr_m4a3_105_sherman_2;Medium Tank;
fr_m10_shop;☨CA M10;
fr_m10_0;☨Canon automoteur M10;
fr_m10_1;☨CA M10;
fr_m10_2;Tank Destroyer;
fr_arl_44_shop;ARL 44;
fr_arl_44_0;Char de transition ARL 44;
fr_arl_44_1;ARL 44;
fr_arl_44_2;Tank Destroyer;
fr_m36b2_cefeo_shop;☨CA M36B2;
fr_m36b2_cefeo_0;☨Canon automoteur M36B2;
fr_m36b2_cefeo_1;☨CA M36B2;
fr_m36b2_cefeo_2;Tank Destroyer;
fr_lorraine_100_shop;CA 100;
fr_lorraine_100_0;Canon d’assaut Lorraine de 100 mm;
fr_lorraine_100_1;CA 100;
fr_lorraine_100_2;Tank Destroyer;
fr_amx_elc_bis_shop;ELC bis;
fr_amx_elc_bis_0;"Engin léger de Combat bis
<color=#c0c0c0>avec tourelle-casemate de 90</color>";
fr_amx_elc_bis_1;ELC bis;
fr_amx_elc_bis_2;Light Tank;
fr_amx_30_auf_1_shop;CN 155 AuF1 H;
fr_amx_30_auf_1_0;Canon de 155mm Automoteur Modèle F1 H;
fr_amx_30_auf_1_1;CN 155 AuF1 H;
fr_amx_30_auf_1_2;Tank Destroyer;
fr_amx_10m_acra_shop;AMX 10 M;
fr_amx_10m_acra_0;Véhicule de Combat Anti-Char AMX 10 M;
fr_amx_10m_acra_1;AMX 10 M;
fr_amx_10m_acra_2;Missile Carrier;
fr_amx_50_foch_shop;CA 120;
fr_amx_50_foch_0;Canon automoteur AMX de 120 mm Foch;
fr_amx_50_foch_1;CA 120;
fr_amx_50_foch_2;Tank Destroyer;
fr_amx_30_ACRA_shop;AMX 30 (T 142);
fr_amx_30_ACRA_0;"Engin principal de combat AMX 30
<color=#c0c0c0>avec tourelle T 142</color>";
fr_amx_30_ACRA_1;AMX 30 (T 142);
fr_amx_30_ACRA_2;Medium Tank;
fr_vcac_mephisto_shop;VCAC MEPHISTO;
fr_vcac_mephisto_0;"Véhicule de Combat Anti-Char, Module Élévateur
Panoramique HOT Installé sur Tourelle Orientable";
fr_vcac_mephisto_1;VCAC MEPHISTO;
fr_vcac_mephisto_2;Missile Carrier;
fr_jaguar_ebrc_shop;Jaguar;
fr_jaguar_ebrc_0;Engin Blindé de Reconnaissance et de Combat Jaguar;
fr_jaguar_ebrc_1;Jaguar;
fr_jaguar_ebrc_2;Infantry Fighting Vehicle;
fr_saint_chamond_shop;St. Chamond;
fr_saint_chamond_0;Char d’assaut Saint Chamond modèle 1918;
fr_saint_chamond_1;St. Chamond;
fr_saint_chamond_2;Medium Tank;
fr_hotchkiss_h39_cambronne_shop;H 39 (14e BCC);
fr_hotchkiss_h39_cambronne_0;"Char léger Hotchkiss modéle 1935 modifié 39
<color=#7b9fb5>Cambronne</color>
<color=#fcba03>14e BCC</color>";
fr_hotchkiss_h39_cambronne_1;H 39 (14e BCC);
fr_hotchkiss_h39_cambronne_2;Light Tank;
fr_amd_35_sa35_shop;AMD 35 (SA 35);
fr_amd_35_sa35_0;"Automitrailleuse de découverte AMD 35
<color=#c0c0c0>avec tourelle Renault avec 47mm SA 35</color>";
fr_amd_35_sa35_1;AMD 35 (SA 35);
fr_amd_35_sa35_2;Armored Car;
fr_char_2c_bis_shop;2C bis;
fr_char_2c_bis_0;Char de bataille 2C bis de FCM;
fr_char_2c_bis_1;2C bis;
fr_char_2c_bis_2;Heavy Tank;
fr_b1_ter_shop;B1 ter;
fr_b1_ter_0;Char de bataille Renault B1 №101 modifié ter;
fr_b1_ter_1;B1 ter;
fr_b1_ter_2;Heavy Tank;
fr_lvt_bofors_shop;☨LVT(A)(4) (Bofors);
fr_lvt_bofors_0;"☨Landing Vehicle, Tracked (Armored) (Mk.4)
<color=#c0c0c0>avec canon de 40mm Bofors L/60</color>";
fr_lvt_bofors_1;☨LVT(A)(4) (Bofors);
fr_lvt_bofors_2;Light Tank;
fr_amx_13_chaffee_shop;Char 13t-75 (M24);
fr_amx_13_chaffee_0;"Char léger AMX de 13t-75 modèle 1951
<color=#c0c0c0>avec tourelle M24</color>";
fr_amx_13_chaffee_1;Char 13t-75 (M24);
fr_amx_13_chaffee_2;Light Tank;
fr_m4a1_sherman_fl_10_shop;M4A1 (FL 10);
fr_m4a1_sherman_fl_10_0;"Char moyen M4A1 Sherman de 75 v 1000°
<color=#c0c0c0>avec tourelle FL 10 avec 75mm SA 50</color>";
fr_m4a1_sherman_fl_10_1;M4A1 (FL 10);
fr_m4a1_sherman_fl_10_2;Medium Tank;
fr_arl_44_mod_shop;Bayard;
fr_arl_44_mod_0;"Char de transition ARL 44
<color=#7b9fb5>Bayard</color>";
fr_arl_44_mod_1;Bayard;
fr_arl_44_mod_2;Heavy Tank;
fr_pzkpfw_V_panther_dauphine_shop;☨Panther G (Besnier);
fr_pzkpfw_V_panther_dauphine_0;"☨Char Panther Mle. G
<color=#7b9fb5>Dauphiné</color>
<color=#fcba03>Escadron Autonome do Chars Besnier</color>";
fr_pzkpfw_V_panther_dauphine_1;☨Panther G (Besnier);
fr_pzkpfw_V_panther_dauphine_2;Medium Tank;
fr_panhard_ebr_1954_shop;EBR 75 (FL 10);
fr_panhard_ebr_1954_0;"Engin Blindé de Reconnaissance Panhard E.B.R 75 type 1955-10
<color=#c0c0c0>tourelle FL 10 avec 75mm SA 50</color>";
fr_panhard_ebr_1954_1;EBR 75 (FL 10);
fr_panhard_ebr_1954_2;Armored Car;
fr_amx_13_75_ss11_shop;Char 13t-75 (SS 11);
fr_amx_13_75_ss11_0;"Char léger de AMX 13t-75 modèle 1951
<color=#c0c0c0>avec tourelle FL 10 avec 75mm CN75-50 et SS 11</color>";
fr_amx_13_75_ss11_1;Char 13t-75 (SS 11);
fr_amx_13_75_ss11_2;Light Tank;
fr_somua_sm_shop;SM;
fr_somua_sm_0;"Char moyen SOMUA SM
<color=#c0c0c0>avec tourelle oscillant de 100</color>";
fr_somua_sm_1;SM;
fr_somua_sm_2;Heavy Tank;
fr_panhard_ebr_1963_shop;EBR 90 F1;
fr_panhard_ebr_1963_0;"Engin Blindé de Reconnaissance Panhard EBR 90 modèle F1
<color=#c0c0c0>avec tourelle FL 11 avec 90mm F1</color>";
fr_panhard_ebr_1963_1;EBR Mle.63;
fr_panhard_ebr_1963_2;Armored Car;
fr_m46_patton_shop;☨M 46;
fr_m46_patton_0;☨Char moyen type “Patton” M 46;
fr_m46_patton_1;☨M 46;
fr_m46_patton_2;Medium Tank;
fr_amx_30_shop;AMX 30;
fr_amx_30_0;Engin principal de combat AMX 30 modèle 1967;
fr_amx_30_1;AMX 30;
fr_amx_30_2;Medium Tank;
fr_marder_clovis_shop;☨Clovis;
fr_marder_clovis_0;"☨Clovis Combat Vehicle
<color=#c0c0c0>avec tourelle FL 20</color>";
fr_marder_clovis_1;☨Clovis;
fr_marder_clovis_2;Light Tank;
fr_amx_50_surblinde_shop;Char 70t;
fr_amx_50_surblinde_0;"Char moyen de 70 tonnes AMX Surblindé
<color=#c0c0c0>avec tourelle oscillant allégée de 120</color>";
fr_amx_50_surblinde_1;Char 70t;
fr_amx_50_surblinde_2;Heavy Tank;
fr_amx_50_1950_shop;Char 50t (T.O. 90);
fr_amx_50_1950_0;"Char moyen de 50 tonnes AMX
<color=#c0c0c0>avec tourelle oscillant de 90/930</color>";
fr_amx_50_1950_1;Char 50t (T.O. 90);
fr_amx_50_1950_2;Medium Tank;
fr_amx_30_super_shop;Super AMX 30;
fr_amx_30_super_0;Engin principal de combat Super AMX 30;
fr_amx_30_super_1;Super AMX 30;
fr_amx_30_super_2;Main Battle Tank;
fr_vbci2_mct30_shop;VBCI 2 (MCT-30);
fr_vbci2_mct30_0;"Véhicule Blindé de Combat d’Infanterie 2
<color=#c0c0c0>avec tourelle MCT-30</color>";
fr_vbci2_mct30_1;VBCI 2 (MCT-30);
fr_vbci_mct30_22;Infantry Fighting Vehicle;
fr_lorraine_155_shop;Lorraine 155 Mle.50;
fr_lorraine_155_0;Lorraine automoteur de 155 mm modèle 1950;
fr_lorraine_155_1;Lorraine 155 Mle.50;
fr_lorraine_155_2;Self-Propelled Gun;
fr_amx_elc_901_shop;ELC (TC 901);
fr_amx_elc_901_0;"Engin léger de Combat bis
<color=#c0c0c0>avec tourelle-casemate de 901</color>";
fr_amx_elc_901_1;ELC (TC 901);
fr_amx_elc_901_2;Light Tank;
;;
;;
;;
<FRE Helicopter>;;
;;
h_34_france_shop;☨H-34;
h_34_france_0;"<color=#7b9fb5>Sikorsky Aviation Corporation</color>
☨H-34 Choctaw";
h_34_france_1;☨H-34;
h_34_france_2;☨H-34;
sa_313b_france_shop;SE.313B;
sa_313b_france_0;"<color=#7b9fb5>Société nationale de constructions aéronautiques Sud Aviation</color>
SE.313B Alouette II";
sa_313b_france_1;SE.313B;
sa_313b_france_2;SE.313;
sa_316b_shop;SA.316B;
sa_316b_0;"<color=#7b9fb5>Société nationale de constructions aéronautiques Sud Aviation</color>
SA.316B Alouette III";
sa_316b_1;SA.316B;
sa_316b_2;SA.316;
sa_341f_shop;SA.341F;
sa_341f_0;"<color=#7b9fb5>Société Nationale Industrielle Aérospatiale</color>
SA.341F Gazelle";
sa_341f_1;SA.341F;
sa_341f_2;SA.341;
sa_342m_shop;SA.342M;
sa_342m_0;"<color=#7b9fb5>Société Nationale Industrielle Aérospatiale</color>
SA.342M Gazelle";
sa_342m_1;SA.342M;
sa_342m_2;SA.342;
tiger_had_france_shop;EC665 HAD B1;
tiger_had_france_0;"<color=#7b9fb5>Eurocopter A.S.</color>
EC665 Tigre Hélicoptère d’Appui Destruction
<color=#c0c0c0>Block 1</color>";
tiger_had_france_1;EC665 HAD;
tiger_had_france_2;EC665;
tiger_hac_france_shop;EC665 HAC;
tiger_hac_france_0;"<color=#7b9fb5>Eurocopter A.S.</color>
EC665 Tigre Hélicoptère Anti Char";
tiger_hac_france_1;EC665 HAC;
tiger_hac_france_2;EC665;
tiger_had_block2_france_shop;EC665 HAD B2;
tiger_had_block2_france_0;"<color=#7b9fb5>Eurocopter A.S.</color>
EC665 Tigre Hélicoptère d’Appui Destruction
<color=#c0c0c0>Block 2</color>";
tiger_had_block2_france_1;EC665 HAD;
tiger_had_block2_france_2;EC665;
tiger_hap_france_shop;EC665 HAP;
tiger_hap_france_0;"<color=#7b9fb5>Eurocopter A.S.</color>
EC665 Tigre Hélicoptère d’Appui Protection";
tiger_hap_france_1;EC665 HAP;
tiger_hap_france_2;EC665;
;;
;;
;;
<FRE Aviation>;;
;;
d_371_shop;D.371;
d_371_0;"<color=#7b9fb5>Société Aéronautique Française (Avions Dewoitine)</color>
D.371";
d_371_1;D.371;
d_371_2;D.371;
d_373_shop;D.373;
d_373_0;"<color=#7b9fb5>Société Aéronautique Française (Avions Dewoitine)</color>
D.373";
d_373_1;D.373;
d_373_2;D.373;
caudron_cr714_shop;CR.714-C1;
caudron_cr714_0;"<color=#7b9fb5>Société des Avions Caudron / Société Renault Frères</color>
CR.714-C1";
caudron_cr714_1;CR.714-C;
caudron_cr714_2;CR.714;
ms_405c1_shop;M.S.405-C1;
ms_405c1_0;"<color=#7b9fb5>Aéroplanes Morane-Saulnier</color>
M.S.405-C1";
ms_405c1_1;M.S.405-C;
ms_405c1_2;M.S.405;
ms_406c1_shop;M.S.406-C1;
ms_406c1_0;"<color=#7b9fb5>Aéroplanes Morane-Saulnier</color>
M.S.406-C1";
ms_406c1_1;M.S.406-C;
ms_406c1_2;M.S.406;
ms_410c1_shop;M.S.410-C1;
ms_410c1_0;"<color=#7b9fb5>Aéroplanes Morane-Saulnier</color>
M.S.410-C1";
ms_410c1_1;M.S.410-C;
ms_410c1_2;M.S.410;
vg_33_shop;VG 33-C1;
vg_33_0;"<color=#7b9fb5>Arsenal de l'Aéronautique</color>
VG 33-C1";
vg_33_1;VG 33-C;
vg_33_2;VG 33;
d_520_france_shop;D.520;
d_520_france_0;"<color=#7b9fb5>Société Aéronautique Française (Avions Dewoitine)</color>
D.520";
d_520_france_1;D.520;
d_520_france_2;D.520;
vb_10c1_shop;VB 10-C1;
vb_10c1_0;"<color=#7b9fb5>Arsenal de l'Aéronautique</color>
VB 10-C1";
vb_10c1_2;VB 10-C;
vb_10c1_2;VB.10;
vb_10_02_shop;VB 10-02;
vb_10_02_0;"<color=#7b9fb5>Arsenal de l'Aéronautique</color>
VB 10C-02";
vb_10_02_1;VB 10;
vb_10_02_2;VB 10;
seafire_mk3_france_shop;☨Seafire L.F. IIIc;
seafire_mk3_france_0;"<color=#7b9fb5>Supermarine Aviation Works Ltd.</color>
☨Seafire L.F. Mk. IIIc";
seafire_mk3_france_1;☨Seafire L.F. III;
seafire_mk3_france_2;☨Seafire;
md_450b_ouragan_shop;Ouragan;
md_450b_ouragan_0;"<color=#7b9fb5>Avions Marcel Dassault</color>
M.D.450B Ouragan";
md_450b_ouragan_1;Ouragan;
md_450b_ouragan_2;Ouragan;
md_450b_barougan_shop;Barougan;
md_450b_barougan_0;"<color=#7b9fb5>Avions Marcel Dassault</color>
M.D.450B Barougan";
md_450b_barougan_1;Barougan;
md_450b_barougan_2;Barougan;
md_452_mystere_2a_shop;Mystère II A;
md_452_mystere_2a_0;"<color=#7b9fb5>Avions Marcel Dassault</color>
M.D.452 Mystère II A";
md_452_mystere_2a_1;Mystère II;
md_452_mystere_2a_2;Mystère;
md_452_mystere_2c_preproduction_shop;Mystère II C;
md_452_mystere_2c_preproduction_0;"<color=#7b9fb5>Avions Marcel Dassault</color>
M.D.452 Mystère II C";
md_452_mystere_2c_preproduction_1;Mystère II;
md_452_mystere_2c_preproduction_2;Mystère;
md_454_mystere_4a_shop;Mystère IV A;
md_454_mystere_4a_0;"<color=#7b9fb5>Avions Marcel Dassault</color>
M.D.454 Mystère IV A";
md_454_mystere_4a_1;Mystère IV;
md_454_mystere_4a_2;Mystère;
md_460_shop;Super Mystère B2;
md_460_0;"<color=#7b9fb5>Avions Marcel Dassault</color>
Super Mystère B2";
md_460_1;Super Mystère B;
md_460_2;Super Mystère;
mirage_3c_shop;Mirage III C;
mirage_3c_0;"<color=#7b9fb5>Avions Marcel Dassault</color>
Mirage III C";
mirage_3c_1;Mirage III;
mirage_3c_2;Mirage;
mirage_3e_shop;Mirage III E;
mirage_3e_0;"<color=#7b9fb5>Avions Marcel Dassault</color>
Mirage III E";
mirage_3e_1;Mirage III;
mirage_3e_2;Mirage;
mirage_f1c_shop;Mirage F1 C;
mirage_f1c_0;"<color=#7b9fb5>Avions Marcel Dassault-Bréguet Aviation</color>
Mirage F1 C";
mirage_f1c_1;Mirage F1;
mirage_f1c_2;Mirage;
mirage_2000c_s5_shop;Mirage 2000 C S5;
mirage_2000c_s5_0;"<color=#7b9fb5>Avions Marcel Dassault-Bréguet Aviation</color>
Mirage 2000 C S5";
mirage_2000c_s5_1;Mirage 2000;
mirage_2000c_s5_2;Mirage;
mirage_2000_5f_shop;Mirage 2000-5 Mk.2;
mirage_2000_5f_0;"<color=#7b9fb5>Dassault Aviation SA</color>
Mirage 2000-5 Mk.2";
mirage_2000_5f_1;Mirage 2000;
mirage_2000_5f_2;Mirage;
rafale_c_f3_shop;Rafale C (F3R);
rafale_c_f3_0;"<color=#7b9fb5>Dassault Aviation SA</color>
Rafale C
<color=#c0c0c0>F3R Standard</color>";
rafale_c_f3_1;Rafale C;
rafale_c_f3_2;Rafale;
d_500_shop;D.500;
d_500_0;"<color=#7b9fb5>Société Aéronautique Française (Avions Dewoitine)</color>
D.500";
d_500_1;D.500;
d_500_2;D.500;
d_501_shop;D.501;
d_501_0;"<color=#7b9fb5>Société Aéronautique Française (Avions Dewoitine)</color>
D.501";
d_501_1;D.501;
d_501_2;D.501;
h-75a-1_france_shop;☨H75-C1 (1ère série);
h-75a-1_france_0;"<color=#7b9fb5>Curtiss-Wright Corporation</color>
☨H75-C1 Hawk
<color=#c0c0c0>1ère série</color>";
h-75a-1_france_1;☨H75-C;
h-75a-1_france_2;☨H75;
h-75a-4_france_shop;☨H75-C1 (4ère série);
h-75a-4_france_0;"<color=#7b9fb5>Curtiss-Wright Corporation</color>
☨H75-C1 Hawk
<color=#c0c0c0>4ère série</color>";
h-75a-4_france_1;☨H75-C;
h-75a-4_france_2;☨H75;
potez_630_shop;Potez 630.01;
potez_630_0;"<color=#7b9fb5>Société nationale des constructions aéronautiques du Nord</color>
Potez 630.01";
potez_630_1;Potez 630;
potez_630_2;Potez;
potez_631_shop;Potez 631.01;
potez_631_0;"<color=#7b9fb5>Société nationale des constructions aéronautiques du Nord</color>
Potez 631.01";
potez_631_1;Potez 631;
potez_631_2;Potez;
f6f-5_france_shop;☨F6F-5;
f6f-5_france_0;"<color=#7b9fb5>Grumman Aircraft Engineering Corporation</color>
☨F6F-5 Hellcat";
f6f-5_france_1;☨F6F-5;
f6f-5_france_2;☨F6F;
mb_157_shop;M.B.157-C1;
mb_157_0;"<color=#7b9fb5>Société des Avions Marcel Bloch</color>
M.B.157-C1";
mb_157_1;M.B.157-C;
mb_157_2;M.B.157;
p-63c-5_france_shop;☨P-63C-5;
p-63c-5_france_0;"<color=#7b9fb5>Bell Aircraft Corporation</color>
☨P-63C-5-BE Kingcobra";
p-63c-5_france_1;☨P-63C;
p-63c-5_france_2;☨P-63;
f6f-5n_france_shop;☨F6F-5N;
f6f-5n_france_0;"<color=#7b9fb5>Grumman Aircraft Engineering Corporation</color>
☨F6F-5N Hellcat";
f6f-5n_france_1;☨F6F-5;
f6f-5n_france_2;☨F6F;
f8f1b_france_shop;☨F8F-1B;
f8f1b_france_0;"<color=#7b9fb5>Grumman Aircraft Engineering Corporation</color>
☨F8F-1B Bearcat";
f8f1b_france_1;☨F8F-1;
f8f1b_france_2;☨F8F;
so_4050_vautour_2n_late_shop;Vautour II N (32A);
so_4050_vautour_2n_late_0;"<color=#7b9fb5>Société nationale des constructions aéronautiques du Sud-Ouest</color>
S.O.4050 Vautour II N
<color=#c0c0c0>DRAC-32A</color>";
so_4050_vautour_2n_late_1;Vautour II;
so_4050_vautour_2n_late_2;Vautour;
f-86k_late_shop;☨F-86K;
f-86k_late_0;"<color=#7b9fb5>North American Aviation</color>
☨F-86K-NA Sabre Dog";
f-86k_late_1;☨F-86K;
f-86k_late_2;☨F-86;
alpha_jet_e_shop;☨Alpha Jet E;
alpha_jet_e_0;"<color=#7b9fb5>Avions Marcel Dassault-Bréguet Aviation</color>
☨Alpha Jet E";
alpha_jet_e_1;☨Alpha Jet E;
alpha_jet_e_2;☨Alpha Jet;
f-8e_fn_shop;☨F-8E(FN);
f-8e_fn_0;"<color=#7b9fb5>Chance Vought</color>
☨F-8E(FN)-CV Crusader II";
f-8e_fn_1;☨F-8E;
f-8e_fn_2;☨F-8;
mirage_4000_shop;Mirage 4000;
mirage_4000_0;"<color=#7b9fb5>Dassault Aviation SA</color>
Mirage 4000";
mirage_4000_1;Mirage 4000;
mirage_4000_2;Mirage;
rafale_m_f3r_shop;Rafale M (F3R);
rafale_m_f3r_0;"<color=#7b9fb5>Dassault Aviation SA</color>
Rafale M
<color=#c0c0c0>F3R Standard</color>";
rafale_m_f3r_1;Rafale M;
rafale_m_f3r_2;Rafale;
v_156_f_shop;☨V-156F-3;
v_156_f_0;"<color=#7b9fb5>Chance Vought</color>
☨V-156F-3 Vindicator";
v_156_f_1;☨V-156F;
v_156_f_2;☨V-156;
br_693_ab2_shop;Br.693AB2;
br_693_ab2_0;"<color=#7b9fb5>Société anonyme des ateliers d'aviation Louis Bréguet</color>
Br.693AB2";
br_693_ab2_1;Br.693AB;
br_693_ab2_2;Br.693;
a-35b_shop;☨A-35B;
a-35b_0;"<color=#7b9fb5>Vultee Aircraft Inc.</color>
☨A-35B Vengeance";
a-35b_1;☨A-35B;
a-35b_2;☨A-35;
mb_175t_shop;M.B.175T;
mb_175t_0;"<color=#7b9fb5>Société des Avions Marcel Bloch</color>
M.B.175T";
mb_175t_1;M.B.175T;
mb_175t_2;M.B.175;
sb2c_5_france_shop;☨SB2C-5;
sb2c_5_france_0;"<color=#7b9fb5>Curtiss-Wright Corporation</color>
☨SB2C-5 Helldiver";
sb2c_5_france_1;☨SB2C-5;
sb2c_5_france_2;☨SB2C;
douglas_ad_4_france_shop;☨AD-4;
douglas_ad_4_france_0;"<color=#7b9fb5>Douglas Aircraft Company</color>
☨AD-4 Skyraider";
douglas_ad_4_france_1;☨AD-4;
douglas_ad_4_france_2;☨AD-4;
f4u-7_shop;☨F4U-7;
f4u-7_0;"<color=#7b9fb5>Chance Vought</color>
☨F4U-7 Corsair";
f4u-7_1;☨F4U-7;
f4u-7_2;☨F4U;
f-84g_france_shop;☨F-84G-26;
f-84g_france_0;"<color=#7b9fb5>Republic Aircraft Corporation</color>
☨F-84G-26-RE Thunderjet";
f-84g_france_1;☨F-84G;
f-84g_france_2;☨F-84;
se_203_shop;Aquilon 203;
se_203_0;"<color=#7b9fb5>Société nationale de constructions aéronautiques Sud Aviation</color>
Aquilon 203";
se_203_1;Aquilon 203;
se_203_2;Aquilon;
f-84f_france_shop;☨F-84F-51;
f-84f_france_0;"<color=#7b9fb5>Republic Aircraft Corporation</color>
☨F-84F-51-RE Thunderstreak";
f-84f_france_1;☨F-84F;
f-84f_france_2;☨F-84;
f-100d_france_shop;☨F-100D-10;
f-100d_france_0;"<color=#7b9fb5>North American Aviation</color>
☨F-100D-10-NA Super Sabre";
f-100d_france_1;☨F-100D;
f-100d_france_2;☨F-100;
mirage_5f_shop;Mirage 5 F;
mirage_5f_0;"<color=#7b9fb5>Avions Marcel Dassault</color>
Mirage 5 F";
mirage_5f_1;Mirage 5;
mirage_5f_2;Mirage;
mirage_f1ct_shop;Mirage F1 CT;
mirage_f1ct_0;"<color=#7b9fb5>Avions Marcel Dassault-Bréguet Aviation</color>
Mirage F1 CT";
mirage_f1ct_1;Mirage F1;
mirage_f1ct_2;Mirage;
potez_633_shop;Potez 633.01;
potez_633_0;"<color=#7b9fb5>Société nationale des constructions aéronautiques du Nord</color>
Potez 633.01";
potez_633_1;Potez 633;
potez_633_2;Potez;
f_222_2_shop;F.222.2-BN5;
f_222_2_0;"<color=#7b9fb5>Avions Farman</color>
F.222.2-BN5";
f_222_2_1;F.222.2;
f_222_2_2;F.222;
maryland_mk1_france_shop;☨Martin 167A-3;
maryland_mk1_france_0;"<color=#7b9fb5>Martin Company</color>
☨Model 167A-3";
maryland_mk1_france_1;☨Martin 167A;
maryland_mk1_france_2;☨Martin 167;
mb_174_a3_shop;M.B.174A-3;
mb_174_a3_0;"<color=#7b9fb5>Société des Avions Marcel Bloch</color>
M.B.174A-3";
mb_174_a3_1;M.B.174A;
mb_174_a3_2;M.B.174;
nc_223_3_shop;N.C.223.3;
nc_223_3_0;"<color=#7b9fb5>Société Nationale de Constructions Aéronautiques du Centre</color>
N.C.223.3";
nc_223_3_1;N.C.223;
nc_223_3_2;N.C.223;
leo_451_early_shop;LeO 451 (E);
leo_451_early_0;"<color=#7b9fb5>Lioré-et-Olivier</color>
LeO 451
<color=#c0c0c0>Early Modification</color>";
leo_451_early_1;LeO 451;
leo_451_early_2;LeO 451;
leo_451_late_shop;LeO 451 (L);
leo_451_late_0;"<color=#7b9fb5>Lioré-et-Olivier</color>
LeO 451
<color=#c0c0c0>Late Modification</color>";
leo_451_late_1;LeO 451;
leo_451_late_2;LeO 451;
b_26c_france_shop;☨B-26C-15;
b_26c_france_0;"<color=#7b9fb5>Martin Company</color>
☨B-26C-15-MA Marauder";
b_26c_france_1;☨B-26C;
b_26c_france_2;☨B-26;
mb_162_shop;M.B.162.01;
mb_162_0;"<color=#7b9fb5>Société des Avions Marcel Bloch</color>
M.B.162.01";
mb_162_1;M.B.162;
mb_162_2;M.B.162;
pb4y-2_france_shop;☨PB4Y-2S;
pb4y-2_france_0;"<color=#7b9fb5>Consolidated Aircraft Corporation</color>
☨ PB4Y-2S Privater";
pb4y-2_france_1;☨PB4Y-2;
pb4y-2_france_2;☨PB4Y;
lancaster_mr7_france_shop;☨Lancaster M.R. 7;
lancaster_mr7_france_0;"<color=#7b9fb5>Avro</color>
☨Lancaster M.R. Mk. 7";
lancaster_mr7_france_1;☨Lancaster M.R. 7;
lancaster_mr7_france_2;☨Lancaster;
so_4050_vautour_2b_shop;Vautour II B;
so_4050_vautour_2b_0;"<color=#7b9fb5>Société nationale des constructions aéronautiques du Sud-Ouest</color>
S.O.4050 Vautour II B";
so_4050_vautour_2b_1;Vautour II;
so_4050_vautour_2b_2;Vautour;
so_4050_vautour_2a_shop;Vautour II A;
so_4050_vautour_2a_0;"<color=#7b9fb5>Société nationale des constructions aéronautiques du Sud-Ouest</color>
S.O.4050 Vautour II A";
so_4050_vautour_2a_1;Vautour II;
so_4050_vautour_2a_2;Vautour;
etndard_4m_shop;Étendard IV M;
etndard_4m_0;"<color=#7b9fb5>Avions Marcel Dassault</color>
Étendard IV M";
etndard_4m_1;Étendard IV;
etndard_4m_2;Étendard;
super_etendard_97_shop;Super Étendard;
super_etendard_97_0;"<color=#7b9fb5>Avions Marcel Dassault-Bréguet Aviation</color>
Super Étendard Modernisé
<color=#c0c0c0>Standard 4</color>";
super_etendard_97_1;Super Étendard;
super_etendard_97_2;Étendard;
jaguar_a_shop;Jaguar A;
jaguar_a_0;"<color=#7b9fb5>Avions Marcel Dassault-Bréguet Aviation</color>
Jaguar A";
jaguar_a_1;Jaguar A;
jaguar_a_2;Jaguar;
mirage_2000d_r1_shop;Mirage 2000 D R1;
mirage_2000d_r1_0;"<color=#7b9fb5>Dassault Aviation SA</color>
Mirage 2000 D R1";
mirage_2000d_r1_1;Mirage 2000;
mirage_2000d_r1_2;Mirage;
d_510_shop;Pallier’s D.510;
d_510_0;"<color=#7b9fb5>Société Aéronautique Française (Avions Dewoitine)</color>
Gabriel Pallier’s D.510";
d_510_1;D.510;
d_510_2;D.510;
late_298d_shop;Laté 298D;
late_298d_0;"<color=#7b9fb5>Groupe Latécoère</color>
Laté 298D";
late_298d_1;Laté 298D;
late_298d_2;Laté 298;
pby-5a_late_france_shop;☨PBY-5A;
pby-5a_late_france_0;"<color=#7b9fb5>Consolidated Aircraft Corporation</color>
☨PBY-5A Catalina";
pby-5a_late_france_1;☨PBY-5;
pby-5a_late_france_2;☨PBY;
d_371_hs9_shop;D.371 H.S.9;
d_371_hs9_0;"<color=#7b9fb5>Société Aéronautique Française (Avions Dewoitine)</color>
D.371 H.S.9";
d_371_hs9_1;D.371;
d_371_hs9_2;D.371;
p-40f-5_france_ep_shop;☨P-40F-5;
p-40f-5_france_ep_0;"<color=#7b9fb5>Curtiss-Wright Corporation</color>
☨P-40F-5-CU Lafayette";
p-40f-5_france_ep_1;☨P-40F;
p-40f-5_france_ep_2;☨P-40;
mb_151c1_shop;M.B.151-C1;
mb_151c1_0;"<color=#7b9fb5>Société des Avions Marcel Bloch</color>
M.B.151-C1";
mb_151c1_1;M.B.151-C;
mb_151c1_2;M.B.151;
mb_152c1_shop;M.B.152-C1;
mb_152c1_0;"<color=#7b9fb5>Société des Avions Marcel Bloch</color>
M.B.152-C1";
mb_152c1_1;M.B.152-C;
mb_152c1_2;M.B.152;
p-47d_22_re_france_shop;☨P-47D-22;
p-47d_22_re_france_0;"<color=#7b9fb5>Republic Aircraft Corporation</color>
☨P-47D-22-RE Thunderbolt";
p-47d_22_re_france_1;☨P-47D;
p-47d_22_re_france_2;☨P-47;
p-39q_25_france_shop;☨P-39Q-25;
p-39q_25_france_0;"<color=#7b9fb5>Bell Aircraft Corporation</color>
☨P-39Q-25-BE Airacobra";
p-39q_25_france_1;☨P-39Q;
p-39q_25_france_2;☨P-39;
yak-9t_france_shop;Challe’s ☨Yak-9T;
yak-9t_france_0;"<color=#7b9fb5>Yakovlev Design Bureau | OKB-115</color>
☨Yak-9T
<color=#fcba03>René Challe</color>";
yak-9t_france_1;☨Yak-9T;
yak-9t_france_2;☨Yak-9;
p-51c-10_france_shop;☨F-6C-10;
p-51c-10_france_0;"<color=#7b9fb5>North American Aviation</color>
☨F-6C-10-NT Mustang";
p-51c-10_france_1;☨F-6C;
p-51c-10_france_2;☨F-6;
yak-3_france_shop;☨Yak-3;
yak-3_france_0;"<color=#7b9fb5>Yakovlev Design Bureau | OKB-115</color>
☨Yak-3";
yak-3_france_1;☨Yak-3;
yak-3_france_2;☨Yak-3;
so_8000_narval_shop;Narval;
so_8000_narval_0;"<color=#7b9fb5>Société nationale des constructions aéronautiques du Sud-Ouest</color>
S.O.8000 Narval";
so_8000_narval_1;Narval;
so_8000_narval_2;Narval;
fw-190a-8_france_shop;N.C.900 A8;
fw-190a-8_france_0;"<color=#7b9fb5>Société Nationale de Constructions Aéronautiques du Centre</color>
N.C.900 Type A8";
fw-190a-8_france_1;N.C.900 A;
fw-190a-8_france_2;N.C.900;
douglas_ad_4na_france_shop;☨AD-4NA;
douglas_ad_4na_france_0;"<color=#7b9fb5>Douglas Aircraft Company</color>
☨AD-4NA Skyraider";
douglas_ad_4na_france_1;☨AD-4NA;
douglas_ad_4na_france_2;☨AD-4;
mirage_milan_shop;Milan S;
mirage_milan_0;"<color=#7b9fb5>Avions Marcel Dassault</color>
Milan S 01";
mirage_milan_1;Milan S;
mirage_milan_2;Milan;
so_4050_vautour_2a_iaf_shop;Vautour II A;
so_4050_vautour_2a_iaf_0;"<color=#7b9fb5>Société nationale des constructions aéronautiques du Sud-Ouest</color>
S.O.4050 Vautour II A";
so_4050_vautour_2a_iaf_1;Vautour II;
so_4050_vautour_2a_iaf_2;Vautour;
mirage_f1c_200_shop;Mirage F1 C-200;
mirage_f1c_200_0;"<color=#7b9fb5>Avions Marcel Dassault-Bréguet Aviation</color>
Mirage F1 C-200";
mirage_f1c_200_1;Mirage F1;
mirage_f1c_200_2;Mirage;
jaguar_e_shop;Jaguar E;
jaguar_e_0;"<color=#7b9fb5>Avions Marcel Dassault-Bréguet Aviation</color>
Jaguar E";
jaguar_e_1;Jaguar E;
jaguar_e_2;Jaguar;
mirage_2000c_s4_shop;Mirage 2000 C S4;
mirage_2000c_s4_0;"<color=#7b9fb5>Avions Marcel Dassault-Bréguet Aviation</color>
Mirage 2000 C S4";
mirage_2000c_s4_1;Mirage 2000;
mirage_2000c_s4_2;Mirage;
f-84f_iaf_shop;F-84F-51;
f-84f_iaf_0;"<color=#7b9fb5>Republic Aircraft Corporation</color>
F-84F-51-GK Thunderstreak";
f-84f_iaf_1;F-84F;
f-84f_iaf_2;F-84;
so_4050_vautour_2n_shop;Vautour II N (25A);
so_4050_vautour_2n_0;"<color=#7b9fb5>Société nationale des constructions aéronautiques du Sud-Ouest</color>
S.O.4050 Vautour II N
<color=#c0c0c0>DRAC-25A</color>";
so_4050_vautour_2n_1;Vautour II;
so_4050_vautour_2n_2;Vautour;
md_460_yt_cup_2019_shop;␙Super Mystère B2;
md_460_yt_cup_2019_0;"<color=#7b9fb5>Avions Marcel Dassault</color>
␙Super Mystère B2";
md_460_yt_cup_2019_1;␙Super Mystère B;
md_460_yt_cup_2019_2;␙Super Mystère;
mirage_2000d_rmv_shop;Mirage 2000 D RMV;
mirage_2000d_rmv_0;"<color=#7b9fb5>Dassault Aviation SA</color>
Mirage 2000 D RMV";
mirage_2000d_rmv_1;Mirage 2000;
mirage_2000d_rmv_2;Mirage;
;;
;;
;;
<FRE Bluewater>;;
;;
fr_destroyer_bourrasque_class_bourrasque_shop;Bourrasque;
fr_destroyer_bourrasque_class_bourrasque_0;"<color=#7b9fb5>Contre-Torpilleur de Classe Bourrasque</color>
Bourassque (T 41)
<color=#c0c0c0>1939 Refit</color>";
fr_destroyer_bourrasque_class_bourrasque_1;Bourrasque;
fr_destroyer_bourrasque_class_bourrasque_2;Bourrasque Class [DD];
fr_destroyer_hunt_3series_shop;La Combattante;
fr_destroyer_hunt_3series_0;"<color=#7b9fb5>Contre-Torpilleur de Classe Hunt (Type III)</color>
La Combattante (L 19)
<color=#c0c0c0>1944 Refit</color>";
fr_destroyer_hunt_3series_1;La Combattante;
fr_destroyer_hunt_3series_2;Hunt Class [DD];
fr_destroyer_aigle_class_vautour_shop;Vautour;
fr_destroyer_aigle_class_vautour_0;"<color=#7b9fb5>Contre-Torpilleur de Classe Aigle</color>
Vautour (X 71)
<color=#c0c0c0>1931 Refit</color>";
fr_destroyer_aigle_class_vautour_1;Vautour;
fr_destroyer_aigle_class_vautour_2;Aigle Class [DD];
fr_destroyer_vauquelin_class_vauquelin_shop;Vauquelin;
fr_destroyer_vauquelin_class_vauquelin_0;"<color=#7b9fb5>Contre-Torpilleur de Classe Vauquelin</color>
Vauquelin (X 53)
<color=#c0c0c0>1941 Refit</color>";
fr_destroyer_vauquelin_class_vauquelin_1;Vauquelin;
fr_destroyer_vauquelin_class_vauquelin_2;Vauquelin Class [DD];
fr_cruiser_chateaurenault_class_guichen_shop;Guichen;
fr_cruiser_chateaurenault_class_guichen_0;"<color=#7b9fb5>Contre-Torpilleur de Classe Chateaurenault</color>
Guichen (D 607)
<color=#c0c0c0>1955 Refit</color>";
fr_cruiser_chateaurenault_class_guichen_1;Guichen;
fr_cruiser_chateaurenault_class_guichen_2;Chateaurenault Class [DD];
fr_destroyer_le_fantasque_class_le_malin_shop;Le Malin;
fr_destroyer_le_fantasque_class_le_malin_0;"<color=#7b9fb5>Contre-Torpilleur de Classe Le Fantasque</color>
Le Malin (X 82)
<color=#c0c0c0>1943 Refit</color>";
fr_destroyer_le_fantasque_class_le_malin_1;Le Malin;
fr_destroyer_le_fantasque_class_le_malin_2;Le Fantasque Class [DD];
fr_cruiser_dugauy_class_primaguet_shop;Primauguet;
fr_cruiser_dugauy_class_primaguet_0;"<color=#7b9fb5>Croiseur Léger de Classe Duguay-Trouin</color>
Primauguet
<color=#c0c0c0>1940 Refit</color>";
fr_cruiser_dugauy_class_primaguet_1;Primauguet;
fr_cruiser_dugauy_class_primaguet_2;Duguay-Trouin Class [CL];
fr_cruiser_suffren_class_colbert_shop;Colbert;
fr_cruiser_suffren_class_colbert_0;"<color=#7b9fb5>Croiseur Lourd de Classe Suffren</color>
Colbert
<color=#c0c0c0>1942 Refit</color>";
fr_cruiser_suffren_class_colbert_1;Colbert;
fr_cruiser_suffren_class_colbert_2;Suffren Class [CA];
fr_cruiser_suffren_class_suffren_shop;Suffren;
fr_cruiser_suffren_class_suffren_0;"<color=#7b9fb5>Croiseur Lourd de Classe Suffren</color>
Suffren
<color=#c0c0c0>1945 Refit</color>";
fr_cruiser_suffren_class_suffren_1;Suffren;
fr_cruiser_suffren_class_suffren_2;Suffren Class [CA];
fr_battleship_courbet_class_paris_shop;Paris;
fr_battleship_courbet_class_paris_0;"<color=#7b9fb5>Cuirassé de Classe Courbet</color>
Paris
<color=#c0c0c0>1939 Refit</color>";
fr_battleship_courbet_class_paris_1;Paris;
fr_battleship_courbet_class_paris_2;Courbet Class [BB];
fr_battleship_bretagne_class_lorraine_shop;Lorraine;
fr_battleship_bretagne_class_lorraine_0;"<color=#7b9fb5>Cuirassé de Classe Bretagne</color>
Lorraine
<color=#c0c0c0>1944 Refit</color>";
fr_battleship_bretagne_class_lorraine_1;Lorraine;
fr_battleship_bretagne_class_lorraine_2;Bretagne Class [BB];
fr_battleship_dunkerque_shop;Dunkerque;
fr_battleship_dunkerque_0;"<color=#7b9fb5>Cuirassé de Classe Dunkerque</color>
Dunkerque
<color=#c0c0c0>1939 Refit</color>";
fr_battleship_dunkerque_1;Dunkerque;
fr_battleship_dunkerque_2;Dunkerque Class [BB];
fr_battleship_richelieu_class_richelieu_shop;Richelieu;
fr_battleship_richelieu_class_richelieu_0;"<color=#7b9fb5>Cuirassé de Classe Richelieu</color>
Richelieu
<color=#c0c0c0>1943 Refit</color>";
fr_battleship_richelieu_class_richelieu_1;Richelieu;
fr_battleship_richelieu_class_richelieu_2;Richelieu Class [BB];
fr_destroyer_jaguar_class_leopard_shop;Léopard;
fr_destroyer_jaguar_class_leopard_0;"<color=#7b9fb5>Contre-Torpilleur de Classe Jaguar</color>
Léopard (X 22)
<color=#c0c0c0>1942 Refit</color>";
fr_destroyer_jaguar_class_leopard_1;Léopard;
fr_destroyer_jaguar_class_leopard_2;Jaguar Class [DD];
fr_destroyer_jaguar_class_chacal_shop;Chacal;
fr_destroyer_jaguar_class_chacal_0;"<color=#7b9fb5>Contre-Torpilleur de Classe Jaguar</color>
Chacal (X 23)
<color=#c0c0c0>1938 Refit</color>";
fr_destroyer_jaguar_class_chacal_1;Chacal;
fr_destroyer_jaguar_class_chacal_2;Jaguar Class [DD];
fr_destroyer_desaix_class_kleber_shop;Kléber;
fr_destroyer_desaix_class_kleber_0;"<color=#7b9fb5>Contre-Torpilleur de Classe Desaix</color>
Kléber (D 602)";
fr_destroyer_desaix_class_kleber_1;Kléber;
fr_destroyer_desaix_class_kleber_2;Desaix Class [DD];
fr_destroyer_aigle_class_milan_shop;Milan;
fr_destroyer_aigle_class_milan_0;"<color=#7b9fb5>Contre-Torpilleur de Classe Aigle</color>
Milan (X 111)
<color=#c0c0c0>1942 Refit</color>";
fr_destroyer_aigle_class_milan_1;Milan;
fr_destroyer_aigle_class_milan_2;Aigle Class [DD];
fr_destroyer_marceau_class_marceau_shop;Marceau;
fr_destroyer_marceau_class_marceau_0;"Contre-Torpilleur de Classe Typ 1936A (Mob)</color>
Marceau (D 601)
<color=#c0c0c0>1950 Refit</color>";
fr_destroyer_marceau_class_marceau_1;Marceau;
fr_destroyer_marceau_class_marceau_2;Type 1936A Class [DD];
fr_destroyer_mogador_class_mogador_shop;Mogador;
fr_destroyer_mogador_class_mogador_0;"<color=#7b9fb5>Contre-Torpilleur de Classe Mogador</color>
Mogador (X 61)
<color=#c0c0c0>1940 Refit</color>";
fr_destroyer_mogador_class_mogador_1;Mogador;
fr_destroyer_mogador_class_mogador_2;Mogador Class [DD];
fr_cruiser_jeanne_darc_shop;Jeanne d’Arc;
fr_cruiser_jeanne_darc_0;"<color=#7b9fb5>Croiseur Léger</color>
Jeanne d’Arc
<color=#c0c0c0>1942 Refit</color>";
fr_cruiser_jeanne_darc_1;Jeanne d’Arc;
fr_cruiser_jeanne_darc_2;Jeanne d’Arc [CL];
fr_cruiser_emile_bertin_shop;Émile Bertin;
fr_cruiser_emile_bertin_0;"<color=#7b9fb5>Croiseur Léger</color>
Émile Bertin
<color=#c0c0c0>1942 Refit</color>";
fr_cruiser_emile_bertin_1;Émile Bertin;
fr_cruiser_emile_bertin_2;Émile Bertin [CL];
fr_cruiser_la_galissoniere_class_la_galissoniere_shop;La Galissonnière;
fr_cruiser_la_galissoniere_class_la_galissoniere_0;"<color=#7b9fb5>Croiseur Léger de Classe La Galissonnière</color>
La Galissonnière
<color=#c0c0c0>1941 Refit</color>";
fr_cruiser_la_galissoniere_class_la_galissoniere_1;La Galissonnière;
fr_cruiser_la_galissoniere_class_la_galissoniere_2;La Galissonnière Class [CL];
fr_cruiser_la_galissoniere_class_gloire_shop;Gloire;
fr_cruiser_la_galissoniere_class_gloire_0;"<color=#7b9fb5>Croiseur Léger de Classe La Galissonnière</color>
Gloire
<color=#c0c0c0>1947 Refit</color>";
fr_cruiser_la_galissoniere_class_gloire_1;Gloire;
fr_cruiser_la_galissoniere_class_gloire_2;La Galissonnière Class [CL];
fr_cruiser_algerie_shop;Algerie;
fr_cruiser_algerie_0;"<color=#7b9fb5>Croiseur Lourd</color>
Algerie";
fr_cruiser_algerie_1;Algerie;
fr_cruiser_algerie_2;Algerie;
fr_battleship_bretagne_class_bretagne_shop;Bretagne;
fr_battleship_bretagne_class_bretagne_0;"<color=#7b9fb5>Cuirassé de Classe Bretagne</color>
Bretagne
<color=#c0c0c0>1925 Refit</color>";
fr_battleship_bretagne_class_bretagne_1;Bretagne;
fr_battleship_bretagne_class_bretagne_2;Bretagne Class [BB];
fr_battleship_richelieu_class_clemenceau_shop;Clemenceau;
fr_battleship_richelieu_class_clemenceau_0;"<color=#7b9fb5>Cuirassé de Classe Richelieu</color>
Clemenceau";
fr_battleship_richelieu_class_clemenceau_1;Clemenceau;
fr_battleship_richelieu_class_clemenceau_2;Richelieu Class [BB];
fr_destroyer_jaguar_class_panthere_shop;Panthère;
fr_destroyer_jaguar_class_panthere_0;"<color=#7b9bf5>Contre-Torpilleur de Classe Jaguar</color>
Panthère (X 43)
<color=#c0c0c0>1940 Refit</color>";
fr_destroyer_jaguar_class_panthere_1;Panthère;
fr_destroyer_jaguar_class_panthere_2;Jaguar Class [DD];
fr_destroyer_bourrasque_class_tornade_shop;Tornade;
fr_destroyer_bourrasque_class_tornade_0;"<color=#7b9fb5>Contre-Torpilleur de Classe Bourrasque</color>
Tornade (T 73)
<color=#c0c0c0>1939 Refit</color>";
fr_destroyer_bourrasque_class_tornade_1;Tornade;
fr_destroyer_bourrasque_class_tornade_2;Bourrasque Class [DD];
fr_destroyer_aigle_class_aigle_shop;Aigle;
fr_destroyer_aigle_class_aigle_0;"<color=#7b9fb5>Contre-Torpilleur de Classe Aigle</color>
Aigle (X 13)
<color=#1942 Refit</color>";
fr_destroyer_aigle_class_aigle_1;Aigle;
fr_destroyer_aigle_class_aigle_2;Aigle Class [DD];
fr_destroyer_le_fantasque_class_le_triomphant_shop;Le Triomphant;
fr_destroyer_le_fantasque_class_le_triomphant_0;"<color=#7b9fb5>Contre-Torpilleur de Classe Le Fantasque</color>
Le Triomphant (X 83)
<color=#c0c0c0>1942 Refit</color>";
fr_destroyer_le_fantasque_class_le_triomphant_1;Le Triomphant;
fr_destroyer_le_fantasque_class_le_triomphant_2;Le Fantasque Class [DD];
fr_cruiser_dugauy_class_dugauy_trouin_shop;Duguay-Trouin;
fr_cruiser_dugauy_class_dugauy_trouin_0;"<color=#7b9b5>Croiseur Léger de Classe Duguay-Trouin</color>
Duguay-Trouin
<color=#c0c0c0>1944 Refit</color>";
fr_cruiser_dugauy_class_dugauy_trouin_1;Duguay-Trouin;
fr_cruiser_dugauy_class_dugauy_trouin_2;Duguay-Trouin Class [CL];
fr_cruiser_suffren_class_dupleix_shop;Dupleix;
fr_cruiser_suffren_class_dupleix_0;"<color=#7b9fb5>Croiseur Lourd de Classe Suffren</color>
Dupleix
<color=#c0c0c0>1942 Refit</color>";
fr_cruiser_suffren_class_dupleix_1;Dupleix;
fr_cruiser_suffren_class_dupleix_2;Suffren Class [CA];
fr_battleship_courbet_class_courbet_shop;Courbet;
fr_battleship_courbet_class_courbet_0;"<color=#7b9fb5>Cuirassé de Classe Courbet</color>
Courbet
<color=#c0c0c0>1920 Refit</color>";
fr_battleship_courbet_class_courbet_1;Courbet;
fr_battleship_courbet_class_courbet_2;Courbet Class [BB];
fr_battleship_strasbourg_shop;Strasbourg;
fr_battleship_strasbourg_0;"<color=#7b9fb5>Cuirassé de Classe Dunkerque</color>
Strasbourg
<color=#c0c0c0>1942 Refit</color>";
fr_battleship_strasbourg_1;Strasbourg;
fr_battleship_strasbourg_2;Dunkerque Class [BB];
fr_destroyer_guepard_class_verdun_shop;Verdun;
fr_destroyer_guepard_class_verdun_0;"<color=#7b9fb5>Contre-Torpilleur de Classe Guépard</color>
Verdun (X 33)
<color=#c0c0c0>1941 Refit</color>";
fr_destroyer_guepard_class_verdun_1;Verdun;
fr_destroyer_guepard_class_verdun_2;Guépard Class [DD];
fr_battleship_richelieu_class_jean_bart_shop;Jean Bart;
fr_battleship_richelieu_class_jean_bart_0;"<color=#7b9fb5>Cuirassé de Classe Richelieu</color>
Jean Bart
<color=#c0c0c0>1955 Refit</color>";
fr_battleship_richelieu_class_jean_bart_1;Jean Bart;
fr_battleship_richelieu_class_jean_bart_2;Richelieu Class [BB];
;;
;;
;;
<FRE Coastal>;;
;;
fr_vtb8_shop;VTB 8;
fr_vtb8_0;Vedette Torpile B 8;
fr_vtb8_1;VTB 8;
fr_vtb8_2;Torpedo Boat;
fr_vtb14_shop;VTB 14;
fr_vtb14_0;Vedette Torpile B 14;
fr_vtb14_1;VTB 14;
fr_vtb14_2;Torpedo Boat;
fr_vtb12_mod_shop;VTB 12;
fr_vtb12_mod_0;Vedette Torpile B 12;
fr_vtb12_mod_1;VTB 12;
fr_vtb12_mod_2;Torpedo Boat;
fr_vtb18_shop;VTB 18;
fr_vtb18_0;Vedette Torpile B 18;
fr_vtb18_1;VTB 18;
fr_vtb18_2;Torpedo Boat;
fr_type40k_vedette_shop;VTB 19;
fr_type40k_vedette_0;40k Class, Vedette Torpile B 19;
fr_type40k_vedette_1;VTB 19;
fr_type40k_vedette_2;Torpedo Boat;
fr_adroit_class_shop;L’Intrepide;
fr_adroit_class_0;Adroit Class Aviso, L’Intrepide (P 630);
fr_adroit_class_1;L’Intrepide;
fr_adroit_class_2;Gunboat;
fr_arras_class_arras_shop;Arras;
fr_arras_class_arras_0;Arras Class Aviso, Arras (A 05);
fr_arras_class_arras_1;Arras;
fr_arras_class_arras_2;Gunboat;
fr_vlt1_shop;VLT 1;
fr_vlt1_0;Vedette Lance Torpile 1;
fr_vlt1_1;VLT 1;
fr_vlt1_2;Torpedo Boat;
fr_p730_combattante_shop;La Combattante;
fr_p730_combattante_0;La Combattante (P 730);
fr_p730_combattante_1;La Combattante;
fr_p730_combattante_2;Gunboat;
fr_vtb11_shop;VTB 11;
fr_vtb11_0;Vedette Torpile B 11;
fr_vtb11_1;VTB 11;
fr_vtb11_2;Torpedo Boat;
fr_vtb13_shop;VTB 13;
fr_vtb13_0;Vedette Torpile B 13;
fr_vtb13_1;VTB 13;
fr_vtb13_2;Torpedo Boat;
fr_lcm_monitor_shop;L.C.M. 65;
fr_lcm_monitor_0;"<color=#7b9fb5>L.C.M. Monitor</color>
L.C.M. 65";
fr_lcm_monitor_1;L.C.M. 65;
fr_lcm_monitor_2;Armored Gunboat;
fr_mtb96_vosper_shop;MTB 96;
fr_mtb96_vosper_0;Motor Torpedo Boat, 73’ Vosper Type III, MTB 96;
fr_mtb96_vosper_1;MTB 96;
fr_mtb96_vosper_2;Torpedo Boat;
fr_flower_class_aconit_shop;Aconit;
fr_flower_class_aconit_0;Flower Class Corvette, Aconit (K 58);
fr_flower_class_aconit_1;Aconit;
fr_flower_class_aconit_2;Flower Class [FS];
fr_lcg_m_l9059_shop;L 9059;
fr_lcg_m_l9059_0;L 9059;
fr_lcg_m_l9059_1;L 9059;
fr_lcg_m_l9059_2;Gunboat;
fr_marne_class_marne_shop;La Marne;
fr_marne_class_marne_0;Marne Class Aviso, La Marne;
fr_marne_class_marne_1;La Marne;
fr_marne_class_marne_2;Gunboat;
fr_elan_class_commandant_domine_shop;Commandant Dominé;
fr_elan_class_commandant_domine_0;Elan Class Minesweeper, Commandant Dominé;
fr_elan_class_commandant_domine_1;Commandant Dominé;
fr_elan_class_commandant_domine_2;Minesweeper;
fr_frigate_croix_de_lorraine_class_la_surprise_shop;La Surprise;
fr_frigate_croix_de_lorraine_class_la_surprise_0;Croix de Lorraine Class Frigate, La Surprise (F 08);
fr_frigate_croix_de_lorraine_class_la_surprise_1;La Surprise;
fr_frigate_croix_de_lorraine_class_la_surprise_2;Croix de Lorraine Class [FF];
fr_frigate_corse_class_brestois_shop;Le Brestois;
fr_frigate_corse_class_brestois_0;Le Corse Class Frigate, Le Brestois (F 762);
fr_frigate_corse_class_brestois_1;Le Brestois;
fr_frigate_corse_class_brestois_2;Le Corse Class [FF];
fr_vtb10_shop;VTB 10;
fr_vtb10_0;Vedette Torpile B 10;
fr_vtb10_1;VTB 10;
fr_vtb10_2;Torpedo Boat;
fr_vtb9_shop;VTB 9;
fr_vtb9_0;Vedette Torpile B 9;
fr_vtb9_1;VTB 9;
fr_vtb9_2;Torpedo Boat;
fr_vlt2_shop;VLT 2;
fr_vlt2_0;Vedette Lance Torpile 2;
fr_vlt2_1;VLT 2;
fr_vlt2_2;Torpedo Boat;
fr_arras_class_amiens_shop;Amiens;
fr_arras_class_amiens_0;Arras Class Aviso, Amiens (1940);
fr_arras_class_amiens_1;Amiens;
fr_arras_class_amiens_2;Subchaser;
fr_marne_class_aisne_shop;L’Aisne;
fr_marne_class_aisne_0;Marne Class Aviso, L’Aisne;
fr_marne_class_aisne_1;L’Aisne;
fr_marne_class_aisne_2;Gunboat;
fr_frigate_corse_class_corse_shop;Le Corse;
fr_frigate_corse_class_corse_0;Le Corse Class Frigate, Le Corse (F 761);
fr_frigate_corse_class_corse_1;Le Corse;
fr_frigate_corse_class_corse_2;Le Corse Class [FF];
fr_trident_class_glaive_p671_shop;Glaive;
fr_trident_class_glaive_p671_0;Trident Class Gunboat, Glaive (P 671);
fr_trident_class_glaive_p671_1;Glaive;
fr_trident_class_glaive_p671_2;Gunboat;
;;
;;
;;
<SWE Army>;;
;;
sw_strv_m31_shop;strv m/31;
sw_strv_m31_0;stridsvagn m/31;
sw_strv_m31_1;strv m/31;
sw_strv_m31_2;Light Tank;
sw_strv_m41_s2_shop;strv m/41-SII;
sw_strv_m41_s2_0;stridsvagn m/41-SII;
sw_strv_m41_s2_1;strv m/41-SII;
sw_strv_m41_s2_2;Light Tank;
sw_pvkv_III_shop;pvkv III;
sw_pvkv_III_0;pansarvärnskanonvagn III;
sw_pvkv_III_1;pvkv III;
sw_pvkv_III_2;Tank Destroyer;
sw_pvkv_II_shop;pvkv II;
sw_pvkv_II_0;pansarvärnskanonvagn II;
sw_pvkv_II_1;pvkv II;
sw_pvkv_II_2;Tank Destroyer;
sw_pbv_501_shop;pbv 501;
sw_pbv_501_0;pansarbandvagn 501;
sw_pbv_501_1;pbv 501;
sw_pbv_501_2;Light Tank;
sw_landsverk_ush_405_shop;U SH (Typ 3Z);
sw_landsverk_ush_405_0;"Landsverk Unimog SH 405.110
<color=#c0c0c0>med Oerlikon 8,1cm Typ 3Z DLA8</color>";
sw_landsverk_ush_405_1;U SH (Typ 3Z);
sw_landsverk_ush_405_2;Armored Car;
sw_ikv_91_shop;ikv 91;
sw_ikv_91_0;infanterikanonvagn 91;
sw_ikv_91_1;ikv 91;
sw_ikv_91_2;Light Tank;
sw_cv_90105_shop;CV90105 (TML 105);
sw_cv_90105_0;"Combat Vehicle 90105
<color=#c0c0c0>med TML 105-torn</color>";
sw_cv_90105_1;CV90105 (TML 105);
sw_cv_90105_2;Light Tank;
sw_ikv_91_105_shop;ikv 91-105;
sw_ikv_91_105_0;infanterikanonvagn 91-105;
sw_ikv_91_105_1;ikv 91-105;
sw_ikv_91_105_2;Light Tank;
sw_strf_90b_shop;strf 9040B;
sw_strf_90b_0;stridsfordon 9040B;
sw_strf_90b_1;strf 9040B;
sw_strf_90b_2;Infantry Fighting Vehicle;
sw_strf_90c_shop;strf 9040C;
sw_strf_90c_0;stridsfordon 9040C;
sw_strf_90c_1;strf 9040C;
sw_strf_90c_2;Infantry Fighting Vehicle;
sw_cv_90120_shop;strf 90120;
sw_cv_90120_0;stridsfordon 90120;
sw_cv_90120_1;strf 90120;
sw_cv_90120_2;Light Tank;
sw_strv_m38_shop;strv m/38;
sw_strv_m38_0;stridsvagn m/38;
sw_strv_m38_1;strv m/38;
sw_strv_m38_2;Light Tank;
sw_strv_m40l_shop;strv m/40-LI;
sw_strv_m40l_0;stridsvagn m/40-LI;
sw_strv_m40l_1;strv m/40-LI;
sw_strv_m40l_2;Light Tank;
sw_lago_1_shop;Lago I;
sw_lago_1_0;Lago I;
sw_lago_1_1;Lago I;
sw_lago_1_2;Medium Tank;
sw_strv_m42_eh_shop;strv m/42 EH;
sw_strv_m42_eh_0;"stridsvagn m/42
<color=#c0c0c0>Enmotorig Hydraulväxellåda</color>";
sw_strv_m42_eh_1;strv m/42 EH;
sw_strv_m42_eh_2;Medium Tank;
sw_pvkv_iv_shop;pvkv IV;
sw_pvkv_iv_0;pansarvärnskanonvagn IV;
sw_pvkv_iv_1;pvkv IV;
sw_pvkv_iv_2;Medium Tank;
sw_strv_m42_delat_torn_shop;strv m/42 DT;
sw_strv_m42_delat_torn_0;"stridsvagn m/42
<color=#c0c0c0>Delat Torn</color>";
sw_strv_m42_delat_torn_1;strv m/42 DT;
sw_strv_m42_delat_torn_2;Medium Tank;
sw_strv_74_shop;strv 74 V;
sw_strv_74_0;stridsvagn 74 V;
sw_strv_74_1;strv 74 V;
sw_strv_74_2;Light Tank;
sw_strv_81_shop;strv 81;
sw_strv_81_0;stridsvagn 81 (C III);
sw_strv_81_1;strv 81;
sw_strv_81_2;Main Battle Tank;
sw_strv_101_shop;strv 101;
sw_strv_101_0;stridsvagn 101;
sw_strv_101_1;strv 101;
sw_strv_101_2;Main Battle Tank;
sw_strv_103a_shop;strv 103A;
sw_strv_103a_0;stridsvagn 103A;
sw_strv_103a_1;strv 103A;
sw_strv_103a_2;Main Battle Tank;
sw_strv_104_shop;strv 104;
sw_strv_104_0;stridsvagn 104;
sw_strv_104_1;strv 104;
sw_strv_104_2;Main Battle Tank;
sw_strv_103c_shop;strv 103C;
sw_strv_103c_0;stridsvagn 103C;
sw_strv_103c_1;strv 103C;
sw_strv_103c_2;Main Battle Tank;
sw_strv_105_shop;strv 105;
sw_strv_105_0;stridsvagn 105;
sw_strv_105_1;strv 105;
sw_strv_105_2;Main Battle Tank;
sw_strv_121_shop;strv 121A;
sw_strv_121_0;stridsvagn 121A;
sw_strv_121_1;strv 121A;
sw_strv_121_2;Main Battle Tank;
sw_strv_122_shop;strv 122A;
sw_strv_122_0;stridsvagn 122A;
sw_strv_122_1;strv 122A;
sw_strv_122_2;Main Battle Tank;
sw_strv_122b_plss_shop;strv 122B;
sw_strv_122b_plss_0;"stridsvagn 122B
<color=#c0c0c0>Panoramic, Low-Silhouette Sight</color>";
sw_strv_122b_plss_1;strv 122B;
sw_strv_122b_plss_2;Main Battle Tank;
sw_strv_122b_plus_shop;strv 122B+;
sw_strv_122b_plus_0;stridsvagn 122B+ Evolution;
sw_strv_122b_plus_1;strv 122B+;
sw_strv_122b_plus_2;Main Battle Tank;
sw_pvlvv_fm42_shop;pvlvv fm/42;
sw_pvlvv_fm42_0;pansarvärnslavettvagn fm/42;
sw_pvlvv_fm42_1;pvlvv fm/42;
sw_pvlvv_fm42_2;SPAA;
sw_pbv_301_shop;pbv 301;
sw_pbv_301_0;pansarbandvagn 301;
sw_pbv_301_1;pbv 301;
sw_pbv_301_2;SPAA;
sw_tgdgb_m40_lv_shop;lvtdgb m/40;
sw_tgdgb_m40_lv_0;luftvärnsterrängdragbil m/40;
sw_tgdgb_m40_lv_1;lvtdgb m/40;
sw_tgdgb_m40_lv_2;SPAA;
sw_lvkv_42_shop;lvkv m/42;
sw_lvkv_42_0;luftvärnskanonvagn m/42;
sw_lvkv_42_1;lvkv m/42;
sw_lvkv_42_2;SPAA;
sw_landsverk_ush_204_gk_shop;U SH (204 GK);
sw_landsverk_ush_204_gk_0;"Landsverk Unimog SH 405.110
<color=#c0c0c0>med 20mm 204 GK</color>";
sw_landsverk_ush_204_gk_1;U SH (204 GK);
sw_landsverk_ush_204_gk_2;SPAA;
sw_veak_40_shop;VEAK 40;
sw_veak_40_0;Vagn Eldledning AutomatKanon 40;
sw_veak_40_1;VEAK 40;
sw_veak_40_2;SPAA;
sw_lvrbv_701_shop;lvrbbv 701;
sw_lvrbv_701_0;luftvärnsrobotbandvagn 701;
sw_lvrbv_701_1;lvrbbv 701;
sw_lvrbv_701_2;SAM;
sw_lvkv_90c_shop;lvkv 9040C;
sw_lvkv_90c_0;luftvärnskanonvagn 9040C;
sw_lvkv_90c_1;lvkv 9040C;
sw_lvkv_90c_2;SPAA;
sw_asrad_r_shop;M113 (ASRAD-R);
sw_asrad_r_0;"M113A2
<color=#c0c0c0>med Advanced Short Range Air Defense System - RBS</color>";
sw_asrad_r_1;M113 (ASRAD-R);
sw_asrad_r_2;SAM;
sw_crotale_ng_shop;XA-181 (ito. m/90-M);
sw_crotale_ng_0;"<color=#c8a5b2>Ps.477</color>
XA-181
<color=#c0c0c0>ilmatorjuntaohjus m/90-M</color>";
sw_crotale_ng_1;XA-181 (ito. m/90-M);
sw_crotale_ng_2;SAM;
sw_eldenhet_98_shop;elde 98;
sw_eldenhet_98_0;"eldenhet 98
<color=#c0c0c0>med Giraffe 1X-radar</color>";
sw_eldenhet_98_1;elde 98;
sw_eldenhet_98_2;SAM;
sw_ikv_72_shop;ikv 72;
sw_ikv_72_0;infanterikanonvagn 72;
sw_ikv_72_1;ikv 72;
sw_ikv_72_2;Tank Destroyer;
sw_sav_m43_1944_shop;sav m/43 (1944);
sw_sav_m43_1944_0;"stormartillerivagn m/43
<color=#c0c0c0>Modifiering 1944</color>";
sw_sav_m43_1944_1;sav m/43 (1944);
sw_sav_m43_1944_2;Tank Destroyer;
sw_stormpjas_fm43_44_shop;spj fm/43-44;
sw_stormpjas_fm43_44_0;"stormartilleripjäs fm/43-44
<color=#7b9fb5>“Trätoffelvagnen”</color>";
sw_stormpjas_fm43_44_1;spj fm/43-44;
sw_stormpjas_fm43_44_2;Self-Propelled Gun;
sw_sav_m43_1946_shop;sav m/43 (1946);
sw_sav_m43_1946_0;"stormartillerivagn m/43
<color=#c0c0c0>Modifiering 1946</color>";
sw_sav_m43_1946_1;sav m/43 (1946);
sw_sav_m43_1946_2;Tank Destroyer;
sw_pvkv_m43_1946_shop;pvkv m/43 (1946);
sw_pvkv_m43_1946_0;"Pansarvärnskanonvagn m/43
<color=#c0c0c0>Modifiering 1946</color>";
sw_pvkv_m43_1946_1;pvkv m/43 (1946);
sw_pvkv_m43_1946_2;Tank Destroyer;
sw_ikv_103_shop;ikv 103;
sw_ikv_103_0;infanterikanonvagn 103;
sw_ikv_103_1;ikv 103;
sw_ikv_103_2;Tank Destroyer;
sw_pvkv_m43_1963_shop;pvkv m/43 (1963);
sw_pvkv_m43_1963_0;"pansarvärnskanonvagn m/43
<color=#c0c0c0>Modifiering 1963</color>";
sw_pvkv_m43_1963_1;pvkv m/43 (1963);
sw_pvkv_m43_1963_2;Tank Destroyer;
sw_bkan_1c_shop;15,5 cm bkan 1C;
sw_bkan_1c_0;15,5 cm bandkanon 1C;
sw_bkan_1c_1;15,5 cm bkan 1C;
sw_bkan_1c_2;Self-Propelled Gun;
sw_pvrbv_551_shop;pvrbbv 551;
sw_pvrbv_551_0;pansarvärnsrobotbandvagn 551;
sw_pvrbv_551_1;pvrbbv 551;
sw_pvrbv_551_2;Missile Carrier;
sw_udes_33_shop;UDES 33;
sw_udes_33_0;Underlagsgrupp Direkt Eld Stridsfordon 33;
sw_udes_33_1;UDES 33;
sw_udes_33_2;Missile Carrier;
sw_pbv_302_bill_shop;pbv 302 (BILL);
sw_pbv_302_bill_0;"pansarbandvagn 302
<color=#c0c0c0>med robotsystem 56 Bofors Infantry Light & Lethal</color>";
sw_pbv_302_bill_1;pbv 302 (BILL);
sw_pbv_302_bill_2;Missile Carrier;
sw_strf_9056_shop;strf 9040A (BILL);
sw_strf_9056_0;"stridsfordon 9040A
<color=#c0c0c0>med robotsystem 56 Bofors Infantry Light & Lethal</color>";
sw_strf_9056_1;strf 9040A (BILL);
sw_strf_9056_2;Infantry Fighting Vehicle;
sw_cv_90_mk4_shop;CV90 MkIV (E30);
sw_cv_90_mk4_0;"Combat Vehicle 90 MkIV
<color=#c0c0c0>med E30-torn</color>";
sw_cv_90_mk4_1;CV90 MkIV (E30);
sw_cv_90_mk4_2;Infantry Fighting Vehicle;
sw_strv_m39_shop;strv m/39;
sw_strv_m39_0;stridsvagn m/39;
sw_strv_m39_1;strv m/39;
sw_strv_m39_2;Light Tank;
sw_strv_m39_td_shop;strv m/39 [TD];
sw_strv_m39_td_0;"stridsvagn m/39
<color=#9146ff>Twitch Drop</color>";
sw_strv_m39_td_1;strv m/39 [TD];
sw_strv_m39_td_2;Light Tank;
sw_pbil_m40_shop;pbil m/40;
sw_pbil_m40_0;pansarbil m/40;
sw_pbil_m40_1;pbil m/40;
sw_pbil_m40_2;Armored Car;
sw_strv_m41_s1_shop;strv m/41-SI;
sw_strv_m41_s1_0;stridsvagn m/41-SI;
sw_strv_m41_s1_1;strv m/41-SI;
sw_strv_m41_s1_2;Light Tank;
sw_ikv_73_shop;ikv 73;
sw_ikv_73_0;infanterikanonvagn 73;
sw_ikv_73_1;ikv 73;
sw_ikv_73_2;Medium Tank;
sw_sav_fm48_shop;sav fm/48;
sw_sav_fm48_0;stormartillerivagn fm/48;
sw_sav_fm48_1;sav fm/48;
sw_sav_fm48_2;Tank Destroyer;
sw_sherman_3_4_shop;strv Sherman III;
sw_sherman_3_4_0;stridsvagn Sherman III;
sw_sherman_3_4_1;strv Sherman III;
sw_sherman_3_4_2;Medium Tank;
sw_kungstiger_shop;strv Tiger B;
sw_kungstiger_0;"stridsvagn Panzer VI Ausf. B
<color=#c0c0c0>Nr.6 Turm</color>
<color=#7b9fb5>Kungstiger</color>";
sw_kungstiger_1;strv Tiger B;
sw_kungstiger_2;Heavy Tank;
sw_strv_81_rb52_shop;strv 81 (rbs 52A);
sw_strv_81_rb52_0;"stridsvagn 81 (C III)
<color=#c0c0c0>med robotsystem 52A</color>";
sw_strv_81_rb52_1;strv 81 (rbs 52A);
sw_strv_81_rb52_2;Main Battle Tank;
sw_strv_103_0_shop;strv S;
sw_strv_103_0_0;stridsvagn S 0-Serie;
sw_strv_103_0_1;strv S;
sw_strv_103_0_2;Main Battle Tank;
sw_cv_90105_tml_shop;CV90105 (XC-8);
sw_cv_90105_tml_0;"Combat Vehicle 90105
<color=#c0c0c0>med XC-8-torn</color>";
sw_cv_90105_tml_1;CV90105 (XC-8);
sw_cv_90105_tml_2;Light Tank;
sw_strv121b_christian2_shop;Christian II;
sw_strv121b_christian2_0;"stridsvagn 121B
<color=#7b9fb5>Christian II</color>";
sw_strv121b_christian2_1;Christian II;
sw_strv121b_christian2_2;Main Battle Tank;
sw_t_80u_shop;♛T-80 U;
sw_t_80u_0;"♛T-80 U
<color=#7b9fb5>Hotstrv-VII</color>";
sw_t_80u_1;♛T-80 U;
sw_t_80u_2;Main Battle Tank;
;;
;;
;;
<SWE Helicopter>;;
;;
hkp3c_shop;hkp 3C;
hkp3c_0;"<color=#7b9fb5>Agusta</color>
helikopter 3C";
hkp3c_1;hkp 3C;
hkp3c_2;hkp 3;
hkp2_shop;hkp 2;
hkp2_0;"<color=#7b9fb5>Société nationale de constructions aéronautiques Sud Aviation</color>
helikopter 2";
hkp2_1;hkp 2;
hkp2_2;hkp 2;
hkp9a_cb2_shop;hkp 9A;
hkp9a_cb2_0;"<color=#7b9fb5>Messerschmitt-Bölkow-Blohm</color>
helikopter 9A";
hkp9a_cb2_1;hkp 9A;
hkp9a_cb2_2;hkp 9;
hkp9a_cb3_fc_shop;hkp 9A (09221);
hkp9a_cb3_fc_0;"<color=#7b9fb5>Messerschmitt-Bölkow-Blohm</color>
helikopter 9A “Victor”
<color=#c0c0c0>09221</color>";
hkp9a_cb3_fc_1;hkp 9A;
hkp9a_cb3_fc_2;hkp 9;
ahs_shop;♛AH-64A;
ahs_0;"<color=#7b9fb5>McDonnell Douglas Corporation</color>
♛AH-64A Apache";
ahs_1;♛AH-64A;
ahs_2;♛AH-64;
mi_28a_sweden_shop;♛Mi-28A;
mi_28a_sweden_0;"<color=#7b9fb5>Mil Moscow Helicopter Plant</color>
♛Mi-28A";
mi_28a_sweden_1;♛Mi-28A;
mi_28a_sweden_2;♛Mi-28;
;;
;;
;;
<SWE Aviation>;;
;;
gladiator_j8a_shop;J 8A;
gladiator_j8a_0;"<color=#7b9fb5>Gloster Aircraft Company Ltd.</color>
J 8A";
gladiator_j8a_1;J 8A;
gladiator_j8a_2;J 8;
j6b_shop;J 6B;
j6b_0;"<color=#7b9fb5>Svenska Aero Aktiebolaget</color>
J 6B Jaktfalken II";
j6b_1;J 6B;
j6b_2;J 6;
fiat_cr42_j11_shop;J 11;
fiat_cr42_j11_0;"<color=#7b9fb5>Fiat Aviazione</color>
J 11";
fiat_cr42_j11_1;J 11;
fiat_cr42_j11_2;J 11;
re_2000_j20_shop;J 20;
re_2000_j20_0;"<color=#7b9fb5>Officine Meccaniche Reggiane S.p.A.</color>
J 20";
re_2000_j20_1;J 20;
re_2000_j20_2;J 20;
ffvs_j22_a_shop;J 22-1;
ffvs_j22_a_0;"<color=#7b9fb5>Kungliga Flygförvaltningens Flygverkstad i Stockholm</color>
J 22-1 Ursprunglig Beväpning";
ffvs_j22_a_1;J 22-1;
ffvs_j22_a_2;J 22;
ffvs_j22_b_shop;J 22-2;
ffvs_j22_b_0;"<color=#7b9fb5>Kungliga Flygförvaltningens Flygverkstad i Stockholm</color>
J 22-2 Förbättrad Beväpning";
ffvs_j22_b_1;J 22-2;
ffvs_j22_b_2;J 22;
saab_j21a_1_shop;J 21A-1;
saab_j21a_1_0;"<color=#7b9fb5>Svenska Aeroplan Aktiebolaget</color>
J 21A-1";
saab_j21a_1_1;J 21A;
saab_j21a_1_2;J 21;
saab_j21a_2_shop;J 21A-2;
saab_j21a_2_0;"<color=#7b9fb5>Svenska Aeroplan Aktiebolaget</color>
J 21A-2";
saab_j21a_2_1;J 21A;
saab_j21a_2_2;J 21;
saab_j21ra_shop;J 21RA;
saab_j21ra_0;"<color=#7b9fb5>Svenska Aeroplan Aktiebolaget</color>
J 21RA";
saab_j21ra_1;J 21R;
saab_j21ra_2;J 21;
saab_j29a_shop;J 29A1;
saab_j29a_0;"<color=#7b9fb5>Svenska Aeroplan Aktiebolaget</color>
J 29A1 Tunnan";
saab_j29a_1;J 29A;
saab_j29a_2;J 29;
saab_j29f_shop;J 29F;
saab_j29f_0;"<color=#7b9fb5>Svenska Aeroplan Aktiebolaget</color>
J 29F Tunnan";
saab_j29f_1;J 29F;
saab_j29f_2;J 29;
saab_j32b_shop;J 32B;
saab_j32b_0;"<color=#7b9fb5>Svenska Aeroplan Aktiebolaget</color>
J 32B Lansen";
saab_j32b_1;J 32B;
saab_j32b_2;J 32;
saab_j35d_shop;J 35D;
saab_j35d_0;"<color=#7b9fb5>Svenska Aeroplan Aktiebolaget</color>
J 35D Draken";
saab_j35d_1;J 35D;
saab_j35d_2;J 35;
saab_j35j_shop;J 35J;
saab_j35j_0;"<color=#7b9fb5>Svenska Aeroplan Aktiebolaget</color>
J 35J Draken";
saab_j35j_1;J 35J;
saab_j35j_2;J 35;
saab_ja37_shop;JA 37C;
saab_ja37_0;"<color=#7b9fb5>Saab AB</color>
JA 37C Viggen";
saab_ja37_1;JA 37C;
saab_ja37_2;JA 37;
saab_ja37d_shop;JA 37D;
saab_ja37d_0;"<color=#7b9fb5>Saab AB</color>
JA 37D Viggen";
saab_ja37d_1;JA 37D;
saab_ja37d_2;JA 37;
saab_ja37di_shop;JA 37Di;
saab_ja37di_0;"<color=#7b9fb5>Saab AB</color>
JA 37Di Viggen";
saab_ja37di_1;JA 37D;
saab_ja37di_2;JA 37;
saab_jas39a_shop;JAS 39A;
saab_jas39a_0;"<color=#7b9fb5>Saab AB</color>
JAS 39A Gripen
<color=#c0c0c0>Modifiering 2008</color>";
saab_jas39a_1;JAS 39A;
saab_jas39a_2;JAS 39;
saab_jas39c_shop;JAS 39C;
saab_jas39c_0;"<color=#7b9fb5>Saab AB</color>
JAS 39C Gripen
<color=#c0c0c0>Modifiering 2008</color>";
saab_jas39c_1;JAS 39C;
saab_jas39c_2;JAS 39;
saab_jas39e_shop;JAS 39E;
saab_jas39e_0;"<color=#7b9fb5>Saab AB</color>
JAS 39E Gripen";
saab_jas39e_1;JAS 39E;
saab_jas39e_2;JAS 39;
saab_b17bs_shop;S 17BS;
saab_b17bs_0;"<color=#7b9fb5>Svenska Aeroplan Aktiebolaget</color>
S 17BS";
saab_b17bs_1;S 17B;
saab_b17bs_2;S 17;
saab_b17b_shop;B 17B;
saab_b17b_0;"<color=#7b9fb5>Svenska Aeroplan Aktiebolaget</color>
B 17B";
saab_b17b_1;B 17B;
saab_b17b_2;B 17;
saab_b17a_shop;B 17A;
saab_b17a_0;"<color=#7b9fb5>Svenska Aeroplan Aktiebolaget</color>
B 17A";
saab_b17a_1;B 17A;
saab_b17a_2;B 17;
saab_a21a_3_shop;A 21A-3;
saab_a21a_3_0;"<color=#7b9fb5>Svenska Aeroplan Aktiebolaget</color>
A 21A-3";
saab_a21a_3_1;A 21A;
saab_a21a_3_2;A 21;
saab_a21rb_shop;A 21RB;
saab_a21rb_0;"<color=#7b9fb5>Svenska Aeroplan Aktiebolaget</color>
A 21RB";
saab_a21rb_1;A 21R;
saab_a21rb_2;A 21;
saab_j29b_shop;J 29B;
saab_j29b_0;"<color=#7b9fb5>Svenska Aeroplan Aktiebolaget</color>
J 29B Tunnan";
saab_j29b_1;J 29B;
saab_j29b_2;J 29;
saab_a32a_shop;A 32A;
saab_a32a_0;"<color=#7b9fb5>Svenska Aeroplan Aktiebolaget</color>
A 32A Lansen";
saab_a32a_1;A 32A;
saab_a32a_2;A 32;
saab_aj37_shop;AJ 37;
saab_aj37_0;"<color=#7b9fb5>Saab AB</color>
AJ 37 Viggen";
saab_aj37_1;AJ 37;
saab_aj37_2;AJ 37;
saab_ajs37_shop;AJS 37;
saab_ajs37_0;"<color=#7b9fb5>Saab AB</color>
AJS 37 Viggen";
saab_ajs37_1;AJS 37;
saab_ajs37_2;AJS 37;
he_115a_2_sweden_shop;T 2;
he_115a_2_sweden_0;"<color=#7b9fb5>Heinkel Flugzeugwerke</color>
T 2";
he_115a_2_sweden_1;T 2;
he_115a_2_sweden_2;T 2;
saab_b3c_shop;T 3C;
saab_b3c_0;"<color=#7b9fb5>Junkers Flugzeug- Und Motorenwerke AG</color>
T 3C";
saab_b3c_1;T 3C;
saab_b3c_2;T 3;
saab_b18a_shop;B 18A;
saab_b18a_0;"<color=#7b9fb5>Svenska Aeroplan Aktiebolaget</color>
B 18A";
saab_b18a_1;B 18A;
saab_b18a_2;B 18;
saab_b18b_shop;B 18B;
saab_b18b_0;"<color=#7b9fb5>Svenska Aeroplan Aktiebolaget</color>
B 18B";
saab_b18b_1;B 18B;
saab_b18b_2;B 18;
saab_t18b_1_shop;T 18B1;
saab_t18b_1_0;"<color=#7b9fb5>Svenska Aeroplan Aktiebolaget</color>
T 18B1";
saab_t18b_1_1;T 18B;
saab_t18b_1_2;T 18;
saab_t18b_2_shop;T 18B2;
saab_t18b_2_0;"<color=#7b9fb5>Svenska Aeroplan Aktiebolaget</color>
T 18B2";
saab_t18b_2_1;T 18B;
saab_t18b_2_2;T 18;
saab_sk60b_shop;Sk 60B;
saab_sk60b_0;"<color=#7b9fb5>Saab AB</color>
Sk 60B";
saab_sk60b_1;Sk 60B;
saab_sk60b_2;Sk 60;
saab_105g_shop;Saab 105G;
saab_105g_0;"<color=#7b9fb5>Saab AB</color>
Saab 105G";
saab_105g_1;Saab 105G;
saab_105g_2;Saab 105;
p-51d-20-na_j26_shop;J 26;
p-51d-20-na_j26_0;"<color=#7b9fb5>North American Aviation</color>
J 26 Mustang";
p-51d-20-na_j26_1;J 26;
p-51d-20-na_j26_2;J 26;
vampire_fb5_j28b_shop;A 28B;
vampire_fb5_j28b_0;"<color=#7b9fb5>de Havilland Aircraft Company Ltd.</color>
A 28B";
vampire_fb5_j28b_1;A 28B;
vampire_fb5_j28b_2;A 28;
hunter_f50_sweden_shop;J 34;
hunter_f50_sweden_0;"<color=#7b9fb5>Hawker Aircraft Ltd.</color>
J 34";
hunter_f50_sweden_1;J 34;
hunter_f50_sweden_2;J 34;
gladiator_j8a_iacobi_shop;Iacobi’s J 8A;
gladiator_j8a_iacobi_0;"<color=#7b9fb5>Gloster Aircraft Company Ltd.</color>
Ian Iacobi’s J 8A";
gladiator_j8a_iacobi_1;J 8A;
gladiator_j8a_iacobi_2;J 8;
j9_early_shop;S 9C;
j9_early_0;"<color=#7b9fb5>Seversky Aircraft Company</color>
S 9C";
j9_early_1;S 9;
j9_early_2;S 9;
p-51b_7_sweden_shop;J 26 David;
p-51b_7_sweden_0;"<color=#7b9fb5>North American Aviation</color>
J 26 Vit David";
p-51b_7_sweden_1;J 26 David;
p-51b_7_sweden_2;J 26;
saab_j29d_shop;J 29D (Alt.2);
saab_j29d_0;"<color=#7b9fb5>Svenska Aeroplan Aktiebolaget</color>
J 29D (Alternative 2)";
saab_j29d_1;J 29D;
saab_j29d_2;J 29;
saab_a32a_red_adam_shop;A 32A (F 17);
saab_a32a_red_adam_0;"<color=#7b9fb5>Svenska Aeroplan Aktiebolaget</color>
A 32A Lansen
<color=#fcba03>Blekinge flygflottij F 17</color>";
saab_a32a_red_adam_1;A 32A;
saab_a32a_red_adam_2;A 32;
saab_j35a_shop;J 35A1;
saab_j35a_0;"<color=#7b9fb5>Svenska Aeroplan Aktiebolaget</color>
J 35A1 Draken";
saab_j35a_1;J 35A;
saab_j35a_2;J 35;
saab_ajs37_early_shop;AJS 37 (F 7);
saab_ajs37_early_0;"<color=#7b9fb5>Saab AB</color>
AJS 37 Viggen
<color=#fcba03>Skaraborgs flygflottilj F 7</color>";
saab_ajs37_early_1;AJS 37;
saab_ajs37_early_2;AJS 37;
saab_ja37di_f21_shop;JA 37Di (F 21);
saab_ja37di_f21_0;"<color=#7b9fb5>Saab AB</color>
JA 37Di Viggen
<color=#fcba03>Norrbottens flygflottilj F 21</color>";
saab_ja37di_f21_1;JA 37D;
saab_ja37di_f21_2;JA 37;
mosquito_j30_sweden_shop;J 30;
mosquito_j30_sweden_0;"<color=#7b9fb5>de Havilland Aircraft Company Ltd.</color>
J 30 Mygga";
mosquito_j30_sweden_1;J 30;
mosquito_j30_sweden_2;J 30;
saab_jas39d_shop;JAS 39D;
saab_jas39d_0;"<color=#7b9fb5>Saab AB</color>
JAS 39D Gripen
<color=#c0c0c0>Modifiering 2008</color>";
saab_jas39d_1;JAS 39D;
saab_jas39d_2;JAS 39;
;;
;;
;;
<ISR Army>;;
;;
il_m_51_shop;M-51 Degem C;
il_m_51_0;M-51 Degem Gimel;
il_m_51_1;M-51 Degem C;
il_m_51_2;Medium Tank;
il_m48a1_patton_III_shop;Magach 1;
il_m48a1_patton_III_0;Magach 1;
il_m48a1_patton_III_1;Magach 1;
il_m48a1_patton_III_2;Main Battle Tank;
il_magach_2_shop;Magach 2;
il_magach_2_0;Magach 2;
il_magach_2_1;Magach 2;
il_magach_2_2;Main Battle Tank;
il_magach_3_idf_shop;Magach 3;
il_magach_3_idf_0;Magach 3;
il_magach_3_idf_1;Magach 3;
il_magach_3_idf_2;Main Battle Tank;
il_magach_6_shop;Magach 6;
il_magach_6_0;Magach 6;
il_magach_6_1;Magach 6;
il_magach_6_2;Main Battle Tank;
il_magach_6a_shop;Magach 6A;
il_magach_6a_0;Magach 6 Alef;
il_magach_6a_1;Magach 6A;
il_magach_6a_2;Main Battle Tank;
il_magach_5_shop;Magach 5;
il_magach_5_0;Magach 5;
il_magach_5_1;Magach 5;
il_magach_5_2;Main Battle Tank;
il_magach_6r_shop;Magach 6R;
il_magach_6r_0;Magach 6 Resh;
il_magach_6r_1;Magach 6R;
il_magach_6r_2;Main Battle Tank;
il_magach_6b_shop;Magach 6B;
il_magach_6b_0;Magach 6 Bet;
il_magach_6b_1;Magach 6B;
il_magach_6b_2;Main Battle Tank;
il_magach_6_rocket_shop;Magach 6 Nurs;
il_magach_6_rocket_0;Magach 6 Resh Nurs;
il_magach_6_rocket_1;Magach 6 Nurs;
il_magach_6_rocket_2;Main Battle Tank;
il_magach_6m_shop;Magach 6M;
il_magach_6m_0;Magach 6 Mem;
il_magach_6m_1;Magach 6M;
il_magach_6m_2;Main Battle Tank;
il_magach_6c_shop;Magach 6C;
il_magach_6c_0;Magach 6 Gimel;
il_magach_6c_1;Magach 6C;
il_magach_6c_2;Main Battle Tank;
il_magach_6b_gal_batash_shop;Gal Batash;
il_magach_6b_gal_batash_0;Magach 6 Bet Gal Batash;
il_magach_6b_gal_batash_1;Gal Batash;
il_magach_6b_gal_batash_2;Main Battle Tank;
il_magach_7c_shop;Magach 7C;
il_magach_7c_0;Magach 7 Gimel;
il_magach_7c_1;Magach 7C;
il_magach_7c_2;Main Battle Tank;
il_amx_13_75_shop;AMX-13-75;
il_amx_13_75_0;"Char léger AMX-13-75
<color=#c0c0c0>avec tourelle FL 10 avec 75</color>";
il_amx_13_75_1;AMX-13-75;
il_amx_13_75_2;Light Tank;
il_aml_90_shop;AML 90;
il_aml_90_0;Automitrailleuse Légère AML 90;
il_aml_90_1;AML 90;
il_aml_90_2;Armored Car;
il_centurion_mk_5_shot_shop;Centurion Mk.5;
il_centurion_mk_5_shot_0;"<color=#c8a5b2>FV4011</color>
Tank, Combat, 20lb Gun, Centurion Mk.5";
il_centurion_mk_5_shot_1;Centurion Mk.5;
il_centurion_mk_5_shot_2;Main Battle Tank;
il_tiran_4_shop;Tiran 4;
il_tiran_4_0;Tiran 4;
il_tiran_4_1;Tiran 4;
il_tiran_4_2;Main Battle Tank;
il_tiran_4_sh_shop;Tiran 4Sh;
il_tiran_4_sh_0;Tiran 4 Sharir;
il_tiran_4_sh_1;Tiran 4;
il_tiran_4_sh_2;Main Battle Tank;
il_centurion_shot_kal_alef_shop;Sho’t Kal A;
il_centurion_shot_kal_alef_0;Sho’t Kal Alef;
il_centurion_shot_kal_alef_1;Sho’t Kal A;
il_centurion_shot_kal_alef_2;Main Battle Tank;
il_centurion_shot_kal_gimel_shop;Sho’t Kal C;
il_centurion_shot_kal_gimel_0;Sho’t Kal Gimel;
il_centurion_shot_kal_gimel_1;Sho’t Kal C;
il_centurion_shot_kal_gimel_2;Main Battle Tank;
il_tiran_6_shop;Tiran 6;
il_tiran_6_0;Tiran 6;
il_tiran_6_1;Tiran 6;
il_tiran_6_2;Main Battle Tank;
il_merkava_mk_1_shop;Merkava 1;
il_merkava_mk_1_0;Merkava Siman 1;
il_merkava_mk_1_1;Merkava 1;
il_merkava_mk_1_2;Main Battle Tank;
il_merkava_mk_1b_shop;Merkava 1M;
il_merkava_mk_1b_0;Merkava Siman 1 Mashupar;
il_merkava_mk_1b_1;Merkava 1M;
il_merkava_mk_1b_2;Main Battle Tank;
il_merkava_mk_2b_early_shop;Merkava 2B;
il_merkava_mk_2b_early_0;Merkava Siman 2 Bet;
il_merkava_mk_2b_early_1;Merkava 2B;
il_merkava_mk_2b_early_2;Main Battle Tank;
il_merkava_mk_3b_shop;Merkava 3 Rama’qh;
il_merkava_mk_3b_0;Merkava Siman 3 Rama’qh;
il_merkava_mk_3b_1;Merkava 3 Rama’qh;
il_merkava_mk_3b_2;Main Battle Tank;
il_merkava_mk_3c_shop;Merkava 3B Baz;
il_merkava_mk_3c_0;Merkava Siman 3 Bet Baz;
il_merkava_mk_3c_1;Merkava 3B Baz;
il_merkava_mk_3c_2;Main Battle Tank;
il_merkava_mk_4b_shop;Merkava 4B;
il_merkava_mk_4b_0;Merkava Siman 4 Bet;
il_merkava_mk_4b_1;Merkava 4B;
il_merkava_mk_4b_2;Main Battle Tank;
il_merkava_mk_4_lic_shop;Merkava 4B (2006);
il_merkava_mk_4_lic_0;"Merkava Siman 4 Bet
<color=#c0c0c0>2006</color>";
il_merkava_mk_4_lic_1;Merkava 4B (2006);
il_merkava_mk_4_lic_2;Main Battle Tank;
il_merkava_mk_4m_shop;Merkava 4M;
il_merkava_mk_4m_0;Merkava Siman 4 Meil Ru’ach;
il_merkava_mk_4m_1;Merkava 4M;
il_merkava_mk_4m_2;Main Battle Tank;
il_tcm_20_shop;Zachlad (TCM-20);
il_tcm_20_0;"M3 Degem Bet Zachlad
<color=#c0c0c0>im toshevet TCM-20</color>";
il_tcm_20_1;Zachlad (TCM-20);
il_tcm_20_2;SPAA;
il_zsu_57_2_shop;ZSU-57-2;
il_zsu_57_2_0;"<color=#c8a5b2>Object 500</color>
ZSU-57-2
<color=#7b9fb5>”Sparka”</color>";
il_zsu_57_2_1;ZSU-57-2;
il_zsu_57_2_2;SPAA;
il_m163_vulcan_shop;Hovet;
il_m163_vulcan_0;Hovet;
il_m163_vulcan_1;Hovet;
il_m163_vulcan_2;SPAA;
il_zsu_23_4_shop;ZSU-23-4V1;
il_zsu_23_4_0;"<color=#c8a5b2>2A6V1</color>
ZSU-23-4V1
<color=#7b9fb5>Shilka</color>";
il_zsu_23_4_1;ZSU-23-4V1;
il_zsu_23_4_2;SPAA;
il_machbet_shop;Machbet;
il_machbet_0;Machbet;
il_machbet_1;Machbet;
il_machbet_2;SPAA / SAM;
il_mim_72_chaparral_shop;Drakon;
il_mim_72_chaparral_0;Drakon;
il_mim_72_chaparral_1;Drakon;
il_mim_72_chaparral_2;SAM;
il_spyder_aio_shop;SPYDER AiO SR;
il_spyder_aio_0;Surface-to-Air Python and Derby All-in-One Short Range;
il_spyder_aio_1;SPYDER AiO SR;
il_spyder_aio_2;SAM;
il_m109_shop;M109;
il_m109_0;Howitzer, Self-Propelled, Full Tracked, 155mm Gun, M109;
il_m109_1;M109;
il_m109_2;Self-Propelled Gun;
il_m109a1_shop;Rochev A;
il_m109a1_0;Rochev Degem A;
il_m109a1_1;Rochev A;
il_m109a1_2;Self-Propelled Gun;
il_ss_11_halftrack_shop;Zachlam (Tagar);
il_ss_11_halftrack_0;"M3 Degem Bet Zachlam
<color=#c0c0c0>im Tagar</color>";
il_ss_11_halftrack_1;Zachlam (Tagar);
il_ss_11_halftrack_2;Missile Carrier;
il_m113_hvms_shop;Bardelas HVMS;
il_m113_hvms_0;M113A2 Bardelas HVMS;
il_m113_hvms_1;Bardelas HVMS;
il_m113_hvms_2;Light Tank;
il_m113a1_tow_shop;Giraf;
il_m113a1_tow_0;Giraf;
il_m113a1_tow_1;Giraf;
il_m113a1_tow_2;Missile Carrier;
il_namer_rcws_30_shop;Namer (Katlanit);
il_namer_rcws_30_0;"Nagmash Merkava
<color=#c0c0c0>im Katlanit</color>";
il_namer_rcws_30_1;Namer (Katlanit);
il_namer_rcws_30_2;Infantry Fighting Vehicle;
il_namer_tsrikhon_shop;Namer Tsariach;
il_namer_tsrikhon_0;Nagmash Merkava Tsariach;
il_namer_tsrikhon_1;Namer Tsariach;
il_namer_tsrikhon_2;Infantry Fighting Vehicle;
il_eitan_shop;Eitan Tsariach;
il_eitan_0;Eitan Tsariach;
il_eitan_1;Eitan Tsariach;
il_eitan_2;IFV;
il_m_51_w_shop;M-51 (814794);
il_m_51_w_0;"M-51 Degem Gimel
<color=#c0c0c0>Hull Number 814794</color>";
il_m_51_w_1;M-51 (814794);
il_m_51_w_2;Medium Tank;
il_sholef_shop;Sholef V1;
il_sholef_0;Sholef V1;
il_sholef_1;Sholef V1;
il_sholef_2;Self-Propelled Gun;
il_magach_3_shop;Magach 3 (Baltan);
il_magach_3_0;"Magach 3
<color=#c0c0c0>im havilat Baltan ERA</color>";
il_magach_3_1;Magach 3 (Baltan);
il_magach_3_2;Main Battle Tank;
il_centurion_shot_kal_d_shop;Sho’t Kal D;
il_centurion_shot_kal_d_0;Sho’t Kal Dalet;
il_centurion_shot_kal_d_1;Sho’t Kal D;
il_centurion_shot_kal_d_2;Main Battle Tank;
il_magach_6b_gal_shop;Magach 6B Gal;
il_magach_6b_gal_0;Magach 6 Bet Gal;
il_magach_6b_gal_1;Magach 6B Gal;
il_magach_6b_gal_2;Main Battle Tank;
il_merkava_mk_2d_shop;Merkava 2B Batash;
il_merkava_mk_2d_0;Merkava Siman 2 Bet Batash;
il_merkava_mk_2d_1;Merkava 2B Batash;
il_merkava_mk_2d_2;Main Battle Tank;
il_merkava_mk_3_raam_segol_shop;Merkava 3D (Ra’am Segol);
il_merkava_mk_3_raam_segol_0;"Merkava Siman 3 Dalet Baz
<color=#c0c0c0>im merkat hagna aktivit shel Ra’am Segol</color>";
il_merkava_mk_3_raam_segol_1;Merkava 3D (Ra’am Segol);
il_merkava_mk_3_raam_segol_2;Main Battle Tank;
il_sabra_mk1_shop;Sabra 1;
il_sabra_mk1_0;Sabra Siman 1;
il_sabra_mk1_1;Sabra 1;
il_sabra_mk1_2;Main Battle Tank;
;;
;;
;;
<ISR Helicopter>;;
;;
ah_1g_iaf_shop;AH-1G;
ah_1g_iaf_0;"<color=#7b9fb5>Bell Helicopter Company</color>
AH-1G-BF Tzefa A";
ah_1g_iaf_1;AH-1G;
ah_1g_iaf_2;AH-1;
ah_1q_iaf_shop;AH-1Q;
ah_1q_iaf_0;"<color=#7b9fb5>Bell Helicopter Company</color>
AH-1Q-BF Tzefa B";
ah_1q_iaf_1;AH-1Q;
ah_1q_iaf_2;AH-1;
ah_1f_iaf_shop;AH-1F;
ah_1f_iaf_0;"<color=#7b9fb5>Bell Helicopter Company</color>
AH-1F-BF Tzefa D/E";
ah_1f_iaf_1;AH-1F;
ah_1f_iaf_2;AH-1;
ah_64a_iaf_shop;AH-64A;
ah_64a_iaf_0;"<color=#7b9fb5>McDonnell Douglas Corporation</color>
AH-64A Peten";
ah_64a_iaf_1;AH-64A;
ah_64a_iaf_2;AH-64;
ah_64d_i_saraph_shop;AH-64D-I;
ah_64d_i_saraph_0;"<color=#7b9fb5>Boeing Rotocraft Defense</color>
AH-64D-I Saraph";
ah_64d_i_saraph_1;AH-64D;
ah_64d_i_saraph_2;AH-64;
md_500_tow_late_shop;MD500;
md_500_tow_late_0;"<color=#7b9fb5>MD Helicopter, LLC.</color>
MH500/TOW Lahatut";
md_500_tow_late_1;MD500;
md_500_tow_late_2;MD500;
ah_60_iaf_shop;AH-60;
ah_60_iaf_0;"<color=#7b9fb5>Sikorsky Aviation Corporation</color>
AH-60-SI Armed Black Hawk Demonstrator Yanshuf";
ah_60_iaf_1;AH-60;
ah_60_iaf_2;AH-60;
ah_64a_peten_iaf_shop;AH-64A (PV624);
ah_64a_peten_iaf_0;"<color=#7b9fb5>McDonnell Douglas Corporation</color>
AH-64A Peten
<color=#fcba03>PV624</color>";
ah_64a_peten_iaf_1;AH-64A;
ah_64a_peten_iaf_2;AH-64;
;;
;;
;;
<ISR Aviation>;;
;;
spitfire_mk9c_iaf_shop;Spitfire F. IXc;
spitfire_mk9c_iaf_0;"<color=#7b9fb5>Supermarine Aviation Works Ltd.</color>
Spitfire F. Mk. Ixc Yorek";
spitfire_mk9c_iaf_1;Spitfire F. IX;
spitfire_mk9c_iaf_2;Spitfire;
spitfire_lf_mk9e_iaf_shop;Spitfire L.F. IX (CW);
spitfire_lf_mk9e_iaf_0;"<color=#7b9fb5>Supermarine Aviation Works Ltd.</color>
Spitfire L.F. Mk. IX Yorek (Clipped Wings)";
spitfire_lf_mk9e_iaf_1;Spitfire L.F. IX;
spitfire_lf_mk9e_iaf_2;Spitfire;
meteor_nfmk13_shop;Meteor N.F. 13;
meteor_nfmk13_0;"<color=#7b9fb5>Gloster Aircraft Company Ltd.</color>
Meteor N.F. Mk. 13";
meteor_nfmk13_1;Meteor N.F. 13;
meteor_nfmk13_2;Meteor;
meteor_fmk8_iaf_shop;Meteor F. 8;
meteor_fmk8_iaf_0;"<color=#7b9fb5>Gloster Aircraft Company Ltd.</color>
Meteor F. Mk. 8";
meteor_fmk8_iaf_1;Meteor F. 8;
meteor_fmk8_iaf_2;Meteor;
md_454_mystere_4a_iaf_shop;Mystère IV A;
md_454_mystere_4a_iaf_0;"<color=#7b9fb5>Avions Marcel Dassault</color>
M.D.454 Mystère IV A";
md_454_mystere_4a_iaf_1;Mystère IV;
md_454_mystere_4a_iaf_2;Mystère;
md_460_sambad_shop;Super Mystère B2;
md_460_sambad_0;"<color=#7b9fb5>Avions Marcel Dassault</color>
Super Mystère B2 Sambad";
md_460_sambad_1;Super Mystère B2;
md_460_sambad_2;Super Mystère;
md_460_saar_shop;Sa’ar;
md_460_saar_0;"<color=#7b9fb5>Israel Aircraft Industries</color>
Sa’ar";
md_460_saar_1;Sa’ar;
md_460_saar_2;Sa’ar;
mirage_3cj_shop;Mirage III CJ;
mirage_3cj_0;"<color=#7b9fb5>Avions Marcel Dassault</color>
Mirage III CJ Shahak";
mirage_3cj_1;Mirage III;
mirage_3cj_2;Mirage;
kfir_c7_shop;Kfir C7;
kfir_c7_0;"<color=#7b9fb5>Israel Aircraft Industries</color>
Kfir C7";
kfir_c7_1;Kfir C;
kfir_c7_2;Kfir;
f_16a_block_10_iaf_shop;F-16A-10;
f_16a_block_10_iaf_0;"<color=#7b9fb5>General Dynamics Corporation</color>
F-16A-10-CF Netz";
f_16a_block_10_iaf_1;F-16A;
f_16a_block_10_iaf_2;F-16;
f_16c_block_40_barak_2_shop;F-16C-40;
f_16c_block_40_barak_2_0;"<color=#7b9fb5>General Dynamics Corporation</color>
F-16C-40D-CF Barak II";
f_16c_block_40_barak_2_1;F-16C;
f_16c_block_40_barak_2_2;F-16;
s_199_shop;S-199;
s_199_0;"<color=#7b9fb5>Avia Motors s.r.o.</color>
S-199 Sakeen";
s_199_1;S-199;
s_199_2;S-199;
p-51d-20-na_iaf_shop;P-51D-20;
p-51d-20-na_iaf_0;"<color=#7b9fb5>North American Aviation</color>
P-51D-20-NA Mustang";
p-51d-20-na_iaf_1;P-51D;
p-51d-20-na_iaf_2;P-51;
md_450b_ouragan_iaf_shop;Ouragan;
md_450b_ouragan_iaf_0;"<color=#7b9fb5>Avions Marcel Dassault</color>
M.D.450 Ouragan";
md_450b_ouragan_iaf_1;Ouragan;
md_450b_ouragan_iaf_2;Ouragan;
a_4h_shop;A-4H;
a_4h_0;"<color=#7b9fb5>Douglas Aircraft Company</color>
A-4H-DL Ayit";
a_4h_1;A-4H;
a_4h_2;A-4;
a_4e_early_iaf_shop;A-4E;
a_4e_early_iaf_0;"<color=#7b9fb5>Douglas Aircraft Company</color>
A-4E-DE Ayit";
a_4e_early_iaf_1;A-4E;
a_4e_early_iaf_2;A-4;
a_4n_shop;A-4N;
a_4n_0;"<color=#7b9fb5>Douglas Aircraft Company</color>
A-4N-DL Ayit";
a_4n_1;A-4N;
a_4n_2;A-4;
f-4e_iaf_shop;F-4E-54;
f-4e_iaf_0;"<color=#7b9fb5>McDonnell Douglas Corporation</color>
F-4E-54-MC Kurnas";
f-4e_iaf_1;F-4E;
f-4e_iaf_2;F-4;
f-4e_kurnass_2000_shop;Kurnas 2000;
f-4e_kurnass_2000_0;"<color=#7b9fb5>McDonnell Douglas Corporation</color>
F-4E Kurnas 2000";
f-4e_kurnass_2000_1;Kurnas 2000;
f-4e_kurnass_2000_2;Kurnas;
f_15a_iaf_shop;F-15A-18;
f_15a_iaf_0;"<color=#7b9fb5>McDonnell Douglas Corporation</color>
F-15A-18-MC Baz
<color=#c0c0c0>Multistage Improvement Program</color>";
f_15a_iaf_1;F-15A;
f_15a_iaf_2;F-15;
f_15c_baz_msip_shop;F-15C-27;
f_15c_baz_msip_0;"<color=#7b9fb5>McDonnell Douglas Corporation</color>
F-15C-27-MC Baz Mashupar";
f_15c_baz_msip_1;F-15C;
f_15c_baz_msip_2;F-15;
b-17g_iaf_shop;B-17G-95;
b-17g_iaf_0;"<color=#7b9fb5>Boeing Aircraft Company</color>
B-17G-95-BO Flying Fortress";
b-17g_iaf_1;B-17G;
b-17g_iaf_2;B-17;
so_4050_vautour_2a_israel_iaf_shop;Vautour II A;
so_4050_vautour_2a_israel_iaf_0;"<color=#7b9fb5>Société nationale des constructions aéronautiques du Sud-Ouest</color>
S.O.4050 Vautour II A";
so_4050_vautour_2a_israel_iaf_1;Vautour II;
so_4050_vautour_2a_israel_iaf_2;Vautour;
so_4050_vautour_2n_iaf_shop;Vautour II N;
so_4050_vautour_2n_iaf_0;"<color=#7b9fb5>Société nationale des constructions aéronautiques du Sud-Ouest</color>
S.O.4050 Vautour II N";
so_4050_vautour_2n_iaf_1;Vautour II;
so_4050_vautour_2n_iaf_2;Vautour;
nesher_shop;Nesher S;
nesher_0;"<color=#7b9fb5>Israel Aircraft Industries</color>
Nesher S";
nesher_1;Nesher S;
nesher_2;Nesher;
f_16d_block_40_barak_2_shop;F-16D-40;
f_16d_block_40_barak_2_0;"<color=#7b9fb5>General Dynamics Corporation</color>
F-16D-40D-CF Barak II";
f_16d_block_40_barak_2_1;F-16D;
f_16d_block_40_barak_2_2;F-16;
f_16i_sufa_shop;F-16I;
f_16i_sufa_0;"<color=#7b9fb5>General Dynamics Corporation</color>
F-16I-CF Sufa";
f_16i_sufa_1;F-16I;
f_16i_sufa_2;F-16;
f_15i_raam_shop;F-15I;
f_15i_raam_0;"<color=#7b9fb5>Boeing Military Airplane Company</color>
F-15I-MC Ra’am
<color=#c0c0c0>shinuy 2006</color>";
f_15i_raam_1;F-15I;
f_15i_raam_2;F-15;
spitfire_lf_mk9e_weisman_shop;Weizman’s Spitfire L.F. IXe;
spitfire_lf_mk9e_weisman_0;"<color=#7b9fb5>Supermarine Aviation Works Ltd.</color>
Spitfire L.F. Mk. IXe Yorek
<color=#fcba03>Ezer Weizman</color>";
spitfire_lf_mk9e_weisman_1;Spitfire L.F. IX;
spitfire_lf_mk9e_weisman_2;Spitfire;
md_450b_ouragan_iaf_29_shop;Ouragan (113 Sqd.);
md_450b_ouragan_iaf_29_0;"<color=#7b9fb5>Avions Marcel Dassault</color>
M.D.450 Ouragan
<color=#fcba03>113 Squadron Tayeset Hasar’ah</color>";
md_450b_ouragan_iaf_29_1;Ouragan;
md_450b_ouragan_iaf_29_2;Ouragan;
meteor_frmk9_iaf_shop;Meteor F.R. 9;
meteor_frmk9_iaf_0;"<color=#7b9fb5>Gloster Aircraft Company Ltd.</color>
Meteor F.R. Mk. 9";
meteor_frmk9_iaf_1;Meteor F.R. 9;
meteor_frmk9_iaf_2;Meteor;
f-84f_israel_iaf_shop;F-84F-51 (200 Sqd.);
f-84f_israel_iaf_0;"<color=#7b9fb5>Republic Aircraft Corporation</color>
F-84F-51-GK Thunderstreak
<color=#fcba03>200 Squadron</color>";
f-84f_israel_iaf_1;F-84F;
f-84f_israel_iaf_2;F-84;
a_4e_late_iaf_shop;A-4E (H);
a_4e_late_iaf_0;"<color=#7b9fb5>Douglas Aircraft Company</color>
A-4E-DE (H) Ayit";
a_4e_late_iaf_1;A-4E;
a_4e_late_iaf_2;A-4;
kfir_canard_shop;Kfir Gderot;
kfir_canard_0;"<color=#7b9fb5>Israel Aircraft Industries</color>
Kfir Gderot";
kfir_canard_1;Kfir Gderot;
kfir_canard_2;Kfir;
kfir_c2_shop;Kfir C2;
kfir_c2_0;"<color=#7b9fb5>Israel Aircraft Industries</color>
Kfir C2";
kfir_c2_1;Kfir C;
kfir_c2_2;Kfir;
mig_21_2000_iaf_shop;MiG-21 2000;
mig_21_2000_iaf_0;"<color=#7b9fb5>Israel Aircraft Industries</color>
MiG-21 2000";
mig_21_2000_iaf_1;MiG-21 2000;
mig_21_2000_iaf_2;MiG-21;
f_16a_block_10_netz_mod_shop;F-16A-5 (115 Sqd.);
f_16a_block_10_netz_mod_0;"<color=#7b9fb5>General Dynamics Corporation</color>
F-16A-5-CF Netz
<color=#fcba03>115 Squadron</color>";
f_16a_block_10_netz_mod_1;F-16A;
f_16a_block_10_netz_mod_2;F-16;
;;
;;
;;
<FIN Army>;;
;;
sw_bt_42_shop;ryn.tyk.psv. BT 42;
sw_bt_42_0;"<color=#c8a5b2>Ps.511</color>
15-tonnin rynnäkkötykkipanssarivaunu, mallia BT42";
sw_bt_42_1;ryn.tyk.psv. BT 42;
sw_bt_42_2;Light Tank;
sw_cv_9030_fin_shop;ryn.psv. CV9030;
sw_cv_9030_fin_0;"<color=#c8a5b2>Ps.171</color>
28-tonnin rynnäkköpanssarivaunu, mallia CV9030";
sw_cv_9030_fin_1;ryn.psv. CV9030;
sw_cv_9030_fin_2;Infantry Fighting Vehicle;
sw_l_62_anti_II_shop;it.psv. m/41;
sw_l_62_anti_II_0;"<color=#c8a5b2>Ps.455</color>
40mm, 11-tonnin ilmatorjuntapanssarivaunu m/41";
sw_l_62_anti_II_1;it.psv. m/41;
sw_l_62_anti_II_2;SPAA;
sw_zsu_57_2_shop;it.psv. SU-57-2;
sw_zsu_57_2_0;"<color=#c8a5b2>Ps.461</color>
57mm, 28-tonnin ilmatorjuntapanssarivaunu, mallia SU-57-2";
sw_zsu_57_2_1;it.psv. SU-57-2;
sw_zsu_57_2_2;SPAA;
sw_itpsv_90_shop;it.psv. m/90;
sw_itpsv_90_0;"<color=#c8a5b2>Ps.473</color>
35mm, 49-tonnin
ilmatorjuntapanssarivaunu m/90, mallia Leopard 2 A4";
sw_itpsv_90_1;it.psv. m/90;
sw_itpsv_90_2;SPAA;
sw_vickers_mk_e_37_shop;psv. Vickers (psv.k/36);
sw_vickers_mk_e_37_0;"9-tonnin panssarivaunu, mallia Vickers
<color=#c0c0c0>37 psv.k/36</color>";
sw_vickers_mk_e_37_1;psv. Vickers (psv.k/36);
sw_vickers_mk_e_37_2;Light Tank;
sw_t_28_shop;psv. T 28 m/38;
sw_t_28_0;"<color=#c8a5b2>Ps.241</color>
25-tonnin pansarrivaunu, mallia T 28 m/38
<color=#7b9fb5>”Postijuna”</color>";
sw_t_28_1;psv. T 28 m/38;
sw_t_28_2;Medium Tank;
sw_t_34_1941_shop;psv. T 34 B;
sw_t_34_1941_0;"<color=#c8a5b2>Ps.231</color>
28-tonnin panssarivaunu, mallia T 34 B
<color=#7b9fb5>”Sotka”</color>";
sw_t_34_1941_1;psv. T 34 B;
sw_t_34_1941_2;Medium Tank;
sw_pzkpfw_IV_ausf_J_shop;psv. PzKw IVJ;
sw_pzkpfw_IV_ausf_J_0;"<color=#c8a5b2>Ps.221</color>
25-tonnin panssarivaunu, mallia PzKw IVJ
<color=#7b9fb5>”Nelonen”</color>";
sw_pzkpfw_IV_ausf_J_1;psv. PzKw IVJ;
sw_pzkpfw_IV_ausf_J_2;Medium Tank;
sw_pt_76b_shop;ryn.psv. PT 76 B;
sw_pt_76b_0;"<color=#c8a5b2>Ps.141</color>
14-tonnin rynnäkkötykkipanssarivaunu, mallia PT 76 B";
sw_pt_76b_1;ryn.psv. PT 76 B;
sw_pt_76b_2;Light Tank;
sw_a_34_comet_shop;psv. Comet;
sw_a_34_comet_0;"<color=#c8a5b2>Ps.252</color>
33-tonnin panssarivaunu, mallia Comet";
sw_a_34_comet_1;psv. Comet;
sw_a_34_comet_2;Medium Tank;
sw_t_34_85_zis_53_shop;psv. T 34/85;
sw_t_34_85_zis_53_0;"<color=#c8a5b2>Ps.245</color>
32-tonnin panssarivaunu, mallia T 34/85
<color=#7b9fb5>”Pitkäpiipuninen Sotka”</color>";
sw_t_34_85_zis_53_1;psv. T 34/85;
sw_t_34_85_zis_53_2;Medium Tank;
sw_charioteer_mk_7_shop;tst.psv. Charioteer;
sw_charioteer_mk_7_0;"<color=#c8a5b2>Ps.251</color>
30-tonnin taistelupanssarivaunu, mallia Charioteer";
sw_charioteer_mk_7_1;tst.psv. Charioteer;
sw_charioteer_mk_7_2;Medium Tank;
sw_t_54_1951_shop;tst.psv. T 54;
sw_t_54_1951_0;"<color=#c8a5b2>Ps.261</color>
35-tonnin taistelupanssarivaunu, mallia T 54";
sw_t_54_1951_1;tst.psv. T 54;
sw_t_54_1951_2;Main Battle Tank;
sw_t_55m_shop;tst.psv. T 55 M;
sw_t_55m_0;"<color=#c8a5b2>Ps.262</color>
36-tonnin taistelupanssarivaunu, mallia T 55 M";
sw_t_55m_1;tst.psv T 55 M;
sw_t_55m_2;Main Battle Tank;
sw_t_72m1_shop;tst.psv. T 72 M1;
sw_t_72m1_0;"<color=#c8a5b2>Ps.264</color>
41-tonnin taistelupanssarivaunu, mallia T 72 M1";
sw_t_72m1_1;tst.psv. T 72 M1;
sw_t_72m1_2;Main Battle Tank;
sw_leopard_2a4_fin_shop;tst.psv. Leopard 2 A4;
sw_leopard_2a4_fin_0;"<color=#c8a5b2>Ps.273</color>
55-tonnin taistelupanssarivaunu, mallia Leopard 2 A4";
sw_leopard_2a4_fin_1;tst.psv. Leopard 2 A4;
sw_leopard_2a4_fin_2;Main Battle Tank;
sw_leopard_2a6nl_shop;tst.psv. Leopard 2 A6;
sw_leopard_2a6nl_0;"<color=#c8a5b2>Ps.274</color>
60-tonnin taistelupanssarivaunu, mallia Leopard 2 A6";
sw_leopard_2a6nl_1;tst.psv. Leopard 2 A6;
sw_leopard_2a6nl_2;Main Battle Tank;
sw_vickers_mk_e_45_shop;psv. T 26 E;
sw_vickers_mk_e_45_0;"<color=#c8a5b2>Ps.161</color>
9-tonnin panssarivaunu, mallia T 26 Englantilainen";
sw_vickers_mk_e_45_1;psv. T 26 E;
sw_vickers_mk_e_45_2;Light Tank;
sw_t_50_fin_shop;psv. T 50;
sw_t_50_fin_0;"<color=#c8a5b2>Ps.183-1</color>
15-tonnin panssarivaunu, mallia T 50
<color=#7b9fb5>”Pikku Sotka”</color>";
sw_t_50_fin_1;psv. T 50;
sw_t_50_fin_2;Light Tank;
sw_kv_1_1942_fin_shop;psv. KW 1 A;
sw_kv_1_1942_fin_0;"<color=#c8a5b2>Ps.271</color>
49-tonnin panssarivaunu KW 1 A “Klimi”";
sw_kv_1_1942_fin_1;psv. KW 1 A;
sw_kv_1_1942_fin_2;Heavy Tank;
sw_patria_amv_ctcv_105_shop;Patria AMV (CT-CV);
sw_patria_amv_ctcv_105_0;"Patria Advanced Modular Vehicle Heavy Weapon Platform
<color=#c0c0c0>CT-CV 105HP tornilla</color>";
sw_patria_amv_ctcv_105_1;Patria AMV (CT-CV);
sw_patria_amv_ctcv_105_2;Light Tank;
sw_bmp_2md_shop;ryn.psv. BMP 2 MD;
sw_bmp_2md_0;"<color=#c8a5b2>Ps.153</color>
14-tonnin rynnäkköpanssarivaunu, mallia BMP 2 MD";
sw_bmp_2md_1;ryn.psv. BMP 2 MD;
sw_bmp_2md_2;Infantry Fighting Vehicle;
;;
;;
;;
<FIN Aviation>;;
;;
ju-88a-4_finland_shop;♜Ju 88 A-4;
ju-88a-4_finland_0;"<color=#7b9fb5>Junkers Flugzeug- Und Motorenwerke AG</color>
♜Ju 88 A-4";
ju-88a-4_finland_1;♜Ju 88 A;
ju-88a-4_finland_2;♜Ju 88;
fokker_d21_serie3_finland_shop;♜D.XXI-1;
fokker_d21_serie3_finland_0;"<color=#7b9fb5>N.V. Koninklijke Nederlandse Vliegtuigenfabriek Fokker</color>
♜D.XXI Series 1";
fokker_d21_serie3_finland_1;♜D.XXI-1;
fokker_d21_serie3_finland_2;♜D.XXI;
b_239_finland_shop;♜B-239E;
b_239_finland_0;"<color=#7b9fb5>Brewster Aeronautical Corporation</color>
♜Model 239E";
b_239_finland_1;♜B-239E;
b_239_finland_2;♜B-239;
hurricane_mk1_late_finland_shop;♜Hurricane Mk.I;
hurricane_mk1_late_finland_0;"<color=#7b9fb5>Hawker Aircraft Ltd.</color>
♜Hurricane Mk.I";
hurricane_mk1_late_finland_1;♜Hurricane Mk.I;
hurricane_mk1_late_finland_2;♜Hurricane;
bf-109g-2_finland_shop;♜Bf 109 G-2;
bf-109g-2_finland_0;"<color=#7b9fb5>Messerschmitt AG</color>
♜Bf 109 G-2";
bf-109g-2_finland_1;♜Bf 109 G;
bf-109g-2_finland_2;♜Bf 109;
bf-109g-6_erla_finland_shop;♜Bf 109 G-6;
bf-109g-6_erla_finland_0;"<color=#7b9fb5>Messerschmitt AG</color>
♜Bf 109 G-6 (Erla)";
bf-109g-6_erla_finland_1;♜Bf 109 G;
bf-109g-6_erla_finland_2;♜Bf 109;
vampire_fb52_finland_shop;♜Vampire FB.52A;
vampire_fb52_finland_0;"<color=#7b9fb5>de Havilland Aircraft Company Ltd.</color>
♜Vampire FB. Mk.52A";
vampire_fb52_finland_1;♜Vampire FB.52;
vampire_fb52_finland_2;♜Vampire;
mig_21_bis_finland_shop;♜MiG-21bis;
mig_21_bis_finland_0;"<color=#7b9fb5>Mikoyan-Gurevich Design Bureau | OKB-155</color>
♜MiG-21bis";
mig_21_bis_finland_1;♜MiG-21bis;
mig_21_bis_finland_2;♜MiG-21;
fa_18c_finland_shop;♜F-18C;
fa_18c_finland_0;"<color=#7b9fb5>McDonnell Douglas Corporation</color>
♜F-18C Hornet";
fa_18c_finland_1;♜F-18C;
fa_18c_finland_2;♜F-18;
fa_18c_mlu_2_finland_shop;♜F/A-18C MLU-2;
fa_18c_mlu_2_finland_0;"<color=#7b9fb5>McDonnell Douglas Corporation</color>
♜F/A-18C Hornet
<color=#c0c0c0>Mid-Life Upgrade 2</color>";
fa_18c_mlu_2_finland_1;♜F/A-18C;
fa_18c_mlu_2_finland_2;♜F/A-18;
arado-196a-5_shop;♜Ar 196 A-5;
arado-196a-5_0;"<color=#7b9fb5>Arado Flugzeugwerke</color>
♜Ar 196 A-5";
arado-196a-5_1;♜Ar 196 A;
arado-196a-5_2;♜Ar 196;
fokker_d21_mod20_shop;D.XXI-3;
fokker_d21_mod20_0;"<color=#7b9fb5>N.V. Koninklijke Nederlandse Vliegtuigenfabriek Fokker</color>
D.XXI Series 3";
fokker_d21_mod20_1;D.XXI-3;
fokker_d21_mod20_2;D.XXI;
morko_morane_shop;Mörkö-Morane;
morko_morane_0;"<color=#7b9fb5>Aéroplanes Morane-Saulnier</color>
Mörkö-Morane";
morko_morane_1;Mörkö-Morane;
morko_morane_2;Mörkö-Morane;
vl_myrsky_2_late_shop;Myrsky II;
vl_myrsky_2_late_0;"<color=#7b9fb5>Valtion lentokonetehdas</color>
Myrsky II";
vl_myrsky_2_late_1;Myrsky II;
vl_myrsky_2_late_2;Myrsky;
pyorremyrsky_shop;Pyörremyrsky;
pyorremyrsky_0;"<color=#7b9fb5>Valtion lentokonetehdas</color>
Pyörremyrsky PM-1";
pyorremyrsky_1;Pyörremyrsky;
pyorremyrsky_2;Pyörremyrsky;
bf-109g-6_finland_shop;Hielm’s ♜Bf 109 G-6;
bf-109g-6_finland_0;"<color=#7b9fb5>Messerschmitt AG</color>
♜Bf 109 G-6
<color=#fcba03>Börje Hielm</color>";
bf-109g-6_finland_1;♜Bf 109 G;
bf-109g-6_finland_2;♜Bf 109;
saab_j35xs_shop;Saab 35S;
saab_j35xs_0;"<color=#7b9fb5>Saab AB</color>
Saab 35S Draken";
saab_j35xs_1;Saab 35S;
saab_j35xs_2;Saab 35;
;;
;;
;;
<HUN Army>;;
;;
it_zsu_57_2_shop;◔ZSU-57-2;
it_zsu_57_2_0;"<color=#c8a5b2>Object 500</color>
◔ZSU-57-2
<color=#7b9fb5>”Sparka”</color>";
it_zsu_57_2_1;◔ZSU-57-2;
it_zsu_57_2_2;SPAA;
it_zsu_23_4_shop;◔ZSU-23-4V1;
it_zsu_23_4_0;"<color=#c8a5b2>2A6V1</color>
◔ZSU-23-4V1
<color=#7b9fb5>Shilka</color>";
it_zsu_23_4_1;◔ZSU-23-4V1;
it_zsu_23_4_2;SPAA;
it_39m_csaba_shop;Csaba;
it_39m_csaba_0;39.M Csaba;
it_39m_csaba_1;Csaba;
it_39m_csaba_2;Armored Car;
it_40m_turan_1_shop;Turán I;
it_40m_turan_1_0;40.M Turán I;
it_40m_turan_1_1;Turán I;
it_40m_turan_1_2;Medium Tank;
it_40_43m_zrinyi_2_shop;Zrínyi II;
it_40_43m_zrinyi_2_0;40/43.M Zrínyi II;
it_40_43m_zrinyi_2_1;Zrínyi II;
it_40_43m_zrinyi_2_2;Tank Destroyer;
it_43m_turan_3_shop;Turán III;
it_43m_turan_3_0;43.M Turán III;
it_43m_turan_3_1;Turán III;
it_43m_turan_3_2;Medium Tank;
it_2s1_shop;◔2S1;
it_2s1_0;"<color=#c8a5b2>Object 26</color>
◔2S1
<color=#7b9fb5>Gvozdika</color>";
it_2s1_1;◔2S1;
it_2s1_2;Self-Propelled Gun;
it_btr_80a_hungary_shop;◔BTR-80A;
it_btr_80a_hungary_0;◔BTR-80A;
it_btr_80a_hungary_1;◔BTR-80A;
it_btr_80a_hungary_2;Infantry Fighting Vehicle;
it_t_72m1_shop;◔T-72M1;
it_t_72m1_0;"<color=#c8a5b2>Object 172M-E5</color>
◔T-72M1";
it_t_72m1_1;◔T-72M1;
it_t_72m1_2;Main Battle Tank;
it_leopard_2a4_shop;◔Leopard 2 A4HU;
it_leopard_2a4_0;◔Kampfpanzer Leopard 2 A4HU;
it_leopard_2a4_1;◔Leopard 2 A4HU;
it_leopard_2a4_2;Main Battle Tank;
it_kf_41_shop;Lynx;
it_kf_41_0;"Lynx KF41 Gyalogsági Harcjármű
<color=#7b9fb5>“Hiúz”</color>";
it_kf_41_1;Lynx;
it_kf_41_2;Infantry Fighting Vehicle;
it_leopard_2a7_hungary_shop;◔Leopard 2 A7HU;
it_leopard_2a7_hungary_0;◔Kampfpanzer Leopard 2 A7HU;
it_leopard_2a7_hungary_1;◔Leopard 2 A7HU;
it_leopard_2a7_hungary_2;Main Battle Tank;
it_toldi_II_a_shop;Toldi IIA;
it_toldi_II_a_0;42.M Toldi IIA;
it_toldi_II_a_1;Toldi IIA;
it_toldi_II_a_2;Light Tank;
it_41m_turan_2_shop;Turán II;
it_41m_turan_2_0;41.M Turán II;
it_41m_turan_2_1;Turán II;
it_41m_turan_2_2;Medium Tank;
it_44m_zrinyi_1_shop;Zrínyi I;
it_44m_zrinyi_1_0;44.M Zrínyi I;
it_44m_zrinyi_1_1;Zrínyi I;
it_44m_zrinyi_1_2;Tank Destroyer;
it_pzkpfw_VI_ausf_e_tiger_shop;Tigris;
it_pzkpfw_VI_ausf_e_tiger_0;Tigris;
it_pzkpfw_VI_ausf_e_tiger_1;Tigris;
it_pzkpfw_VI_ausf_e_tiger_2;Heavy Tank;
it_pzh_2000_hu_shop;◔PzH 2000HU;
it_pzh_2000_hu_0;◔Panzerhaubitze 2000HU;
it_pzh_2000_hu_1;◔PzH 2000HU;
it_pzh_2000_hu_2;SPG;
it_9a35_m_shop;◔Strela-10M;
it_9a35_m_0;"<color=#c8a5b2>9A35M</color>
◔BM 9K35M
<color=#7b9fb5>Strela-10M</color>";
it_9a35_m_1;◔Strela-10M;
it_9a35_m_2;SAM;
;;
;;
;;
<HUN Helicopter>;;
;;
mi_24d_hungary_shop;◔Mi-24D;
mi_24d_hungary_0;"<color=#7b9fb5>Mil Moscow Helicopter Plant</color>
◔Mi-24D Krokodil";
mi_24d_hungary_1;◔Mi-24D;
mi_24d_hungary_2;◔Mi-24;
mi_24v_hungary_shop;◔Mi-24V;
mi_24v_hungary_0;"<color=#7b9fb5>Mil Moscow Helicopter Plant</color>
◔Mi-24V Krokodil";
mi_24v_hungary_1;◔Mi-24V;
mi_24v_hungary_2;◔Mi-24;
mi_24p_hungary_shop;◔Mi-24P;
mi_24p_hungary_0;"<color=#7b9fb5>Mil Moscow Helicopter Plant</color>
◔Mi-24P Krokodil";
mi_24p_hungary_1;◔Mi-24P;
mi_24p_hungary_2;◔Mi-24;
;;
;;
;;
<HUN Aviation>;;
;;
il-10_1946_hungary_shop;◔Il-10 (1947);
il-10_1946_hungary_0;"<color=#7b9fb5>Ilyushin Design Bureau | OKB-39</color>
◔Il-10 Párduc
<color=#c0c0c0>(1947)</color>";
il-10_1946_hungary_1;◔Il-10 (1947);
il-10_1946_hungary_2;◔Il-10;
tu-2_postwar_late_hungary_shop;◔Tu-2S-59;
tu-2_postwar_late_hungary_0;"<color=#7b9fb5>Tupolev Design Bureau | OKB-155</color>
◔Tu-2S-59";
tu-2_postwar_late_hungary_1;◔Tu-2S;
tu-2_postwar_late_hungary_2;◔Tu-2;
il_28_hungary_shop;◔Il-28;
il_28_hungary_0;"<color=#7b9fb5>Ilyushin Design Bureau | OKB-39</color>
◔Il-28";
il_28_hungary_1;◔Il-28;
il_28_hungary_2;◔Il-28;
su_22m3_hungary_shop;◔Su-22M3;
su_22m3_hungary_0;"<color=#7b9fb5>Sukhoi Design Bureau | OKB-51</color>
◔Su-22M3";
su_22m3_hungary_1;◔Su-22M;
su_22m3_hungary_2;◔Su-22;
wm_21_shop;WM.21;
wm_21_0;"<color=#7b9fb5>Weiss Manfréd Acél- és Fémművek</color>
WM.21 Sólyom";
wm_21_1;WM.21;
wm_21_2;WM.21;
re_2000_heja_1_shop;Héja I;
re_2000_heja_1_0;"<color=#7b9fb5>Magyar Királyi Állami Vas-, Acél- és Gépgyárak</color>
Héja I";
re_2000_heja_1_1;Héja I;
re_2000_heja_1_2;Héja;
re_2000_heja_2_shop;Héja II;
re_2000_heja_2_0;"<color=#7b9fb5>Magyar Királyi Állami Vas-, Acél- és Gépgyárak</color>
Héja II";
re_2000_heja_2_1;Héja II;
re_2000_heja_2_2;Héja;
wm_23_shop;WM.23;
wm_23_0;"<color=#7b9fb5>Weiss Manfréd Acél- és Fémművek</color>
WM.23 Ezüst Nyíl";
wm_23_1;WM.23;
wm_23_2;WM.23;
me_210ca_1_hungary_shop;◔Me 210 Ca-1;
me_210ca_1_hungary_0;"<color=#7b9fb5>Messerschmitt AG</color>
◔Me 210 Ca-1";
me_210ca_1_hungary_1;◔Me 210 C;
me_210ca_1_hungary_2;◔Me 210;
me_210ca_1_40_mm_hungary_shop;◔Me 210 Ca-1 (36.M);
me_210ca_1_40_mm_hungary_0;"<color=#7b9fb5>Messerschmitt AG</color>
◔Me 210 Ca-1 (36.M)";
me_210ca_1_40_mm_hungary_1;◔Me 210 C;
me_210ca_1_40_mm_hungary_2;◔Me 210;
fw_190f_8_hungary_shop;◔Fw 190 F-8;
fw_190f_8_hungary_0;"<color=#7b9fb5>Focke-Wulf Flugzeugbau AG</color>
◔Fw 190 F-8/R3 Würger";
fw_190f_8_hungary_1;◔Fw 190 F;
fw_190f_8_hungary_2;◔Fw 190;
yak-9p_hungary_shop;◔Yak-9P;
yak-9p_hungary_0;"<color=#7b9fb5>Yakovlev Design Bureau | OKB-115</color>
◔Yak-9P";
yak-9p_hungary_1;◔Yak-9P;
yak-9p_hungary_2;◔Yak-9;
mig-15bis_nr23_hungary_shop;◔MiG-15bis;
mig-15bis_nr23_hungary_0;"<color=#7b9fb5>Mikoyan-Gurevich Design Bureau | OKB-155</color>
◔MiG-15bis";
mig-15bis_nr23_hungary_1;◔MiG-15bis;
mig-15bis_nr23_hungary_2;◔MiG-15;
mig-17pf_hungary_shop;◔MiG-17PF;
mig-17pf_hungary_0;"<color=#7b9fb5>Mikoyan-Gurevich Design Bureau | OKB-155</color>
◔MiG-17PF";
mig-17pf_hungary_1;◔MiG-17P;
mig-17pf_hungary_2;◔MiG-17;
mig-21_mf_hungary_shop;◔MiG-21MF;
mig-21_mf_hungary_0;"<color=#7b9fb5>Mikoyan-Gurevich Design Bureau | OKB-155</color>
◔MiG-21MF";
mig-21_mf_hungary_1;◔MiG-21M;
mig-21_mf_hungary_2;◔MiG-21;
mig-21_bis_sau_hungary_shop;◔MiG-21bis-SAU;
mig-21_bis_sau_hungary_0;"<color=#7b9fb5>Mikoyan-Gurevich Design Bureau | OKB-155</color>
◔MiG-21bis-SAU";
mig-21_bis_sau_hungary_1;◔MiG-21bis;
mig-21_bis_sau_hungary_2;◔MiG-21;
mig_23mf_hungary_shop;◔MiG-23MF;
mig_23mf_hungary_0;"<color=#7b9fb5>Mikoyan-Gurevich Design Bureau | OKB-155</color>
◔MiG-23MF";
mig_23mf_hungary_1;◔MiG-23M;
mig_23mf_hungary_2;◔MiG-23;
mig_29_9_12b_hungary_shop;◔MiG-29 (9-12B);
mig_29_9_12b_hungary_0;"<color=#7b9fb5>Russian Aircraft Corporation Mikoyan</color>
◔MiG-29
<color=#c0c0c0>izdeliye 9-12B</color>";
mig_29_9_12b_hungary_1;◔MiG-29;
mig_29_9_12b_hungary_2;◔MiG-29;
saab_jas39c_hungary_shop;◔JAS 39EBS HU;
saab_jas39c_hungary_0;"<color=#7b9fb5>Saab AB</color>
◔JAS 39EBS HU Gripen";
saab_jas39c_hungary_1;◔JAS 39EBS;
saab_jas39c_hungary_2;◔JAS 39;
bf_110g_4_hungary_shop;◔Bf 110 G-4;
bf_110g_4_hungary_0;"<color=#7b9fb5>Messerschmitt AG</color>
◔Bf 110 G-4";
bf_110g_4_hungary_1;◔Bf 110 G;
bf_110g_4_hungary_2;◔Bf 110;
bf-109f-4_hungary_shop;◔Bf 109 F-4;
bf-109f-4_hungary_0;"<color=#7b9fb5>Messerschmitt AG</color>
◔Bf 109 F-4";
bf-109f-4_hungary_1;◔Bf 109 F;
bf-109f-4_hungary_2;◔Bf 109;
bf-109g-2_hungary_shop;◔Bf 109 G-2;
bf-109g-2_hungary_0;"<color=#7b9fb5>Messerschmitt AG</color>
◔Bf 109 G-2";
bf-109g-2_hungary_1;◔Bf 109 G;
bf-109g-2_hungary_2;◔Bf 109;
he_112b_1_shop;◔He 112 B-1/U2;
he_112b_1_0;"<color=#7b9fb5>Heinkel Flugzeugwerke</color>
◔He 112 B-1/U2";
he_112b_1_1;◔He 112 B;
he_112b_1_2;◔He 112;
;;
;;
;;
<ZAF Army>;;
;;
germ_th_800_bismark_shop;⋟TH 800;
germ_th_800_bismark_0;"⋟New Generation Armored Car Project TH 800
<color=#7b9fb5>”Bismarck</color>";
germ_th_800_bismark_1;⋟TH 800;
germ_th_800_bismark_2;Armored Car;
uk_sarc_mk4_a_shop;SARC Mk.IVa;
uk_sarc_mk4_a_0;South African Armored Car Mk.IVa;
uk_sarc_mk4_a_1;SARC Mk.IVa;
uk_sarc_mk4_a_2;Armored Car;
uk_marmon_herrington_mk_6_2pdr_shop;SARC Mk.VI (2pdr);
uk_marmon_herrington_mk_6_2pdr_0;"South African Armored Car Mk.VI
<color=#c0c0c0>40mm QF 2-Pounder</color>";
uk_marmon_herrington_mk_6_2pdr_1;SARC Mk.VI (2pdr);
uk_marmon_herrington_mk_6_2pdr_2;Armored Car;
uk_marmon_herrington_mk_6_6pdr_shop;SARC Mk.VI (6pdr);
uk_marmon_herrington_mk_6_6pdr_0;"South African Armored Car Mk.VI
<color=#c0c0c0>57mm OQF 6-Pounder</color>";
uk_marmon_herrington_mk_6_6pdr_1;SARC Mk.VI (6pdr);
uk_marmon_herrington_mk_6_6pdr_2;Armored Car;
uk_concept3_ngac_shop;Concept 3;
uk_concept3_ngac_0;"New Generation Armored Car Project Concept 3
<color=#c0c0c0>Cheetah Mk.2</color>";
uk_concept3_ngac_1;Concept 3;
uk_concept3_ngac_2;Armored Car;
uk_ratel_90_shop;Ratel 90 Mk.3;
uk_ratel_90_0;Fire Support Vehicle, Ratel 90 Mk.3;
uk_ratel_90_1;Ratel 90 Mk.3;
uk_ratel_90_2;Armored Car;
uk_ratel_20_shop;Ratel 20 Mk.3;
uk_ratel_20_0;Infantry Combat Vehicle, Ratel 20 Mk.3;
uk_ratel_20_1;Ratel 20 Mk.3;
uk_ratel_20_2;Infantry Fighting Vehicle;
uk_g6_spg_shop;G6-45;
uk_g6_spg_0;Denel G6-45 Rhino 155mm Self-Propelled Howitzer;
uk_g6_spg_1;G6-45;
uk_g6_spg_2;Self-Propelled Gun;
uk_eland_90_mk_7_shop;Eland 90 Mk.7;
uk_eland_90_mk_7_0;Eland 90 Mk.7;
uk_eland_90_mk_7_1;Eland 90 Mk.7;
uk_eland_90_mk_7_2;Armored Car;
uk_rooikat_76_shop;Rooikat Mk.1D;
uk_rooikat_76_0;Rooikat Mk.1D;
uk_rooikat_76_1;Rooikat Mk.1D;
uk_rooikat_76_2;Armored Car;
uk_olifant_mk_1a_shop;Olifant Mk.1A;
uk_olifant_mk_1a_0;Olifant Mk.1A;
uk_olifant_mk_1a_1;Olifant Mk.1A;
uk_olifant_mk_1a_2;Main Battle Tank;
uk_badger_shop;Badger;
uk_badger_0;Badger Infantry Combat Vehicle;
uk_badger_1;Badger;
uk_badger_2;Infantry Fighting Vehicle;
uk_rooikat_mttd_shop;MTTD;
uk_rooikat_mttd_0;Rooikat Medium Turret Technology Demonstrator;
uk_rooikat_mttd_1;MTTD;
uk_rooikat_mttd_2;Armored Car;
uk_olifant_mk_2_shop;Olifant Mk.2;
uk_olifant_mk_2_0;Olifant Mk.2;
uk_olifant_mk_2_1;Olifant Mk.2;
uk_olifant_mk_2_2;Main Battle Tank;
uk_ttd_shop;TTD;
uk_ttd_0;Tank Technology Demonstrator;
uk_ttd_1;TTD;
uk_ttd_2;Main Battle Tank;
uk_ystervark_spaa_shop;Ystervark;
uk_ystervark_spaa_0;Ystervark;
uk_ystervark_spaa_1;Ystervark;
uk_ystervark_spaa_2;SPAA;
uk_bosvark_shop;Bosvark;
uk_bosvark_0;Bosvark;
uk_bosvark_1;Bosvark;
uk_bosvark_2;SPAA;
uk_rooikat_za_35_shop;ZA-35;
uk_rooikat_za_35_0;Rooikat ZA-35;
uk_rooikat_za_35_1;ZA-35;
uk_rooikat_za_35_2;SPAA;
uk_rooikat_105_td_shop;Rooikat 105;
uk_rooikat_105_td_0;Rooikat 105;
uk_rooikat_105_td_1;Rooikat 105;
uk_rooikat_105_td_2;Armored Car;
uk_ratel_zt3_shop;ZT3 Mk.3;
uk_ratel_zt3_0;Fire Support Vehicle, Ratel ZT3 Mk.3;
uk_ratel_zt3_1;ZT3 Mk.3;
uk_ratel_zt3_2;Missile Carrier;
;;
;;
;;
<ZAF Helicopter>;;
;;
super_hind_mk3_shop;Night Hawk;
super_hind_mk3_0;"<color=#7b9fb5>Paramount Group</color>
Night Hawk";
super_hind_mk3_1;Night Hawk;
super_hind_mk3_2;Night Hawk;
ah_2_rooivalk_shop;Rooivalk Mk.1;
ah_2_rooivalk_0;"<color=#7b9fb5>Denel SOC Ltd.</color>
AH-2A Rooivalk Mk.1";
ah_2_rooivalk_1;Rooivalk Mk.1;
ah_2_rooivalk_2;Rooikat;
;;
;;
;;
<ZAF Aviation>;;
;;
saab_jas39c_south_africa_shop;⋟Gripen C;
saab_jas39c_south_africa_0;"<color=#7b9fb5>Saab AB</color>
⋟Saab 39 Gripen C";
saab_jas39c_south_africa_1;⋟Gripen C;
saab_jas39c_south_africa_2;⋟Gripen;
;;
;;
;;
<AUS Aviation>;;
;;
ca_27_mk32_raaf_shop;╨Sabre Mk.32;
ca_27_mk32_raaf_0;"<color=#7b9fb5>Commonwealth Aircraft Corporation</color>
╨CA-27 Sabre Mk.32";
ca_27_mk32_raaf_1;╨Sabre Mk.32;
ca_27_mk32_raaf_2;╨Sabre;
fa_18a_raaf_shop;╨F/A-18A-15;
fa_18a_raaf_0;"<color=#7b9fb5>Aerospace Technologies of Australia</color>
╨F/A-18A-15-MC Hornet";
fa_18a_raaf_1;╨F/A-18A;
fa_18a_raaf_2;╨F/A-18;
fa_18a_hug_2_raaf_shop;╨F/A-18A-28 (HUG);
fa_18a_hug_2_raaf_0;"<color=#7b9fb5>Aerospace Technologies of Australia</color>
╨F/A-18A-28-MC Hornet
<color=#c0c0c0>Hornet Upgrade Program 2.4</color>";
fa_18a_hug_2_raaf_1;╨F/A-18A;
fa_18a_hug_2_raaf_2;╨F/A-18;
fa_18f_block_2_raaf_shop;╨F/A-18F-2;
fa_18f_block_2_raaf_0;"<color=#7b9fb5>Boeing Defense, Space & Security</color>
╨F/A-18F-2-MC Super Hornet";
fa_18f_block_2_raaf_1;╨F/A-18F;
fa_18f_block_2_raaf_2;╨F/A-18;
beaufort_mkviii_shop;╨Beaufort Mk. VIII;
beaufort_mkviii_0;"<color=#7b9fb5>Bristol Aeroplane Company Ltd.</color>
╨Beaufort Mk. VIII";
beaufort_mkviii_1;╨Beaufort Mk. VIII;
beaufort_mkviii_2;╨Beaufort;
beaufighter_mk21_shop;╨Beaufighter Mk. 21;
beaufighter_mk21_0;"<color=#7b9fb5>Bristol Aeroplane Company Ltd.</color>
╨Beaufighter Mk. 21";
beaufighter_mk21_1;╨Beaufighter Mk. 21;
beaufighter_mk21_2;╨Beaufighter;
f_111c_raaf_shop;╨F-111C;
f_111c_raaf_0;"<color=#7b9fb5>General Dynamics Corporation</color>
╨F-111C-CF Aardvark";
f_111c_raaf_1;╨F-111C;
f_111c_raaf_2;╨F-111;
boomerang_mki_shop;╨Boomerang Mk.I;
boomerang_mki_0;"<color=#7b9fb5>Commonwealth Aircraft Corporation</color>
CA-12 ╨Boomerang Mk.I";
boomerang_mki_1;╨Boomerang Mk.I;
boomerang_mki_2;╨Boomerang;
boomerang_mkii_shop;╨Boomerang Mk.II;
boomerang_mkii_0;"<color=#7b9fb5>Commonwealth Aircraft Corporation</color>
CA-13 ╨Boomerang Mk.II";
boomerang_mkii_1;╨Boomerang Mk.II;
boomerang_mkii_2;╨Boomerang;
wirraway_shop;╨Wirraway Mk.II;
wirraway_0;"<color=#7b9fb5>Commonwealth Aircraft Corporation</color>
CA-9 ╨Wirraway Mk.II";
wirraway_1;╨Wirraway Mk.II;
wirraway_2;╨Wirraway;
;;
;;
;;
<AUS Army>;;
;;
us_m1a1_aim_abrams_shop;╨M1A1 AIM SA;
us_m1a1_aim_abrams_0;"╨Tank, Combat, Full Tracked, 120mm Gun, M1A1
<color=#7b9fb5>General Abrams</color>
<color=#c0c0c0>Abrams Integrated Management, Situational Awareness</color>";
us_m1a1_aim_abrams_1;╨M1A1 AIM SA;
us_m1a1_aim_abrams_2;Main Battle Tank;
uk_m1a1_aim_abrams_shop;╨M1A1 AIM SA;
uk_m1a1_aim_abrams_0;"╨Tank, Combat, Full Tracked, 120mm Gun, M1A1
<color=#7b9fb5>General Abrams</color>
<color=#c0c0c0>Abrams Integrated Management, Situational Awareness</color>";
uk_m1a1_aim_abrams_1;╨M1A1 AIM SA;
uk_m1a1_aim_abrams_2;Main Battle Tank;
uk_m1a2_sep3_abrams_shop;╨M1A2 SEPv3;
uk_m1a2_sep3_abrams_0;"╨Tank, Combat, Full Tracked, 120mm Gun, M1A2
<color=#7b9fb5>General Abrams</color>
<color=#c0c0c0>Systems Enhancement Package Version 3</color>
<color=#c0c0c0>Tank Urban Survival Kit 2</color>";
uk_m1a2_sep3_abrams_1;╨M1A2 SEPv3;
uk_m1a2_sep3_abrams_2;Main Battle Tank;
uk_ac1_sentinel_shop;╨A.C.I;
uk_ac1_sentinel_0;╨Cruiser Tank, A.C. Mark I;
uk_ac1_sentinel_1;╨A.C.I;
uk_ac1_sentinel_2;Medium Tank;
uk_ac4_thunderbolt_shop;╨A.C.IV;
uk_ac4_thunderbolt_0;"╨Cruiser Tank, A.C. Mark IV
<color=#7b9fb5>”Thunderbolt”</color>";
uk_ac4_thunderbolt_1;╨A.C.IV;
uk_ac4_thunderbolt_2;Medium Tank;
uk_centurion_mk_5_raac_shop;╨Centurion Mk.5/1;
uk_centurion_mk_5_raac_0;"<color=#c8a5b2>FV4011</color>
╨Tank, Combat, 20lb Gun, Centurion Mk.5/1";
uk_centurion_mk_5_raac_1;╨Centurion Mk.5/1;
uk_centurion_mk_5_raac_2;Main Battle Tank;
uk_matilda_hedgehog_shop;╨Matilda Hedgehog;
uk_matilda_hedgehog_0;"╨Infantry Tank Mk.II, A.12, Matilda Mk.IV,
Projector, Hedgehog, No.1, Mk.1";
uk_matilda_hedgehog_1;╨Matilda Hedgehog;
uk_matilda_hedgehog_2;Infantry Tank;
uk_boxer_crv_block2_shop;╨Boxer CRV;
uk_boxer_crv_block2_0;"╨Boxer Combat Reconnaissance Vehicle
LAND 400 Demonstrator";
uk_boxer_crv_block2_1;╨Boxer CRV;
uk_boxer_crv_block2_2;Infantry Fighting Vehicle;
;;
;;
;;
<AUS Bluewater>;;
;;
uk_destroyer_n_class_shop;╨Nepal;
uk_destroyer_n_class_0;"<color=#7b9fb5>N-Class Destroyer</color>
╨HMAS Nepal (G 25)
<color=#c0c0c0>1942 Refit</color>";
uk_destroyer_n_class_1;╨Nepal;
uk_destroyer_n_class_2;N-Class [DD];
uk_destroyer_battle_tobruk_shop;╨Tobruk;
uk_destroyer_battle_tobruk_0;"<color=#7b9fb5>Battle Class Destroyer</color>
╨HMAS Tobruk (D 37)
<color=#c0c0c0>1950 Refit</color>";
uk_destroyer_battle_tobruk_1;╨Tobruk;
uk_destroyer_battle_tobruk_2;Battle Class [DD];
;;
;;
;;
<AUS Coastal>;;
;;
uk_attack_class_arrow_shop;╨Arrow;
uk_attack_class_arrow_0;╨Attack Class Patrol Boat, HMAS Arrow (P 88);
uk_attack_class_arrow_1;╨Arrow;
uk_attack_class_arrow_2;Gunboat;
uk_fremantle_class_shop;╨Fremantle;
uk_fremantle_class_0;╨Fremantle Class Patrol Boat, HMAS Fremantle (FCPB 203);
uk_fremantle_class_1;╨Fremantle;
uk_fremantle_class_2;Gunboat;
;;
;;
;;
<CAN Aviation>;;
;;
cf_188a_canada_shop;▄CF-188A;
cf_188a_canada_0;"<color=#7b9fb5>McDonnell Douglas Corporation</color>
▄CF-188A
<color=#c0c0c0>Block 14</color>";
cf_188a_canada_1;▄CF-188A;
cf_188a_canada_2;▄CF-188;
;;
;;
;;
<CAN Army>;;
;;
us_m5a1_stuart_canadian_5st_arm_shop;▄Stuart Mk.VI (5th C.A.D.);
us_m5a1_stuart_canadian_5st_arm_0;"▄Tank, Cruiser, Stuart Mk.VI
<color=#fcba03>5th Canadian Armoured Division</color>";
us_m5a1_stuart_canadian_5st_arm_1;▄Stuart Mk.VI (5th C.A.D.);
us_m5a1_stuart_canadian_5st_arm_2;Light Tank;
us_m4a5_ram_2_shop;▄Ram Mk.II;
us_m4a5_ram_2_0;▄Tank, Cruiser, Ram Mk.II;
us_m4a5_ram_2_1;▄Ram Mk.II;
us_m4a5_ram_2_2;Medium Tank;
uk_m4a5_ram_2_shop;▄Ram Mk.II;
uk_m4a5_ram_2_0;▄Tank, Cruiser, Ram Mk.II;
uk_m4a5_ram_2_1;▄Ram Mk.II;
uk_m4a5_ram_2_2;Medium Tank;
germ_leopard_c2_mexas_shop;▄Leopard C2 (MEXAS);
germ_leopard_c2_mexas_0;"▄Leopard C2 Main Battle Tank
<color=#c0c0c0>Modular Expandable Armour System - Medium</color>";
germ_leopard_c2_mexas_1;▄Leopard C2 (MEXAS);
germ_leopard_c2_mexas_2;Main Battle Tank;
germ_leopard_2a4m_can_shop;▄Leopard 2 A4M;
germ_leopard_2a4m_can_0;▄Leopard 2 A4M CAN Main Battle Tank;
germ_leopard_2a4m_can_1;▄Leopard 2 A4M;
germ_leopard_2a4m_can_2;Main Battle Tank;
germ_leopard_2a4m_can_sm_shop;Elsa’s Leopard 2 A4M;
germ_leopard_2a4m_can_sm_0;"Leopard 2 A4M CAN Main Battle Tank
<color=#fcba03>Senrai Maidens, Elsa</color>";
germ_leopard_2a4m_can_sm_1;Leopard 2 A4M;
germ_leopard_2a4m_can_sm_2;Main Battle Tank;
uk_ram_90mm_aa_shop;▄Ram Mk.II (3.7-inch);
uk_ram_90mm_aa_0;▄3.7-inch, SP, Ram Mk.II, Mk.I;
uk_ram_90mm_aa_1;▄Ram Mk.II (3.7-inch);
uk_ram_90mm_aa_2;Tank Destroyer;
uk_cruiser_ram_1_shop;▄Ram Mk.I;
uk_cruiser_ram_1_0;▄Tank, Cruiser, Ram Mk.I;
uk_cruiser_ram_1_1;▄Ram Mk.I;
uk_cruiser_ram_1_2;Medium Tank;
uk_skink_aa_shop;▄Skink;
uk_skink_aa_0;▄Skink, Tank, Anti-Aircraft, 20mm, Quad;
uk_skink_aa_1;▄Skink;
uk_skink_aa_2;SPAA;
uk_tracked_rapier_shop;▄Rapier Mk.1B;
uk_tracked_rapier_0;▄Tracked Rapier Launch Vehicle RCM 748 Mk.1B;
uk_tracked_rapier_1;▄Rapier Mk.1B;
uk_tracked_rapier_2;SAM;
uk_adats_m113a3_shop;▄M113 (ADATS);
uk_adats_m113a3_0;"▄M113A3
<color=#c0c0c0>With MIM-146 Air Defense Anti-Tank System</color>";
uk_adats_m113a3_1;▄M113 (ADATS);
uk_adats_m113a3_2;SAM;
;;
;;
;;
<CAN Bluewater>;;
;;
uk_destroyer_haida_shop;▄Haida;
uk_destroyer_haida_0;"<color=#7b9fb5>Tribal Class Destroyer</color>
▄HMCS Haida (G 63)
<color=#c0c0c0>1943 Refit</color>";
uk_destroyer_haida_1;▄Haida;
uk_destroyer_haida_2;Tribal Class [DD];
;;
;;
;;
<CAN Coastal>;;
;;
uk_destroyer_restigouche_class_terranova_shop;▄Terra Nova;
uk_destroyer_restigouche_class_terranova_0;▄Restigouche Class Destroyer, HMCS Terra Nova (DDE 259);
uk_destroyer_restigouche_class_terranova_1;▄Terra Nova;
uk_destroyer_restigouche_class_terranova_2;Restigouche Class [FF];
uk_flower_class_shop;▄Brantford;
uk_flower_class_0;▄Flower Class Corvette, HMCS Brantford (K 218);
uk_flower_class_1;▄Brantford;
uk_flower_class_2;Flower Class [FS];
;;
;;
;;
<NZL Aviation>;;
;;
strikemaster_mk88_shop;╨Strikemaster Mk.88;
strikemaster_mk88_0;"<color=#7b9fb5>British Aircraft Corporation</color>
╨Strikemaster Mk.88";
strikemaster_mk88_1;╨Strikemaster Mk.88;
strikemaster_mk88_2;╨Strikemaster;
;;
;;
;;
<NZL Bluewater>;;
;;
uk_cruiser_leander_shop;╨Leander;
uk_cruiser_leander_0;"<color=#7b9fb5>Leander Class Light Cruiser</color>
╨HMNZS Leander
<color=#c0c0c0>1942 Refit</color>";
uk_cruiser_leander_1;╨Leander;
uk_cruiser_leander_2;Leander Class [CL];
;;
;;
;;
<BEL Aviation>;;
;;
gladiator_mk1_belgium_shop;♚Gladiator Mk. I;
gladiator_mk1_belgium_0;"<color=#7b9fb5>Gloster Aircraft Company Ltd.</color>
♚Gladiator Mk. I";
gladiator_mk1_belgium_1;♚Gladiator Mk. I;
gladiator_mk1_belgium_2;♚Gladiator;
spitfire_fr_mk14e_belgium_shop;♚Spitfire F.R. XIVe;
spitfire_fr_mk14e_belgium_0;"<color=#7b9fb5>Supermarine Aviation Works Ltd.</color>
♚Spitfire F.R. Mk. XIVe";
spitfire_fr_mk14e_belgium_1;♚Spitfire F.R. XIV;
spitfire_fr_mk14e_belgium_2;♚Spitfire;
meteor_fmk8_belgium_shop;♚Meteor F. 8;
meteor_fmk8_belgium_0;"<color=#7b9fb5>Gloster Aircraft Company Ltd.</color>
♚Meteor F. Mk. 8";
meteor_fmk8_belgium_1;♚Meteor F. 8;
meteor_fmk8_belgium_2;♚Meteor;
mirage_5ba_shop;♚Mirage 5 BA;
mirage_5ba_0;"<color=#7b9fb5>Avions Marcel Dassault</color>
♚Mirage 5 BA";
mirage_5ba_1;♚Mirage 5;
mirage_5ba_2;♚Mirage;
f-104g_belgium_shop;♚F-104G;
f-104g_belgium_0;"<color=#7b9fb5>Lockheed Corporation</color>
♚F-104G Starfighter";
f-104g_belgium_1;♚F-104G;
f-104g_belgium_2;♚F-104;
f_16a_block_15_belgium_shop;♚F-16A-15;
f_16a_block_15_belgium_0;"<color=#7b9fb5>General Dynamics Corporation</color>
♚F-16A-15G-CF Fighting Falcon";
f_16a_block_15_belgium_1;♚F-16A;
f_16a_block_15_belgium_2;♚F-16;
f_16am_block_15_mlu_belgium_shop;♚F-16AM-15;
f_16am_block_15_mlu_belgium_0;"<color=#7b9fb5>General Dynamics Corporation</color>
♚F-16AM-15G-CF Fighting Falcon";
f_16am_block_15_mlu_belgium_1;♚F-16A;
f_16am_block_15_mlu_belgium_2;♚F-16;
f_16a_block_15_ocu_belgium_shop;♚F-16A-15OCU;
f_16a_block_15_ocu_belgium_0;"<color=#7b9fb5>General Dynamics Corporation</color>
♚F-16A-15OCU-CF Fighting Falcon";
f_16a_block_15_ocu_belgium_1;♚F-16A;
f_16a_block_15_ocu_belgium_2;♚F-16;
;;
;;
;;
<BEL Army>;;
;;
fr_m44_shop;♚M44;
fr_m44_0;♚Howitzer, Self-Propelled, Full-Tracked, 155mm M44;
fr_m44_1;♚M44;
fr_m44_2;SPG;
fr_m55_shop;♚M55;
fr_m55_0;♚Howitzer, Heavy, Self-Propelled, Full-Tracked, 203mm, M55;
fr_m55_1;♚M55;
fr_m55_2;SPG;
fr_leopard_1a5be_shop;♚Leopard 1A5BE;
fr_leopard_1a5be_0;♚Kampfpanzer Leopard 1A5BE;
fr_leopard_1a5be_1;♚Leopard 1A5BE;
fr_leopard_1a5be_2;Main Battle Tank;
;;
;;
;;
<NLD Army>;;
;;
fr_cv_9035_nl_shop;◘IGV 9035;
fr_cv_9035_nl_0;◘Infanteriegevechtsoertuig 9035;
fr_cv_9035_nl_1;◘IGV 9035;
fr_cv_9035_nl_2;Infantry Fighting Vehicle;
fr_leopard_2a4nl_shop;◘Leopard 2 A4NL;
fr_leopard_2a4nl_0;◘Gevechtstank, Rups, Leopard 2 A4NL m/kanon 120mm;
fr_leopard_2a4nl_1;◘Leopard 2 A4NL;
fr_leopard_2a4nl_2;Main Battle Tank;
fr_leopard_2a5nl_shop;◘Leopard 2 A5NL;
fr_leopard_2a5nl_0;◘Gevechtstank, Rups, Leopard 2 A5NL m/kanon 120mm;
fr_leopard_2a5nl_1;◘Leopard 2 A5NL;
fr_leopard_2a5nl_2;Main Battle Tank;
fr_leopard_2a6nl_shop;◘Leopard 2 A6NL;
fr_leopard_2a6nl_0;◘Gevechtstank, Rups, Leopard 2 A6NL m/kanon 120mm;
fr_leopard_2a6nl_1;◘Leopard 2 A6NL;
fr_leopard_2a6nl_2;Main Battle Tank;
fr_leopard_2a4nl_les_shop;◘Leopard 2 A4NL (OTCRij);
fr_leopard_2a4nl_les_0;"◘Gevechtstank, Rups, Leopard 2 A4NL m/kanon 120mm
<color=#fcba03>Het Opleidings- en Trainingentrum Rijdem</color>";
fr_leopard_2a4nl_les_1;◘Leopard 2 A4NL (OTCRij);
fr_leopard_2a4nl_les_2;Main Battle Tank;
;;
;;
;;
<NLD Helicopter>;;
;;
ah_64d_netherlands_shop;◘AH-64D;
ah_64d_netherlands_0;"<color=#7b9fb5>Boeing Rotocraft Systems</color>
◘AH-64D Apache Longbow";
ah_64d_netherlands_1;◘AH-64D;
ah_64d_netherlands_2;◘AH-64;
ah_64e_netherlands_shop;◘AH-64E;
ah_64e_netherlands_0;"<color=#7b9fb5>Boeing Rotocraft Systems</color>
◘AH-64E Apache Guardian";
ah_64e_netherlands_1;◘AH-64E;
ah_64e_netherlands_2;◘AH-64;
;;
;;
;;
<NLD Aviation>;;
;;
fokker_d21_netherlands_shop;◗D.XXI-2;
fokker_d21_netherlands_0;"<color=#7b9fb5>N.V. Koninklijke Nederlandse Vliegtuigenfabriek Fokker</color>
◗D.XXI-2";
fokker_d21_netherlands_1;◗D.XXI-2;
fokker_d21_netherlands_2;◗D.XXI;
sea_fury_fb51_shop;◘Sea Fury F.B. 51;
sea_fury_fb51_0;"<color=#7b9fb5>Hawker Aircraft Ltd.</color>
◘Sea Fury F.B. Mk. 51";
sea_fury_fb51_1;◘Sea Fury FB. 51;
sea_fury_fb51_2;◘Sea Fury;
fokker_g1a_shop;◗G.I;
fokker_g1a_0;"<color=#7b9fb5>N.V. Koninklijke Nederlandse Vliegtuigenfabriek Fokker</color>
◗G.I Mercury";
fokker_g1a_1;◗G.I;
fokker_g1a_2;◗G.I;
fokker_d23_shop;◗D.XXIII;
fokker_d23_0;"<color=#7b9fb5>N.V. Koninklijke Nederlandse Vliegtuigenfabriek Fokker</color>
◗D.XXIII";
fokker_d23_1;◗D.XXIII;
fokker_d23_2;◗D.XXIII;
firefly_mk4_netherlands_shop;◘Firefly F. 4;
firefly_mk4_netherlands_0;"<color=#7b9fb5>Fairey Aviation Company Ltd.</color>
◘Firefly F. Mk. 4";
firefly_mk4_netherlands_1;◘Firefly F. 4;
firefly_mk4_netherlands_2;◘Firefly;
hunter_f6_holland_shop;◘Hunter F. 6;
hunter_f6_holland_0;"<color=#7b9fb5>Hawker Aircraft Ltd.</color>
◘Hunter F. Mk. 6";
hunter_f6_holland_1;◘Hunter F. 6;
hunter_f6_holland_2;◘Hunter;
sb_25j_netherlands_shop;◘B-25K-5;
sb_25j_netherlands_0;"<color=#7b9fb5>North American Aviation</color>
◘B-25K-5-NC Mitchell";
sb_25j_netherlands_1;◘B-25K;
sb_25j_netherlands_2;◘B-25;
sea_hawk_fga50_netherlands_shop;◘Sea Hawk Mk. 50;
sea_hawk_fga50_netherlands_0;"<color=#7b9fb5>Hawker Aircraft Ltd.</color>
◘Sea Hawk Mk. 50";
sea_hawk_fga50_netherlands_1;◘Sea Hawk Mk. 50;
sea_hawk_fga50_netherlands_2;◘Sea Hawk;
nf_5a_netherlands_shop;◘NF-5A;
nf_5a_netherlands_0;"<color=#7b9fb5>Northrop Corporation</color>
◘NF-5A Freedom Fighter";
nf_5a_netherlands_1;◘NF-5A;
nf_5a_netherlands_2;◘NF-5;
f_16a_block_5_netherlands_shop;◘F-16A-5;
f_16a_block_5_netherlands_0;"<color=#7b9fb5>General Dynamics Corporation</color>
◘F-16A-5-CF Fighting Falcon";
f_16a_block_5_netherlands_1;◘F-16A;
f_16a_block_5_netherlands_2;◘F-16;
f_16am_block_20_mlu_netherlands_shop;◘F-16AM-20;
f_16am_block_20_mlu_netherlands_0;"<color=#7b9fb5>General Dynamics Corporation</color>
◘F-16AM-20-CF Fighting Falcon";
f_16am_block_20_mlu_netherlands_1;◘F-16A;
f_16am_block_20_mlu_netherlands_2;◘F-16;
;;
;;
;;
<ROU Army>;;
;;
it_9a33bm3_shop;╏Osa-AKM;
it_9a33bm3_0;"<color=#c8a5b2>9A33BM3</color>
╏9K33M3
<color=#7b9fb5>Osa-AKM</color>";
it_9a33bm3_1;╏Osa-AKM;
it_9a33bm3_2;SAM;
;;
;;
;;
<ROU Helicopter>;;
;;
iar_316b_shop;╏IAR 316B;
iar_316b_0;"<color=#7b9fb5>Industria Aeronautică Română</color>
╏IAR 316B";
iar_316b_1;╏IAR 316B;
iar_316b_2;╏IAR 316;
;;
;;
;;
<ROU Aviation>;;
;;
he_112b_2_shop;╏He 112 B-2/U2;
he_112b_2_0;"<color=#7b9fb5>Heinkel Flugzeugwerke</color>
╏He 112 B-2/U2";
he_112b_2_1;╏He 112 B;
he_112b_2_2;╏He 112;
sm_79_iar_shop;╏S.M.79 B;
sm_79_iar_0;"<color=#7b9fb5>Savoia-Marchetti</color>
╏S.M.79 B Sparviero
<color=#c0c0c0>(1936)</color>";
sm_79_iar_1;╏S.M.79 B;
sm_79_iar_2;╏S.M.79;
sm_79_iar_italy_shop;╏S.M.79 B;
sm_79_iar_italy_0;"<color=#7b9fb5>Savoia-Marchetti</color>
╏S.M.79 B Sparviero
<color=#c0c0c0>(1936)</color>";
sm_79_iar_italy_1;╏S.M.79 B;
sm_79_iar_italy_2;╏S.M.79;
hs-129b-2_romania_shop;╏Hs 129 B-2;
hs-129b-2_romania_0;"<color=#7b9fb5>Henschel & Son</color>
╏Hs 129 B-2";
hs-129b-2_romania_1;╏Hs 129 B;
hs-129b-2_romania_2;╏Hs 129;
bf-109g-2_romania_shop;╏Bf 109 G-2;
bf-109g-2_romania_0;"<color=#7b9fb5>Messerschmitt AG</color>
╏Bf 109 G-2";
bf-109g-2_romania_1;╏Bf 109 G;
bf-109g-2_romania_2;╏Bf 109;
he_112b_1_italy_shop;╏He 112 B-1/U2;
he_112b_1_italy_0;"<color=#7b9fb5>Heinkel Flugzeugwerke</color>
╏He 112 B-1/U2";
he_112b_1_italy_1;╏He 112 B;
he_112b_1_italy_2;╏He 112;
hs-129b-2_romania_italy_shop;╏Hs 129 B-2;
hs-129b-2_romania_italy_0;"<color=#7b9fb5>Henschel & Son</color>
╏Hs 129 B-2";
hs-129b-2_romania_italy_1;╏Hs 129 B;
hs-129b-2_romania_italy_2;╏Hs 129;
iar_81c_shop;╏IAR-81C;
iar_81c_0;"<color=#7b9fb5>Industria Aeronautică Română</color>
╏IAR-81C";
iar_81c_1;╏IAR-81C;
iar_81c_2;╏IAR-81;
iar_81c_db_605_shop;╏IAR-81C (№326);
iar_81c_db_605_0;"<color=#7b9fb5>Industria Aeronautică Română</color>
╏IAR-81C
<color=#c0c0c0>№326</color>
<color=#c0c0c0>DB 605A</color>";
iar_81c_db_605_1;╏IAR-81C;
iar_81c_db_605_2;╏IAR-81;
iar_93b_shop;╏IAR-93B;
iar_93b_0;"<color=#7b9fb5>Avione Craiova S.A.</color>
╏IAR-93B Vultur";
iar_93b_1;╏IAR-93B;
iar_93b_2;╏IAR-93;
mig_29_9_12_sniper_shop;╏MiG-29 Sniper;
mig_29_9_12_sniper_0;"<color=#7b9fb5>Russian Aircraft Corporation Mikoyan</color>
╏MiG-29 Sniper
<color=#c0c0c0>izdeliye 9-12A</color>";
mig_29_9_12_sniper_1;╏MiG-29;
mig_29_9_12_sniper_2;╏MiG-29;
;;
;;
;;
<POL Army>;;
;;
uk_sherman_ic_firefly_shop;⋠Sherman Mk.Ic “Trzyniec”;
uk_sherman_ic_firefly_0;"⋠Tank, Medium, Sherman Mk.Ic
<color=#7b9fb5>Trzyiec</color>";
uk_sherman_ic_firefly_1;⋠Sherman Mk.Ic;
uk_sherman_ic_firefly_2;Medium Tank;
germ_leopard_2pl_shop;⋠Leopard 2 PL;
germ_leopard_2pl_0;⋠Kampfpanzer Leopard 2 A4 PL;
germ_leopard_2pl_1;⋠Leopard 2 PL;
germ_leopard_2pl_2;Main Battle Tank;
;;
;;
;;
<POL Aviation>;;
;;
p-47m-1-re_boxted_shop;Łanovski’s ⋠P-47M-1;
p-47m-1-re_boxted_0;"<color=#7b9fb5>Republic Aircraft Corporation</color>
⋠P-47M-1-RE Thunderbolt
<color=#fcba03>Witold Łanovski</color>";
p-47m-1-re_boxted_1;⋠P-47M;
p-47m-1-re_boxted_2;⋠P-47;
;;
;;
;;
<POL Bluewater>;;
;;
uk_destroyer_g_garland_shop;⋠Garland;
uk_destroyer_g_garland_0;"<color=#7b9fb5>G-Class Destroyer</color>
⋠ORP Garland (H 37)
<color=#c0c0c0>1942 Refit</color>";
uk_destroyer_g_garland_1;⋠Garland;
uk_destroyer_g_garland_2;G-Class [DD];
;;
;;
;;
<AUT Army>;;
;;
fr_sk105_a2_shop;⛛Kürassier A2;
fr_sk105_a2_0;⛛Jagdpanzer Kürassier 4KH6FA-SK105-A2;
fr_sk105_a2_1;⛛Kürassier A2;
fr_sk105_a2_2;Light Tank;
;;
;;
;;
<AUT Aviation>;;
;;
saab_105oe_shop;⛛J 105Ö;
saab_105oe_0;"<color=#7b9fb5>Saab AB</color>
⛛J 105Ö";
saab_105oe_1;⛛J 105Ö;
saab_105oe_2;⛛J 105;
;;
;;
;;
<CHE Aviation>;;
;;
hunter_f58a_1971_switzerland_shop;◌Hunter Mk.58A;
hunter_f58a_1971_switzerland_0;"<color=#7b9fb5>Hawker Aircraft Ltd.</color>
◌Hunter F. Mk.58A
<color=#c0c0c0>(1971)</color>";
hunter_f58a_1971_switzerland_1;◌Hunter Mk.58;
hunter_f58a_1971_switzerland_2;◌Hunter;
mirage_3s_c70_switzerland_shop;◌Mirage III S (C.70);
mirage_3s_c70_switzerland_0;"<color=#7b9fb5>Avions Marcel Dassult</color>
◌Mirage III S
<color=#c0c0c0>Canard 70</color>";
mirage_3s_c70_switzerland_1;◌Mirage III S;
mirage_3s_c70_switzerland_2;◌Mirage;
f-5e_switzerland_shop;◌F-5E;
f-5e_switzerland_0;"<color=#7b9fb5>Flug- Und Fahrzeugwerke Altenrhein AG</color>
◌F-5E Tiger II";
f-5e_switzerland_1;◌F-5E;
f-5e_switzerland_2;◌F-5;
fa_18c_late_switzerland_shop;◌F/A-18C (RP 17);
fa_18c_late_switzerland_0;"<color=#7b9fb5>McDonnell Douglas Corporation</color>
◌F/A-18C Hornet
<color=#c0c0c0>Rüstungsprogramm 2017</color>";
fa_18c_late_switzerland_1;◌F/A-18C;
fa_18c_late_switzerland_2;◌F/A-18;
c_3604_shop;◌C-3604;
c_3604_0;"<color=#7b9fb5>Eidgenössische Konstruktionswerkstätte</color>
◌C-3604";
c_3604_1;◌C-3604;
c_3604_2;◌C-36;
ffa_p16_shop;◌P-16 Mk.III;
ffa_p16_0;"<color=#7b9fb5>Flug- Und Fahrzeugwerke Altenrhein AG</color>
◌P-16 Mk.III
<color=#fcba03>X-HB-VAD</color>";
ffa_p16_1;◌P-16 Mk.III;
ffa_p16_2;◌P-16;
hunter_f58_switzerland_shop;◌Hunter Mk.58 (80/2);
hunter_f58_switzerland_0;"<color=#7b9fb5>Hawker Aircraft Ltd.</color>
◌Hunter F. Mk.58
<color=#c0c0c0>Hunter 80/2</color>";
hunter_f58_switzerland_1;◌Hunter Mk.58;
hunter_f58_switzerland_2;◌Hunter;
fa_18c_switzerland_shop;◌F/A-18C (RP 08);
fa_18c_switzerland_0;"<color=#7b9fb5>McDonnell Douglas Corporation</color>
◌F/A-18C Hornet
<color=#c0c0c0>Rüstungsprogramm 2008</color>";
fa_18c_switzerland_1;◌F/A-18C;
fa_18c_switzerland_2;◌F/A-18;
;;
;;
;;
<CZE Army>;;
;;
ussr_m53_59_shop;⚚PLDvK vz.53/59;
ussr_m53_59_0;"⚚PLDvK vz.53/59
<color=#7b9fb5>Praga</color>";
ussr_m53_59_1;⚚PLDvK vz.53/59;
ussr_m53_59_2;SPAA;
;;
;;
;;
<CZE Helicopter>;;
;;
mi_24d_shop;⚚Mi-24D;
mi_24d_0;"<color=#7b9fb5>Mil Moscow Helicopter Plant</color>
⚚Mi-24D Krokodil";
mi_24d_1;⚚Mi-24D;
mi_24d_2;⚚Mi-24;
;;
;;
;;
<CZE Aviation>;;
;;
l_39za_shop;⚚L-39ZA;
l_39za_0;"<color=#7b9fb5>Aero Vodochody</color>
⚚L-39ZA Albatros";
l_39za_1;⚚L-39Z;
l_39za_2;⚚L-39;
su_25k_shop;⚚Su-25K;
su_25k_0;"<color=#7b9fb5>Sukhoi Design Bureau | OKB-51</color>
⚚Su-25K Grach";
su_25k_1;⚚Su-25K;
su_25k_2;⚚Su-25;
;;
;;
;;
<SVK Army>;;
;;
ussr_t_72m2_moderna_shop;⛉T-72M2;
ussr_t_72m2_moderna_0;"⛉T-72M2
<color=#7b9fb5>Moderna</color>";
ussr_t_72m2_moderna_1;⛉T-72M2;
ussr_t_72m2_moderna_2;Main Battle Tank;
;;
;;
;;
<LTU Army>;;
;;
germ_vilkas_shop;‡Vilkas;
germ_vilkas_0;‡Pėstininkų kovos mašina Vilkas;
germ_vilkas_1;‡Vilkas;
germ_vilkas_2;Infantry Fighting Vehicle;
;;
;;
;;
<IRL Coastal>;;
;;
uk_corvette_orla_shop;⚛Orla;
uk_corvette_orla_0;⚛Peacock Class Corvette, LÉ Orla (P 41) (2008);
uk_corvette_orla_1;⚛Orla;
uk_corvette_orla_2;Peacock Class [FS];
;;
;;
;;
<ESP Army>;;
;;
it_vrcc_centauro_shop;♰VRCC;
it_vrcc_centauro_0;♰Vehículos de Reconocimiento y Combate da Caballería Centauro;
it_vrcc_centauro_1;♰VRCC;
it_vrcc_centauro_2;Armored Car;
;;
;;
;;
<ESP Helicopter>;;
;;
tiger_had_spain_shop;♰HA.28;
tiger_had_spain_0;"<color=#7b9fb5>Eurocopter A.S.</color>
♰HA.28 Tigre Hélicoptère d’Appui Destruction
<color=#c0c0c0>Block 1</color>";
tiger_had_spain_1;♰HA.28;
tiger_had_spain_2;♰HA.28;
;;
;;
;;
<PRT Aviation>;;
;;
fiat_g91_r4_shop;☩G.91R/4;
fiat_g91_r4_0;"<color=#7b9fb5>Fiat Aviazione</color>
☩G.91R/4 Gina";
fiat_g91_r4_1;☩G.91R;
fiat_g91_r4_2;☩G.91;
;;
;;
;;
<GRC Army>;;
;;
il_leopard_2a6_hel_shop;◐Leopard 2 HEL;
il_leopard_2a6_hel_0;Árma Leopard 2 HEL;
il_leopard_2a6_hel_1;◐Leopard 2 HEL;
il_leopard_2a6_hel_2;Main Battle Tank;
il_9a33bm3_shop;◐Osa-AKM;
il_9a33bm3_0;"<color=#c8a5b2>9A33BM3</color>
◐9K33M3
<color=#7b9fb5>Oka-AK</color>";
il_9a33bm3_1;◐Osa-AKM;
il_9a33bm3_2;SAM;
il_tor_m1_shop;◐Tor-M1;
il_tor_m1_0;"<color=#c8a5b2>9A331-1</color>
◐9K331
<color=#7b9fb5>Tor-M1</color>";
il_tor_m1_1;◐Tor-M1;
il_tor_m1_2;SAM;
;;
;;
;;
<GRC Aviation>;;
;;
spitfire_lf_mk9c_cw_greece_shop;Smyrniotópoulos' ◐Spitfire L.F. IXc;
spitfire_lf_mk9c_cw_greece_0;"<color=#7b9fb5>Supermarine Aviation Works Ltd.</color>
◐Spitfire L.F. Mk. IXc (Clipped Wings)
<color=#fcba03>Geórgios Smyrniotópoulos</color>";
spitfire_lf_mk9c_cw_greece_1;◐Spitfire L.F. IX;
spitfire_lf_mk9c_cw_greece_2;◐Spitfire;
sb2c_5_greece_shop;◐SB2C-5;
sb2c_5_greece_0;"<color=#7b9fb5>Curtiss-Wright Corporation</color>
◐SB2C-5 Helldiver";
sb2c_5_greece_1;◐SB2C-5;
sb2c_5_greece_2;◐SB2C;
f-84g_greece_shop;◐F-84G-16;
f-84g_greece_0;"<color=#7b9fb5>Republic Aircraft Corporation</color>
◐F-84G-16-RE Thunderjet";
f-84g_greece_1;◐F-84G;
f-84g_greece_2;◐F-84;
f_86em_greece_shop;◐F-86E(M);
f_86em_greece_0;"<color=#7b9fb5>Canadair Ltd.</color>
◐F-86E(M) Sabre";
f_86em_greece_1;◐F-86E;
f_86em_greece_2;◐F-86;
f_102a_greece_shop;◐F-102A-65;
f_102a_greece_0;"<color=#7b9fb5>Convair</color>
◐F-102A-65-CO Delta Dagger";
f_102a_greece_1;◐F-102A;
f_102a_greece_2;◐F-102;
a_7h_greece_shop;◐A-7H;
a_7h_greece_0;"<color=#7b9fb5>Ling-Temco-Vought</color>
◐A-7H-CV Corsair II";
a_7h_greece_1;◐A-7H;
a_7h_greece_2;◐A-7;
mirage_f1cg_greece_shop;◐Mirage F-1CG;
mirage_f1cg_greece_0;"<color=#7b9fb5>Avions Marcel Dassault-Bréguet Aviation</color>
◐Mirage F-1CG";
mirage_f1cg_greece_1;◐Mirage F-1;
mirage_f1cg_greece_2;◐Mirage;
f_4e_aup_greece_shop;◐F-4E PI-2000;
f_4e_aup_greece_0;"<color=#7b9fb5>McDonnell Douglas Corporation</color>
◐F-4E-54-MC Phantom II
<color=#c0c0c0>Peace Icarus 2000</color>";
f_4e_aup_greece_1;◐F-4E;
f_4e_aup_greece_2;◐F-4;
mirage_2000_5eg_mk2_greece_shop;◐M2000-5 EGM;
mirage_2000_5eg_mk2_greece_0;"<color=#7b9fb5>Dassault Aviation S.A.</color>
◐M2000-5 EGM";
mirage_2000_5eg_mk2_greece_1;◐M2000-5;
mirage_2000_5eg_mk2_greece_2;◐M2000;
rafale_eg_greece_shop;◐Rafale EG (F3R);
rafale_eg_greece_0;"<color=#7b9fb5>Dassault Aviation S.A.</color>
◐Rafale EG
<color=#c0c0c0>F3R Standard</color>";
rafale_eg_greece_1;◐Rafale EG;
rafale_eg_greece_2;◐Rafale;
a_7e_greece_shop;◐A-7E;
a_7e_greece_0;"<color=#7b9fb5>Ling-Temco-Vought</color>
◐A-7E-CV Corsair II";
a_7e_greece_1;◐A-7E;
a_7e_greece_2;◐A-7;
;;
;;
;;
<GRC Helicopter>;;
;;
ah_64a_greece_usa_shop;◐AH-64A;
ah_64a_greece_usa_0;"<color=#7b9fb5>McDonnell Douglas Corporation</color>
◐AH-64A Apache";
ah_64a_greece_usa_1;◐AH-64A;
ah_64a_greece_usa_2;◐AH-64;
;;
;;
;;
<DNK Army>;;
;;
sw_m24_chaffee_dk_shop;〸M24DK;
sw_m24_chaffee_dk_0;〸Tank, Light, M24DK Chaffee;
sw_m24_chaffee_dk_1;〸M24DK;
sw_m24_chaffee_dk_2;Light Tank;
sw_cv_9035_dk_shop;〸IKK 9035;
sw_cv_9035_dk_0;〸infanterikampkøretøj 9035;
sw_cv_9035_dk_1;〸IKK 9035;
sw_cv_9035_dk_2;Infantry Fighting Vehicle;
;;
;;
;;
<DNK Aviation>;;
;;
saab_f35_wdns_shop;〸F-35 (WDNS);
saab_f35_wdns_0;"<color=#7b9fb5>Saab AB</color>
〸F-35 Draken
<color=#c0c0c0>Weapon Delivery and Navigation System</color>";
saab_f35_wdns_1;〸F-35;
saab_f35_wdns_2;〸F-35;
;;
;;
;;
<TUR Army>;;
;;
us_m60a3_slep_shop;☪AMBT;
us_m60a3_slep_0;☪M60A3 Affordable Main Battle Tank;
us_m60a3_slep_1;☪AMBT;
us_m60a3_slep_2;Main Battle Tank;
;;
;;
;;
<TUR Helicopter>;;
;;
t_129_atak_shop;☪T129B;
t_129_atak_0;"<color=#7b9fb5>Turkish Aerospace Industries</color>
☪T129B ATAK";
t_129_atak_1;☪T129B;
t_129_atak_2;☪T129;
;;
;;
;;
<TUR Aviation>;;
;;
f-104s_cb_shop;☪F-104S.CB;
f-104s_cb_0;"<color=#7b9fb5>Aeritalia</color>
☪F-104S Starfighter
<color=#c0c0c0>Caccia Bombardiere</color>";
f-104s_cb_1;☪F-104S;
f-104s_cb_2;☪F-104;
;;
;;
;;
<SYR Army>;;
;;
ussr_t_72av_turms_shop;⚇T-72M1S;
ussr_t_72av_turms_0;"<color=#c8a5b2>Object 172M-1</color>
⚇T-72M1S obr.1998 g.";
ussr_t_72av_turms_1;⚇T-72M1S;
ussr_t_72av_turms_2;Main Battle Tank;
;;
;;
;;
<SYR Aviation>;;
;;
su_22m3_shop;⚇Su-22M3;
su_22m3_0;"<color=#7b9fb5>Sukhoi Design Bureau | OKB-51</color>
⚇Su-22M3";
su_22m3_1;⚇Su-22M;
su_22m3_2;⚇Su-22;
;;
;;
;;
<EGY Aviation>;;
;;
su-7bmk_shop;¤Su-7BMK;
su-7bmk_0;"<color=#7b9fb5>Sukhoi OKB-51</color>
¤Su-7BMK";
su-7bmk_1;¤Su-7B;
su-7bmk_2;¤Su-7;
;;
;;
;;
<EGY Coastal>;;
;;
ussr_pr_183_egypt_bm_21_shop;¤TK-20 (A-215);
ussr_pr_183_egypt_bm_21_0;¤Project 183 | P 6 Class Torpedo Boat, TK-20 (A-215 Grad-M);
ussr_pr_183_egypt_bm_21_1;¤TK-20 (A-215);
ussr_pr_183_egypt_bm_21_2;Torpedo Boat;
;;
;;
;;
<SAU Aviation>;;
;;
lightning_f53_shop;⚔Lightning F.53;
lightning_f53_0;"<color=#7b9fb5>British Aircraft Corporation</color>
⚔Lightning F. Mk.53";
lightning_f53_1;⚔Lightning F.53;
lightning_f53_2;⚔Lightning;
;;
;;
;;
<JOR Army>;;
;;
uk_khalid_shop;♔Khalid;
uk_khalid_0;"<color=#c8a5b2>FV4030/2 Jordan</color>
♔Khalid";
uk_khalid_1;♔Khalid;
uk_khalid_2;Main Battle Tank;
;;
;;
;;
<OMN Army>;;
;;
it_centauro_rgo_120_shop;╥Centauro 120;
it_centauro_rgo_120_0;╥Caccicarri Blindato B1 Centauro con torretta HITFACT-1 da 120mm;
it_centauro_rgo_120_1;╥Centauro 120;
it_centauro_rgo_120_2;Light Tank;
;;
;;
;;
<KWT Army>;;
;;
uk_desert_warrior_shop;⛊Fahris;
uk_desert_warrior_0;"⛊Desert Warrior
Fahris";
uk_desert_warrior_1;⛊Fahris;
uk_desert_warrior_2;Infantry Fighting Vehicle;
;;
;;
;;
<IRN Army>;;
;;
uk_shir_2_shop;☫Shir 2;
uk_shir_2_0;"<color=#c8a5b2>FV4030/3</color>
☫Tank, Combat, 120mm Gun, Shir 2";
uk_shir_2_1;☫Shir 2;
uk_shir_2_2;Main Battle Tank;
;;
;;
;;
<IRN Aviation>;;
;;
f_14a_iriaf_shop;☫F14;
f_14a_iriaf_0;"<color=#7b9fb5>Grumman Aerospace Corporation</color>
☫F14 Tomcat";
f_14a_iriaf_1;☫F14;
f_14a_iriaf_2;☫F14;
;;
;;
;;
<KAZ Aviation>;;
;;
su_25_558arz_shop;▱Su-25 (558 ARZ);
su_25_558arz_0;"<color=#7b9fb5>Sukhoi Company</color>
▱Su-25 Grach
<color=#fcba03>558 Aviaremontnyy Zavod</color>";
su_25_558arz_1;▱Su-25;
su_25_558arz_2;▱Su-25;
;;
;;
;;
<PRK Aviation>;;
;;
mig-17_f5_shop;▆F5;
mig-17_f5_0;"<color=#7b9fb5>State Songling Machinery Factory</color>
▆F5";
mig-17_f5_1;▆F5;
mig-17_f5_2;▆F5;
;;
;;
;;
<VNM Army>;;
;;
ussr_type_65_aa_shop;▂Phòng không T-34;
ussr_type_65_aa_0;▂Phòng không T-34;
ussr_type_65_aa_1;▂Phòng không T-34;
ussr_type_65_aa_2;SPAA;
cn_type_65_aa_shop;▪Phòng không T-34;
cn_type_65_aa_0;▪Phòng không T-34;
cn_type_65_aa_1;▪Phòng không T-34;
cn_type_65_aa_2;SPAA;
;;
;;
;;
<DVR Coastal>;;
;;
us_pgm_59_class_shop;☰Kim Qui;
us_pgm_59_class_0;☰PGM-59 Class Motor Gun Boat, Kim Qui (HQ 605);
us_pgm_59_class_1;☰Kim Qui;
us_pgm_59_class_2;Gunboat;
;;
;;
;;
<THA Aviation>;;
;;
l_39za_art_thailand_shop;⚌L-39ZA/ART;
l_39za_art_thailand_0;"<color=#7b9fb5>Aero Vodochody</color>
⚌L-39ZA/ART";
l_39za_art_thailand_1;⚌L-39Z;
l_39za_art_thailand_2;⚌L-39;
f-84g_thailand_shop;⚌F-84G-21;
f-84g_thailand_0;"<color=#7b9fb5>Republic Aircraft Corporation</color>
⚌F-84G-21-RE Thunderjet";
f-84g_thailand_1;⚌F-84G;
f-84g_thailand_2;⚌F-84;
f-5a_thailand_shop;⚌F-5A;
f-5a_thailand_0;"<color=#7b9fb5>Northrop Corporation</color>
⚌F-5A Freedom Fighter";
f-5a_thailand_1;⚌F-5A;
f-5a_thailand_2;⚌F-5;
f-5e_fcu_thailand_shop;⚌F-5T (1988);
f-5e_fcu_thailand_0;"<color=#7b9fb5>Northrop Corporation / Elbit Systems</color>
⚌F-5T Tigris
<color=#c0c0c0>Kār prạb pelī̀yn 1988</color>";
f-5e_fcu_thailand_1;⚌F-5T;
f-5e_fcu_thailand_2;⚌F-5;
f-5t_thailand_shop;⚌F-5T (2003);
f-5t_thailand_0;"<color=#7b9fb5>Northrop Corporation / Elbit Systems</color>
⚌F-5T Tigris
<color=#c0c0c0>Kār prạb pelī̀yn 2003</color>";
f-5t_thailand_1;⚌F-5T;
f-5t_thailand_2;⚌F-5;
f-5th_thailand_shop;⚌F-5TH;
f-5th_thailand_0;"<color=#7b9fb5>Northrop Corporation / Elbit Systems</color>
⚌F-5TH Super Tigris
<color=#c0c0c0>Kār prạb pelī̀yn 2014</color>";
f-5th_thailand_1;⚌F-5T;
f-5th_thailand_2;⚌F-5;
f_16a_block_15_ocu_thailand_shop;⚌F-16A-15OCU;
f_16a_block_15_ocu_thailand_0;"<color=#7b9fb5>General Dynamics Corporation</color>
⚌F-16A-15G-CF Fighting Falcon
<color=#c0c0c0>Operation Capability Upgrade</color>";
f_16a_block_15_ocu_thailand_1;⚌F-16A;
f_16a_block_15_ocu_thailand_2;⚌F-16;
saab_jas39c_thailand_shop;⚌JAS 39C;
saab_jas39c_thailand_0;"<color=#7b9fb5>Saab AB</color>
⚌JAS 39C Gripen";
saab_jas39c_thailand_1;⚌JAS 39C;
saab_jas39c_thailand_2;⚌JAS 39;
av_8s_thailand_shop;⚌AV-8S (3107);
av_8s_thailand_0;"<color=#7b9fb5>Hawker Siddeley</color>
⚌AV-8S-HS Matador
<color=#fcba03>S/N 161374 / 3107</color>";
av_8s_thailand_1;⚌AV-8S;
av_8s_thailand_2;⚌AV-8;
av_8s_late_thailand_shop;⚌AV-8S;
av_8s_late_thailand_0;"<color=#7b9fb5>Hawker Siddeley</color>
⚌AV-8S-HS Matador";
av_8s_late_thailand_1;⚌AV-8S;
av_8s_late_thailand_2;⚌AV-8;
a_7e_thailand_shop;⚌A-7E-4;
a_7e_thailand_0;"<color=#7b9fb5>Ling-Temco-Vought</color>
⚌A-7E-4-CV Corsair II";
a_7e_thailand_1;⚌A-7E;
a_7e_thailand_2;⚌A-7;
alpha_jet_a_thailand_shop;⚌Alpha Jet A;
alpha_jet_a_thailand_0;"<color=#7b9fb5>Dornier Flugzeugwerke</color>
⚌Alpha Jet A";
alpha_jet_a_thailand_1;⚌Alpha Jet A;
alpha_jet_a_thailand_2;⚌Alpha Jet;
alpha_jet_th_phase_1_shop;⚌Alpha Jet TH;
alpha_jet_th_phase_1_0;"<color=#7b9fb5>Dornier Flugzeugwerke</color>
⚌Alpha Jet TH
<color=#c0c0c0>Phase 1</color>";
alpha_jet_th_phase_1_1;⚌Alpha Jet TH;
alpha_jet_th_phase_1_2;⚌Alpha Jet;
sb2c_5_thailand_shop;⚌SB2C-5;
sb2c_5_thailand_0;"<color=#7b9fb5>Curtiss-Wright Corporation</color>
⚌SB2C-5 Helldiver";
sb2c_5_thailand_1;⚌SB2C-5;
sb2c_5_thailand_2;⚌SB2C;
;;
;;
;;
<THA Army>;;
;;
jp_m163_vulcan_shop;⚌M 163 A1;
jp_m163_vulcan_0;⚌Gun, Air Defense Artillery, Self-Propelled, 20mm, M 163 A1;
jp_m163_vulcan_1;⚌M  163A1;
jp_m163_vulcan_2;SPAA;
jp_m60a3_tts_shop;⚌M 60 A3;
jp_m60a3_tts_0;"⚌Tank, Combat, Full-Tracked, 105mm Gun, M 60 A3
<color=#c0c0c0>Tank, Thermal Sight</color>";
jp_m60a3_tts_1;⚌M 60 A3;
jp_m60a3_tts_2;Main Battle Tank;
jp_stingray_shop;⚌Stingray;
jp_stingray_0;⚌Commando Stingray;
jp_stingray_1;⚌Stingray;
jp_stingray_2;Light Tank;
jp_oplot_t_shop;⚌Oplot-T;
jp_oplot_t_0;"<color=#c8a5b2>Object 478DU9-T</color>
⚌BM Oplot-T";
jp_oplot_t_1;⚌Oplot-T;
jp_oplot_t_2;Main Battle Tank;
jp_btr_3e1_shop;⚌BTR-3E1;
jp_btr_3e1_0;⚌BTR-3E1;
jp_btr_3e1_1;⚌BTR-3E1;
jp_btr_3e1_2;IFV;
;;
;;
;;
<PHL Aviation>;;
;;
p-26a_34_shop;♢P-26C-34;
p-26a_34_0;"<color=#7b9fb5>Boeing Aircraft Company</color>
♢P-26C-34 Peashooter";
p-26a_34_1;♢P-26C;
p-26a_34_2;♢P-26;
;;
;;
;;
<BGD Army>;;
;;
cn_type_69_2g_shop;╷T-69 II G;
cn_type_69_2g_0;╷Medium Tank T-69 II G;
cn_type_69_2g_1;╷T-69 II G;
cn_type_69_2g_2;Main Battle Tank;
cn_vt_5_shop;╷VT5;
cn_vt_5_0;╷VT5 Light Tank;
cn_vt_5_1;╷VT5;
cn_vt_5_2;Light Tank;
;;
;;
;;
<PAK Army>;;
;;
cn_al_khalid_1_shop;☪Al-Khalid I;
cn_al_khalid_1_0;"<color=#c8a5b2>VT-1A</color>
☪Al-Khalid I";
cn_al_khalid_1_1;☪Al-Khalid I;
cn_al_khalid_1_2;Main Battle Tank;
cn_t_80ud_478be_shop;☪Obj.478DU1;
cn_t_80ud_478be_0;"<color=#c8a5b2>Object 478DU1</color>
☪T-80UD";
cn_t_80ud_478be_1;☪Obj.478DU1;
cn_t_80ud_478be_2;Main Battle Tank;
cn_oplot_t_shop;☪Oplot-M;
cn_oplot_t_0;"<color=#c8a5b2>Object 478DU9-1</color>
☪T-84M BM Oplot-M";
cn_oplot_t_1;☪Oplot-M;
cn_oplot_t_2;Main Battle Tank;
;;
;;
;;
<PAK Heli>;;
;;
mi_35m_pakistan_shop;☪Mi-35M3;
mi_35m_pakistan_0;"<color=#7b9fb5>Mil Moscow Helicopter Plant</color>
☪Mi-35M3";
mi_35m_pakistan_1;☪Mi-35M;
mi_35m_pakistan_2;☪Mi-35;
;;
;;
;;
<PAK Aviation>;;
;;
f_6c_pakistan_shop;☪F6C;
f_6c_pakistan_0;"<color=#7b9fb5>AVIC Guizhou Aircraft Industry Corporation</color>
☪F6C";
f_6c_pakistan_1;☪F6C;
f_6c_pakistan_2;☪F6C;
a_5c_shop;☪A5C;
a_5c_0;"<color=#7b9fb5>Nanchang Aircraft Manufacturing Corporation</color>
☪A5C";
a_5c_1;☪A5C;
a_5c_2;☪A5;
jf_17_shop;☪JF-17;
jf_17_0;"<color=#7b9fb5>Pakistani Aeronautical Complex</color>
☪JF-17 Thunder
<color=#c0c0c0>Block 1</color>";
jf_17_1;☪JF-17;
jf_17_2;☪JF-17;
;;
;;
;;
<IND Army>;;
;;
uk_vijayanta_shop;☸Vijayanta Mk.1;
uk_vijayanta_0;☸Vijayanta Mk.1;
uk_vijayanta_1;☸Vijayanta Mk.1;
uk_vijayanta_2;Main Battle Tank;
uk_t_90s_bheeshma_shop;☸Bhishma;
uk_t_90s_bheeshma_0;"☸T-90S Bhishma obr.2002 g.
<color=#c0c0c0>Track Width Mine Ploughs</color>";
uk_t_90s_bheeshma_1;☸Bhishma;
uk_t_90s_bheeshma_2;Main Battle Tank;
uk_arjun_mk1_shop;☸Arjun Mk I;
uk_arjun_mk1_0;☸Main Battle Tank Arjun Mk I;
uk_arjun_mk1_1;☸Arjun Mk I;
uk_arjun_mk1_2;Main Battle Tank;
uk_9a35_m_shop;☸Strela-10M;
uk_9a35_m_0;"<color=#c8a5b2>9A35M</color>
☸BM 9K35M
<color=#7b9fb5>Strela-10M</color>";
uk_9a35_m_1;☸Strela-10M;
uk_9a35_m_2;SAM;
uk_9a33bm2_shop;☸Osa-AK;
uk_9a33bm2_0;"<color=#c8a5b2>9A33BM2</color>
☸9K33M2
<color=#7b9fb5>Oka-AK</color>";
uk_9a33bm2_1;☸Osa-AK;
uk_9a33bm2_2;SAM;
;;
;;
;;
<IND Aviation>;;
;;
marut_mk1_shop;☸Mārut Mk.1;
marut_mk1_0;"<color=#7b9fb5>Hindustan Aeronautics Ltd.</color>
☸HF-24 Mārut Mk.1";
marut_mk1_1;☸Mārut Mk.1;
marut_mk1_2;☸Mārut;
jaguar_is_shop;☸Jaguar IS;
jaguar_is_0;"<color=#7b9fb5>Hindustan Aeronautics Ltd.</color>
☸Jaguar IS DARIN II “Shamsher”";
jaguar_is_1;☸Jaguar IS;
jaguar_is_2;☸Jaguar;
mig-21_bison_shop;☸MiG-21UPG;
mig-21_bison_0;"<color=#7b9fb5>Mikoyan-Gurevich Design Bureau | OKB-155</color>
☸MiG-21UPG Bison";
mig-21_bison_1;☸MiG-21U;
mig-21_bison_2;☸MiG-21;
;;
;;
;;
<ARG Army>;;
;;
germ_thyssen_henschel_tam_shop;⛯VC TAM;
germ_thyssen_henschel_tam_0;⛯Vehículo de combate Tanque Argentino Mediano;
germ_thyssen_henschel_tam_1;⛯VC TAM;
germ_thyssen_henschel_tam_2;Light Tank;
germ_thyssen_henschel_tam_2c_shop;⛯VC TAM 2C;
germ_thyssen_henschel_tam_2c_0;⛯Vehículo de combate Tanque Argentino Mediano 2C;
germ_thyssen_henschel_tam_2c_1;⛯VC TAM 2C;
germ_thyssen_henschel_tam_2c_2;Light Tank;
germ_thyssen_henschel_tam_2ip_shop;⛯VC TAM 2IP;
germ_thyssen_henschel_tam_2ip_0;⛯Vehículo de combate Tanque Argentino Mediano 2IP;
germ_thyssen_henschel_tam_2ip_1;⛯VC TAM 2IP;
germ_thyssen_henschel_tam_2ip_2;Light Tank;
germ_sk105_a2_shop;⛯VC Tan SK 105;
germ_sk105_a2_0;Vehículo de combate Tanque Argentino Mediano 2C;
germ_sk105_a2_1;⛯VC Tan SK 105;
germ_sk105_a2_2;Light Tank;
;;
;;
;;
<ARG Aviation>;;
;;
ia_58a_pucara_shop;⛯IA.58A;
ia_58a_pucara_0;"<color=#7b9fb5>Fábrica Militar de Aviones</color>
⛯IA.58A Pucará";
ia_58a_pucara_1;⛯IA.58A;
ia_58a_pucara_2;⛯IA.58;
;;
;;
;;
<CUB Aviation>;;
;;
mig-17_cuba_shop;╇MiG-17AS;
mig-17_cuba_0;"<color=#7b9fb5>Mikoyan-Gurevich Design Bureau | OKB-155</color>
╇MiG-17AS";
mig-17_cuba_1;╇MiG-17A;
mig-17_cuba_2;╇MiG-17;
;;
;;
;;
<BRA Aviation>;;
;;
amx_a_1a_brazil_shop;⚝A-1A;
amx_a_1a_brazil_0;"<color=#7b9fb5>AMX Internation Ltd.</color>
⚝A-1A";
amx_a_1a_brazil_1;⚝A-1A;
amx_a_1a_brazil_2;⚝A-1;
;;
;;
;;
<UKR Army>;;
;;
ussr_t_80ud_shop;♆T-80UD;
ussr_t_80ud_0;"<color=#c8a5b2>Object 478B</color>
♆T-80UD Bereza";
ussr_t_80ud_1;♆T-80UD;
ussr_t_80ud_2;Main Battle Tank;
;;
;;
;;
<RHO Aviation>;;
;;
hunter_f9_rhodesia_shop;═Hunter FGA.9;
hunter_f9_rhodesia_0;"<color=#7b9fb5>Hawker Aircraft Ltd.</color>
═Hunter FGA. Mk.9";
hunter_f9_rhodesia_1;═Hunter FGA.9;
hunter_f9_rhodesia_2;═Hunter;
;;
;;
;;
<TWN Army>;;
;;
cn_m8_greyhound_shop;☀M8;
cn_m8_greyhound_0;☀M8 Armoured Car;
cn_m8_greyhound_1;☀M8;
cn_m8_greyhound_2;Armored Car;
cn_m3a3_stuart_shop;☀Stuart Mk.V;
cn_m3a3_stuart_0;☀Stuart Mk.V Tank;
cn_m3a3_stuart_1;☀Stuart Mk.V;
cn_m3a3_stuart_2;Light Tank;
cn_m5a1_stuart_shop;☀M5A1;
cn_m5a1_stuart_0;☀M5A1 Tank;
cn_m5a1_stuart_1;☀M5A1;
cn_m5a1_stuart_2;Light Tank;
cn_m24_chaffee_shop;☀M24;
cn_m24_chaffee_0;☀M24 Tank;
cn_m24_chaffee_1;☀M24;
cn_m24_chaffee_2;Light Tank;
cn_m18_hellcat_shop;☀M18;
cn_m18_hellcat_0;☀M18 Tank;
cn_m18_hellcat_1;☀M18;
cn_m18_hellcat_2;Light Tank;
cn_m_41d_shop;M41D;
cn_m_41d_0;M41D Tank;
cn_m_41d_1;M41D;
cn_m_41d_2;Light Tank;
cn_m60a3_tts_shop;☀M60A3 TTS;
cn_m60a3_tts_0;☀M60A3 TTS Tank;
cn_m60a3_tts_1;☀M60A3 TTS;
cn_m60a3_tts_2;Main Battle Tank;
cn_cm11_shop;CM11 (CSIST);
cn_cm11_0;"CM11 Tank
<color=#7b9fb5>“Yong hu”</color>
<color=#c0c0c0>Jièzhù CSIST ERA</color>";
cn_cm11_1;CM11 (CSIST);
cn_cm11_2;Main Battle Tank;
cn_m1a2t_shop;☀M1A2T;
cn_m1a2t_0;☀M1A2T Tank;
cn_m1a2t_1;☀M1A2T;
cn_m1a2t_2;Main Battle Tank;
cn_t_26_1940_shop;☀T-26;
cn_t_26_1940_0;☀T-26 obr.1937 g.;
cn_t_26_1940_1;☀T-26;
cn_t_26_1940_2;Light Tank;
cn_type_97_chi_ha_shop;☀Type 97;
cn_type_97_chi_ha_0;☀Type 97;
cn_type_97_chi_ha_1;☀Type 97;
cn_type_97_chi_ha_2;Medium Tank;
cn_type_97_kai_shop;☀Type 97 Gai;
cn_type_97_kai_0;☀Type 97 Gai;
cn_type_97_kai_1;☀Type 97 Gai;
cn_type_97_kai_2;Medium Tank;
cn_m4a4_sherman_shop;☀M4A4 75;
cn_m4a4_sherman_0;☀M4A4 75 Tank;
cn_m4a4_sherman_1;☀M4A4 75;
cn_m4a4_sherman_2;Medium Tank;
cn_m4a1_76w_sherman_shop;☀M4A1 75;
cn_m4a1_76w_sherman_0;☀M4A1 75 Tank;
cn_m4a1_76w_sherman_1;☀M4A1 75;
cn_m4a1_76w_sherman_2;Medium Tank;
cn_m48a1_patton_III_shop;☀M48A1;
cn_m48a1_patton_III_0;☀M48A1 Tank;
cn_m48a1_patton_III_1;☀M48A1;
cn_m48a1_patton_III_2;Main Battle Tank;
cn_sdkfz_222_early_shop;☀Sd.Kfz.222;
cn_sdkfz_222_early_0;"<color=#c8a5b2>Sd.Kfz.222</color>
☀leichte Panzerspähwagen Ausf. A
<color=#c0c0c0>1 Serie.</color>
<color=#c0c0c0>2cm KwK.38</color>";
cn_sdkfz_222_early_1;☀Sd.Kfz.222;
cn_sdkfz_222_early_2;SPAA;
cn_gmc_cckw_353_m45_quad_shop;CCKW 353 (M45);
cn_gmc_cckw_353_m45_quad_0;"Truck, 2½-Ton, 6x6, GMC CCKW 353
<color=#c0c0c0>Dài M45C jiēkou</color>";
cn_gmc_cckw_353_m45_quad_1;CCKW 353 (M45);
cn_gmc_cckw_353_m45_quad_2;SPAA;
cn_m42_duster_shop;☀M42;
cn_m42_duster_0;☀M42 Air Defence Self-Propelled Gun Vehicle;
cn_m42_duster_1;☀M42;
cn_m42_duster_2;SPAA;
cn_antelope_tc_1l_ads_shop;Chien-1 ADMS;
cn_antelope_tc_1l_ads_0;"Vehicle-Mounted Chien-1 Air-Defense Missile System
<color=#7b9fb5>Antelope</color>";
cn_antelope_tc_1l_ads_1;Chien-1 ADMS;
cn_antelope_tc_1l_ads_2;SAM;
cn_m8_scott_shop;☀M8 75;
cn_m8_scott_0;☀M8 75 Howitzer Tank;
cn_m8_scott_1;☀M8 GMC;
cn_m8_scott_2;Tank Destroyer;
cn_m10_shop;☀M10;
cn_m10_0;☀M10 Tank;
cn_m10_1;☀M10;
cn_m10_2;Tank Destroyer;
cn_m55_shop;☀M55;
cn_m55_0;☀M55 Howitzer Tank;
cn_m55_1;☀M55;
cn_m55_2;SPG;
cn_m36_shop;☀M36;
cn_m36_0;☀M36 Tank;
cn_m36_1;☀M36;
cn_m36_2;Tank Destroyer;
cn_m113a1_tow_shop;☀M113A1 TOW;
cn_m113a1_tow_0;☀M113A1 TOW Missile Vehicle;
cn_m113a1_tow_1;☀M113A1 TOW;
cn_m113a1_tow_2;Missile Carrier;
cn_cm_25_shop;CM25;
cn_cm_25_0;CM25 TOW Missile Vehicle;
cn_cm_25_1;CM25;
cn_cm_25_2;Missile Carrier;
cn_cm_34_shop;CM34;
cn_cm_34_0;CM34 Yúnbào Zhuāngjiachē;
cn_cm_34_1;CM34;
cn_cm_34_2;Infantry Fighting Vehicle;
cn_t_26_no531_shop;☀T-26 (№531);
cn_t_26_no531_0;"☀T-26-1 obr.1937 g.
<color=#fcba03>№531</color>";
cn_t_26_no531_1;☀T-26 (№531);
cn_t_26_no531_2;Light Tank;
cn_m3a3_stuart_1st_ptg_shop;☀Stuart Mk.V (1st P.T.G.);
cn_m3a3_stuart_1st_ptg_0;"☀Stuart Mk.V Tank
<color=#fcba03>1st Provisional Tank Group</color>";
cn_m3a3_stuart_1st_ptg_1;☀Stuart Mk.V (1st P.T.G.);
cn_m3a3_stuart_1st_ptg_2;Light Tank;
cn_m4a4_sherman_1st_ptg_shop;☀M4A4 75 (1st P.T.G.);
cn_m4a4_sherman_1st_ptg_0;"☀M4A4 75 Tank
<color=#fcba03>1st Provisional Tank Group</color>";
cn_m4a4_sherman_1st_ptg_1;☀M4A4 75 (1st P.T.G.);
cn_m4a4_sherman_1st_ptg_2;Medium Tank;
cn_m41_a3_walker_bulldog_shop;☀M41A3;
cn_m41_a3_walker_bulldog_0;☀M41A3 Tank;
cn_m41_a3_walker_bulldog_1;☀M41A3;
cn_m41_a3_walker_bulldog_2;Light Tank;
cn_type_64_shop;Type 64;
cn_type_64_0;Type 64 Tank;
cn_type_64_1;Type 64;
cn_type_64_2;Light Tank;
;;
;;
;;
<TWN Helicopter>;;
;;
oh_58d_china_shop;☀OH-58D;
oh_58d_china_0;"<color=#7b9fb5>Bell Helicopter Textron</color>
☀OH-58D-BF Kiowa Warrior";
oh_58d_china_1;☀OH-58D;
oh_58d_china_2;☀OH-58;
ah_1w_china_shop;☀AH-1W;
ah_1w_china_0;"<color=#7b9fb5>Bell Helicopter Textron</color>
☀AH-1W-BF SuperCobra";
ah_1w_china_1;☀AH-1W;
ah_1w_china_2;☀AH-1;
ah_64e_china_shop;☀AH-64E;
ah_64e_china_0;"<color=#7b9fb5>Boeing Rotocraft Systems</color>
☀AH-64E Apache Guardian";
ah_64e_china_1;☀AH-64E;
ah_64e_china_2;☀AH-64;
;;
;;
;;
<TWN Aviation>;;
;;
gladiator_mk1_china_shop;☀Gladiator Mk.I;
gladiator_mk1_china_0;"<color=#7b9fb5>Gloster Aircraft Company Ltd.</color>
☀Gladiator Mk.I";
gladiator_mk1_china_1;☀Gladiator Mk.I;
gladiator_mk1_china_2;☀Gladiator;
ki-27_otsu_china_shop;☀Ki-27b;
ki-27_otsu_china_0;"<color=#7b9fb5>Nakajima Hikōki K.</color>
☀Ki-27b";
ki-27_otsu_china_1;☀Ki-27;
ki-27_otsu_china_2;☀Ki-27;
ki_43_3_ko_shop;☀Ki-43-IIIa;
ki_43_3_ko_0;"<color=#7b9fb5>Nakajima Hikōki K.</color>
☀Ki-43-IIIa Hayabusa";
ki_43_3_ko_1;☀Ki-43-III;
ki_43_3_ko_2;☀Ki-43;
cw_21_shop;☀CW-21;
cw_21_0;"<color=#7b9fb5>Curtiss-Wright Corporation</color>
☀Model 21 Demon";
cw_21_1;☀CW-21;
cw_21_2;☀CW-21;
p-66_shop;☀P-66;
p-66_0;"<color=#7b9fb5>Vultee Aircraft, Inc.</color>
☀P-66-VU Vanguard";
p-66_1;☀P-66;
p-66_2;☀P-66;
p-40e_china_shop;☀Hawk 87A-2;
p-40e_china_0;"<color=#7b9fb5>Curtiss-Wright Corporation</color>
☀Hawk 87A-2";
p-40e_china_1;☀Hawk 87A;
p-40e_china_2;☀Hawk 87;
p-43a-1_china_shop;☀P-43A-1;
p-43a-1_china_0;"<color=#7b9fb5>Republic Aircraft Corporation</color>
☀P-43A-1-RE Lancer";
p-43a-1_china_1;☀P-43A;
p-43a-1_china_2;☀P-43;
p-47d_23_ra_china_rocaf_shop;☀P-47D-23;
p-47d_23_ra_china_rocaf_0;"<color=#7b9fb5>Republic Aircraft Corporation</color>
☀P-47D-23-RA Thunderbolt";
p-47d_23_ra_china_rocaf_1;☀P-47D;
p-47d_23_ra_china_rocaf_2;☀P-47;
p-47d_30_china_shop;☀F-47D-30;
p-47d_30_china_0;"<color=#7b9fb5>Republic Aircraft Corporation</color>
☀F-47D-30-RE Thunderbolt";
p-47d_30_china_1;☀F-47D;
p-47d_30_china_2;☀F-47;
p-51d-20_china_shop;☀F-51D-20;
p-51d-20_china_0;"<color=#7b9fb5>North American Aviation</color>
☀F-51D-20-NA Mustang";
p-51d-20_china_1;☀F-51D;
p-51d-20_china_2;☀F-51;
p-51k_shop;☀F-51K-15;
p-51k_0;"<color=#7b9fb5>North American Aviation</color>
☀F-51K-15-NA Mustang";
p-51k_1;☀F-51K;
p-51k_2;☀F-51;
f-86f-30_china_shop;☀F-86F-30;
f-86f-30_china_0;"<color=#7b9fb5>North American Aviation</color>
☀F-86F-30-NA Sabre";
f-86f-30_china_1;☀F-86F;
f-86f-30_china_2;☀F-86;
f-86f-40_china_shop;☀F-86F-40;
f-86f-40_china_0;"<color=#7b9fb5>North American Aviation</color>
☀F-86F-40-NA Sabre";
f-86f-40_china_1;☀F-86F;
f-86f-40_china_2;☀F-86;
f-100a_china_shop;☀F-100A-15;
f-100a_china_0;"<color=#7b9fb5>North American Aviation</color>
☀F-100A-15-NA Super Sabre";
f-100a_china_1;☀F-100A;
f-100a_china_2;☀F-100;
f-104a_china_shop;☀F-104A-25;
f-104a_china_0;"<color=#7b9fb5>Lockheed Corporation</color>
☀F-104A-25-LO Starfighter";
f-104a_china_1;☀F-104A;
f-104a_china_2;☀F-104;
f-104g_china_shop;☀F-104G-10;
f-104g_china_0;"<color=#7b9fb5>Lockheed Corporation</color>
☀F-104G-10-LO Starfighter";
f-104g_china_1;☀F-104G;
f-104g_china_2;☀F-104;
f-5a_china_shop;☀F-5A-25;
f-5a_china_0;"<color=#7b9fb5>Northrop Corporation</color>
☀F-5A-25-NO Freedom Fighter";
f-5a_china_1;☀F-5A;
f-5a_china_2;☀F-5;
f-5e_aidc_shop;☀F-5E;
f-5e_aidc_0;"<color=#7b9fb5>Aerospace Individual Development Corporation</color>
☀F-5E Chung Cheng";
f-5e_aidc_1;☀F-5E;
f-5e_aidc_2;☀F-5;
f_16a_block_20_mlu_shop;☀F-16A-20;
f_16a_block_20_mlu_0;"<color=#7b9fb5>General Dynamics Corporation</color>
☀F-16A-20-CF Fighting Falcon";
f_16a_block_20_mlu_1;☀F-16A;
f_16a_block_20_mlu_2;☀F-16;
mirage_2000_5ei_shop;M-2000-5E;
mirage_2000_5ei_0;"<color=#7b9fb5>Dassault Aviation SA</color>
M-2000-5E";
mirage_2000_5ei_1;M-2000-5;
mirage_2000_5ei_2;M-2000;
f_16a_block_72v_china_shop;☀F-16V-72;
f_16a_block_72v_china_0;"<color=#7b9fb5>General Dynamics Aviation</color>
☀F-16V-72-CF Viper";
f_16a_block_72v_china_1;☀F-16V;
f_16a_block_72v_china_2;☀F-16;
i-15bis_china_shop;☀I-15bis;
i-15bis_china_0;"<color=#7b9fb5>Polikarpov Design Bureau</color>
☀I-15bis";
i-15bis_china_1;☀I-15bis;
i-15bis_china_2;☀I-15;
i-16_chung_28_shop;☀I-16 Chung 28;
i-16_chung_28_0;"<color=#7b9fb5>Polikarpov Design Bureau</color>
☀I-16 Chung 28 Ishak";
i-16_chung_28_1;☀I-16 Chung 28;
i-16_chung_28_2;☀I-16;
i-16_type5_1935_china_shop;☀I-16 Type 5;
i-16_type5_1935_china_0;"<color=#7b9fb5>Polikarpov Design Bureau</color>
☀I-16 Type 5 Ishak";
i-16_type5_1935_china_1;☀I-16 Type 5;
i-16_type5_1935_china_2;☀I-16;
i-153_m62_china_shop;☀I-153;
i-153_m62_china_0;"<color=#7b9fb5>Polikarpov Design Bureau</color>
☀I-153 (M-62)";
i-153_m62_china_1;☀I-153;
i-153_m62_china_2;☀I-153;
i-16_type10_china_shop;☀I-16 Type 10;
i-16_type10_china_0;"<color=#7b9fb5>Polikarpov Design Bureau</color>
☀I-16 Type 10 Ishak";
i-16_type10_china_1;☀I-16 Type 10;
i-16_type10_china_2;☀I-16;
i-16_type17_china_shop;☀I-16 Type 17;
i-16_type17_china_0;"<color=#7b9fb5>Polikarpov Design Bureau</color>
☀I-16 Type 17 Ishak";
i-16_type17_china_1;☀I-16 Type 17;
i-16_type17_china_2;☀I-16;
ki_44_2_hei_china_shop;☀Ki-44-IIc;
ki_44_2_hei_china_0;"<color=#7b9fb5>Nakajima Hikōki K.</color>
☀Ki-44-IIc Shoki";
ki_44_2_hei_china_1;☀Ki-44-II;
ki_44_2_hei_china_2;☀Ki-44;
ki_61_1a_otsu_china_shop;☀Ki-61-Ib;
ki_61_1a_otsu_china_0;"<color=#7b9fb5>Kawasaki Kokuki Kogyo K.K.</color>
☀Ki-61-Ib Hein";
ki_61_1a_otsu_china_1;☀Ki-61-I;
ki_61_1a_otsu_china_2;☀Ki-61;
hs-123a-1_china_shop;☀Hs 123 A-1;
hs-123a-1_china_0;"<color=#7b9fb5>Henschel & Son</color>
☀Hs 123 A-1";
hs-123a-1_china_1;☀Hs 123 A;
hs-123a-1_china_2;☀Hs 123;
v_11g_shop;☀V-11-G;
v_11g_0;"<color=#7b9fb5>Vultee Aircraft, Inc.</color>
☀V-11-G";
v_11g_1;☀V-11-G;
v_11g_2;☀V-11;
v_12d_shop;☀V-12-D;
v_12d_0;"<color=#7b9fb5>Vultee Aircraft, Inc.</color>
☀V-12-D";
v_12d_1;☀V-12-D;
v_12d_2;☀V-12;
a_29_hudson_shop;☀A-29;
a_29_hudson_0;"<color=#7b9fb5>Lockheed Corporation</color>
☀A-29 Hudson";
a_29_hudson_1;☀A-29;
a_29_hudson_2;☀A-29;
mosquito_fb_mk26_china_shop;☀Mosquito F.B. 26;
mosquito_fb_mk26_china_0;"<color=#7b9fb5>de Havilland Aircraft Company Ltd.</color>
☀Mosquito F.B. Mk. 26";
mosquito_fb_mk26_china_1;☀Mosquito F.B. 26;
mosquito_fb_mk26_china_2;☀Mosquito;
p-38l_1_china_rocaf_shop;☀P-38L-1;
p-38l_1_china_rocaf_0;"<color=#7b9fb5>Lockheed Corporation</color>
☀P-38L-1-LO Lightning";
p-38l_1_china_rocaf_1;☀P-38L;
p-38l_1_china_rocaf_2;☀P-38;
f-84g_china_shop;☀F-84G-21;
f-84g_china_0;"<color=#7b9fb5>Republic Aircraft Corporation</color>
☀F-84G-21-RE Thunderjet";
f-84g_china_1;☀F-84G;
f-84g_china_2;☀F-84;
martin_139wc_shop;☀Martin 139WC;
martin_139wc_0;"<color=#7b9fb5>Martin Company</color>
☀Model 139WC";
martin_139wc_1;☀Martin 139WC;
martin_139wc_2;☀Martin 139;
db_3a_china_shop;☀DB-3A;
db_3a_china_0;"<color=#7b9fb5>Ilyushin Design Bureau | OKB-39</color>
☀DB-3A";
db_3a_china_1;☀DB-3A;
db_3a_china_2;☀DB-3;
sb_2m_103u_china_shop;☀SB 2M-103U;
sb_2m_103u_china_0;"<color=#7b9fb5>Tupolev Design Bureau | OKB-156</color>
☀SB 2M-103U";
sb_2m_103u_china_1;☀SB 2M;
sb_2m_103u_china_2;☀SB 2;
p1y1_mod11_china_shop;☀P1Y1;
p1y1_mod11_china_0;"<color=#7b9fb5>Kaigun Kōkū Gijutsu-shō</color>
☀P1Y1 Model 11 Ginga";
p1y1_mod11_china_1;☀P1Y1;
p1y1_mod11_china_2;☀P1Y1;
b_25j_30_china_shop;☀B-25J-30;
b_25j_30_china_0;"<color=#7b9fb5>North American Aviation</color>
☀B-25J-30-NC Mitchell";
b_25j_30_china_1;☀B-25J;
b_25j_30_china_2;☀B-25;
pb4y-2_china_shop;☀PB4Y-2;
pb4y-2_china_0;"<color=#7b9fb5>Consolidated Aircraft Corporation</color>
☀PB4Y-2 Privateer";
pb4y-2_china_1;☀PB4Y-2;
pb4y-2_china_2;☀PB4Y;
hawk_iii_shop;☀Hawk III;
hawk_iii_0;"<color=#7b9fb5>Curtiss-Wright Corporation</color>
☀Hawk III";
hawk_iii_1;☀Hawk III;
hawk_iii_2;☀Hawk;
d_510c_shop;☀D.510C;
d_510c_0;"<color=#7b9fb5>Société Aéronautique Française (Avions Dewoitine)</color>
☀D.510C";
d_510c_1;☀D.510C;
d_510c_2;☀D.510;
h-75m_china_shop;☀Hawk 75H;
h-75m_china_0;"<color=#7b9fb5>Curtiss-Wright Corporation</color>
☀Hawk 75H";
h-75m_china_1;☀Hawk 75H;
h-75m_china_2;☀Hawk 75;
p-40c_china_shop;☀Hawk 81A-3;
p-40c_china_0;"<color=#7b9fb5>Curtiss-Wright Corporation</color>
☀Hawk 81A-3";
p-40c_china_1;☀Hawk 81A;
p-40c_china_2;☀Hawk 81;
ki-45_hei_tei_china_shop;☀Ki-45c Kai;
ki-45_hei_tei_china_0;"<color=#7b9fb5>Kawasaki Kokuki Kogyo K.K.</color>
☀Ki-45c Kai (Tei) Toryu";
ki-45_hei_tei_china_1;☀Ki-45c;
ki-45_hei_tei_china_2;☀Ki-45;
a6m2_zero_china_shop;☀A6M2b;
a6m2_zero_china_0;"<color=#7b9fb5>Mitsubishi Jūkōgyō K.K.</color>
☀A6M2b Model 21 Rei-sen";
a6m2_zero_china_1;☀A6M2;
a6m2_zero_china_2;☀A6M;
p-51c-11-nt_china_shop;☀P-51C-11;
p-51c-11-nt_china_0;"<color=#7b9fb5>North American Aviation</color>
☀P-51C-11-NT Mustang";
p-51c-11-nt_china_1;☀P-51C;
p-51c-11-nt_china_2;☀P-51;
f_47n_25_re_china_shop;☀F-47N-25;
f_47n_25_re_china_0;"<color=#7b9fb5>Republic Aircraft Corporation</color>
☀F-47N-25-RE Thunderbolt";
f_47n_25_re_china_1;☀F-47N;
f_47n_25_re_china_2;☀F-47;
ki_84_ko_china_shop;☀Ki-84-Ia;
ki_84_ko_china_0;"<color=#7b9fb5>Nakajima Hikōki K.K.</color>
☀Ki-84-Ia Hayate";
ki_84_ko_china_1;☀Ki-84-I;
ki_84_ko_china_2;☀Ki-84;
f-84g-31-re_china_shop;☀F-84G-31;
f-84g-31-re_china_0;"<color=#7b9fb5>Republic Aircraft Corporation</color>
☀F-84G-31-RE Thunderjet";
f-84g-31-re_china_1;☀F-84G;
f-84g-31-re_china_2;☀F-84;
f_100f_china_shop;☀F-100F-5;
f_100f_china_0;"<color=#7b9fb5>North American Aviation</color>
☀F-100F-5-NA Super Sabre";
f_100f_china_1;☀F-100F;
f_100f_china_2;☀F-100;
;;
;;
;;
<NOR Aviation>;;
;;
mosquito_f_mk2_norway_shop;◢Mosquito F. II;
mosquito_f_mk2_norway_0;"<color=#7b9fb5>de Havilland Aircraft Company Ltd.</color>
◢Mosquito F. Mk. II";
mosquito_f_mk2_norway_1;◢Mosquito F. II;
mosquito_f_mk2_norway_2;◢Mosquito;
mosquito_fb_mk6_norway_shop;◢Mosquito F.B. VI;
mosquito_fb_mk6_norway_0;"<color=#7b9fb5>de Havilland Aircraft Company Ltd.</color>
◢Mosquito F.B. Mk. VI";
mosquito_fb_mk6_norway_1;◢Mosquito F.B. VI;
mosquito_fb_mk6_norway_2;◢Mosquito;
mosquito_fb_mk6_ash_norway_shop;◢Mosquito F.B. VI (A.S.V.);
mosquito_fb_mk6_ash_norway_0;"<color=#7b9fb5>de Havilland Aircraft Company Ltd.</color>
◢Mosquito F.B. Mk. VI
<color=#c0c0c0> A.S.V. Mk.IX Radar Set</color>";
mosquito_fb_mk6_ash_norway_1;◢Mosquito F.B. VI;
mosquito_fb_mk6_ash_norway_2;◢Mosquito;
f_16a_block_10_norway_shop;◢F-16A-10;
f_16a_block_10_norway_0;"<color=#7b9fb5>General Dynamics Corporation</color>
◢F-16A-10-CF Fighting Falcon";
f_16a_block_10_norway_1;◢F-16A;
f_16a_block_10_norway_2;◢F-16;
f_16am_block_20_mlu_norway_shop;◢F-16AM-20;
f_16am_block_20_mlu_norway_0;"<color=#7b9fb5>General Dynamics Corporation</color>
◢F-16AM-20-CF Fighting Falcon";
f_16am_block_20_mlu_norway_1;◢F-16A;
f_16am_block_20_mlu_norway_2;◢F-16;
f-5ag_norway_shop;◢F-5A(G)-40;
f-5ag_norway_0;"<color=#7b9fb5>Northrop Corporation</color>
◢F-5A(G)-40-NO Freedom Fighter
<color=#c0c0c0>Tiger-PAWS Upgrade</color>";
f-5ag_norway_1;◢F-5A;
f-5ag_norway_2;◢F-5;
;;
;;
;;
<NOR Army>;;
;;
sw_nomads_shop;◢NOMADS;
sw_nomads_0;◢ACVS G5 National Maneuver Air Defence System;
sw_nomads_1;◢NOMADS;
sw_nomads_2;SAM;
sw_nasams_fcs_shop;◢300GD (AN/MPQ-64);
sw_nasams_fcs_0;"◢G-Class 300GD
Norwegian Advanced Surface-to-Air Missile System
<color=#c0c0c0>AN/MPQ-64 Sentinel</color>";
sw_nasams_fcs_1;◢300GD (AN/MPQ-64);
sw_nasams_fcs_2;Radar Vehicle;
sw_nasams_launcher_shop;◢P113H (MML);
sw_nasams_launcher_0;"◢Scania P113H
Norwegian Advanced Surface-to-Air Missile System
<color=#c0c0c0>Multi-Mission Launcher</color>";
sw_nasams_launcher_1;◢P113H (MML);
sw_nasams_launcher_2;SAM;
sw_k9_vidar_shop;◢K9 (VIDAR);
sw_k9_vidar_0;"◢Artillerivogn, K9 Thunder
<color=#c0c0c0>Versatile Indirect Firing System</color>";
sw_k9_vidar_1;◢K9 (VIDAR);
sw_k9_vidar_2;Self-Propelled Gun;
sw_leopard_1a5no_shop;◢Leopard 1 A5NO2;
sw_leopard_1a5no_0;◢Stridsvogn, Helbelte, Leopard 1 A5NO2;
sw_leopard_1a5no_1;◢Leopard 1 A5NO2;
sw_leopard_1a5no_2;Main Battle Tank;
;;
;;
;;
<COL Aviation>;;
;;
kfir_c10_colombia_shop;◡Kfir COA;
kfir_c10_colombia_0;"<color=#7b9fb5>Israel Aircraft Industries</color>
◡Kfir COA Block 60";
kfir_c10_colombia_1;◡Kfir C;
kfir_c10_colombia_2;◡Kfir;
;;
;;
;;
<IDN Army>;;
;;
jp_harimau_shop;◥Harimau;
jp_harimau_0;"<color=#c8a5b2>Modern Medium Weight Tank</color>
◥Harimau";
jp_harimau_1;◥Harimau;
jp_harimau_2;Light Tank;
jp_leopard_2ri_shop;◥Leopard 2RI;
jp_leopard_2ri_0;◥Kampfpanzer Leopard 2RI;
jp_leopard_2ri_1;◥Leopard 2RI;
jp_leopard_2ri_2;Main Battle Tank;
;;
;;
;;
<IDN Aviation>;;
;;
b_26b_indonesia_kalong_shop;◥B-26B-15;
b_26b_indonesia_kalong_0;"<color=#7b9fb5>Douglas Aircraft Corporation</color>
◥B-26B-15-DL Invader";
b_26b_indonesia_kalong_1;◥B-26B;
b_26b_indonesia_kalong_2;◥B-26;
hawk_209_indonesia_shop;◥Hawk 209;
hawk_209_indonesia_0;"<color=#7b9fb5>British Aerospace plc.</color>
◥Hawk 209";
hawk_209_indonesia_1;◥Hawk 209;
hawk_209_indonesia_2;◥Hawk;
;;
;;
;;
<IDN Heli>;;
;;
mi_35p_indonesia_shop;◥Mi-35P;
mi_35p_indonesia_0;"<color=#7b9fb5>Mil Moscow Helicopter Plant</color>
◥Mi-35P Krokodil";
mi_35p_indonesia_1;◥Mi-35P;
mi_35p_indonesia_2;◥Mi-35;
ah_64e_indonesia_shop;◥AH-64E;
ah_64e_indonesia_0;"<color=#7b9fb5>Boeing Rotocraft Systems</color>
◥AH-64E Apache Guardian";
ah_64e_indonesia_1;◥AH-64E;
ah_64e_indonesia_2;◥AH-64;
;;
;;
;;
<VEN Aviation>;;
;;
su_30mk2v_venezuela_shop;♞Su-30MK2;
su_30mk2v_venezuela_0;"<color=#7b9fb5>Sukhoi Company</color>
♞Su-30MK2 Aviacion Militar Venezolana";
su_30mk2v_venezuela_1;♞Su-30MK2;
su_30mk2v_venezuela_2;♞Su-30;
;;
;;
;;
<MYS Aviation>;;
;;
ca_27_mk32_malaysia_shop;☉Sabre Mk.32;
ca_27_mk32_malaysia_0;"<color=#7b9fb5>Commonwealth Aircraft Corporation</color>
☉CA-27 Sabre Mk.32";
ca_27_mk32_malaysia_1;☉Sabre Mk.32;
ca_27_mk32_malaysia_2;☉Sabre;
a_4ptm_malaysia_shop;☉A-4PTM;
a_4ptm_malaysia_0;"<color=#7b9fb5>Douglas Aircraft Corporation</color>
☉A-4PTM Skyhawk";
a_4ptm_malaysia_1;☉A-4P;
a_4ptm_malaysia_2;☉A-4;
mig_29n_shop;☉MiG-29N;
mig_29n_0;"<color=#7b9fb5>Russian Aircraft Corporation Mikoyan</color>
☉MiG-29N Fulcrum
<color=#c0c0c0>izdeliye 9-12SD</color>";
mig_29n_1;☉MiG-29N;
mig_29n_2;☉MiG-29;
fa_18d_late_malaysia_shop;☉F/A-18D-47;
fa_18d_late_malaysia_0;"<color=#7b9fb5>McDonnell Douglas Corporation</color>
☉F/A-18D-47-MC Hornet";
fa_18d_late_malaysia_1;☉F/A-18D;
fa_18d_late_malaysia_2;☉F/A-18;
su_30mkm_shop;☉Su-30MKM;
su_30mkm_0;"<color=#7b9fb5>Sukhoi Company</color>
☉Su-30MKM";
su_30mkm_1;☉Su-30MK;
su_30mkm_2;☉Su-30;
;;
;;
;;
<SRB Aviation>;;
;;
j_22m1a_shop;¤J-22M1A;
j_22m1a_0;"<color=#7b9fb5>Aviation Factory SOKO</color>
¤J-22M1A Orao";
j_22m1a_1;¤J-22M;
j_22m1a_2;¤J-22;
;;
;;
;;
<SGP Army>;;
;;
il_hunter_afv_shop;═Hunter;
il_hunter_afv_0;═Hunter Armoured Fighting Vehicle;
il_hunter_afv_1;═Hunter;
il_hunter_afv_2;Infantry Fighting Vehicle;
;;
;;
;;
<SOM Army>;;
;;
it_fiat_6616_ub_shop;Fiat 6616 (UB-16);
it_fiat_6616_ub_0;"Fiat-OTO-Melara 6616 con torretta OTO TC 20
<color=#c0c0c0>con sistemi di razzi UB-16-57</color>";
it_fiat_6616_ub_1;Fiat 6616 (UB-16);
it_fiat_6616_ub_2;Light Tank;
;;
;;
;;
<Nuclear>;;
;;
b-29_killstreak_shop;☢B-29A-20;
b-29_killstreak_0;"<color=#7b9fb5>Boeing Airplane Company</color>
☢B-29A-20-BO Superfortress “Silverback”";
b-29_killstreak_1;☢B-29A;
b-29_killstreak_2;☢B-29;
b_57b_killstreak_shop;☢B-57B;
b_57b_killstreak_0;"<color=#7b9fb5>Martin Company</color>
☢B-57B-MA Canberra";
b_57b_killstreak_1;☢B-57B;
b_57b_killstreak_2;☢B-57;
f_105d_killstreak_shop;☢F-105D-31;
f_105d_killstreak_0;"<color=#7b9fb5>Republic Aircraft Corporation</color>
☢F-105D-31-RE Thunderchief";
f_105d_killstreak_1;☢F-105D;
f_105d_killstreak_2;☢F-105;
f_111f_killstreak_shop;☢F-111F;
f_111f_killstreak_0;"<color=#7b9fb5>General Dynamics Corporation</color>
☢F-111F-CF Aardvark";
f_111f_killstreak_1;☢F-111F;
f_111f_killstreak_2;☢F-111;
f_16a_block_15_adf_killstreak_shop;☢F-16A-15;
f_16a_block_15_adf_killstreak_0;"<color=#7b9fb5>General Dynamics Corporation</color>
☢F-16A-15G-CF Fighting Falcon";
f_16a_block_15_adf_killstreak_1;☢F-16A;
f_16a_block_15_adf_killstreak_2;☢F-16;
;;
;;
;;
b-29_germany_killstreak_shop;⛨☢B-29A-20;
b-29_germany_killstreak_0;"<color=#7b9fb5>Boeing Airplane Company</color>
⛨☢B-29A-20-BO Superfortress “Silverback”";
b-29_germany_killstreak_1;⛨☢B-29A;
b-29_germany_killstreak_2;⛨☢B-29;
canberra_bimk6_germany_killstreak_shop;⛨☢Canberra B(I).6;
canberra_bimk6_germany_killstreak_0;"<color=#7b9fb5>English Electric Company Ltd.</color>
⛨☢Canberra B(I). Mk.6";
canberra_bimk6_germany_killstreak_1;⛨☢Canberra B.6;
canberra_bimk6_germany_killstreak_2;⛨☢Canberra;
il_28_germany_killstreak_shop;⛨☢Il-28N;
il_28_germany_killstreak_0;"<color=#7b9fb5>Ilyushin Design Bureau | OKB-39</color>
⛨☢Il-28N";
il_28_germany_killstreak_1;⛨☢Il-28N;
il_28_germany_killstreak_2;⛨☢Il-28;
jaguar_a_germany_killstreak_shop;⛨☢Jaguar A;
jaguar_a_germany_killstreak_0;"<color=#7b9fb5>Avions Marcel Dassault-Bréguet Aviation</color>
⛨☢Jaguar A";
jaguar_a_germany_killstreak_1;⛨☢Jaguar A;
jaguar_a_germany_killstreak_2;⛨☢Jaguar;
tornado_ids_de_assta1_killstreak_shop;⛨☢IDS-Tornado;
tornado_ids_de_assta1_killstreak_0;"<color=#7b9fb5>Messerschmitt-Bölkow-Blohm</color>
⛨☢IDS-Tornado
<color=#c0c0c0>Avionics System Software Tornado in Ada 1</color>";
tornado_ids_de_assta1_killstreak_1;⛨☢IDS-Tornado;
tornado_ids_de_assta1_killstreak_2;⛨☢Tornado;
f_16a_block_15_adf_germany_killstreak_shop;☢F-16A-15;
f_16a_block_15_adf_germany_killstreak_0;"<color=#7b9fb5>General Dynamics Corporation</color>
☢F-16A-15G-CF Fighting Falcon";
f_16a_block_15_adf_germany_killstreak_1;☢F-16A;
f_16a_block_15_adf_germany_killstreak_2;☢F-16;
;;
;;
;;
tu_4_killstreak_shop;☢Tu-4A;
tu_4_killstreak_0;"<color=#7b9fb5>Tupolev Design Bureau | OKB-156</color>
☢Tu-4A";
tu_4_killstreak_1;☢Tu-4A;
tu_4_killstreak_2;☢Tu-4;
il_28_killstreak_shop;☢Il-28N;
il_28_killstreak_0;"<color=#7b9fb5>Ilyushin Design Bureau | OKB-39</color>
☢Il-28N";
il_28_killstreak_1;☢Il-28N;
il_28_killstreak_2;☢Il-28;
su-7bkl_killstreak_shop;☢Su-7BM;
su-7bkl_killstreak_0;"<color=#7b9fb5>Sukhoi Design Bureau | OKB-51</color>
☢Su-7BM";
su-7bkl_killstreak_1;☢Su-7B;
su-7bkl_killstreak_2;☢Su-7;
su_17m4_killstreak_shop;☢Su-17M4;
su_17m4_killstreak_0;"<color=#7b9fb5>Sukhoi Design Bureau | OKB-51</color>
☢Su-17M4";
su_17m4_killstreak_1;☢Su-17M;
su_17m4_killstreak_2;☢Su-17;
su_24m_killstreak_shop;☢Su-24M;
su_24m_killstreak_0;"<color=#7b9fb5>Sukhoi Design Bureau | OKB-51</color>
☢Su-24M";
su_24m_killstreak_1;☢Su-24M;
su_24m_killstreak_2;☢Su-24;
mig_29smt_9_19_killstreak_shop;☢MiG-29SMT-R;
mig_29smt_9_19_killstreak_0;"<color=#7b9fb5>Russian Aircraft Corporation Mikoyan</color>
☢MiG-29SMT
<color=#c0c0c0>izdeliye 9-19R</color>";
mig_29smt_9_19_killstreak_1;☢MiG-29S;
mig_29smt_9_19_killstreak_2;☢MiG-29;
;;
;;
;;
b-29_uk_killstreak_shop;⛨☢Washington B.1;
b-29_uk_killstreak_0;"<color=#7b9fb5>Boeing Airplane Company</color>
⛨☢Washington B. Mk.1";
b-29_uk_killstreak_1;⛨☢Washington B.;
b-29_uk_killstreak_2;⛨☢Washington;
canberra_bimk6_killstreak_shop;☢Canberra B(I).6;
canberra_bimk6_killstreak_0;"<color=#7b9fb5>English Electric Company Ltd.</color>
☢Canberra B(I). Mk.6";
canberra_bimk6_killstreak_1;☢Canberra B.6;
canberra_bimk6_killstreak_2;☢Canberra;
jaguar_a_uk_killstreak_shop;☢Jaguar A;
jaguar_a_uk_killstreak_0;"<color=#7b9fb5>Avions Marcel Dassault-Bréguet Aviation</color>
☢Jaguar A";
jaguar_a_uk_killstreak_1;☢Jaguar A;
jaguar_a_uk_killstreak_2;☢Jaguar;
tornado_ids_de_assta1_britain_killstreak_shop;☢Tornado GR.1;
tornado_ids_de_assta1_britain_killstreak_0;"<color=#7b9fb5>British Aerospace plc.</color>
☢Tornado GR. Mk.1";
tornado_ids_de_assta1_britain_killstreak_1;☢Tornado GR.1;
tornado_ids_de_assta1_britain_killstreak_2;☢Tornado;
f_16a_block_15_adf_britain_killstreak_shop;☢F-16A-15;
f_16a_block_15_adf_britain_killstreak_0;"<color=#7b9fb5>General Dynamics Corporation</color>
☢F-16A-15G-CF Fighting Falcon";
f_16a_block_15_adf_britain_killstreak_1;☢F-16A;
f_16a_block_15_adf_britain_killstreak_2;☢F-16;
;;
;;
;;
b-29_japan_killstreak_shop;☢B-29A-20;
b-29_japan_killstreak_0;"<color=#7b9fb5>Boeing Airplane Company</color>
☢B-29A-20-BO Superfortress “Silverback”";
b-29_japan_killstreak_1;☢B-29A;
b-29_japan_killstreak_2;☢B-29;
canberra_bimk6_japan_killstreak_shop;☢Canberra B(I).6;
canberra_bimk6_japan_killstreak_0;"<color=#7b9fb5>English Electric Company Ltd.</color>
☢Canberra B(I). Mk.6";
canberra_bimk6_japan_killstreak_1;☢Canberra B.6;
canberra_bimk6_japan_killstreak_2;☢Canberra;
jaguar_a_japan_killstreak_shop;☢Jaguar A;
jaguar_a_japan_killstreak_0;"<color=#7b9fb5>Avions Marcel Dassault-Bréguet Aviation</color>
☢Jaguar A";
jaguar_a_japan_killstreak_1;☢Jaguar A;
jaguar_a_japan_killstreak_2;☢Jaguar;
f_111f_japan_killstreak_shop;☢F-111F;
f_111f_japan_killstreak_0;"<color=#7b9fb5>General Dynamics Corporation</color>
☢F-111F-CF Aardvark";
f_111f_japan_killstreak_1;☢F-111F;
f_111f_japan_killstreak_2;☢F-111;
f_2a_killstreak_shop;☢F-2A;
f_2a_killstreak_0;"<color=#7b9fb5>Mitsubishi Jūkōgyō K.K.</color>
☢F-2A-MIT Baipā Zero
<color=#c0c0c0>C10 Batch</color>";
f_2a_killstreak_1;☢F-2A;
f_2a_killstreak_2;☢F-2;
;;
;;
;;
tu_4_china_killstreak_shop;☢Tu-4A;
tu_4_china_killstreak_0;"<color=#7b9fb5>Tupolev Design Bureau | OKB-156</color>
☢Tu-4A";
tu_4_china_killstreak_1;☢Tu-4A;
tu_4_china_killstreak_2;☢Tu-4;
il_28_china_killstreak_shop;☢Il-28N;
il_28_china_killstreak_0;"<color=#7b9fb5>Ilyushin Design Bureau | OKB-39</color>
☢Il-28N";
il_28_china_killstreak_1;☢Il-28N;
il_28_china_killstreak_2;☢Il-28;
su-7bkl_china_killstreak_shop;☢Su-7BM;
su-7bkl_china_killstreak_0;"<color=#7b9fb5>Sukhoi Design Bureau | OKB-51</color>
☢Su-7BM";
su-7bkl_china_killstreak_1;☢Su-7B;
su-7bkl_china_killstreak_2;☢Su-7;
su_17m4_china_killstreak_shop;☢Su-17M4;
su_17m4_china_killstreak_0;"<color=#7b9fb5>Sukhoi Design Bureau | OKB-51</color>
☢Su-17M4";
su_17m4_china_killstreak_1;☢Su-17M;
su_17m4_china_killstreak_2;☢Su-17;
jh_7a_killstreak_shop;☢JH7A;
jh_7a_killstreak_0;"<color=#7b9fb5>AVIC Xi’an Aircraft Industrial Corporation</color>
☢JH7A Fēi Bào";
jh_7a_killstreak_1;☢JH7A;
jh_7a_killstreak_2;☢JH7;
j_10a_killstreak_shop;☢J10A;
j_10a_killstreak_0;"<color=#7b9fb5>AVIC Chengdu Aircraft Corporation</color>
☢J10A Měng Lóng";
j_10a_killstreak_1;☢J10A;
j_10a_killstreak_2;☢J10;
;;
;;
;;
b-29_italy_killstreak_shop;⛨☢B-29A-20;
b-29_italy_killstreak_0;"<color=#7b9fb5>Boeing Airplane Company</color>
⛨☢B-29A-20-BO Superfortress “Silverback”";
b-29_italy_killstreak_1;⛨☢B-29A;
b-29_italy_killstreak_2;⛨☢B-29;
canberra_bimk6_italy_killstreak_shop;⛨☢Canberra B(I).6;
canberra_bimk6_italy_killstreak_0;"<color=#7b9fb5>English Electric Company Ltd.</color>
⛨☢Canberra B(I). Mk.6";
canberra_bimk6_italy_killstreak_1;⛨☢Canberra B.6;
canberra_bimk6_italy_killstreak_2;⛨☢Canberra;
jaguar_a_italy_killstreak_shop;⛨☢Jaguar A;
jaguar_a_italy_killstreak_0;"<color=#7b9fb5>Avions Marcel Dassault-Bréguet Aviation</color>
⛨☢Jaguar A";
jaguar_a_italy_killstreak_1;⛨☢Jaguar A;
jaguar_a_italy_killstreak_2;⛨☢Jaguar;
tornado_ids_it_mod95_killstreak_shop;⛨☢A-200C (RET.6);
tornado_ids_it_mod95_killstreak_0;"<color=#7b9fb5>Alenia Aeronautica</color>
⛨☢A-200C Tornado IDS
<color=#c0c0c0>Mid-Life Update - Retro Enabling Task 6</color>";
tornado_ids_it_mod95_killstreak_1;⛨☢A-200C;
tornado_ids_it_mod95_killstreak_2;⛨☢A-200;
f_16a_block_15_adf_italy_killstreak_shop;☢F-16A-15;
f_16a_block_15_adf_italy_killstreak_0;"<color=#7b9fb5>General Dynamics Corporation</color>
☢F-16A-15G-CF Fighting Falcon";
f_16a_block_15_adf_italy_killstreak_1;☢F-16A;
f_16a_block_15_adf_italy_killstreak_2;☢F-16;
;;
;;
;;
b-29_france_killstreak_shop;☢B-29A-20;
b-29_france_killstreak_0;"<color=#7b9fb5>Boeing Airplane Company</color>
☢B-29A-20-BO Superfortress “Silverback”";
b-29_france_killstreak_1;☢B-29A;
b-29_france_killstreak_2;☢B-29;
canberra_bimk6_france_killstreak_shop;☢Canberra B(I).6;
canberra_bimk6_france_killstreak_0;"<color=#7b9fb5>English Electric Company Ltd.</color>
☢Canberra B(I). Mk.6";
canberra_bimk6_france_killstreak_1;☢Canberra B.6;
canberra_bimk6_france_killstreak_2;☢Canberra;
jaguar_a_killstreak_shop;☢Jaguar A;
jaguar_a_killstreak_0;"<color=#7b9fb5>Avions Marcel Dassault-Bréguet Aviation</color>
☢Jaguar A";
jaguar_a_killstreak_1;☢Jaguar A;
jaguar_a_killstreak_2;☢Jaguar;
tornado_ids_de_assta1_france_killstreak_shop;☢Tornado IDS;
tornado_ids_de_assta1_france_killstreak_0;"<color=#7b9fb5>Messerschmitt-Bölkow-Blohm</color>
☢Tornado IDS
<color=#c0c0c0>Avionics System Software Tornado in Ada 1</color>";
tornado_ids_de_assta1_france_killstreak_1;☢Tornado IDS;
tornado_ids_de_assta1_france_killstreak_2;☢Tornado;
f_16a_block_15_adf_france_killstreak_shop;☢F-16A-15;
f_16a_block_15_adf_france_killstreak_0;"<color=#7b9fb5>General Dynamics Corporation</color>
☢F-16A-15G-CF Fighting Falcon";
f_16a_block_15_adf_france_killstreak_1;☢F-16A;
f_16a_block_15_adf_france_killstreak_2;☢F-16;
;;
;;
;;
b-29_sweden_killstreak_shop;☢B-29A-20;
b-29_sweden_killstreak_0;"<color=#7b9fb5>Boeing Airplane Company</color>
☢B-29A-20-BO Superfortress “Silverback”";
b-29_sweden_killstreak_1;☢B-29A;
b-29_sweden_killstreak_2;☢B-29;
canberra_bimk6_sweden_killstreak_shop;☢Canberra B(I).6;
canberra_bimk6_sweden_killstreak_0;"<color=#7b9fb5>English Electric Company Ltd.</color>
☢Canberra B(I). Mk.6";
canberra_bimk6_sweden_killstreak_1;☢Canberra B.6;
canberra_bimk6_sweden_killstreak_2;☢Canberra;
jaguar_a_sweden_killstreak_shop;☢Jaguar A;
jaguar_a_sweden_killstreak_0;"<color=#7b9fb5>Avions Marcel Dassault-Bréguet Aviation</color>
☢Jaguar A";
jaguar_a_sweden_killstreak_1;☢Jaguar A;
jaguar_a_sweden_killstreak_2;☢Jaguar;
tornado_ids_de_assta1_sweden_killstreak_shop;☢Tornado IDS;
tornado_ids_de_assta1_sweden_killstreak_0;"<color=#7b9fb5>Messerschmitt-Bölkow-Blohm</color>
☢Tornado IDS
<color=#c0c0c0>Avionics System Software Tornado in Ada 1</color>";
tornado_ids_de_assta1_sweden_killstreak_1;☢Tornado IDS;
tornado_ids_de_assta1_sweden_killstreak_2;☢Tornado;
f_16a_block_15_adf_sweden_killstreak_shop;☢F-16A-15;
f_16a_block_15_adf_sweden_killstreak_0;"<color=#7b9fb5>General Dynamics Corporation</color>
☢F-16A-15G-CF Fighting Falcon";
f_16a_block_15_adf_sweden_killstreak_1;☢F-16A;
f_16a_block_15_adf_sweden_killstreak_2;☢F-16;
;;
;;
;;
b-29_iaf_killstreak_shop;☢B-29A-20;
b-29_iaf_killstreak_0;"<color=#7b9fb5>Boeing Airplane Company</color>
☢B-29A-20-BO Superfortress “Silverback”";
b-29_iaf_killstreak_1;☢B-29A;
b-29_iaf_killstreak_2;☢B-29;
canberra_bimk6_iaf_killstreak_shop;☢Canberra B(I).6;
canberra_bimk6_iaf_killstreak_0;"<color=#7b9fb5>English Electric Company Ltd.</color>
☢Canberra B(I). Mk.6";
canberra_bimk6_iaf_killstreak_1;☢Canberra B.6;
canberra_bimk6_iaf_killstreak_2;☢Canberra;
jaguar_a_iaf_killstreak_shop;☢Jaguar A;
jaguar_a_iaf_killstreak_0;"<color=#7b9fb5>Avions Marcel Dassault-Bréguet Aviation</color>
☢Jaguar A";
jaguar_a_iaf_killstreak_1;☢Jaguar A;
jaguar_a_iaf_killstreak_2;☢Jaguar;
f_111f_iaf_killstreak_shop;☢F-111F;
f_111f_iaf_killstreak_0;"<color=#7b9fb5>General Dynamics Corporation</color>
☢F-111F-CF Aardvark";
f_111f_iaf_killstreak_1;☢F-111F;
f_111f_iaf_killstreak_2;☢F-111;
f_16d_block_40_barak_2_killstreak_shop;☢F-16D-40;
f_16d_block_40_barak_2_killstreak_0;"<color=#7b9fb5>General Dynamics Corporation</color>
☢F-16D-40-CF Barak II";
f_16d_block_40_barak_2_killstreak_1;☢F-16D;
f_16d_block_40_barak_2_killstreak_2;☢F-16;
;;
;;
;;
canberra_bimk6_usa_killstreak_shop;☢Canberra B(I).6;
canberra_bimk6_usa_killstreak_0;"<color=#7b9fb5>English Electric Company Ltd.</color>
☢Canberra B. Mk.6";
canberra_bimk6_usa_killstreak_1;☢Canberra B.6;
canberra_bimk6_usa_killstreak_2;☢Canberra;
jaguar_a_usa_killstreak_shop;☢Jaguar A;
jaguar_a_usa_killstreak_0;"<color=#7b9fb5>Avions Marcel Dassault-Bréguet Aviation</color>
☢Jaguar A";
jaguar_a_usa_killstreak_1;☢Jaguar A;
jaguar_a_usa_killstreak_2;☢Jaguar;
tornado_ids_de_assta1_italy_killstreak_shop;☢A-200A;
tornado_ids_de_assta1_italy_killstreak_0;"<color=#7b9fb5>Alenia Aeronautica</color>
☢A-200A Tornado IDS";
tornado_ids_de_assta1_italy_killstreak_1;☢A-200A;
tornado_ids_de_assta1_italy_killstreak_2;☢A-200;
su_24m_china_killstreak_shop;☢Su-24M;
su_24m_china_killstreak_0;"<color=#7b9fb5>Sukhoi Design Bureau | OKB-51</color>
☢Su-24M";
su_24m_china_killstreak_1;☢Su-24M;
su_24m_china_killstreak_2;☢Su-24;
f_16a_block_20_mlu_killstreak_shop;☢F-16A-20;
f_16a_block_20_mlu_killstreak_0;"<color=#7b9fb5>General Dynamics Corporation</color>
☢F-16A-20 Fighting Falcon";
f_16a_block_20_mlu_killstreak_1;☢F-16A;
f_16a_block_20_mlu_killstreak_2;☢F-16;
f_16c_block_40_barak_2_killstreak_shop;☢F-16C-40;
f_16c_block_40_barak_2_killstreak_0;"<color=#7b9fb5>General Dynamics Corporation</color>
☢F-16C-40-CF Barak II";
f_16c_block_40_barak_2_killstreak_1;☢F-16C;
f_16c_block_40_barak_2_killstreak_2;☢F-16;
;;
;;
;;
<Drones>;;
;;
ucav_recon_micro_shop;ZALA 421-16EM;
ucav_recon_micro_0;ZALA 421-16EM;
ucav_recon_micro_1;ZALA 421;
ucav_recon_micro_2;Recon Drone;
ucav_recon_micro_flir_shop;ZALA 421-16EM;
ucav_recon_micro_flir_0;ZALA 421-16EM;
ucav_recon_micro_flir_1;ZALA 421;
ucav_recon_micro_flir_2;Recon Drone;
ucav_mq_1_predator_shop;MQ-1B;
ucav_mq_1_predator_0;"<color=#7b9fb5>General Atomics Aeronautical Systems, Inc.</color>
MQ-1B Predator";
ucav_mq_1_predator_1;MQ-1B;
ucav_mq_1_predator_2;Combat Drone;
ucav_orion_shop;Orion;
ucav_orion_0;"<color=#7b9fb5>Kronshtadt Group</color>
Orion";
ucav_orion_1;Orion;
ucav_orion_2;Combat Drone;
ucav_wing_loong_i_shop;GJ-1;
ucav_wing_loong_i_0;"<color=#7b9fb5>AVIC Chengdu Aircraft Corporation</color>
GJ-1 Wing Loong I";
ucav_wing_loong_i_1;GJ-1;
ucav_wing_loong_i_2;Combat Drone;
ucav_mq_1_predator_usa_killstreak_shop;MQ-1B;
ucav_mq_1_predator_usa_killstreak_0;"<color=#7b9fb5>General Atomics Aeronautical Systems, Inc.</color>
MQ-1B Predator";
ucav_mq_1_predator_usa_killstreak_1;MQ-1B;
ucav_mq_1_predator_usa_killstreak_2;Combat Drone;
ucav_mq_1_predator_germany_killstreak_shop;◄MQ-1B;
ucav_mq_1_predator_germany_killstreak_0;"<color=#7b9fb5>General Atomics Aeronautical Systems, Inc.</color>
◄MQ-1B Predator";
ucav_mq_1_predator_germany_killstreak_1;◄MQ-1B;
ucav_mq_1_predator_germany_killstreak_2;Combat Drone;
ucav_mq_1_predator_uk_killstreak_shop;▄MQ-1B;
ucav_mq_1_predator_uk_killstreak_0;"<color=#7b9fb5>General Atomics Aeronautical Systems, Inc.</color>
▄MQ-1B Predator";
ucav_mq_1_predator_uk_killstreak_1;▄MQ-1B;
ucav_mq_1_predator_uk_killstreak_2;Combat Drone;
ucav_mq_1_predator_japan_killstreak_shop;▅MQ-1B;
ucav_mq_1_predator_japan_killstreak_0;"<color=#7b9fb5>General Atomics Aeronautical Systems, Inc.</color>
▅MQ-1B Predator";
ucav_mq_1_predator_japan_killstreak_1;▅MQ-1B;
ucav_mq_1_predator_japan_killstreak_2;Combat Drone;
ucav_mq_1_predator_italy_killstreak_shop;⛨MQ-1B;
ucav_mq_1_predator_italy_killstreak_0;"<color=#7b9fb5>General Atomics Aeronautical Systems, Inc.</color>
⛨MQ-1B Predator";
ucav_mq_1_predator_italy_killstreak_1;⛨MQ-1B;
ucav_mq_1_predator_italy_killstreak_2;Combat Drone;
ucav_mq_1_predator_france_killstreak_shop;☨MQ-1B;
ucav_mq_1_predator_france_killstreak_0;"<color=#7b9fb5>General Atomics Aeronautical Systems, Inc.</color>
☨MQ-1B Predator";
ucav_mq_1_predator_france_killstreak_1;☨MQ-1B;
ucav_mq_1_predator_france_killstreak_2;Combat Drone;
ucav_mq_1_predator_sweden_killstreak_shop;♛MQ-1B;
ucav_mq_1_predator_sweden_killstreak_0;"<color=#7b9fb5>General Atomics Aeronautical Systems, Inc.</color>
♛MQ-1B Predator";
ucav_mq_1_predator_sweden_killstreak_1;♛MQ-1B;
ucav_mq_1_predator_sweden_killstreak_2;Combat Drone;
ucav_mq_1_predator_iaf_killstreak_shop;MQ-1B;
ucav_mq_1_predator_iaf_killstreak_0;"<color=#7b9fb5>General Atomics Aeronautical Systems, Inc.</color>
MQ-1B Predator";
ucav_mq_1_predator_iaf_killstreak_1;MQ-1B;
ucav_mq_1_predator_iaf_killstreak_2;Combat Drone;
ucav_orion_killstreak_shop;Orion;
ucav_orion_killstreak_0;"<color=#7b9fb5>Kronshtadt Group</color>
Orion";
ucav_orion_killstreak_1;Orion;
ucav_orion_killstreak_2;Combat Drone;
ucav_wing_loong_i_killstreak_shop;GJ-1;
ucav_wing_loong_i_killstreak_0;"<color=#7b9fb5>AVIC Chengdu Aircraft Corporation</color>
GJ-1 Wing Loong I";
ucav_wing_loong_i_killstreak_1;GJ-1;
ucav_wing_loong_i_killstreak_2;Combat Drone;
;;
;;
;;
<Infantry Killstreak Helis>;;
;;
ah_64a_killstreak_shop;AH-64A;
ah_64a_killstreak_0;McDonnell Douglas | AH-64A Apache;
ah_64a_killstreak_1;AH-64A;
ah_64a_killstreak_2;AH-64;
mi_35m_killstreak_shop;Mi-24VM;
mi_35m_killstreak_0;Mil | Mi-24VM Krokodil;
mi_35m_killstreak_1;Mi-24V;
mi_35m_killstreak_2;Mi-24;
;;
;;
;;
<Naval Recon Fighters>;;
;;
sc_1_shop;SC-1;
sc_1_0;"<color=#7b9fb5>Curtiss-Wright Corporation</color>
SC-1 Seahawk";
sc_1_1;SC-1;
sc_1_2;SC-1;
soc_1_shop;SOC-1;
soc_1_0;"<color=#7b9fb5>Curtiss-Wright Corporation</color>
SOC-1 Seagull";
soc_1_1;SOC-1;
soc_1_2;SOC-1;
kor_1_shop;Be-2;
kor_1_0;"<color=#7b9fb5>Beriev Design Bureau | OKB-49</color>
Be-2";
kor_1_1;Be-2;
kor_1_2;Be-2;
kor_2_shop;Be-4;
kor_2_0;"<color=#7b9fb5>Beriev Design Bureau | OKB-49</color>
Be-4";
kor_2_1;Be-4;
kor_2_2;Be-4;
be_4_shop;Be-4;
be_4_0;"<color=#7b9fb5>Beriev Design Bureau | OKB-49</color>
Be-4";
be_4_1;Be-4;
be_4_2;Be-4;
osprey_mk4_shop;Osprey Mk.IV;
osprey_mk4_0;"<color=#7b9fb5>Hawker Aircraft Ltd.</color>
Osprey Mk.IV";
osprey_mk4_1;Osprey Mk.IV;
osprey_mk4_2;Osprey;
walrus_mk1_shop;Walrus Mk.I;
walrus_mk1_0;"<color=#7b9fb5>Supermarine Aviation Works Ltd.</color>
Walrus Mk.I";
walrus_mk1_1;Walrus Mk.I;
walrus_mk1_2;Walrus;
e7k2_shop;E7K2;
e7k2_0;"<color=#7b9fb5>Kawanishi Kōkūki</color>
E7K2";
e7k2_1;E7K2;
e7k2_2;E7K;
e8n2_shop;E8N2;
e8n2_0;"<color=#7b9fb5>Nakajima Hikōki K.K.</color>
E8N2";
e8n2_1;E8N2;
e8n2_2;E8N;
aichi_e13a_shop;E13A1;
aichi_e13a_0;"<color=#7b9fb5>Aichi Kōkūki K.K.</color>
E13A1 Model 11";
aichi_e13a_1;E13;
aichi_e13a_2;Aichi;
ro_43_shop;Ro.43;
ro_43_0;"<color=#7b9fb5>Industrie Meccaniche e Aeronautiche Meridionali</color>
Ro.43";
ro_43_1;Ro.43;
ro_43_2;Ro.43;
;;
;;
;;
<Folders>;;
;;
shop/group/us_sherman_group;M4 (75);
shop/group/us_sherman_76w_group;M4 (76);
shop/group/us_t26_t25_group;M4/T25;
shop/group/us_m47_48_group;M47/M48;
shop/group/us_m60_group;M60A1;
shop/group/us_m6_group;M6/T1;
shop/group/us_t26_group;T26;
shop/group/us_t32_group;T32;
shop/group/us_mbt_xm_group;XM803/XM70;
shop/group/us_abrams_group;M1A1/IP;
shop/group/us_abrams_a2_group;M1A2 SEPv1/v2;
shop/group/us_m19_m42_group;M19/M42;
shop/group/us_m247_mim72_group;M247/Chaparral;
shop/group/us_sl_amraam_fcs_group;SL-AMRAAM;
shop/group/us_nasams_fcs_group;NASAMS 3;
shop/group/us_m44_55_group;M44/M55;
shop/group/us_m36_group;M36;
shop/group/us_m56_m50_group;M56/M50;
shop/group/us_kit_3rank_group;Hell on Wheels;
shop/group/p-26_group;P-26;
shop/group/p-38_group;P-38 (E);
shop/group/p-39_group;P-39;
shop/group/p-63_group;P-63;
shop/group/p-38_late_group;P-38 (L);
shop/group/f-104_group;F-104;
shop/group/f_16_group;F-16A;
shop/group/p-40_group;P-40;
shop/group/p-51_early_group;P-51;
shop/group/p-47_ealy_group;P-47 (E);
shop/group/p-47_group;P-47 (L);
shop/group/f-84_group;F-84;
shop/group/f_86_group;F-86F;
shop/group/f4f_group;F4F/F6F;
shop/group/f4u_group;F4U-1;
shop/group/f4u_late_group;F4U-1/4;
shop/group/f8f1_group;F8F/F7F;
shop/group/f9f_group;F9F;
shop/group/f_18_group;F/A-18;
shop/group/f_14_group;F-14;
shop/group/os2u_group;OS2U;
shop/group/sb2u_group;SB2C;
shop/group/tbf_group;TBF/SBD;
shop/group/sb2c_group;SB2C;
shop/group/pbj_group;PBJ-1;
shop/group/a-26b_group;A-26B;
shop/group/douglas_ad_group;AD/AM;
shop/group/a_4b_group;A-4/FJ-4;
shop/group/a_7_group;A-7;
shop/group/tbd_group;TBD/B-18;
shop/group/pby_group;PBY;
shop/group/b-17_group;B-17E;
shop/group/b-17_late_group;B-17/B-24;
shop/group/b_57_group;B-57;
shop/group/us_cruiser_fargo_brooklyn_group;Fargo/Brooklyn;
shop/group/us_cruiser_northampton_pensacola_group;CA-24/26/33;
shop/group/germ_pzkpfw_38t_group;Pz.38(t);
shop/group/germ_dicker_sturer_group;D.Max/St.Emil;
shop/group/germ_waffentrager_group;Nashorn/WT;
shop/group/germ_marder_bmp_group;Marder/BMP;
shop/group/germ_marder_group;Marder/DF;
shop/group/germ_tam_sk_group;TAM/SK;
shop/group/germ_radpanzer_tam_group;EFz Rad/TAM;
shop/group/germ_prewar_pz_III_group;Pz.III (E/B);
shop/group/germ_pzkpfw_III_late_group;Pz.III (L/M);
shop/group/germ_kpz_super_group;KPz/M 48;
shop/group/germ_pzkpfw_II_early_group;Pz.II;
shop/group/germ_pzkpfw_4_early_group;Pz.IV (E/F1);
shop/group/germ_pz_4_fg_group;Pz.IV (F2/G);
shop/group/germ_pz_4_late_group;Pz.IV (H/J);
shop/group/germ_pzkpfw_V_a_f_group;Panther;
shop/group/germ_leopard_1_late_group;Leopard 1 (A1/A5);
shop/group/germ_leopard_2_group;Leopard 2 (A5/A6);
shop/group/germ_flakpanzer_1_group;FlakPz.I/38;
shop/group/germ_flakpanzer_4_group;Ostwind/Wirbelwind;
shop/group/germ_wiesel_gepard_group;Ozelot/FlakPz.;
shop/group/germ_roland_osa_group;FlaRak/Osa;
shop/group/germ_iris_slm_fcs_group;IRIS-T SLM;
shop/group/germ_sturmpanzer_221_group;15cm Pz./Sd.Kfz.;
shop/group/germ_panzerjager_251_group;PzJg/Sd.Kfz.;
shop/group/germ_marder_stug_a_group;Marder/StuG;
shop/group/germ_marder_stuh_group;Marder/StuH;
shop/group/germ_m44_55_group;◄M 44/M 55;
shop/group/germ_jagdpanzer_group;JPz.IV/38;
shop/group/germ_jagdpanther_group;JgPan/KJPz;
shop/group/germ_panzerjager_tiger_group;Ferdi/JgTiger;
shop/group/germ_raketen_group;SPz/RakJPz;
shop/group/germ_tiger_east_west_group;Two Fronts;
shop/group/bf-109e_group;Bf 109 E;
shop/group/bf-109f_early_group;Bf 109 F (E);
shop/group/bf-109f_group;Bf 109 F (L);
shop/group/bf-109g_2_group;Bf 109 G-2;
shop/group/bf-109g_group;Bf 109 G;
shop/group/me-262a_group;Me 262;
shop/group/me-163_group;Me 163;
shop/group/f-86_german_group;◄Sabre;
shop/group/he51_group;He 51;
shop/group/he_112_group;He 112;
shop/group/fw-190a-4_group;Fw 190 A (E);
shop/group/fw-190a-5_group;Fw 190 A (L);
shop/group/fw-190d_group;Fw 190 A/D;
shop/group/ta-152_group;Ta 152;
shop/group/mig_21_germany_group;◊MiG-21;
shop/group/do_217j_group;Do 217 J;
shop/group/do_217n_group;Do 217 N;
shop/group/bf_110cf_group;Bf 110 C/F;
shop/group/bf_110g_group;Bf 110 G;
shop/group/me-410a_u2_group;Me 410 (U2);
shop/group/ju-87br_group;Ju 87 B/R;
shop/group/ju-87g_group;Ju 87 G;
shop/group/hs-129_group;Hs 129;
shop/group/ju-87d_group;Ju 87 D;
shop/group/me210_410_group;Me 210/410;
shop/group/me-410a_group;Me 410;
shop/group/do_335_group;Do 335;
shop/group/do_17_group;Do 17;
shop/group/he_111_bv_138_group;He/BV;
shop/group/ju-88a_group;Ju 88;
shop/group/he-111h_group;He 111;
shop/group/do_217e_group;Do 217 E;
shop/group/do_217k_group;Do 217 K/M;
shop/group/arado_234_group;Ar 234;
shop/group/fiat_group;▀CR.42/G.50;
shop/group/mc200_group;▀C.200/202;
shop/group/sm_79_group;▀S.M.79;
shop/group/germ_cruiser_leipzig_nurnberg_group;Leipzig Class;
shop/group/germ_westfalen_helgoland_group;Westfalen/Helgoland;
shop/group/ussr_t_34_40_41_group;T-34 (‘40/’41);
shop/group/ussr_t_34_42_group;T-34 (‘42/E);
shop/group/ussr_t_34_85_group;T-34-85;
shop/group/ussr_t_54_group;T-54;
shop/group/ussr_t_55_group;T-55/62;
shop/group/ussr_t_62_group;T-55AMD/62M;
shop/group/ussr_t_72b_group;T-72B;
shop/group/ussr_kv_1_2_group;KV-1/2;
shop/group/ussr_kv_1_85_group;KV-1/85;
shop/group/ussr_is_2_1944_group;IS-2 (‘44);
shop/group/ussr_t_64_t_80_group;T-64/T-80;
shop/group/ussr_bmp_1_group;BMP-1/Obj.;
shop/group/ussr_bmp_2_group;BMP-2/Obj.;
shop/group/ussr_bmp_3_group;BMP-3/2S25;
shop/group/ussr_zis_su_group;ZiS/SU;
shop/group/ussr_su_isu_152_group;SU-152/85;
shop/group/ussr_su_isu_122_group;SU-85/122;
shop/group/ussr_isu_su_group;ISU-122/100;
shop/group/ussr_2s_group;2S1/2S3;
shop/group/ussr_it_9p149_group;IT-1/Shturm;
shop/group/ussr_775_157_group;Obj.775/Khrizantema;
shop/group/ussr_btr_zis_group;BTR/ZiS;
shop/group/ussr_zis_group;ZiS-12/43;
shop/group/ussr_9a33_35_group;Osa/Strela;
shop/group/ussr_buk_m3_fcs_group;Buk-M3;
shop/group/ussr_kit_3rank_group;In May 1945;
shop/group/ussr_kit_4rank_group;Be Prepared!;
shop/group/yak-1_group;Yak-1;
shop/group/yak-9_group;Yak-9/9B;
shop/group/yak-9tk_group;Yak-9T/9K;
shop/group/yak-3_group;Yak-3/9U;
shop/group/yak-9up_group;Yak-3P/9P;
shop/group/yak-3up_group;Yak-3U/9UT;
shop/group/yak-15_group;Yak-15/17;
shop/group/i-16_group;I-16;
shop/group/mig-3_group;MiG-3;
shop/group/mig-9_group;MiG-9;
shop/group/mig-15_group;MiG-15;
shop/group/mig-19_group;MiG-19/21;
shop/group/mig-21_group;MiG-21;
shop/group/mig-23m_group;MiG-23M;
shop/group/i-15_group;I-15;
shop/group/i-153_group;I-15/153;
shop/group/lagg-3_group;LaGG-3 (E);
shop/group/lagg-3_late_group;LaGG-3 (L);
shop/group/la_5_group;La-5;
shop/group/la_200_group;La-200/15;
shop/group/su-7_group;Su-7B;
shop/group/su-2_group;BB/Su-2;
shop/group/pe-3_group;Pe-3;
shop/group/il-2i_group;Il-2 (‘42/37);
shop/group/il-2m_group;Il-2 (‘43/’44);
shop/group/il-10_group;Il-10;
shop/group/il_28_group;Il-28;
shop/group/sb_group;SB 2M;
shop/group/ar_group;Ar/SB 2;
shop/group/db_3_group;DB-3/Il-4;
shop/group/pe-2_early_group;Pe-2 (E);
shop/group/er-2_group;Yer-2 (M-105);
shop/group/pe-2_late_group;Pe-2 (L);
shop/group/er-2_late_group;Yer-2 (ACh);
shop/group/tu-2_group;Tu-2S;
shop/group/mig_27_group;MiG-27;
shop/group/ussr_cruiser_chapaev_kutuzov_group;Project 68;
shop/group/uk_crusader_group;Crusader;
shop/group/uk_cromwell_sherman_group;Cromwell/Sherman;
shop/group/uk_challenger_comet_group;Challenger/Comet;
shop/group/uk_caernarvon_conqueror_group;Caernarvon/Conqueror;
shop/group/uk_chieftain_mk_3_5_group;Chieftain 3/5;
shop/group/uk_chieftain_mk_10_900_group;Chieftain 10/900;
shop/group/uk_challenger_group;CR1;
shop/group/uk_challenger_2_group;CR2;
shop/group/uk_challenger_bn_e_group;CR2 (BN/E);
shop/group/uk_valentine_group;Valentine;
shop/group/uk_churchill_group;Churchill;
shop/group/uk_vickers_olifant_group;Vickers/Olifant;
shop/group/uk_fv4005_m109_group;FV4005/M109;
shop/group/uk_g6_tortoise_group;G6/Tortoise;
shop/group/uk_fv510_zt3_group;Warrior/ZT3;
shop/group/uk_ystervark_crusader_group;Ystervark/Crusader;
shop/group/uk_marksman_za_group;Marksman/ZA;
shop/group/uk_stormer_9a33_group;Stormer/Osa;
shop/group/uk_stormer_9a35_group;Stormer/Strela;
shop/group/uk_sky_sabre_fcs_group;Sky Sabre;
shop/group/uk_ratel_group;Ratel Mk.3;
shop/group/uk_g6_eland_group;G6/Eland;
shop/group/uk_scimitar_fox_group;Scimitar/Fox;
shop/group/uk_rooikat_olifant_group;Rooikat/Olifant;
shop/group/uk_mttd_olifant_group;MTTD/Olifant;
shop/group/uk_vickers_rooikat_group;Vickers/Rooikat;
shop/group/uk_kit_3rank_group;Echoes of Overlord;
shop/group/fury_group;Fury;
shop/group/hurricane_group;Hurricane;
shop/group/spitfire_mk1_group;Spitfire Mk. I/II;
shop/group/spitfire_mk5b_group;Spitfire Mk. Vb;
shop/group/spitfire_mk9_group;Spitfire (Merlin);
shop/group/spitfire_mk5c_group;Spitfire Mk. Vc;
shop/group/spitfire_mk9e_group;Spitfire (Griffon);
shop/group/spitfire_griffon_group;Spitfire F. 22/24;
shop/group/meteor3_group;Meteor F. 3;
shop/group/meteor4_group;Meteor F. 4/8;
shop/group/firefly_group;Firefly;
shop/group/seafire_group;Seafire;
shop/group/sea_hawk_group;Sea Hawk/Venom;
shop/group/fa_18a_raaf_group;╨F/A-18A;
shop/group/blenheim_group;Blenheim/Beaufort;
shop/group/beaufighter_group;Beaufighter;
shop/group/mosquito_group;Mosquito;
shop/group/brigand_group;Brigand/Whirlwind;
shop/group/mig-hawk_200_group;Hawk 200;
shop/group/hampden_group;Hampden;
shop/group/sunderland_group;Sunderland;
shop/group/wellington_group;Wellington (E);
shop/group/wellington_late_group;Wellington (L);
shop/group/stirling_group;Stirling;
shop/group/lancaster_group;Lancaster;
shop/group/lincoln_group;Lincoln;
shop/group/canberra_group;Canberra;
shop/group/f_111c_tornado_group;F-111/Tornado;
shop/group/uk_destroyer_battle_group;Armada/Tobruk;
shop/group/uk_destroyer_daring_group;Daring Class;
shop/group/uk_cruiser_kent_norfolk_group;County Class;
shop/group/jp_type_60_group;Type 60;
shop/group/jp_type_87_89_group;Type 87/89;
shop/group/jp_chi_to_group;Chi To;
shop/group/jp_st_group;STA;
shop/group/jp_type_61_sta_group;Type 61;
shop/group/jp_type_74_stb_group;Type 74 (E);
shop/group/jp_type_74_group;Type 74 (L);
shop/group/jp_type_90_group;Type 90;
shop/group/jp_type_10_group;Type 10;
shop/group/jp_ro_ni_group;Ho Ro/Ho Ni;
shop/group/jp_ho_ni_group;Ho Ni;
shop/group/jp_type_81_tansam_fcs_group;Tan-SAM;
shop/group/jp_type_03_chusam_fcs_group;Chū-SAM;
shop/group/a6m2_n1k1_group;A6M/N1K;
shop/group/a6m2_group;A6M2;
shop/group/a6m3_mod22_group;A6M3;
shop/group/a6m5_group;A6M5;
shop/group/n1k2_group;N1K;
shop/group/f-86_japan_group;▅F-86F;
shop/group/f_15j_group;▅F-15J;
shop/group/ki-10_group;Ki-10;
shop/group/ki-43_group;Ki-43;
shop/group/ki_44_group;Ki-44/61 (E);
shop/group/ki_61_group;Ki-44/61 (L);
shop/group/ki_61_late_group;Ki-61;
shop/group/ki_84_group;Ki-84;
shop/group/ki-45_eraly_group;Ki-45 (E);
shop/group/ki-45_group;Ki-45 (L);
shop/group/j2m_group;J2M;
shop/group/f_5_f_16_thailand_group;⚌F-5/F-16;
shop/group/b6n_group;B6N;
shop/group/d4y_group;D4Y;
shop/group/r2y2_group;R2Y2;
shop/group/ki_49_1_group;Ki-49 (E);
shop/group/ki_49_2_group;Ki-49 (L);
shop/group/ki_67_group;Ki-67;
shop/group/jp_cruiser_furutaka_aoba_group;Furutaka Class;
shop/group/cn_m3_m5_stuart_group;☀Stuart;
shop/group/cn_76_211_group;211/PT;
shop/group/cn_type_63_62_group;Type 63/62;
shop/group/cn_zts_type_group;ZTS/ZBD;
shop/group/cn_t_34_m4_group;Tè 34/M4;
shop/group/cn_t_34_85_group;␗Tè 34;
shop/group/cn_is_2_group;␗Sī 2;
shop/group/cn_type_59_69_group;Type 59/69;
shop/group/cn_ztz_88_group;ZTZ88;
shop/group/cn_ztz_99_group;ZTZ99;
shop/group/cn_tor_hq_group;Tor/AKD;
shop/group/cn_m36_isu_group;☀M36/122;
shop/group/cn_cm_ptz_group;CM/PTZ;
shop/group/cn_ptl_aft_group;PTL/AFT;
shop/group/ki_27_group;☀Ki-27/43;
shop/group/p_40_china_group;Hawk/P-43;
shop/group/p_47_china_group;☀P-47D;
shop/group/p_51_china_group;☀F-51;
shop/group/f_86_china_group;☀F-86F;
shop/group/f_5a_china_group;☀F-5;
shop/group/i-16_china_group;☀I-16;
shop/group/mig-9_china_group;␗MiG-9;
shop/group/mig-15_china_group;␗MiG-15/J5;
shop/group/mig-19_china_group;J6/J7;
shop/group/j_11_group;J11;
shop/group/db_3_china_group;☀DB-3/SB 2;
shop/group/it_fiat_group;Fiat 6616/6614;
shop/group/it_centauro_105_group;Centauro;
shop/group/it_m13_40_group;M13/40;
shop/group/it_m15_pz_3_group;M15/Pz.III;
shop/group/it_of_leo_group;OF/Leopard;
shop/group/it_ariete_group;Ariete;
shop/group/it_9a33_35_group;Osa/Strela;
shop/group/it_samp_t_fcs_group;SAMP/T;
shop/group/it_semovente_m41_group;M41/M42;
shop/group/it_semovente_m43_105_75_group;M43;
shop/group/it_m44_55_group;⛨M44/M55;
shop/group/it_semovente_stug_group;M41M/StuG;
shop/group/it_dardo_group;VCC-80;
shop/group/re_2000_group;Re.2000;
shop/group/re_2001_group;Re.2001;
shop/group/g_55_serie_group;G.55/Re.2005;
shop/group/cr_32_group;C.R.32;
shop/group/fiat_g50_italy_group;G.50;
shop/group/mc_200_italy_group;C.200;
shop/group/mc_202_italy_group;C.202/205;
shop/group/fiat_g91_group;G.91;
shop/group/fiat_g91y_group;G.91Y;
shop/group/ba_65_group;Ba.65/Ju 87;
shop/group/breda_group;Ba.88/P.108;
shop/group/tornado_ids_it_group;A-200C;
shop/group/br_20_dr_group;B.R.20;
shop/group/sm_79_italy_group;S.M.79 (E);
shop/group/sm_79_1941_group;S.M.79 (L);
shop/group/z_1007_group;Z.1007;
shop/group/p_108_group;P.108B;
shop/group/mig-21_hungary_group;◔MiG-21;
shop/group/fr_hotchkiss_fcm_group;AMC/H 35/FCM;
shop/group/fr_aml_amx_group;AML/AMX;
shop/group/fr_mars_hot_group;MARS/AMX;
shop/group/fr_amx_sk_group;AMX/SK105;
shop/group/fr_lorraine_bat_group;Char 40t/25t;
shop/group/fr_amx_30_group;AMX 30 B2;
shop/group/fr_leclerc_group;Leclerc;
shop/group/fr_b1_2c_group;B1/2C;
shop/group/fr_arl_jumbo_group;ARL/M4A3E2;
shop/group/fr_amx_32_group;AMX 32;
shop/group/fr_samp_t_fcs_group;SAMP/T Mamba;
shop/group/fr_m44_55_group;♚M44/M55;
shop/group/fr_foch_acra_group;CA 120/AMX;
shop/group/tiger_group;EC665;
shop/group/d_371_group;D.371/373;
shop/group/ms_405_406_group;M.S.405/406;
shop/group/vg_33_group;VG 33/D.520;
shop/group/md_450b_group;M.D.450B;
shop/group/md_452_group;Mystère II;
shop/group/md_454_group;Mystère/SMB2;
shop/group/mirage_3_group;Mirage III;
shop/group/d_500_group;D.500/501;
shop/group/h-75_france_group;H75-C1;
shop/group/potez_group;Potez;
shop/group/maryland_group;Martin/M.B.;
shop/group/leo_451_group;LeO 451;
shop/group/so_4050_vautour_group;Vautour II;
shop/group/fr_vtb_group;VTB (8/11/14);
shop/group/sw_cv_90_ifv_group;CV90;
shop/group/sw_strv_101_103a_group;strv 101/103A;
shop/group/sw_strv_104_103c_group;strv 104/103C;
shop/group/sw_strv_122_group;strv 122;
shop/group/sw_lvkv_asrad_group;lvkv/ASRAD;
shop/group/sw_eldenhet_nomads_group;elde/NOMADS;
shop/group/sw_nasams_fcs_group;◢NASAMS 3;
shop/group/sw_pvkv_ikv_group;pvkv/ikv;
shop/group/sw_udes_pbv_group;UDES/pbv;
shop/group/sw_t_34_pz_4_group;T 34/PzKw;
shop/group/sw_pt_76_comet_group;PT 76/Comet;
shop/group/gladiator_j8a_group;J 8/J 6;
shop/group/saab_j21a_group;J 21A;
shop/group/saab_j35_group;J 35;
shop/group/saab_ja37d_group;JA 37D;
shop/group/saab_jas39_group;JAS 39;
shop/group/mosquito_norway_group;◢Mosquito F.B. VI;
shop/group/saab_b17a_group;B 17;
shop/group/saab_t18b_group;T 18B;
shop/group/bf_109g_sweden_group;♜Bf 109 G;
shop/group/vampire_fb_group;A 28/Vampire;
shop/group/il_magach_1_2_group;Magach 1/2;
shop/group/il_magach_3_6_group;Magach 3/6;
shop/group/il_magach_6a_5_group;Magach 6A/5;
shop/group/il_magach_6_group;Magach 6R/6B;
shop/group/il_magach_6m_c_group;Magach 6M/6C;
shop/group/il_magach_batash_7_group;Magach 6B/7C;
shop/group/il_tiran_4_group;Tiran 4;
shop/group/il_gimel_tiran_group;Sho’t/Tiran;
shop/group/il_merkava_1_2_group;Merkava 1/2;
shop/group/il_merkava_3_group;Merkava 3;
shop/group/il_merkava_4_group;Merkava 4;
shop/group/il_rochev_tager_group;Rochev/Zachlam;
shop/group/il_namer_group;Namer;
shop/group/md_460_iaf_group;Sambad/Sa’ar;
shop/group/a_4_iaf_group;A-4;
shop/group/f_4e_f_15_iaf_group;F-4/F-15;
shop/group/so_4050_vautour_iaf_group;Vautour II;
shop/group/f_16d_iaf_group;F-16;
shop/group/germ_puma_group;Puma;
;;
;;
;;
<Carriers>;;
;;
us_aircraftcarrier_lexington_shop;Lexington;
us_aircraftcarrier_lexington_0;Lexington Class Aircraft Carrier, USS Lexington (CV-2) (1941);
us_aircraftcarrier_lexington_1;Lexington;
us_aircraftcarrier_lexington_2;Carrier;
us_aircraftcarrier_saratoga_shop;Saratoga;
us_aircraftcarrier_saratoga_0;Lexington Class Aircraft Carrier, USS Saratoga (CV-3) (1942);
us_aircraftcarrier_saratoga_1;Saratoga;
us_aircraftcarrier_saratoga_2;Carrier;
us_aircraftcarrier_enterprise_shop;Enterprise;
us_aircraftcarrier_enterprise_0;Yorktown Class Aircraft Carrier, USS Enterprise (CV-6) (1942);
us_aircraftcarrier_enterprise_1;Enterprise;
us_aircraftcarrier_enterprise_2;Carrier;
us_aircraftcarrier_forrestal_shop;Forrestal;
us_aircraftcarrier_forrestal_0;Forrestal Class Aircraft Carrier, USS Forrestal (CVA-59);
us_aircraftcarrier_forrestal_1;Forrestal;
us_aircraftcarrier_forrestal_2;Carrier;
ussr_aircraftcarrier_baku_shop;Baku;
ussr_aircraftcarrier_baku_0;Project 1143.4 | Kiev Class Aircraft Carrier, Baku;
ussr_aircraftcarrier_baku_1;Baku;
ussr_aircraftcarrier_baku_2;Carrier;
ussr_aircraftcarrier_admiral_kuznetsov_shop;Admiral Kuznetsov;
ussr_aircraftcarrier_admiral_kuznetsov_0;Project 1143.5 | Admiral Kuznetsov Class Aircraft Carrier, Admiral Kuznetsov;
ussr_aircraftcarrier_admiral_kuznetsov_1;Admiral Kuznetsov;
ussr_aircraftcarrier_admiral_kuznetsov_2;Carrier;
uk_aircraftcarrier_illustrious_shop;Illustrious;
uk_aircraftcarrier_illustrious_0;Illustrious Class Aircraft Carrier, HMS Illustrious (87);
uk_aircraftcarrier_illustrious_1;Illustrious;
uk_aircraftcarrier_illustrious_2;Carrier;
uk_aircraftcarrier_ark_royal_shop;Ark Royal;
uk_aircraftcarrier_ark_royal_0;Audacious Class Aircraft Carrier, HMS Ark Royal (R09);
uk_aircraftcarrier_ark_royal_1;Ark Royal;
uk_aircraftcarrier_ark_royal_2;Carrier;
;;
ships/ussr_aircraftcarrier_admiral_kuznetsov_0;Carrier;
ships/ussr_aircraftcarrier_admiral_kuznetsov_1;Carrier;
ships/ussr_aircraftcarrier_admiral_kuznetsov_2;Carrier;
;;
;;
;;
<Miscellaneous>;;
;;
dummy_plane_shop;Loading...;
dummy_plane_0;Loading...;
dummy_plane_1;Loading...;
dummy_plane_2;Loading...;
;;
;;
;;
<Infantry Vehicles>;;
;;
us_hummer_h1_shop;M998 HMMWV;
us_hummer_h1_0;Truck, Personnel, 1¼-ton, 4x4, M998;
us_hummer_h1_1;M998 HMMWV;
us_hummer_h1_2;Transport;
;;
;;
;;
;;
;;
;;
;;
;;
;;
;;
;;
;;
<NT Assets>;;
;;
<AI Radars>;;
;;
us_ai_aew_radar_tps_59_0;AN/TPS-59;
us_ai_aew_radar_tps_59_1;AN/TPS-59;
us_ai_aew_radar_tps_59_2;Early Warning Radar;
us_ai_sam_radar_an_mpq_33_0;AN/MPQ-33;
us_ai_sam_radar_an_mpq_33_1;AN/MPQ-33;
us_ai_sam_radar_an_mpq_33_2;Radar Station;
us_ai_sam_radar_an_mpq_34_cwar_0;AN/MPQ-34;
us_ai_sam_radar_an_mpq_34_cwar_1;AN/MPQ-34;
us_ai_sam_radar_an_mpq_34_cwar_2;Radar Station;
us_ai_sam_radar_mpq_46_0;AN/MPQ-46;
us_ai_sam_radar_mpq_46_1;AN/MPQ-46;
us_ai_sam_radar_mpq_46_2;Radar Station;
us_ai_sam_radar_an_mpq_53_0;AN/MPQ-53;
us_ai_sam_radar_an_mpq_53_1;AN/MPQ-53;
us_ai_sam_radar_an_mpq_53_2;Radar Station;
us_ai_sam_radar_cwar_0;AN/MPQ-55;
us_ai_sam_radar_cwar_1;AN/MPQ-55;
us_ai_sam_radar_cwar_2;Radar Station;
;;
ussr_ai_aew_radar_55j6_0;55Zh6U;
ussr_ai_aew_radar_55j6_1;55Zh6;
ussr_ai_aew_radar_55j6_2;Early Warning Radar;
ussr_ai_sam_radar_p_12_0;P-12;
ussr_ai_sam_radar_p_12_1;P-12;
ussr_ai_sam_radar_p_12_2;Radar Station;
ussr_ai_sam_radar_snr_75_0;SNR-75;
ussr_ai_sam_radar_snr_75_1;SNR-75;
ussr_ai_sam_radar_snr_75_2;Radar Station;
ussr_ai_sam_radar_5n63s_0;30N6E;
ussr_ai_sam_radar_5n63s_1;30N6;
ussr_ai_sam_radar_5n63s_2;Radar Station;
ussr_ai_sam_radar_5n64s_0;64N6E;
ussr_ai_sam_radar_5n64s_1;64N6;
ussr_ai_sam_radar_5n64s_2;Radar Station;
ussr_ai_sam_radar_9s18_0;9S18;
ussr_ai_sam_radar_9s18_1;9S18;
ussr_ai_sam_radar_9s18_2;Radar Station;
ussr_ai_sam_radar_9s18m1_0;9S18M1;
ussr_ai_sam_radar_9s18m1_1;9S18M;
ussr_ai_sam_radar_9s18m1_2;Radar Station;
;;
;;
;;
<AI SAM Launchers>;;
;;
us_ai_sam_launcher_m192_early_0;M192;
us_ai_sam_launcher_m192_early_1;M192;
us_ai_sam_launcher_m192_early_2;SAM;
us_ai_sam_launcher_m192_0;M192;
us_ai_sam_launcher_m192_1;M192;
us_ai_sam_launcher_m192_2;SAM;
us_ai_sam_launcher_m901_0;M901;
us_ai_sam_launcher_m901_1;M901;
us_ai_sam_launcher_m901_2;SAM;
;;
ussr_ai_sam_launcher_s_75_0;SM-90;
ussr_ai_sam_launcher_s_75_1;SM-90;
ussr_ai_sam_launcher_s_75_2;SAM;
ussr_ai_sam_launcher_9a310_0;9A310;
ussr_ai_sam_launcher_9a310_1;9A310;
ussr_ai_sam_launcher_9a310_2;SAM;
ussr_ai_sam_launcher_9a310m1_0;9A310M1;
ussr_ai_sam_launcher_9a310m1_1;9A310M1;
ussr_ai_sam_launcher_9a310m1_2;SAM;
ussr_ai_sam_launcher_5p85se_0;5P85SE;
ussr_ai_sam_launcher_5p85se_1;5P85SE;
ussr_ai_sam_launcher_5p85se_2;SAM;
;;
;;
;;
<AI MLRS / TBM>;;
;;
us_ai_mlrs_m270_0;M270;
us_ai_mlrs_m270_1;M270;
us_ai_mlrs_m270_2;MLRS;
us_ai_tbm_m752_lance_0;M752;
us_ai_tbm_m752_lance_1;M752;
us_ai_tbm_m752_lance;Ballistic Missile;
;;
ussr_ai_mlrs_9a52_2_smerch_0;9A52-2;
ussr_ai_mlrs_9a52_2_smerch_1;9A52-2;
ussr_ai_mlrs_9a52_2_smerch_2;MLRS;
ussr_ai_tbm_9k79_tochka_0;OTR-21;
ussr_ai_tbm_9k79_tochka_1;OTR-21;
ussr_ai_tbm_9k79_tochka_2;Ballistic Missile;
;;
;;
;;
<AI Ships>;;
;;
us_destroyer_cf_adams_class_cf_adams_ec_0;;
us_destroyer_cf_adams_class_cf_adams_ec_1;;
us_destroyer_cf_adams_class_cf_adams_ec_2;;
us_cruiser_rckt_california_0;"<color=#7b9fb5>California Class Guided Missile Cruiser</color>
USS California (CGN-36)";
us_cruiser_rckt_california_1;California;
us_cruiser_rckt_california_2;California Class [CGN];
us_aircraftcarrier_forrestal_ai_0;"<color=#7b9fb5>Forrestal Class Aircraft Carrier</color>
USS Forrestal (CVA-59)";
us_aircraftcarrier_forrestal_ai_1;Forrestal;
us_aircraftcarrier_forrestal_ai_2;Forrestal;
;;
ussr_mpk_pr_1124_ec_0;"<color=#7b9fb5>Project 1124</color>
<color=#7b9fb5>Albatross Class Corvette</color>
MPK-33";
ussr_mpk_pr_1124_ec_1;MPK-33;
ussr_mpk_pr_1124_ec_2;Albatross Class [FS];
ussr_destroyer_pr56_bravy_ec_0;"<color=#7b9fb5>Project 56K</color>
<color=#7b9fb5>Èskadrennyj Minonosec Tip Kotlin</color>
Bravy";
ussr_destroyer_pr56_bravy_ec_1;Bravy;
ussr_destroyer_pr56_bravy_ec_2;Tip Kotlin [DD];
ussr_destroyer_rckt_pr956_0;"<color=#7b9fb5>Project 956</color>
<color=#7b9fb5>Sovremenny Class Guided Missile Destroyer</color>
Sovremenny";
ussr_destroyer_rckt_pr956_1;Sovremenny;
ussr_destroyer_rckt_pr956_2;Sovremenny Class [DDG];
ussr_aircraftcarrier_baku_ai_0;"<color=#7b9fb5>Project 1143.4</color>
<color=#7b9fb5>Kiev Class Aircraft Carrier</color>
Baku";
ussr_aircraftcarrier_baku_ai_1;Baku;
ussr_aircraftcarrier_baku_ai_2;Kiev;
ussr_aircraftcarrier_admiral_kuznetsov_ai_0;"<color=#7b9fb5>Project 1143.5</color>
<color=#7b9fb5>Admiral Kuznetsov Class Aircraft Carrier</color>
Admiral Kuznetsov";
ussr_aircraftcarrier_admiral_kuznetsov_ai_1;Admiral Kuznetsov;
ussr_aircraftcarrier_admiral_kuznetsov_ai_2;Admiral Kuznetsov;
;;
;;
;;
<Misc Assets>;;
;;
structures/fuel_storage;Fuel Depot;
structures/ammo_storage;Ammo Depot;
structures/tank_storage;Armored Vehicle Depot;
;;
;;
;;
<AI Units>;;
;;
ships/uss_cv_immortal_0;Carrier;
ships/uss_cv_immortal_1;Carrier;
ships/uss_cv_immortal_2;Carrier;
ships/uss_lcvp_light_0;Landing craft;
ships/uss_lcvp_light_1;Landing craft;
ships/uss_lcvp_light_2;Landing craft;
tracked_vehicles/ussr_t34_85_increased_pitch_0;Tank;
tracked_vehicles/ussr_t34_85_increased_pitch_1;Tank;
tracked_vehicles/ussr_t34_85_increased_pitch_2;Tank;
air_defence/searchLightTop_0;Search light;
air_defence/searchLightTop_1;Search light;
air_defence/searchLightTop_2;Search light;
ships/germ_bb_tirpitz_searchlight_top_0;Battleship;
ships/germ_bb_tirpitz_searchlight_top_1;Battleship;
ships/germ_bb_tirpitz_searchlight_top_2;Battleship;
ships/germ_dd_z28_searchlight_top_0;Destroyer;
ships/germ_dd_z28_searchlight_top_1;Destroyer;
ships/germ_dd_z28_searchlight_top_2;Destroyer;
wheeled_vehicles/truck_arcade_0;Cargo truck;
wheeled_vehicles/truck_arcade_1;Truck;
wheeled_vehicles/truck_arcade_2;Truck;
ships/cargo_ship_arcade_0;Cargo ship;
ships/cargo_ship_arcade_1;Cargo ship;
ships/cargo_ship_arcade_2;Ship;
structures/dummy_arcade_0;Base building;
structures/dummy_arcade_1;Base building;
structures/dummy_arcade_2;Base building;
structures/dummy_airfield_0;Airfield;
structures/dummy_airfield_1;Airfield;
structures/dummy_airfield_2;Airfield;
structures/flag_victory_0;Flag;
structures/flag_victory_1;Flag;
structures/flag_victory_2;Flag;
structures/dummy_airfield_5k_0;Airfield;
structures/dummy_airfield_5k_1;Airfield;
structures/dummy_airfield_5k_2;Airfield;
structures/dummy_bombtarget_0;Bombing point;
structures/dummy_bombtarget_1;Bombing point;
structures/dummy_bombtarget_2;Bombing point;
structures/dummy_bombtarget_airfield_0;Runway;
structures/dummy_bombtarget_airfield_1;Runway;
structures/dummy_bombtarget_airfield_2;Runway;
structures/tank_target_10a_char_0;Target №10a;
structures/tank_target_10a_char_1;Target №10a;
structures/tank_target_10a_char_2;Target №10a;
structures/tank_target_12_char_0;Target №12;
structures/tank_target_12_char_1;Target №12;
structures/tank_target_12_char_2;Target №12;
structures/tank_target_17_char_0;Target №17;
structures/tank_target_17_char_1;Target №17;
structures/tank_target_17_char_2;Target №17;
structures/tank_target_25_char_0;Target №25;
structures/tank_target_25_char_1;Target №25;
structures/tank_target_25_char_2;Target №25;
structures/tank_target_8_char_0;Target №8;
structures/tank_target_8_char_1;Target №8;
structures/tank_target_8_char_2;Target №8;
structures/tank_target_9_char_0;Target №9;
structures/tank_target_9_char_1;Target №9;
structures/tank_target_9_char_2;Target №9;
unic_hornet;USS Hornet CV-8;
unic_hornet_0;USS Hornet CV-8;
unic_hornet_1;USS Hornet;
unic_hornet_2;Carrier;
unic_enterprise;USS Enterprise CV-6;
unic_enterprise_0;USS Enterprise CV-6;
unic_enterprise_1;USS Enterprise;
unic_enterprise_2;Carrier;
unic_yorktown;USS Yorktown CV-5;
unic_yorktown_0;USS Yorktown CV-5;
unic_yorktown_1;USS Yorktown;
unic_yorktown_2;Carrier;
unic_soryu;IJN Sōryū;
unic_soryu_0;IJN Sōryū;
unic_soryu_1;IJN Sōryū;
unic_soryu_2;Carrier;
unic_hiryu;IJN Hiryū;
unic_hiryu_0;IJN Hiryū;
unic_hiryu_1;IJN Hiryū;
unic_hiryu_2;Carrier;
unic_kaga;IJN Kaga;
unic_kaga_0;IJN Kaga;
unic_kaga_1;IJN Kaga;
unic_kaga_2;Carrier;
unic_akagi;IJN Akagi;
unic_akagi_0;IJN Akagi;
unic_akagi_1;IJN Akagi;
unic_akagi_2;Carrier;
unic_shokaku;IJN Shōkaku;
unic_shokaku_0;IJN Shōkaku;
unic_shokaku_1;IJN Shōkaku;
unic_shokaku_2;Carrier;
unic_zuikaku;IJN Zuikaku;
unic_zuikaku_0;IJN Zuikaku;
unic_zuikaku_1;IJN Zuikaku;
unic_zuikaku_2;Carrier;
unic_saratoga;USS Saratoga CV-3;
unic_saratoga_0;USS Saratoga CV-3;
unic_saratoga_1;USS Saratoga;
unic_saratoga_2;Carrier;
unic_zuiho;IJN Zuiho;
unic_zuiho_0;IJN Zuiho;
unic_zuiho_1;IJN Zuiho;
unic_zuiho_2;Carrier;
unic_wasp;USS Wasp CV-7;
unic_wasp_0;USS Wasp CV-7;
unic_wasp_1;USS Wasp;
unic_wasp_2;Carrier;
unic_lexington;USS Lexington CV-2;
unic_lexington_0;USS Lexington CV-2;
unic_lexington_1;USS Lexington;
unic_lexington_2;Carrier;
unic_shoho;IJN Shoho;
unic_shoho_0;IJN Shoho;
unic_shoho_1;IJN Shoho;
unic_shoho_2;Carrier;
unic_wheeler_hangar;Hangar;
unic_wheeler_hangar_0;Hangar;
unic_wheeler_hangar_1;Hangar;
unic_wheeler_hangar_2;Hangar;
ships/fishboat1_0;Boat;
ships/fishboat1_1;Boat;
ships/fishboat1_2;Boat;
ships/fishboat2_0;Boat;
ships/fishboat2_1;Boat;
ships/fishboat2_2;Boat;
ships/fishboat3_0;Boat;
ships/fishboat3_1;Boat;
ships/fishboat3_2;Boat;
ships/fishboat4_0;Boat;
ships/fishboat4_1;Boat;
ships/fishboat4_2;Boat;
ships/fishboat5_0;Boat;
ships/fishboat5_1;Boat;
ships/fishboat5_2;Boat;
ships/fishboat6_0;Boat;
ships/fishboat6_1;Boat;
ships/fishboat6_2;Boat;
ships/fishboat7_0;Boat;
ships/fishboat7_1;Boat;
ships/fishboat7_2;Boat;
ships/germ_bb_tirpitz_0;Battleship;
ships/germ_bb_tirpitz_1;Battleship;
ships/germ_bb_tirpitz_2;Battleship;
ships/germ_dd_z28_0;Destroyer;
ships/germ_dd_z28_1;Destroyer;
ships/germ_dd_z28_2;Destroyer;
ships/hms_cv_illustrious_0;Carrier;
ships/hms_cv_illustrious_1;Carrier;
ships/hms_cv_illustrious_2;Carrier;
ships/hms_leander_0;Light Cruiser;
ships/hms_leander_1;Light Cruiser;
ships/hms_leander_2;Light Cruiser;
ships/ijn_ca_nagara_0;Light Cruiser;
ships/ijn_ca_nagara_1;Light Cruiser;
ships/ijn_ca_nagara_2;Light Cruiser;
ships/ijn_cv_zuikaku_story_0;Carrier;
ships/ijn_cv_zuikaku_story_1;Carrier;
ships/ijn_cv_zuikaku_story_2;Carrier;
ships/ijn_cv_zuikaku_0;Carrier;
ships/ijn_cv_zuikaku_1;Carrier;
ships/ijn_cv_zuikaku_2;Carrier;
ships/ijn_cvl_ryujo_0;Light carrier;
ships/ijn_cvl_ryujo_1;Light carrier;
ships/ijn_cvl_ryujo_2;Light carrier;
ships/ijn_dd_shiratsuyu_light_0;Destroyer;
ships/ijn_dd_shiratsuyu_light_1;Destroyer;
ships/ijn_dd_shiratsuyu_light_2;Destroyer;
ships/ijn_lcvp_0;Landing craft;
ships/ijn_lcvp_1;Landing craft;
ships/ijn_lcvp_2;Landing craft;
ships/ijn_lcvp_lite_0;Landing craft;
ships/ijn_lcvp_lite_1;Landing craft;
ships/ijn_lcvp_lite_2;Landing craft;
ships/ijn_patrol_boat_0;Patrol boat;
ships/ijn_patrol_boat_1;Patrol boat;
ships/ijn_patrol_boat_2;Patrol boat;
ships/ijn_patrol_boat_lite_0;Patrol boat;
ships/ijn_patrol_boat_lite_1;Patrol boat;
ships/ijn_patrol_boat_lite_2;Patrol boat;
ships/ijn_brander_0;Fire boat;
ships/ijn_brander_1;Fire boat;
ships/ijn_brander_2;Fire boat;
ships/ital_cv_aquila_0;Carrier;
ships/ital_cv_aquila_1;Carrier;
ships/ital_cv_aquila_2;Carrier;
ships/uss_brooklyn_0;Light Cruiser;
ships/uss_brooklyn_1;Light Cruiser;
ships/uss_brooklyn_2;Light Cruiser;
ships/uss_cv_wasp_story_0;Carrier;
ships/uss_cv_wasp_story_1;Carrier;
ships/uss_cv_wasp_story_2;Carrier;
ships/uss_cv_wasp_0;Carrier;
ships/uss_cv_wasp_1;Carrier;
ships/uss_cv_wasp_2;Carrier;
ships/uss_dd_georgetown_0;Destroyer;
ships/uss_dd_georgetown_1;Destroyer;
ships/uss_dd_georgetown_2;Destroyer;
ships/uss_dd_versus_0;Destroyer;
ships/uss_dd_versus_1;Destroyer;
ships/uss_dd_versus_2;Destroyer;
ships/uss_dd_versus_less_weapon_0;Destroyer;
ships/uss_dd_versus_less_weapon_1;Destroyer;
ships/uss_dd_versus_less_weapon_2;Destroyer;
ships/uss_lcvp_0;Landing craft;
ships/uss_lcvp_1;Landing craft;
ships/uss_lcvp_2;Landing craft;
ships/uss_lcvp_lite_0;Landing craft;
ships/uss_lcvp_lite_1;Landing craft;
ships/uss_lcvp_lite_2;Landing craft;
ships/uss_lcvp_includes_0;Landing craft;
ships/uss_lcvp_includes_1;Landing craft;
ships/uss_lcvp_includes_2;Landing craft;
ships/uss_lst_0;Landing craft;
ships/uss_lst_1;Landing craft;
ships/uss_lst_2;Landing craft;
ships/uss_lst_heavy_0;Heavy Landing craft;
ships/uss_lst_heavy_1;Heavy Landing craft;
ships/uss_lst_heavy_2;Heavy Landing craft;
ships/uss_lst_includes_0;Landing craft;
ships/uss_lst_includes_1;Landing craft;
ships/uss_lst_includes_2;Landing craft;
ships/uss_pt_109_0;Patrol boat;
ships/uss_pt_109_1;Patrol boat;
ships/uss_pt_109_2;Patrol boat;
ships/uss_pt_109_lite_0;Patrol boat;
ships/uss_pt_109_lite_1;Patrol boat;
ships/uss_pt_109_lite_2;Patrol boat;
ships/ussr_tb_g5_0;Patrol boat;
ships/ussr_tb_g5_1;Patrol boat;
ships/ussr_tb_g5_2;Patrol boat;
ships/ussr_tb_g5_lite_0;Patrol boat;
ships/ussr_tb_g5_lite_1;Patrol boat;
ships/ussr_tb_g5_lite_2;Patrol boat;
Destroyer_USSR_Type7_0;Destroyer;
Destroyer_USSR_Type7_1;Destroyer;
Destroyer_USSR_Type7_2;Destroyer;
ships/ijn_dd_shiratsuyu_0;Destroyer;
ships/ijn_dd_shiratsuyu_1;Destroyer;
ships/ijn_dd_shiratsuyu_2;Destroyer;
ships/uss_dd_sims_0;Destroyer;
ships/uss_dd_sims_1;Destroyer;
ships/uss_dd_sims_2;Destroyer;
ships/uss_dd_sims_noguns_0;Destroyer;
ships/uss_dd_sims_noguns_1;Destroyer;
ships/uss_dd_sims_noguns_2;Destroyer;
ships/uss_ca_sanfrancisco_0;Heavy Cruiser;
ships/uss_ca_sanfrancisco_1;Heavy Cruiser;
ships/uss_ca_sanfrancisco_2;Heavy Cruiser;
ships/ijn_ca_myoko_0;Heavy Cruiser;
ships/ijn_ca_myoko_1;Heavy Cruiser;
ships/ijn_ca_myoko_2;Heavy Cruiser;
ships/uss_bb_arizona_story_0;Battleship;
ships/uss_bb_arizona_story_1;Battleship;
ships/uss_bb_arizona_story_2;Battleship;
ships/uss_bb_arizona_0;Battleship;
ships/uss_bb_arizona_1;Battleship;
ships/uss_bb_arizona_2;Battleship;
ships/ijn_bb_nagato_story_0;Battleship;
ships/ijn_bb_nagato_story_1;Battleship;
ships/ijn_bb_nagato_story_2;Battleship;
ships/ijn_bb_yamato_story_0;Battleship;
ships/ijn_bb_yamato_story_1;Battleship;
ships/ijn_bb_yamato_story_2;Battleship;
ships/ijn_bb_nagato_0;Battleship;
ships/ijn_bb_nagato_1;Battleship;
ships/ijn_bb_nagato_2;Battleship;
ships/ijn_bb_yamato_0;Battleship;
ships/ijn_bb_yamato_1;Battleship;
ships/ijn_bb_yamato_2;Battleship;
ships/ijn_cv_soryu_story_0;Carrier;
ships/ijn_cv_soryu_story_1;Carrier;
ships/ijn_cv_soryu_story_2;Carrier;
ships/ijn_cv_akagi_story_0;Carrier;
ships/ijn_cv_akagi_story_1;Carrier;
ships/ijn_cv_akagi_story_2;Carrier;
ships/uss_cv_enterprise_story_0;Carrier;
ships/uss_cv_enterprise_story_1;Carrier;
ships/uss_cv_enterprise_story_2;Carrier;
ships/uss_cv_lexington_story_0;Carrier;
ships/uss_cv_lexington_story_1;Carrier;
ships/uss_cv_lexington_story_2;Carrier;
ships/ijn_cv_soryu_0;Carrier;
ships/ijn_cv_soryu_1;Carrier;
ships/ijn_cv_soryu_2;Carrier;
ships/ijn_cv_akagi_0;Carrier;
ships/ijn_cv_akagi_1;Carrier;
ships/ijn_cv_akagi_2;Carrier;
ships/uss_cv_enterprise_0;Carrier;
ships/uss_cv_enterprise_1;Carrier;
ships/uss_cv_enterprise_2;Carrier;
ships/uss_cv_lexington_0;Carrier;
ships/uss_cv_lexington_1;Carrier;
ships/uss_cv_lexington_2;Carrier;
ships/hms_cargo_ship_0;Cargo ship;
ships/hms_cargo_ship_1;Cargo ship;
ships/hms_cargo_ship_2;Cargo ship;
ships/ijn_cargo_ship_0;Cargo ship;
ships/ijn_cargo_ship_1;Cargo ship;
ships/ijn_cargo_ship_2;Cargo ship;
ships/ijn_cargo_ship_heavy_0;Cargo ship;
ships/ijn_cargo_ship_heavy_1;Cargo ship;
ships/ijn_cargo_ship_heavy_2;Cargo ship;
ships/uss_cargo_ship_0;Cargo ship;
ships/uss_cargo_ship_1;Cargo ship;
ships/uss_cargo_ship_2;Cargo ship;
ships/cargo_ship_0;Cargo ship;
ships/cargo_ship_1;Cargo ship;
ships/cargo_ship_2;Cargo ship;
ships/cargo_ship_light_0;Light cargo ship;
ships/cargo_ship_light_1;Light cargo ship;
ships/cargo_ship_light_2;Light cargo ship;
air_defence/germ_20mm_flak38_0;AAA;
air_defence/germ_20mm_flak38_1;AAA;
air_defence/germ_20mm_flak38_2;AAA;
air_defence/germ_20mm_flak38_airfield_0;AAA;
air_defence/germ_20mm_flak38_airfield_1;AAA;
air_defence/germ_20mm_flak38_airfield_2;AAA;
air_defence/germ_20mm_flak38_helipad_0;AAA;
air_defence/germ_20mm_flak38_helipad_1;AAA;
air_defence/germ_20mm_flak38_helipad_2;AAA;
air_defence/germ_20mm_flak38_longrange_helipad_0;AAA;
air_defence/germ_20mm_flak38_longrange_helipad_1;AAA;
air_defence/germ_20mm_flak38_longrange_helipad_2;AAA;
air_defence/germ_20mm_flak38_noground_light_0;AAA;
air_defence/germ_20mm_flak38_noground_light_1;AAA;
air_defence/germ_20mm_flak38_noground_light_2;AAA;
air_defence/germ_20mm_flak38_noground_0;AAA;
air_defence/germ_20mm_flak38_noground_1;AAA;
air_defence/germ_20mm_flak38_noground_2;AAA;
air_defence/germ_20mmx4_flak38_0;AAA;
air_defence/germ_20mmx4_flak38_1;AAA;
air_defence/germ_20mmx4_flak38_2;AAA;
air_defence/germ_20mmx4_flak38_noground_0;AAA;
air_defence/germ_20mmx4_flak38_noground_1;AAA;
air_defence/germ_20mmx4_flak38_noground_2;AAA;
air_defence/germ_37mm_flak43_0;AAA;
air_defence/germ_37mm_flak43_1;AAA;
air_defence/germ_37mm_flak43_2;AAA;
air_defence/germ_37mm_flak43_airfield_0;AAA;
air_defence/germ_37mm_flak43_airfield_1;AAA;
air_defence/germ_37mm_flak43_airfield_2;AAA;
air_defence/germ_37mm_flak43_naval_0;AAA;
air_defence/germ_37mm_flak43_naval_1;AAA;
air_defence/germ_37mm_flak43_naval_2;AAA;
air_defence/germ_37mm_flak43_noground_0;AAA;
air_defence/germ_37mm_flak43_noground_1;AAA;
air_defence/germ_37mm_flak43_noground_2;AAA;
air_defence/germ_88mm_flak36_0;AAA;
air_defence/germ_88mm_flak36_1;AAA;
air_defence/germ_88mm_flak36_2;AAA;
air_defence/germ_88mm_flak36_noground_0;AAA;
air_defence/germ_88mm_flak36_noground_1;AAA;
air_defence/germ_88mm_flak36_noground_2;AAA;
air_defence/germ_flakpanzer38_20mm_0;AAA;
air_defence/germ_flakpanzer38_20mm_1;AAA;
air_defence/germ_flakpanzer38_20mm_2;AAA;
air_defence/germ_sdkfz62_37mm_0;AAA;
air_defence/germ_sdkfz62_37mm_1;AAA;
air_defence/germ_sdkfz62_37mm_2;AAA;
air_defence/germ_sdkfz71_20mm_0;AAA;
air_defence/germ_sdkfz71_20mm_1;AAA;
air_defence/germ_sdkfz71_20mm_2;AAA;
air_defence/jpn_13mm_hotchkiss_0;AAA;
air_defence/jpn_13mm_hotchkiss_1;AAA;
air_defence/jpn_13mm_hotchkiss_2;AAA;
air_defence/jpn_40mm_airfield_0;AAA;
air_defence/jpn_40mm_airfield_1;AAA;
air_defence/jpn_40mm_airfield_2;AAA;
air_defence/jpn_25mm_t96_0;AAA;
air_defence/jpn_25mm_t96_1;AAA;
air_defence/jpn_25mm_t96_2;AAA;
air_defence/jpn_25mm_t96_coastfort_0;AAA;
air_defence/jpn_25mm_t96_coastfort_1;AAA;
air_defence/jpn_25mm_t96_coastfort_2;AAA;
air_defence/jpn_25mm_t96_noground_0;AAA;
air_defence/jpn_25mm_t96_noground_1;AAA;
air_defence/jpn_25mm_t96_noground_2;AAA;
air_defence/jpn_25mm_t96_sandfort_0;AAA;
air_defence/jpn_25mm_t96_sandfort_1;AAA;
air_defence/jpn_25mm_t96_sandfort_2;AAA;
air_defence/jpn_25mm_t96_sandfort2_0;AAA;
air_defence/jpn_25mm_t96_sandfort2_1;AAA;
air_defence/jpn_25mm_t96_sandfort2_2;AAA;
air_defence/jpn_75mm_t88_0;AAA;
air_defence/jpn_75mm_t88_1;AAA;
air_defence/jpn_75mm_t88_2;AAA;
air_defence/jpn_75mm_t88_coastfort_0;AAA;
air_defence/jpn_75mm_t88_coastfort_1;AAA;
air_defence/jpn_75mm_t88_coastfort_2;AAA;
air_defence/jpn_75mm_t88_noground_0;AAA;
air_defence/jpn_75mm_t88_noground_1;AAA;
air_defence/jpn_75mm_t88_noground_2;AAA;
air_defence/jpn_75mm_t88_sandfort_0;AAA;
air_defence/jpn_75mm_t88_sandfort_1;AAA;
air_defence/jpn_75mm_t88_sandfort_2;AAA;
air_defence/jpn_80mm_t3_0;AAA;
air_defence/jpn_80mm_t3_1;AAA;
air_defence/jpn_80mm_t3_2;AAA;
air_defence/searchLight_0;Search light;
air_defence/searchLight_1;Search light;
air_defence/searchLight_2;Search light;
air_defence/uk_12mm_m2_0;Light AA gun;
air_defence/uk_12mm_m2_1;Light AA;
air_defence/uk_12mm_m2_2;AAA;
air_defence/uk_12mm_m2_noground_0;Light AA gun;
air_defence/uk_12mm_m2_noground_1;Light AAA;
air_defence/uk_12mm_m2_noground_2;AAA;
air_defence/uk_40mm_bofors_0;AAA;
air_defence/uk_40mm_bofors_1;AAA;
air_defence/uk_40mm_bofors_2;AAA;
air_defence/uk_40mm_bofors_noground_0;AAA;
air_defence/uk_40mm_bofors_noground_1;AAA;
air_defence/uk_40mm_bofors_noground_2;AAA;
air_defence/uk_40mm_bofors_airfield_0;AAA;
air_defence/uk_40mm_bofors_airfield_1;AAA;
air_defence/uk_40mm_bofors_airfield_2;AAA;
air_defence/40mm_arcade_gun_0;AAA;
air_defence/40mm_arcade_gun_1;AAA;
air_defence/40mm_arcade_gun_2;AAA;
air_defence/us_12mm_m2_0;Light AA gun;
air_defence/us_12mm_m2_1;Light AAA;
air_defence/us_12mm_m2_2;AAA;
air_defence/us_12mm_m2_coastfort_0;Light AA gun;
air_defence/us_12mm_m2_coastfort_1;Light AAA;
air_defence/us_12mm_m2_coastfort_2;AAA;
air_defence/us_12mm_m2_noground_0;Light AA gun;
air_defence/us_12mm_m2_noground_1;Light AAA;
air_defence/us_12mm_m2_noground_2;AAA;
air_defence/us_12mm_m2_sandfort_0;Light AA gun;
air_defence/us_12mm_m2_sandfort_1;AAA;
air_defence/us_12mm_m2_sandfort_2;AAA;
air_defence/us_40mm_bofors_0;AAA;
air_defence/us_40mm_bofors_1;AAA;
air_defence/us_40mm_bofors_2;AAA;
air_defence/us_40mm_bofors_airfield_0;AAA;
air_defence/us_40mm_bofors_airfield_1;AAA;
air_defence/us_40mm_bofors_airfield_2;AAA;
air_defence/us_40mm_bofors_noground_0;AAA;
air_defence/us_40mm_bofors_noground_1;AAA;
air_defence/us_40mm_bofors_noground_2;AAA;
air_defence/us_90mm_m1_0;AAA;
air_defence/us_90mm_m1_1;AAA;
air_defence/us_90mm_m1_2;AAA;
air_defence/us_90mm_versus_0;AAA;
air_defence/us_90mm_versus_1;AAA;
air_defence/us_90mm_versus_2;AAA;
air_defence/us_m16_truck_0;AAA;
air_defence/us_m16_truck_1;AAA;
air_defence/us_m16_truck_2;AAA;
air_defence/ussr_25mm_72k_0;AAA;
air_defence/ussr_25mm_72k_1;AAA;
air_defence/ussr_25mm_72k_2;AAA;
air_defence/ussr_25mm_72k_airfield_0;AAA;
air_defence/ussr_25mm_72k_airfield_1;AAA;
air_defence/ussr_25mm_72k_airfield_2;AAA;
air_defence/ussr_25mm_72k_noground_0;AAA;
air_defence/ussr_25mm_72k_noground_1;AAA;
air_defence/ussr_25mm_72k_noground_2;AAA;
air_defence/ussr_37mm_61k_0;AAA;
air_defence/ussr_37mm_61k_1;AAA;
air_defence/ussr_37mm_61k_2;AAA;
air_defence/ussr_37mm_61k_noground_0;AAA;
air_defence/ussr_37mm_61k_noground_1;AAA;
air_defence/ussr_37mm_61k_noground_2;AAA;
air_defence/ussr_37mm_61k_airfield_0;AAA;
air_defence/ussr_37mm_61k_airfield_1;AAA;
air_defence/ussr_37mm_61k_airfield_2;AAA;
air_defence/ussr_85mm_52k_0;AAA;
air_defence/ussr_85mm_52k_1;AAA;
air_defence/ussr_85mm_52k_2;AAA;
air_defence/ussr_85mm_52k_noground_0;AAA;
air_defence/ussr_85mm_52k_noground_1;AAA;
air_defence/ussr_85mm_52k_noground_2;AAA;
air_defence/ussr_zis5_37mm_0;AAA;
air_defence/ussr_zis5_37mm_1;AAA;
air_defence/ussr_zis5_37mm_2;AAA;
air_defence/ussr_zis5_20mm_0;AAA;
air_defence/ussr_zis5_20mm_1;AAA;
air_defence/ussr_zis5_20mm_2;AAA;
air_defence/arcade_germ_37mm_0;AAA;
air_defence/arcade_germ_37mm_1;AAA;
air_defence/arcade_germ_37mm_2;AAA;
air_defence/arcade_germ_88mm_0;AAA;
air_defence/arcade_germ_88mm_1;AAA;
air_defence/arcade_germ_88mm_2;AAA;
air_defence/arcade_jpn_25mm_0;AAA;
air_defence/arcade_jpn_25mm_1;AAA;
air_defence/arcade_jpn_25mm_2;AAA;
air_defence/arcade_jpn_80mm_0;AAA;
air_defence/arcade_jpn_80mm_1;AAA;
air_defence/arcade_jpn_80mm_2;AAA;
air_defence/arcade_uk_40mm_0;AAA;
air_defence/arcade_uk_40mm_1;AAA;
air_defence/arcade_uk_40mm_2;AAA;
air_defence/arcade_uk_90mm_0;AAA;
air_defence/arcade_uk_90mm_1;AAA;
air_defence/arcade_uk_90mm_2;AAA;
air_defence/arcade_us_40mm_0;AAA;
air_defence/arcade_us_40mm_1;AAA;
air_defence/arcade_us_40mm_2;AAA;
air_defence/arcade_us_90mm_0;AAA;
air_defence/arcade_us_90mm_1;AAA;
air_defence/arcade_us_90mm_2;AAA;
air_defence/arcade_ussr_37mm_0;AAA;
air_defence/arcade_ussr_37mm_1;AAA;
air_defence/arcade_ussr_37mm_2;AAA;
air_defence/arcade_ussr_85mm_0;AAA;
air_defence/arcade_ussr_85mm_1;AAA;
air_defence/arcade_ussr_85mm_2;AAA;
structures/barrage_balloon_b_unit_0;Barrage balloon;
structures/barrage_balloon_b_unit_1;Balloon;
structures/barrage_balloon_b_unit_2;Balloon;
structures/barrage_balloon_unit_0;Barrage balloon;
structures/barrage_balloon_unit_1;Balloon;
structures/barrage_balloon_unit_2;Balloon;
structures/barrage_balloon_unit_light_0;Barrage balloon;
structures/barrage_balloon_unit_light_1;Balloon;
structures/barrage_balloon_unit_light_2;Balloon;
structures/germ_37mm_pak36_0;Artillery;
structures/germ_37mm_pak36_1;Artillery;
structures/germ_37mm_pak36_2;Artillery;
structures/germ_37mm_pak36_noground_light_0;Artillery;
structures/germ_37mm_pak36_noground_light_1;Artillery;
structures/germ_37mm_pak36_noground_light_2;Artillery;
structures/germ_37mm_pak36_noground_0;Artillery;
structures/germ_37mm_pak36_noground_1;Artillery;
structures/germ_37mm_pak36_noground_2;Artillery;
structures/germ_50mm_pak38_0;Artillery;
structures/germ_50mm_pak38_1;Artillery;
structures/germ_50mm_pak38_2;Artillery;
structures/germ_75mm_pak40_0;Artillery;
structures/germ_75mm_pak40_1;Artillery;
structures/germ_75mm_pak40_2;Artillery;
structures/germ_75mm_pak40_noground_0;Artillery;
structures/germ_75mm_pak40_noground_1;Artillery;
structures/germ_75mm_pak40_noground_2;Artillery;
structures/germ_88mm_pak43_0;Artillery;
structures/germ_88mm_pak43_1;Artillery;
structures/germ_88mm_pak43_2;Artillery;
structures/germ_88mm_pak43_noground_0;Artillery;
structures/germ_88mm_pak43_noground_1;Artillery;
structures/germ_88mm_pak43_noground_2;Artillery;
structures/germ_quest_large_art_0;Howitzer;
structures/germ_quest_large_art_1;Howitzer;
structures/germ_quest_large_art_2;Howitzer;
structures/germ_quest_large_art_noground_0;Howitzer;
structures/germ_quest_large_art_noground_1;Howitzer;
structures/germ_quest_large_art_noground_2;Howitzer;
structures/jpn_37mm_t94_0;Artillery;
structures/jpn_37mm_t94_1;Artillery;
structures/jpn_37mm_t94_2;Artillery;
structures/jpn_37mm_t94_coastfort_0;Artillery;
structures/jpn_37mm_t94_coastfort_1;Artillery;
structures/jpn_37mm_t94_coastfort_2;Artillery;
structures/jpn_47mm_t1_0;Artillery;
structures/jpn_47mm_t1_1;Artillery;
structures/jpn_47mm_t1_2;Artillery;
structures/jpn_47mm_t1_coastfort_0;Artillery;
structures/jpn_47mm_t1_coastfort_1;Artillery;
structures/jpn_47mm_t1_coastfort_2;Artillery;
structures/jpn_75mm_t90_0;Artillery;
structures/jpn_75mm_t90_1;Artillery;
structures/jpn_75mm_t90_2;Artillery;
structures/jpn_75mm_t90_coastfort_0;Artillery;
structures/jpn_75mm_t90_coastfort_1;Artillery;
structures/jpn_75mm_t90_coastfort_2;Artillery;
structures/jpn_75mm_t90_noground_0;Artillery;
structures/jpn_75mm_t90_noground_1;Artillery;
structures/jpn_75mm_t90_noground_2;Artillery;
structures/jpn_75mm_t90_sandfort_0;Artillery;
structures/jpn_75mm_t90_sandfort_1;Artillery;
structures/jpn_75mm_t90_sandfort_2;Artillery;
structures/watch_tower_0;Watchtower;
structures/watch_tower_1;Watchtower;
structures/watch_tower_2;Watchtower;
structures/stuff_barrels_0;Barrels;
structures/stuff_barrels_1;Barrels;
structures/stuff_barrels_2;Barrels;
structures/stuff_caissons_0;Caissons;
structures/stuff_caissons_1;Caissons;
structures/stuff_caissons_2;Caissons;
structures/stuff_tentBarrels_0;Barrels;
structures/stuff_tentBarrels_1;Barrels;
structures/stuff_tentBarrels_2;Barrels;
structures/stuff_tentCaissons_0;Caissons;
structures/stuff_tentCaissons_1;Caissons;
structures/stuff_tentCaissons_2;Caissons;
structures/uk_57mm_mkIV_0;Artillery;
structures/uk_57mm_mkIV_1;Artillery;
structures/uk_57mm_mkIV_2;Artillery;
structures/uk_87mm_mkII_0;Artillery;
structures/uk_87mm_mkII_1;Artillery;
structures/uk_87mm_mkII_2;Artillery;
structures/uk_87mm_mkII_noground_0;Artillery;
structures/uk_87mm_mkII_noground_1;Artillery;
structures/uk_87mm_mkII_noground_2;Artillery;
structures/uk_bunker_with_naval_cannon_0;Pillbox;
structures/uk_bunker_with_naval_cannon_1;Pillbox;
structures/uk_bunker_with_naval_cannon_2;Pillbox;
structures/uk_bunker_0;Pillbox;
structures/uk_bunker_1;Pillbox;
structures/uk_bunker_2;Pillbox;
structures/uk_bunker_extra_heavy_0;Heavy Pillbox;
structures/uk_bunker_extra_heavy_1;Heavy Pillbox;
structures/uk_bunker_extra_heavy_2;Heavy Pillbox;
structures/uk_bunker_light_0;Light Pillbox;
structures/uk_bunker_light_1;Light Pillbox;
structures/uk_bunker_light_2;Light Pillbox;
structures/uk_bunker_light_fat_0;Light Pillbox;
structures/uk_bunker_light_fat_1;Light Pillbox;
structures/uk_bunker_light_fat_2;Light Pillbox;
structures/us_105mm_m2a1_0;Artillery;
structures/us_105mm_m2a1_1;Artillery;
structures/us_105mm_m2a1_2;Artillery;
structures/us_105mm_m2a1_noground_0;Artillery;
structures/us_105mm_m2a1_noground_1;Artillery;
structures/us_105mm_m2a1_noground_2;Artillery;
structures/us_155mm_m114_0;Artillery;
structures/us_155mm_m114_1;Artillery;
structures/us_155mm_m114_2;Artillery;
structures/us_155mm_m114_ultimate_0;Artillery;
structures/us_155mm_m114_ultimate_1;Artillery;
structures/us_155mm_m114_ultimate_2;Artillery;
structures/us_37mm_m3_0;Artillery;
structures/us_37mm_m3_1;Artillery;
structures/us_37mm_m3_2;Artillery;
structures/us_37mm_m3_noground_0;Artillery;
structures/us_37mm_m3_noground_1;Artillery;
structures/us_37mm_m3_noground_2;Artillery;
structures/us_57mm_m1_0;Artillery;
structures/us_57mm_m1_1;Artillery;
structures/us_57mm_m1_2;Artillery;
structures/us_57mm_m1_noground_0;Artillery;
structures/us_57mm_m1_noground_1;Artillery;
structures/us_57mm_m1_noground_2;Artillery;
structures/ussr_152mm_ml20_0;Artillery;
structures/ussr_152mm_ml20_1;Artillery;
structures/ussr_152mm_ml20_2;Artillery;
structures/ussr_152mm_ml20_large_0;Artillery;
structures/ussr_152mm_ml20_large_1;Artillery;
structures/ussr_152mm_ml20_large_2;Artillery;
structures/ussr_152mm_d1_illum_0;Artillery;
structures/ussr_152mm_d1_illum_1;Artillery;
structures/ussr_152mm_d1_illum_2;Artillery;
structures/ussr_quest_large_art_0;Howitzer;
structures/ussr_quest_large_art_1;Howitzer;
structures/ussr_quest_large_art_2;Howitzer;
structures/ussr_quest_large_art_noground_0;Howitzer;
structures/ussr_quest_large_art_noground_1;Howitzer;
structures/ussr_quest_large_art_noground_2;Howitzer;
structures/ussr_57mm_zis2_0;Artillery;
structures/ussr_57mm_zis2_1;Artillery;
structures/ussr_57mm_zis2_2;Artillery;
structures/ussr_57mm_zis2_noground_0;Artillery;
structures/ussr_57mm_zis2_noground_1;Artillery;
structures/ussr_57mm_zis2_noground_2;Artillery;
structures/ussr_76mm_zis3_0;Artillery;
structures/ussr_76mm_zis3_1;Artillery;
structures/ussr_76mm_zis3_2;Artillery;
structures/ussr_76mm_zis3_noground_0;Artillery;
structures/ussr_76mm_zis3_noground_1;Artillery;
structures/ussr_76mm_zis3_noground_2;Artillery;
structures/ussr_122mm_m30_0;Artillery;
structures/ussr_122mm_m30_1;Artillery;
structures/ussr_122mm_m30_2;Artillery;
structures/ussr_122mm_m30_event_0;Artillery;
structures/ussr_122mm_m30_event_1;Artillery;
structures/ussr_122mm_m30_event_2;Artillery;
structures/ussr_122mm_m30_noground_0;Artillery;
structures/ussr_122mm_m30_noground_1;Artillery;
structures/ussr_122mm_m30_noground_2;Artillery;
structures/ussr_152mm_d1_0;Artillery;
structures/ussr_152mm_d1_1;Artillery;
structures/ussr_152mm_d1_2;Artillery;
structures/swe_120mm_coastal_0;Coastal artillery;
structures/swe_120mm_coastal_1;Coastal artillery;
structures/swe_120mm_coastal_2;Coastal artillery;
structures/swe_152mm_coastal_0;Coastal artillery;
structures/swe_152mm_coastal_1;Coastal artillery;
structures/swe_152mm_coastal_2;Coastal artillery;
structures/us_152mm_coastal_0;Coastal artillery;
structures/us_152mm_coastal_1;Coastal artillery;
structures/us_152mm_coastal_2;Coastal artillery;
structures/heavy_lasgun_carrier_shop;Orbital lasgun;
tracked_vehicles/germ_hummel_0;SPG;
tracked_vehicles/germ_hummel_1;SPG;
tracked_vehicles/germ_hummel_2;SPG;
tracked_vehicles/germ_jagdpanther_0;SPG;
tracked_vehicles/germ_jagdpanther_1;SPG;
tracked_vehicles/germ_jagdpanther_2;SPG;
tracked_vehicles/germ_marderIII_0;SPG;
tracked_vehicles/germ_marderIII_1;SPG;
tracked_vehicles/germ_marderIII_2;SPG;
tracked_vehicles/germ_pzIIf_0;Light tank;
tracked_vehicles/germ_pzIIf_1;Light tank;
tracked_vehicles/germ_pzIIf_2;Light tank;
tracked_vehicles/germ_pzIIIj_0;Medium tank;
tracked_vehicles/germ_pzIIIj_1;Medium tank;
tracked_vehicles/germ_pzIIIj_2;Medium tank;
tracked_vehicles/germ_pzIVc_0;Medium tank;
tracked_vehicles/germ_pzIVc_1;Medium tank;
tracked_vehicles/germ_pzIVc_2;Medium tank;
tracked_vehicles/germ_pzIVh_0;Medium tank;
tracked_vehicles/germ_pzIVh_1;Medium tank;
tracked_vehicles/germ_pzIVh_2;Medium tank;
tracked_vehicles/italy_semovente_75_18_0;Medium tank;
tracked_vehicles/italy_semovente_75_18_1;Medium tank;
tracked_vehicles/italy_semovente_75_18_2;Medium tank;
tracked_vehicles/germ_pzV_a_panter_0;Heavy tank;
tracked_vehicles/germ_pzV_a_panter_1;Heavy tank;
tracked_vehicles/germ_pzV_a_panter_3;Heavy tank;
tracked_vehicles/germ_pzV_g_panter_0;Heavy tank;
tracked_vehicles/germ_pzV_g_panter_1;Heavy tank;
tracked_vehicles/germ_pzV_g_panter_3;Heavy tank;
tracked_vehicles/germ_stugIII_0;SPG;
tracked_vehicles/germ_stugIII_1;SPG;
tracked_vehicles/germ_stugIII_2;SPG;
tracked_vehicles/germ_stugIIID_0;SPG;
tracked_vehicles/germ_stugIIID_1;SPG;
tracked_vehicles/germ_stugIIID_2;SPG;
tracked_vehicles/germ_stugIV_0;SPG;
tracked_vehicles/germ_stugIV_1;SPG;
tracked_vehicles/germ_stugIV_2;SPG;
tracked_vehicles/germ_tigerI_0;Heavy tank;
tracked_vehicles/germ_tigerI_1;Heavy tank;
tracked_vehicles/germ_tigerI_2;Heavy tank;
tracked_vehicles/germ_tigerII_0;Heavy tank;
tracked_vehicles/germ_tigerII_1;Heavy tank;
tracked_vehicles/germ_tigerII_2;Heavy tank;
tracked_vehicles/germ_wespe_0;Light tank;
tracked_vehicles/germ_wespe_1;Light tank;
tracked_vehicles/germ_wespe_2;Light tank;
tracked_vehicles/jpn_t89_IGo_0;Light tank;
tracked_vehicles/jpn_t89_IGo_1;Light tank;
tracked_vehicles/jpn_t89_IGo_2;Light tank;
tracked_vehicles/jpn_t95_HaGo_0;Armored Car;
tracked_vehicles/jpn_t95_HaGo_1;Armored Car;
tracked_vehicles/jpn_t95_HaGo_2;Armored Car;
tracked_vehicles/jpn_t97_ChiHa_0;Light tank;
tracked_vehicles/jpn_t97_ChiHa_1;Light tank;
tracked_vehicles/jpn_t97_ChiHa_2;Light tank;
tracked_vehicles/jpn_t97_Shinhoto_ChiHa_0;Light tank;
tracked_vehicles/jpn_t97_Shinhoto_ChiHa_1;Light tank;
tracked_vehicles/jpn_t97_Shinhoto_ChiHa_2;Light tank;
tracked_vehicles/jpn_t97_ChiHa_Med_0;Medium tank;
tracked_vehicles/jpn_t97_ChiHa_Med_1;Medium tank;
tracked_vehicles/jpn_t97_ChiHa_Med_2;Medium tank;
tracked_vehicles/uk_matilda_mkII_0;Medium tank;
tracked_vehicles/uk_matilda_mkII_1;Medium tank;
tracked_vehicles/uk_matilda_mkII_2;Medium tank;
tracked_vehicles/us_m10_0;Medium tank;
tracked_vehicles/us_m10_1;Medium tank;
tracked_vehicles/us_m10_2;Medium tank;
tracked_vehicles/us_m3_lee_0;Medium tank;
tracked_vehicles/us_m3_lee_1;Medium tank;
tracked_vehicles/us_m3_lee_2;Medium tank;
tracked_vehicles/us_m4a1_0;Medium tank;
tracked_vehicles/us_m4a1_1;Medium tank;
tracked_vehicles/us_m4a1_2;Medium tank;
tracked_vehicles/us_m4a1_calliope_0;Medium tank;
tracked_vehicles/us_m4a1_calliope_1;Medium tank;
tracked_vehicles/us_m4a1_calliope_2;Medium tank;
tracked_vehicles/us_m4a2_0;Medium tank;
tracked_vehicles/us_m4a2_1;Medium tank;
tracked_vehicles/us_m4a2_2;Medium tank;
tracked_vehicles/us_m4a2_76w_0;Medium tank;
tracked_vehicles/us_m4a2_76w_1;Medium tank;
tracked_vehicles/us_m4a2_76w_2;Medium tank;
tracked_vehicles/us_m5a1_stuart6_0;Light tank;
tracked_vehicles/us_m5a1_stuart6_1;Light tank;
tracked_vehicles/us_m5a1_stuart6_2;Light tank;
tracked_vehicles/us_priest_m7_0;Medium tank;
tracked_vehicles/us_priest_m7_1;Medium tank;
tracked_vehicles/us_priest_m7_2;Medium tank;
tracked_vehicles/ussr_bt7_0;Light tank;
tracked_vehicles/ussr_bt7_1;Light tank;
tracked_vehicles/ussr_bt7_2;Light tank;
tracked_vehicles/ussr_is2_0;Heavy tank;
tracked_vehicles/ussr_is2_1;Heavy tank;
tracked_vehicles/ussr_is2_2;Heavy tank;
tracked_vehicles/ussr_kv1_0;Heavy tank;
tracked_vehicles/ussr_kv1_1;Heavy tank;
tracked_vehicles/ussr_kv1_2;Heavy tank;
tracked_vehicles/ussr_kv1s_0;Heavy tank;
tracked_vehicles/ussr_kv1s_1;Heavy tank;
tracked_vehicles/ussr_kv1s_2;Heavy tank;
tracked_vehicles/ussr_kv2_0;Heavy tank;
tracked_vehicles/ussr_kv2_1;Heavy tank;
tracked_vehicles/ussr_kv2_2;Heavy tank;
tracked_vehicles/ussr_isu152_0;SPG;
tracked_vehicles/ussr_isu152_1;SPG;
tracked_vehicles/ussr_isu152_2;SPG;
tracked_vehicles/ussr_su100_0;SPG;
tracked_vehicles/ussr_su100_1;SPG;
tracked_vehicles/ussr_su100_2;SPG;
tracked_vehicles/ussr_su76_0;SPG;
tracked_vehicles/ussr_su76_1;SPG;
tracked_vehicles/ussr_su76_2;SPG;
tracked_vehicles/ussr_su85_0;SPG;
tracked_vehicles/ussr_su85_1;SPG;
tracked_vehicles/ussr_su85_2;SPG;
tracked_vehicles/ussr_t34_85_0;Medium tank;
tracked_vehicles/ussr_t34_85_1;Medium tank;
tracked_vehicles/ussr_t34_85_2;Medium tank;
tracked_vehicles/ussr_t34_mode41_0;Medium tank;
tracked_vehicles/ussr_t34_mode41_1;Medium tank;
tracked_vehicles/ussr_t34_mode41_2;Medium tank;
tracked_vehicles/ussr_t34_mode43_0;Medium tank;
tracked_vehicles/ussr_t34_mode43_1;Medium tank;
tracked_vehicles/ussr_t34_mode43_2;Medium tank;
tracked_vehicles/ussr_t60_0;Light tank;
tracked_vehicles/ussr_t60_1;Light tank;
tracked_vehicles/ussr_t60_2;Light tank;
tracked_vehicles/ussr_t70m_0;Light tank;
tracked_vehicles/ussr_t70m_1;Light tank;
tracked_vehicles/ussr_t70m_2;Light tank;
wheeled_vehicles/germ_horch_0;Vehicle;
wheeled_vehicles/germ_horch_1;Vehicle;
wheeled_vehicles/germ_horch_2;Vehicle;
wheeled_vehicles/germ_kubelwagen_0;Vehicle;
wheeled_vehicles/germ_kubelwagen_1;Vehicle;
wheeled_vehicles/germ_kubelwagen_2;Vehicle;
wheeled_vehicles/germ_motobike_0;Vehicle;
wheeled_vehicles/germ_motobike_1;Vehicle;
wheeled_vehicles/germ_motobike_2;Vehicle;
wheeled_vehicles/ussr_motobike_0;Vehicle;
wheeled_vehicles/ussr_motobike_1;Vehicle;
wheeled_vehicles/ussr_motobike_2;Vehicle;
germ_opelBlitz_radio_0;Mobile radiostation;
germ_opelBlitz_radio_1;Mobile radiostation;
germ_opelBlitz_radio_2;Mobile radiostation;
wheeled_vehicles/germ_opelBlitz_fuel_0;Vehicle;
wheeled_vehicles/germ_opelBlitz_fuel_1;Vehicle;
wheeled_vehicles/germ_opelBlitz_fuel_2;Vehicle;
wheeled_vehicles/germ_opelBlitz_fuel_tutorial_0;Vehicle;
wheeled_vehicles/germ_opelBlitz_fuel_tutorial_1;Vehicle;
wheeled_vehicles/germ_opelBlitz_fuel_tutorial_2;Vehicle;
wheeled_vehicles/germ_opelBlitz_radio_0;Vehicle;
wheeled_vehicles/germ_opelBlitz_radio_1;Vehicle;
wheeled_vehicles/germ_opelBlitz_radio_2;Vehicle;
wheeled_vehicles/germ_opelBlitz_tent_0;Vehicle;
wheeled_vehicles/germ_opelBlitz_tent_1;Vehicle;
wheeled_vehicles/germ_opelBlitz_tent_2;Vehicle;
wheeled_vehicles/germ_sdKfz_222_light_0;Light AC;
wheeled_vehicles/germ_sdKfz_222_light_1;Light AC;
wheeled_vehicles/germ_sdKfz_222_light_2;Light AC;
wheeled_vehicles/germ_sdKfz_222_0;Armored Car;
wheeled_vehicles/germ_sdKfz_222_1;Armored Car;
wheeled_vehicles/germ_sdKfz_222_2;Armored Car;
wheeled_vehicles/germ_sdKfz_232_0;Armored Car;
wheeled_vehicles/germ_sdKfz_232_1;Armored Car;
wheeled_vehicles/germ_sdKfz_232_2;Armored Car;
wheeled_vehicles/germ_sdKfz_251_0;Armored Car;
wheeled_vehicles/germ_sdKfz_251_1;Armored Car;
wheeled_vehicles/germ_sdKfz_251_2;Armored Car;
wheeled_vehicles/germ_sdKfz_7_0;Vehicle;
wheeled_vehicles/germ_sdKfz_7_1;Vehicle;
wheeled_vehicles/germ_sdKfz_7_2;Vehicle;
wheeled_vehicles/jpn_halftrack_ho_ha_0;Vehicle;
wheeled_vehicles/jpn_halftrack_ho_ha_1;Vehicle;
wheeled_vehicles/jpn_halftrack_ho_ha_2;Vehicle;
wheeled_vehicles/jpn_scout_car_kurogane_0;Vehicle;
wheeled_vehicles/jpn_scout_car_kurogane_1;Vehicle;
wheeled_vehicles/jpn_scout_car_kurogane_2;Vehicle;
wheeled_vehicles/jpn_truck_0;Vehicle;
wheeled_vehicles/jpn_truck_1;Vehicle;
wheeled_vehicles/jpn_truck_2;Vehicle;
wheeled_vehicles/uk_daimler_mk1_0;Armored Car;
wheeled_vehicles/uk_daimler_mk1_1;Armored Car;
wheeled_vehicles/uk_daimler_mk1_2;Armored Car;
wheeled_vehicles/uk_ford_fat2_0;Vehicle;
wheeled_vehicles/uk_ford_fat2_1;Vehicle;
wheeled_vehicles/uk_ford_fat2_2;Vehicle;
wheeled_vehicles/uk_t17e1_0;Vehicle;
wheeled_vehicles/uk_t17e1_1;Vehicle;
wheeled_vehicles/uk_t17e1_2;Vehicle;
wheeled_vehicles/uk_universal_carrier_mkI_0;Vehicle;
wheeled_vehicles/uk_universal_carrier_mkI_1;Vehicle;
wheeled_vehicles/uk_universal_carrier_mkI_2;Vehicle;
wheeled_vehicles/us_ambulance_0;Vehicle;
wheeled_vehicles/us_ambulance_1;Vehicle;
wheeled_vehicles/us_ambulance_2;Vehicle;
wheeled_vehicles/us_cargo_truck_0;Vehicle;
wheeled_vehicles/us_cargo_truck_1;Vehicle;
wheeled_vehicles/us_cargo_truck_2;Vehicle;
wheeled_vehicles/us_dodge_wc51_0;Vehicle;
wheeled_vehicles/us_dodge_wc51_1;Vehicle;
wheeled_vehicles/us_dodge_wc51_2;Vehicle;
wheeled_vehicles/us_m3_halftrack_0;Vehicle;
wheeled_vehicles/us_m3_halftrack_1;Vehicle;
wheeled_vehicles/us_m3_halftrack_2;Vehicle;
wheeled_vehicles/us_m8_greyhound_0;Armored Car;
wheeled_vehicles/us_m8_greyhound_1;Armored Car;
wheeled_vehicles/us_m8_greyhound_2;Armored Car;
wheeled_vehicles/us_motobike_0;Vehicle;
wheeled_vehicles/us_motobike_1;Vehicle;
wheeled_vehicles/us_motobike_2;Vehicle;
wheeled_vehicles/us_willys_mb_7mm_0;Vehicle;
wheeled_vehicles/us_willys_mb_7mm_1;Vehicle;
wheeled_vehicles/us_willys_mb_7mm_2;Vehicle;
wheeled_vehicles/ussr_ba10_0;Armored Car;
wheeled_vehicles/ussr_ba10_1;Armored Car;
wheeled_vehicles/ussr_ba10_2;Armored Car;
wheeled_vehicles/ussr_ba64_0;Armored Car;
wheeled_vehicles/ussr_ba64_1;Armored Car;
wheeled_vehicles/ussr_ba64_2;Armored Car;
wheeled_vehicles/ussr_gaz_67_0;Vehicle;
wheeled_vehicles/ussr_gaz_67_1;Vehicle;
wheeled_vehicles/ussr_gaz_67_2;Vehicle;
wheeled_vehicles/ussr_gaz_m1_0;Vehicle;
wheeled_vehicles/ussr_gaz_m1_1;Vehicle;
wheeled_vehicles/ussr_gaz_m1_2;Vehicle;
wheeled_vehicles/ussr_katusha_0;MLRS;
wheeled_vehicles/ussr_katusha_1;MLRS;
wheeled_vehicles/ussr_katusha_2;MLRS;
wheeled_vehicles/ger_panzerwerfer_42_a_0;MLRS;
wheeled_vehicles/ger_panzerwerfer_42_a_1;MLRS;
wheeled_vehicles/ger_panzerwerfer_42_a_2;MLRS;
wheeled_vehicles/ussr_zis5_fuel_0;Vehicle;
wheeled_vehicles/ussr_zis5_fuel_1;Vehicle;
wheeled_vehicles/ussr_zis5_fuel_2;Vehicle;
wheeled_vehicles/ussr_zis5_med_0;Vehicle;
wheeled_vehicles/ussr_zis5_med_1;Vehicle;
wheeled_vehicles/ussr_zis5_med_2;Vehicle;
wheeled_vehicles/ussr_zis5_0;Vehicle;
wheeled_vehicles/ussr_zis5_1;Vehicle;
wheeled_vehicles/ussr_zis5_2;Vehicle;
wheeled_vehicles/ussr_zis5_cargo_0;Vehicle;
wheeled_vehicles/ussr_zis5_cargo_1;Vehicle;
wheeled_vehicles/ussr_zis5_cargo_2;Vehicle;
TribalDestroyer_0;Tribal Destroyer;
TribalDestroyer_1;Tribal Destroyer;
TribalDestroyer_2;Tribal Destroyer;
structures/berlin_bridge_01_0;Bridge;
structures/berlin_bridge_01_1;Bridge;
structures/berlin_bridge_01_2;Bridge;
structures/berlin_bridge_02_0;Bridge;
structures/berlin_bridge_02_1;Bridge;
structures/berlin_bridge_02_2;Bridge;
structures/berlin_bridge_03_0;Bridge;
structures/berlin_bridge_03_1;Bridge;
structures/berlin_bridge_03_2;Bridge;
structures/berlin_bridge_04_0;Bridge;
structures/berlin_bridge_04_1;Bridge;
structures/berlin_bridge_04_2;Bridge;
structures/berlin_bridge_05_0;Bridge;
structures/berlin_bridge_05_1;Bridge;
structures/berlin_bridge_05_2;Bridge;
structures/berlin_bridge_06_0;Bridge;
structures/berlin_bridge_06_1;Bridge;
structures/berlin_bridge_06_2;Bridge;
structures/beton_rail_br_0;Bridge;
structures/beton_rail_br_1;Bridge;
structures/beton_rail_br_2;Bridge;
structures/beton_road_br_0;Bridge;
structures/beton_road_br_1;Bridge;
structures/beton_road_br_2;Bridge;
structures/beton_simple_br_0;Bridge;
structures/beton_simple_br_1;Bridge;
structures/beton_simple_br_2;Bridge;
structures/wood_simple_br_0;Bridge;
structures/wood_simple_br_1;Bridge;
structures/wood_simple_br_2;Bridge;
structures/bridge_rail_br_0;Bridge;
structures/bridge_rail_br_1;Bridge;
structures/bridge_rail_br_2;Bridge;
structures/bridge_road_br_0;Bridge;
structures/bridge_road_br_1;Bridge;
structures/bridge_road_br_2;Bridge;
structures/bridge_sample_0;Bridge;
structures/bridge_sample_1;Bridge;
structures/bridge_sample_2;Bridge;
structures/bridge_stone_bu_0;Bridge;
structures/bridge_stone_bu_1;Bridge;
structures/bridge_stone_bu_2;Bridge;
structures/city_bridge_br_0;Bridge;
structures/city_bridge_br_1;Bridge;
structures/city_bridge_br_2;Bridge;
structures/mission_beton_simple_br_0;Bridge;
structures/mission_beton_simple_br_1;Bridge;
structures/mission_beton_simple_br_2;Bridge;
structures/mission_beton_rail_br_0;Bridge;
structures/mission_beton_rail_br_1;Bridge;
structures/mission_beton_rail_br_2;Bridge;
structures/mission_beton_road_br_0;Bridge;
structures/mission_beton_road_br_1;Bridge;
structures/mission_beton_road_br_2;Bridge;
structures/bridge_mound_dynmodel_0;Bridge;
structures/bridge_mound_dynmodel_1;Bridge;
structures/bridge_mound_dynmodel_2;Bridge;
structures/rail_simple_br_0;Bridge;
structures/rail_simple_br_1;Bridge;
structures/rail_simple_br_2;Bridge;
low_case;low case;
c-47_shop;C-47;
c-47_0;C-47;
c-47_1;C-47;
c-47_2;C-47;
fau-1_shop;V-1;
fau-1_0;V-1;
fau-1_1;V-1;
fau-1_2;V-1;
air_defence/us_ground_12mm_m2_noground_0;Machine Gun;
air_defence/us_ground_12mm_m2_noground_1;Machine Gun;
air_defence/us_ground_12mm_m2_noground_2;Machine Gun;
test_aircraft_2_engine_shop;Test Aircraft 2;
test_aircraft_2_engine_0;Test Aircraft 2;
test_aircraft_2_engine_1;Test Aircraft 2;
test_aircraft_2_engine_2;Test Aircraft 2;
fir_ny;Christmas tree;
fir_ny_0;Christmas tree;
fir_ny_1;Christmas tree;
fir_ny_2;Christmas tree;
giftbox_ny;Present;
giftbox_ny_0;Present;
giftbox_ny_1;Present;
giftbox_ny_2;Present;
giftbox;Present;
giftbox_0;Present;
giftbox_1;Present;
giftbox_2;Present;
ussr_freight_car_1926_shop;Railway carriage;
ussr_freight_car_1926_0;Railway carriage;
ussr_freight_car_1926_1;Railway carriage;
ussr_freight_car_1926_2;Railway carriage;
ussr_locomotive_e_1298_shop;Locomotive;
ussr_locomotive_e_1298_0;Locomotive;
ussr_locomotive_e_1298_1;Locomotive;
ussr_locomotive_e_1298_2;Locomotive;
structures/germ_380mm_skc34_0;Battleship artillery;
structures/germ_380mm_skc34_1;Battleship artillery;
structures/germ_380mm_skc34_2;Battleship artillery;
germ_truck_sdkfz_6_2_tent_0;Sd.Kfz. 6;
germ_truck_sdkfz_6_2_tent_1;Sd.Kfz. 6;
germ_truck_sdkfz_6_2_tent_2;Vehicle;
uk_truck_us6_studebaker_tent_0;Studebaker US6;
uk_truck_us6_studebaker_tent_1;Studebaker US6;
uk_truck_us6_studebaker_tent_2;Vehicle;
uk_truck_us6_studebaker_board_0;Studebaker US6;
uk_truck_us6_studebaker_board_1;Studebaker US6;
uk_truck_us6_studebaker_board_2;Vehicle;
us_truck_us6_studebaker_tent_0;Studebaker US6;
us_truck_us6_studebaker_tent_1;Studebaker US6;
us_truck_us6_studebaker_tent_2;Vehicle;
us_truck_us6_studebaker_board_0;Studebaker US6;
us_truck_us6_studebaker_board_1;Studebaker US6;
us_truck_us6_studebaker_board_2;Vehicle;
jp_truck_type_94_isuzu_0;Isuzu Type-94;
jp_truck_type_94_isuzu_1;Isuzu Type-94;
jp_truck_type_94_isuzu_2;Vehicle;
ussr_truck_gaz_aaa_0;GAZ-AAA;
ussr_truck_gaz_aaa_1;GAZ-AAA;
ussr_truck_gaz_aaa_2;Vehicle;
ussr_apc_btr_152_0;BTR-152;
ussr_apc_btr_152_1;BTR-152;
ussr_apc_btr_152_2;APC;
us_apc_m113_0;M113;
us_apc_m113_1;M113;
us_apc_m113_2;APC;
germ_apc_m113_0;M113;
germ_apc_m113_1;M113;
germ_apc_m113_2;APC;
ussr_apc_bmp_1_0;BMP-1;
ussr_apc_bmp_1_1;BMP-1;
ussr_apc_bmp_1_2;IFV;
germ_at_gun_flak36_shop;3.7 cm FlaK 36;
germ_at_gun_flak36_0;3.7 cm anti-aircraft gun FlaK 36;
germ_at_gun_flak36_1;3.7 cm FlaK 36;
germ_at_gun_flak36_2;Anti-aircraft gun;
germ_at_gun_pak36_0;3.7 cm anti-tank gun mod. 1935/1936 (PaK);
germ_at_gun_pak36_1;3.7 cm AT PaK;
germ_at_gun_pak36_2;Anti-tank gun;
germ_at_gun_pak38_0;5 cm anti-tank gun PaK 38;
germ_at_gun_pak38_1;5 cm AT PaK 38;
germ_at_gun_pak38_2;Anti-tank gun;
germ_at_gun_pak40_shop;7.5 cm PaK 40;
germ_at_gun_pak40_0;7.5 cm anti-tank gun PaK 40;
germ_at_gun_pak40_1;7.5 cm AT PaK 40;
germ_at_gun_pak40_2;Anti-tank gun;
uk_at_gun_qf6pounder_0;6-pounder anti-tank gun;
uk_at_gun_qf6pounder_1;6pdr AT;
uk_at_gun_qf6pounder_2;Anti-tank gun;
uk_at_gun_qf17pounder_0;17-pounder anti-tank gun;
uk_at_gun_qf17pounder_1;17pdr AT;
uk_at_gun_qf17pounder_2;Anti-tank gun;
us_at_gun_m1_0;57 mm anti-tank gun M1;
us_at_gun_m1_1;57 mm AT M1;
us_at_gun_m1_2;Anti-tank gun;
us_at_m40_0;106 mm anti-tank gun М40;
us_at_m40_1;106 mm AT М40;
us_at_m40_2;Anti-tank gun;
ussr_at_gun_53k_0;45 mm anti-tank gun mod. 1937 (53-K);
ussr_at_gun_53k_1;45 mm AT 53-K;
ussr_at_gun_53k_2;Anti-tank gun;
ussr_at_spg_9_0;73 mm anti-tank gun SPG-9;
ussr_at_spg_9_1;73 mm AT SPG-9;
ussr_at_spg_9_2;Anti-tank gun;
jp_at_37mm_type_1_0;37 mm anti-tank gun Type 1;
jp_at_37mm_type_1_1;37 mm AT Type 1;
jp_at_37mm_type_1_2;Anti-tank gun;
ussr_m551_football_shop;;
ussr_m551_football_0;;
ussr_m551_football_1;;
ussr_m551_football_2;;
us_m551_football_shop;;
us_m551_football_0;;
us_m551_football_1;;
us_m551_football_2;;
germ_3x280mm_sk_c34_for_land_battles_0;Pillbox;
germ_3x280mm_sk_c34_for_land_battles_1;Pillbox;
germ_3x280mm_sk_c34_for_land_battles_2;Pillbox;
swe_120mm_for_land_battles_0;Pillbox;
swe_120mm_for_land_battles_1;Pillbox;
swe_120mm_for_land_battles_2;Pillbox;
swe_152mm_for_land_battles_0;Pillbox;
swe_152mm_for_land_battles_1;Pillbox;
swe_152mm_for_land_battles_2;Pillbox;
us_152mm_for_land_battles_0;Pillbox;
us_152mm_for_land_battles_1;Pillbox;
us_152mm_for_land_battles_2;Pillbox;
structures/us_m198_0;M198 Howitzer;
structures/us_m198_1;M198 Howitzer;
structures/us_m198_2;Long Range Artillery;
wheeled_vehicles/us_m939_awning_0;M939;
wheeled_vehicles/us_m939_awning_1;M939;
wheeled_vehicles/us_m939_awning_2;Vehicle;
wheeled_vehicles/us_m_270_mlrs_0;M270 MLRS;
wheeled_vehicles/us_m_270_mlrs_1;M270 MLRS;
wheeled_vehicles/us_m_270_mlrs_2;MLRS;
wheeled_vehicles/us_m_752_launcher_0;MGM-52 Lance;
wheeled_vehicles/us_m_752_launcher_1;MGM-52 Lance;
wheeled_vehicles/us_m_752_launcher_2;Ballistic Missile Launcher;
radars/us_an_tps_43_radar_0;AN/TPS-43 Radar Station;
radars/us_an_tps_43_radar_1;AN/TPS-43 Radar Station;
radars/us_an_tps_43_radar_2;Radar Station;
structures/ussr_2a36_giatsint_b_0;2A36 Gun;
structures/ussr_2a36_giatsint_b_1;2A36 Gun;
structures/ussr_2a36_giatsint_b_2;Long Range Artillery;
wheeled_vehicles/ussr_kamaz_4310_awning_0;KAMAZ-4310;
wheeled_vehicles/ussr_kamaz_4310_awning_1;KAMAZ-4310;
wheeled_vehicles/ussr_kamaz_4310_awning_2;Vehicle;
wheeled_vehicles/ussr_kamaz_4310_fuel_carrier_0;KAMAZ-4310;
wheeled_vehicles/ussr_kamaz_4310_fuel_carrier_1;KAMAZ-4310;
wheeled_vehicles/ussr_kamaz_4310_fuel_carrier_2;Vehicle;
wheeled_vehicles/ussr_bm_21_grad_0;BM-21 Grad;
wheeled_vehicles/ussr_bm_21_grad_1;BM-21 Grad;
wheeled_vehicles/ussr_bm_21_grad_2;MLRS;
wheeled_vehicles/ussr_9k_72_launcher_0;R-17 Elbrus;
wheeled_vehicles/ussr_9k_72_launcher_1;R-17 Elbrus;
wheeled_vehicles/ussr_9k_72_launcher_2;Ballistic Missile Launcher;
radars/ussr_p_37_radar_0;P-37 Radar Station;
radars/ussr_p_37_radar_1;P-37 Radar Station;
radars/ussr_p_37_radar_2;Radar Station;
;;
;;
;;
<Naval AI Units>;;
;;
uk_cruiser_enterprise_d52_EC_0;Emerald Class Light Cruiser, HMS Enterprise (D52) (1944);
uk_cruiser_enterprise_d52_EC_1;Enterprise;
uk_cruiser_enterprise_d52_EC_2;Emerald Class [CL];
germ_destroyer_class1924_leopard1932_EC_0;Raubtier Class Destroyer, Leopard (1932);
germ_destroyer_class1924_leopard1932_EC_1;Type 1924;
germ_destroyer_class1924_leopard1932_EC_2;Raubtier Class [DD];
germ_destroyer_class1939_t22_EC_0;Type 1939 Class Destroyer, T 22 (1944);
germ_destroyer_class1939_t22_EC_1;T 22;
germ_destroyer_class1939_t22_EC_2;Type 1939 Class [DD];
germ_cruiser_emden_1944_EC_0;Emden (1944);
germ_cruiser_emden_1944_EC_1;Emden;
germ_cruiser_emden_1944_EC_2;Emden [CL];
uk_destroyer_g_grafton_EC_0;G-Class Destroyer, HMS Grafton (H89) (1936);
uk_destroyer_g_grafton_EC_1;Grafton;
uk_destroyer_g_grafton_EC_2;G-Class [DD];
uk_destroyer_tribal_EC_0;Tribal Class Destroyer, HMS Eskimo (F75) (1941);
uk_destroyer_tribal_EC_1;Eskimo;
uk_destroyer_tribal_EC_2;Tribal Class [DD];
uk_destroyer_clemson_churchill_EC_0;Town Class Destroyer, HMS Churchill (I45) (1945);
uk_destroyer_clemson_churchill_EC_1;Clemson;
uk_destroyer_clemson_churchill_EC_2;Town Class [DD];
uk_destroyer_n_class_EC_0;▄N-Class Destroyer, HMS Nepal (G25) (1942);
uk_destroyer_n_class_EC_1;▄Nepal;
uk_destroyer_n_class_EC_2;N-Class [DD];
germ_destroyer_class1934a_1940_EC_0;Type 1934A Class Destroyer, Z 12 Erich Giese (1940);
germ_destroyer_class1934a_1940_EC_1;Z 12;
germ_destroyer_class1934a_1940_EC_2;Type 1934A Class [DD];
germ_destroyer_class1936_z20_EC_0;Type 1936 Class Destroyer, Z 20 Karl Galster (1945);
germ_destroyer_class1936_z20_EC_1;Z 20;
germ_destroyer_class1936_z20_EC_2;Type 1936 Class [DD];
germ_cruiser_koln_EC_0;Königsberg Class Light Cruiser, Köln (1940);
germ_cruiser_koln_EC_1;Köln;
germ_cruiser_koln_EC_2;Königsberg Class [CL];
uk_cruiser_dido_EC_0;Dido Class Light Cruiser, HMS Dido (37) (1941);
uk_cruiser_dido_EC_1;Dido;
uk_cruiser_dido_EC_2;Dido Class [CL];
uk_cruiser_leander_EC_0;╨Leander Class Light Cruiser, HMNZS Leander (1942);
uk_cruiser_leander_EC_1;╨Leander;
uk_cruiser_leander_EC_2;Leander Class [CL];
germ_cruiser_nurnberg_EC_0;Leipzig Class Light Cruiser, Nürnberg (1944);
germ_cruiser_nurnberg_EC_1;Nürnberg;
germ_cruiser_nurnberg_EC_2;Leipzig Class [CL];
jp_destroyer_yugumo_EC_0;Yūgumo Class Destroyer, Yūgumo (1940);
jp_destroyer_yugumo_EC_1;Yūgumo;
jp_destroyer_yugumo_EC_2;Yūgumo Class [DD];
jp_destroyer_mutsuki_EC_0;Mutsuki Class Destroyer, Mutsuki (1941);
jp_destroyer_mutsuki_EC_1;Mutsuki;
jp_destroyer_mutsuki_EC_2;Mutsuki Class [DD];
jp_destroyer_fubuki_EC_0;Fubuki Class Destroyer, Ayanami (1936);
jp_destroyer_fubuki_EC_1;Ayanami;
jp_destroyer_fubuki_EC_2;Fubuki Class [DD];
jp_destroyer_akizuki_EC_0;Akizuki Class Destroyer, Akizuki (1944);
jp_destroyer_akizuki_EC_1;Akizuki;
jp_destroyer_akizuki_EC_2;Akizuki Class [DD];
jp_cruiser_kuma_EC_0;Kuma Class Light Cruiser, Tama (1941);
jp_cruiser_kuma_EC_1;Tama;
jp_cruiser_kuma_EC_2;Kuma Class [CL];
jp_cruiser_kako_EC_0;Furutaka Class Heavy Cruiser, Kako (1935);
jp_cruiser_kako_EC_1;Kako;
jp_cruiser_kako_EC_2;Furutaka Class [CA];
jp_cruiser_furutaka_EC_0;Furutaka Class Heavy Cruiser, Furutaka (1942);
jp_cruiser_furutaka_EC_1;Furutaka;
jp_cruiser_furutaka_EC_2;Furutaka Class [CA];
jp_cruiser_agano_EC_0;Agano Class Light Cruiser, Agano (1944);
jp_cruiser_agano_EC_1;Agano;
jp_cruiser_agano_EC_2;Agano Class [CL];
uk_cruiser_arethusa_EC_0;Arethusa Class Light Cruiser, HMS Arethusa (26) (1943);
uk_cruiser_arethusa_EC_1;Arethusa;
uk_cruiser_arethusa_EC_2;Arethusa Class [CL];
it_cruiser_capitani_romani_class_attilio_regolo_EC_0;Capitani Romani Class Light Cruiser, Attilio Regolo (1942);
it_cruiser_capitani_romani_class_attilio_regolo_EC_1;Attilio Regolo;
it_cruiser_capitani_romani_class_attilio_regolo_EC_2;Capitani Romani Class [CL];
uk_cargo_ship_liberty_shop;Cargo ship;
uk_cargo_ship_liberty_0;Cargo ship;
uk_cargo_ship_liberty_1;Cargo ship;
uk_cargo_ship_liberty_2;Cargo ship;
uk_cargo_ship_liberty_EC_0;Cargo ship;
uk_cargo_ship_liberty_EC_1;Cargo ship;
uk_cargo_ship_liberty_EC_2;Cargo ship;
germ_cargo_ship_goldenfels_shop;Cargo ship;
germ_cargo_ship_goldenfels_0;Cargo ship;
germ_cargo_ship_goldenfels_1;Cargo ship;
germ_cargo_ship_goldenfels_2;Cargo ship;
germ_cargo_ship_goldenfels_EC_0;Cargo ship;
germ_cargo_ship_goldenfels_EC_1;Cargo ship;
germ_cargo_ship_goldenfels_EC_2;Cargo ship;
us_cargo_ship_liberty_shop;Cargo ship;
us_cargo_ship_liberty_0;Cargo ship;
us_cargo_ship_liberty_1;Cargo ship;
us_cargo_ship_liberty_2;Cargo ship;
us_cargo_ship_liberty_EC_0;Cargo ship;
us_cargo_ship_liberty_EC_1;Cargo ship;
us_cargo_ship_liberty_EC_2;Cargo ship;
us_cargo_ship_ss_ohio_shop;Cargo ship;
us_cargo_ship_ss_ohio_0;Cargo ship;
us_cargo_ship_ss_ohio_1;Cargo ship;
us_cargo_ship_ss_ohio_2;Cargo ship;
jp_cargo_ship_kashino_shop;Cargo ship;
jp_cargo_ship_kashino_0;Cargo ship;
jp_cargo_ship_kashino_1;Cargo ship;
jp_cargo_ship_kashino_2;Cargo ship;
jp_cargo_ship_kashino_EC_0;Cargo ship;
jp_cargo_ship_kashino_EC_1;Cargo ship;
jp_cargo_ship_kashino_EC_2;Cargo ship;
;;
;;
;;
<Tutorial Vehicles>;;
;;
us_m24_chaffee_tutorial_shop;M24;
us_m24_chaffee_tutorial_0;Tank, Light, M24 Chaffee;
us_m24_chaffee_tutorial_1;M24;
us_m24_chaffee_tutorial_2;Light tank;
us_m4a2_76w_sherman_tutorial_shop;M4A2 (76);
us_m4a2_76w_sherman_tutorial_0;Tank, Medium, M4A2(76)W Sherman;
us_m4a2_76w_sherman_tutorial_1;M4A2;
us_m4a2_76w_sherman_tutorial_2;Medium tank;
us_m26_pershing_tutorial_shop;M26;
us_m26_pershing_tutorial_0;Tank, Medium, M26 Pershing;
us_m26_pershing_tutorial_1;M26;
us_m26_pershing_tutorial_2;Medium tank;
us_t32_tutorial_shop;T32;
us_t32_tutorial_0;Tank, Heavy, T32;
us_t32_tutorial_1;T32;
us_t32_tutorial_2;Heavy tank;
germ_pzkpfw_III_ausf_L_tutorial_shop;Pz.III L;
germ_pzkpfw_III_ausf_L_tutorial_0;Sd.Kfz.141/1 | Panzerkampfwagen III Ausf. L;
germ_pzkpfw_III_ausf_L_tutorial_1;Pz.III L;
germ_pzkpfw_III_ausf_L_tutorial_2;Medium tank;
germ_pzkpfw_V_ausf_d_panther_tutorial_shop;Panther D;
germ_pzkpfw_V_ausf_d_panther_tutorial_0;Sd.Kfz.171 | Panzerkampfwagen V Panther Ausf. D;
germ_pzkpfw_V_ausf_d_panther_tutorial_1;Panther D;
germ_pzkpfw_V_ausf_d_panther_tutorial_2;Medium tank;
germ_pzkpfw_VI_ausf_h1_tiger_tutorial_shop;Tiger H1;
germ_pzkpfw_VI_ausf_h1_tiger_tutorial_0;Sd.Kfz.181 | Panzerkampfwagen VI Tiger Ausf. H1;
germ_pzkpfw_VI_ausf_h1_tiger_tutorial_1;Tiger H1;
germ_pzkpfw_VI_ausf_h1_tiger_tutorial_2;Heavy tank;
germ_panther_II_tutorial_shop;Panther II;
germ_panther_II_tutorial_0;Panzerkampfwagen Panther II mit 8,8cm Konzept;
germ_panther_II_tutorial_1;Panther II;
germ_panther_II_tutorial_2;Medium tank;
ussr_t_50_for_tutorial_shop;T-50;
ussr_t_50_for_tutorial_0;Object 135 | T-50;
ussr_t_50_for_tutorial_1;T-50;
ussr_t_50_for_tutorial_2;Light tank;
ussr_is_4m_tutorial_shop;IS-4M;
ussr_is_4m_tutorial_0;Object 701-6 | IS-4M obr.1949 g.;
ussr_is_4m_tutorial_1;IS-4M;
ussr_is_4m_tutorial_2;Heavy tank;
uk_crusader_aa_mk_2_tutorial_shop;Crusader AA Mk.II;
uk_crusader_aa_mk_2_tutorial_0;Tank, Cruiser, Mk.VI, A.15, Crusader Mk.III, AA, Mk.II;
uk_crusader_aa_mk_2_tutorial_1;Crusader AA Mk.II;
uk_crusader_aa_mk_2_tutorial_2;SPAA;
fw-190a-5_cannons_tutorial_shop;Fw 190 A-5;
fw-190a-5_cannons_tutorial_0;Focke-Wulf Fw 190 A-5 Würger;
fw-190a-5_cannons_tutorial_1;Fw 190 A;
fw-190a-5_cannons_tutorial_2;Fw 190;
spitfire_ix_tutorial_shop;Spitfire LF Mk.IX;
spitfire_ix_tutorial_0;Supermarine Spitfire LF. Mk.IX;
spitfire_ix_tutorial_1;Spitfire;
spitfire_ix_tutorial_2;Spitfire;
germ_destroyer_class1936_z20_tutorial_shop;Z 20;
germ_destroyer_class1936_z20_tutorial_0;Type 1936 Class Destroyer, Z 20 Karl Galster (1945);
germ_destroyer_class1936_z20_tutorial_1;Z 20;
germ_destroyer_class1936_z20_tutorial_2;Type 1936 Class [DD];
;;
;;
;;
<Misc Events>;;
;;
f_4e_event_shop;F-4E-48;
f_4e_event_0;McDonnell Douglas F-4E-48-MC Phantom II;
f_4e_event_1;F-4E;
f_4e_event_2;F-4;
ah_1f_event_shop;AH-1F;
ah_1f_event_0;Bell AH-1F-BF Cobra;
ah_1f_event_1;AH-1F;
ah_1f_event_2;AH-1;
mig-21_bis_event_shop;MiG-21bis;
mig-21_bis_event_0;Mikoyan-Gurevich MiG-21bis;
mig-21_bis_event_1;MiG-21bis;
mig-21_bis_event_2;MiG-21;
;;
nt_b_52h_shop;B-52H-135;
nt_b_52h_0;"<color=#7b9fb5>Boeing Military Aircraft Company</color>
B-52H-135-BH Stratofortress";
nt_b_52h_1;B-52H;
nt_b_52h_2;B-52;
nt_f_4e_shop;F-4E-54;
nt_f_4e_0;"<color=#7b9fb5>McDonnell Douglas Corportation</color>
F-4E-54-MC Phantom II";
nt_f_4e_1;F-4E;
nt_f_4e_2;F-4;
nt_a_7e_shop;A-7E-4;
nt_a_7e_0;"<color=#7b9fb5>Ling-Temco-Vought</color>
A-7E-4-CV Corsair II";
nt_a_7e_1;A-7E;
nt_a_7e_2;A-7;
nt_a_6e_tram_shop;A-6E (WCSI);
nt_a_6e_tram_0;"<color=#7b9fb5>Grumman Aerospace Corporation</color>
A-6E-GR Intruder
<color=#c0c0c0>Weapon Control System Improvement</color>";
nt_a_6e_tram_1;A-6E;
nt_a_6e_tram_2;A-6;
;;
nt_tu_95m_shop;Tu-95M;
nt_tu_95m_0;"<color=#7b9fb5>Tupolev Design Bureau | OKB-156</color>
Tu-95M";
nt_tu_95m_1;Tu-95M;
nt_tu_95m_2;Tu-95;
nt_mig_23mld_shop;MiG-23MLD;
nt_mig_23mld_0;"<color=#7b9fb5>Mikoyan-Gurevich Design Bureau | OKB-155</color>
MiG-23MLD";
nt_mig_23mld_1;MiG-23M;
nt_mig_23mld_2;MiG-23;
nt_su_24m_shop;Su-24M2;
nt_su_24m_0;"<color=#7b9fb5>Sukhoi Design Bureau | OKB-51</color>
Su-24M2";
nt_su_24m_1;Su-24M;
nt_su_24m_2;Su-24;
nt_su_25t_shop;Su-25T;
nt_su_25t_0;"<color=#7b9fb5>Sukhoi Design Bureau | OKB-51</color>
Su-25T Grach";
nt_su_25t_1;Su-25T;
nt_su_25t_2;Su-25;
