<Modifications>;
;
;
;
<Common>;
;
modification/category/lth;Flight Performance
modification/category/armor;Survivability
modification/category/weapon;Weaponry
modification/category/mobility;Mobility
modification/category/protection;Protection
modification/category/firepower;Firepower
modification/category/primaryWeapon;Offensive Armament
modification/category/secondaryWeapon;Secondary Weaponry
modification/category/premiumMods;Special
modification/category/expendables;Supplies
modification/category/seakeeping;Seakeeping
modification/category/unsinkability;Unsinkability
modification/category/bonus;Tier bonus
modification/category/bonus/tooltip;When researching all modifications at each tier, you will receive bonus RP for the vehicle being researched in the amount of {bonus}% of the sum of RP spent on researching all modifications of that tier.
modification/tierBonus;Bonus:
modification/bonusReceived;Bonus received
modification/progressModsText;Research of all modifications: {earnedExp} / {reqExp}
modification/progressModsAllResearchedText;◕ All mods researched
modification/premExpMul;Talisman
modification/premExpMul/desc;A talisman provides you a +{value}% gain to research points while controlling this vehicle in battles.
modification/_countermeasures;Сountermeasures
countermeasures/desc;Сountermeasures
spare/spare/short;Backup
spare/spare;Backup vehicle
spare/spare/desc;A backup allows you to spawn a vehicle a second time in a battle (Once per battle). Backups can only used in modes allowing multiple spawns.
modification/allowPremDecals;Mark of distinction
modification/allowPremDecals/desc;Allows the use of all four decal slots, without requiring an active premium account.
elite/elite;Elite aircraft rank I
elite/elite/desc;To unlock Elite rank I, you have to purchase all modifications for this aircraft.
elite/sub_elite;Elite aircraft rank II
elite/sub_elite/desc;To unlock Elite rank II, you have to purchase %s modifications of the highest tier for this aircraft.
;
modification/respawnCost_killScore_exp_fighter_change;{valueWithMod} SP for all fighters when a scouted target is destroyed by an ally (default value {valueWithoutMod})
modification/respawnCost_killScore_exp_assault_change;{valueWithMod} SP for all attackers when a scouted target is destroyed by an ally (default value {valueWithoutMod})
modification/respawnCost_killScore_exp_bomber_change;{valueWithMod} SP for all bombers when a scouted target is destroyed by an ally (default value {valueWithoutMod})
modification/respawnCost_hitScore_exp_fighter_change;{valueWithMod} SP for all fighters when a scouted target is critically damaged by an ally (default value {valueWithoutMod})
modification/respawnCost_hitScore_exp_assault_change;{valueWithMod} SP for all attackers when a scouted target is critically damaged by an ally (default value {valueWithoutMod})
modification/respawnCost_hitScore_exp_bomber_change;{valueWithMod} SP for all bombers when a scouted target is critically damaged by an ally (default value {valueWithoutMod})
modification/respawnCost_scoutScore_exp_fighter_change;{valueWithMod} SP for all fighters when a target is scouted by a player (default value {valueWithoutMod})
modification/respawnCost_scoutScore_exp_assault_change;{valueWithMod} SP for all attackers when a target is scouted by a player (default value {valueWithoutMod})
modification/respawnCost_scoutScore_exp_bomber_change;{valueWithMod} SP for all bombers when a target is scouted by a player (default value {valueWithoutMod})
modification/respawnCost_killScore_aircrafts_change;{valueWithMod} SP for all aircraft when a scouted target is destroyed by an ally (default value {valueWithoutMod})
modification/respawnCost_hitScore_aircrafts_change;{valueWithMod} SP for all aircraft when a scouted target is critically damaged by an ally (default value {valueWithoutMod})
modification/respawnCost_scoutScore_aircrafts_change;{valueWithMod} SP for all aircraft when a target is scouted by a player (default value {valueWithoutMod})
modification/medicalkitAdditionalCount_change;{valueColored} {value=additional use in battle/additional uses in battle}
modification/extinguisherActivationAdditionalCount_change;{valueColored} {value=additional use in battle/additional uses in battle}
;
fuelTank/neutralGasSystem;with neutral gas pressurization system
fuelTank/fillingPolyurethane;Filling - Polyurethane
;
modification/_new_gun;New %s mm
modification/_new_gun/desc;Maintenance on the %s mm machine guns, providing better shot accuracy, and decreased chance of jamming.
modification/_turret_new_gun;New %s mm (Turret)
modification/_turret_new_gun/desc;Maintenance on the %s mm machine guns, providing better shot accuracy, and decreased chance of jamming.
modification/_new_gun/cannon;New %s mm
modification/_new_gun/cannon/desc;Maintenance on the %s mm cannons, providing better shot accuracy, and decreased chance of jamming.
modification/_turret_new_gun/cannon;New %s mm (Turret)
modification/_turret_new_gun/cannon/desc;Maintenance on the %s mm cannons, providing better shot accuracy, and decreased chance of jamming.
;
modification/_belt_pack/short;Offensive %s mm
modification/_belt_pack;Offensive %s mm belts
modification/_belt_pack/desc;Set of ammo belts for the %s mm.
modification/_turret_belt_pack/short;Turret %s mm
modification/_turret_belt_pack;Turret %s mm belts
modification/_turret_belt_pack/desc;Set of ammo belts for the turret %s mm.
modification/_tank_gun_pack;%s mm gun
modification/_tank_minigun_pack;%s mm machine gun
modification/ammo_pack/desc;Allows use of shell %s.
modification/ammo_pack_belt/desc;Allows use of belts %s.
;
;
;
;
modifications/specs_change;Changes to specs
modifications/params;Change of aircraft parameters:
modifications/specs;Calculation of changes to aircraft specs:
modification/speed_change;%s to max speed
modification/climbArcade_change;%s to climb rate in Arcade Battles
modification/climb_change;%s to climb rate
modification/virageArcade_change;%s to turn time in Arcade Battles
modification/virage_change;%s to turn time
modification/roll_change;%s to roll rate
modification/mass_change;%s to empty mass
modification/oswalds_change;%s to wing spanwise lift efficiency coefficient
modification/cdMinFusel_change;%s to fuselage drag coefficient
modification/cdMinTail_change;%s to zero lift stabilizer drag coefficient
modification/cdMinWing_change;%s to zero lift wing drag coefficient
modification/ailThrSpd_change;%s to speed at which a pilot is able to deflect ailerons completely
modification/elevThrSpd_change;%s to speed at which a pilot is able to deflect elevators completely
modification/ruddThrSpd_change;%s to speed at which a pilot is able to deflect rudder completely
modification/horsePowers_change;%s to engine power
modification/thrust_change;%s to engine thrust
modification/cdParasite_change;%s to parasite drag
modification/blackoutG_change;%s to max positive G-force
modification/redoutG_change;%s to max negative G-force
modification/spread_change;%s to weapon spread at 500 m distance
modification/overheat_change;%s to mean time between failures
modification/overheadCooldown_change;%s to cooling time for arcade afterburning
modification/armored_glass;Thickness of armored glass increased by %s mm.
modification/back_armor;Thickness of rear armor plate increased by %s mm.
;
modifications/tank_params;Change of tank parameters:
modifications/tank_specs;Calculation of changes to tank specs:
modification/horsePowersTransmission_change;%s to drive wheels
modification/reloadTime_change;%s to reload time of primary weapon
modification/healingTimeMultiplier_change;%s to crew replenishment rate
modification/repairSpeedMultiplier_change;%s to repair rate
modification/extinguisherReductionTime_change;%s to fire extinguishing time
modification/accelTime_change;%s to acceleration time
modification/viewDist_change;%s to crew's visual range
modification/gunPitchSpeedK_change;%s to guns lifting speed
modification/maxInclination_change;%s to maximum inclination
modification/maxDeltaAngleK_change;%s to the horizontal weapon spread
modification/maxDeltaAngleVerticalK_change;%s to the vertical weapon spread
modification/maxBrakeForceK_change;%s to brake force
modification/suspensionDampeningForceK_change;%s to suspension damping
modification/timeToBrake_change;%s to full stop
modification/distToBrake_change;%s to braking distance
modification/trackFricFrontalK_change;%s to traction characteristics
modification/respawnCost_change;%s reducing the aircraft respawn cost (in SP)
;
modification/partHpMult_change;%s to overall module strength
modification/waterMassVelTime_change;%s to unwatering time
modification/speedYawK_change;%s to main caliber gun pitch speed
modification/speedPitchK_change;%s to main caliber turret yaw speed
modification/mainSpeedYawK_change;%s to main caliber gun pitch speed
modification/mainSpeedPitchK_change;%s to main caliber turret yaw speed
modification/auxSpeedYawK_change;%s to auxiliary caliber gun pitch speed
modification/auxSpeedPitchK_change;%s to auxiliary caliber turret yaw speed
modification/aaSpeedYawK_change;%s to anti-air gun pitch speed
modification/aaSpeedPitchK_change;%s to anti-air turret yaw speed
modification/shipDistancePrecision_change;%s to rangefinder accuracy
modification/extinguisherMinTime_change;%s to minimum fire extinguishing time
modification/extinguisherMaxTime_change;%s to maximum fire extinguishing time
modification/turnRadius_change;%s to turning radius
modification/turnTime_change;%s to turning time
modification/speedShip_change;%s to maximum forward speed
modification/reverseSpeed_change;%s to maximum reverse speed
modification/timeToMaxSpeed_change;%s to time to reach the maximum forward speed
modification/timeToMaxReverseSpeed_change;%s to time to reach the maximum reverse speed
modification/distToLiveTorpedo_change;%s to torpedo max distance
modification/maxSpeedInWaterTorpedo_change;%s to torpedo max speed
modification/diveDepthTorpedo_change;%s to torpedo movement depth
modification/armor_change;%s to overall structural strength
modification/cutProbability_change;%s to overall construction strength
modification/turnTurretSpeedK_change;%s to turret slewing rate
;
modification/_rockets;Rockets
modification/_missiles;Missiles
modification/_smoke_screen;Smoke screen
modification/_flares;Flares
;
;
;
<Common Air>;
;
modification/CdMin_Fuse;Fuselage Repair
modification/CdMin_Fuse/desc;Replacement of damaged fuselage skinning to reduce air drag.
modification/f_4c_CdMin_Fuse;Fuselage Repair
modification/f_4c_CdMin_Fuse/desc;Replacement of damaged fuselage skinning to reduce air drag.
modification/CdMin_Fuse_r;Fuselage Repair
modification/CdMin_Fuse_r/desc;Replacement of damaged fuselage skinning to reduce air drag.
;
modification/new_radiator;Radiator
modification/new_radiator/desc;Cleaning of radiator and cooling system to improve both engine performance and cooling performance.
modification/new_radiator_r;Radiator
modification/new_radiator_r/desc;Cleaning of radiator and cooling system to improve both engine performance and cooling performance.
;
modification/new_compressor;Compressor
modification/new_compressor/desc;Maintenance of engine compressor, providing an increase in maximum engine power.
modification/new_compressor_jet;Compressor
modification/new_compressor_jet/desc;Maintenance of engine compressor, providing an increase in maximum engine power.
modification/new_compressor_r;Compressor
modification/new_compressor_r/desc;Maintenance of engine compressor, providing an increase in maximum engine power.
;
modification/structure_str;Airframe
modification/structure_str/desc;Replacement of inefficient airframe elements, providing an increase in overall durability and flight performance.
modification/f_4c_structure_str;Airframe
modification/f_4c_structure_str/desc;Replacement of inefficient airframe elements, providing an increase in overall durability and flight performance.
modification/tis_ma_structure_str;Airframe
modification/tis_ma_structure_str/desc;Replacement of inefficient airframe elements, providing an increase in overall durability and flight performance.
modification/structure_str_r;Airframe
modification/structure_str_r/desc;Replacement of inefficient airframe elements, providing an increase in overall durability and flight performance.
;
modification/cd_98;Wings Repair
modification/cd_98/desc;Replacement of damaged wing skinning to reduce air drag.
modification/cd_98_r;Wings repair
modification/cd_98_r/desc;Replacement of damaged wing skinning to reduce air drag.
;
modification/hp_105;Engine
modification/hp_105/desc;Maintenance of engine and replacement of worn parts, providing an increase in maximum engine power.
modification/hp_105_r;Engine
modification/hp_105_r/desc;Maintenance of engine and replacement of worn parts, providing an increase in maximum engine power.
modification/hp_105_jet;Engine
modification/hp_105_jet/desc;Maintenance of engine and replacement of worn parts, providing an increase in maximum engine power.
;
modification/new_engine_injection;Engine Injection
modification/new_engine_injection/desc;Maintenance of fuel injection systems, providing an increase in maximum engine power and efficiency.
;
modification/new_cover;Cover
modification/new_cover/desc;Further maintenance of aircraft cover, providing an icrease in overall durability and flight performance.
modification/tis_ma_new_cover;Cover
modification/tis_ma_new_cover/desc;Further maintenance of aircraft cover, providing an icrease in overall durability and flight performance.
modification/new_cover_r;Cover
modification/new_cover_r/desc;Further maintenance of aircraft cover, providing an icrease in overall durability and flight performance.
;
modification/hydravlic_power;New Hydraulic Boosters
modification/hydravlic_power/desc;Installation of new hydraulic boosters, providing a large increase in responsiveness of control surfaces.
;
modification/g_suit;G-suit
modification/g_suit/desc;Addition of a G-suit for the pilot, allowing them to withstand higher G-loading for longer periods of time.
modification/f_4c_g_suit;G-suit
modification/f_4c_g_suit/desc;Addition of a G-suit for the pilot, allowing them to withstand higher G-loading for longer periods of time.
;
modification/air_extinguisher;Manual Extinguishing System
modification/air_extinguisher/desc;Installation of manual fire extinguishing system for the engines.
modification/automatic_air_extinguisher;Automatic Extinguishing System
modification/automatic_air_extinguisher/desc;Installation of automatic fire extinguishing system for the engines.
;
modification/ussr_fuel_b-95;95 Octane Fuel
modification/ussr_fuel_b-95/desc;Swaps out fuel supplies for 95 octane fuel, providing higher engine performance.
modification/p_40_fuel_100;100 Octane Fuel
modification/p_40_fuel_100/desc;Swaps out fuel supplies for 100 octane fuel, providing higher engine performance.
modification/ussr_fuel_b-100;100 Octane Fuel
modification/ussr_fuel_b-100/desc;Swaps out fuel supplies for 100 octane fuel, providing higher engine performance.
modification/100_octan_spitfire;100 Octane Fuel
modification/100_octan_spitfire/desc;Swaps out fuel supplies for 100 octane fuel, providing higher engine performance.
modification/150_octan_fuel;150 Octane Fuel
modification/150_octan_fuel/desc;Allows usage of 150 octane fuel. Engine performance will be improved
;
modification/la-5fn_rear_armorglass_75/short;Armored Glass
modification/la-5fn_rear_armorglass_75;Armored Glass
modification/la-5fn_rear_armorglass_75/desc;Replaces the 66 mm armored glass behind the pilot with a 75 mm armored glass.
modification/la-7_rear_armorglass_75/short;Armored Glass
modification/la-7_rear_armorglass_75;Armored Glass
modification/la-7_rear_armorglass_75/desc;Replaces the 66 mm armored glass behind the pilot with a 75 mm armored glass.
;
modification/la-5fn_armorplate_10/short;Rear Armor Plate
modification/la-5fn_armorplate_10;Rear Armor Plate
modification/la-5fn_armorplate_10/desc;Replaces the 8.5 mm armor plate behind the pilot with a 10 mm armor plate.
modification/la-7_armorplate_10/short;Rear Armor Plate
modification/la-7_armorplate_10;Rear Armor Plate
modification/la-7_armorplate_10/desc;Replaces the 8.5 mm armor plate behind the pilot with a 10 mm armor plate.
;
modification/b17e_flak_vest;Protective Vests
modification/b17e_flak_vest/desc;Provides gunnery crew with protective vests to protect against fragmentation of enemy flak shells.
modification/b17g_flak_vest;Protective Vests
modification/b17g_flak_vest/desc;Provides gunnery crew with protective vests to protect against fragmentation of enemy flak shells.
modification/b-24_flak_vest;Protective Vests
modification/b-24_flak_vest/desc;Provides gunnery crew with protective vests to protect against fragmentation of enemy flak shells.
modification/b-25_flak_vest;Protective Vests
modification/b-25_flak_vest/desc;Provides gunnery crew with protective vests to protect against fragmentation of enemy flak shells.
modification/lancaster_m1_flyers_vest;Protective Vests
modification/lancaster_m1_flyers_vest/desc;Provides gunnery crew with protective vests to protect against fragmentation of enemy flak shells.
modification/wellington_m1_flyers_vest;Protective Vests
modification/wellington_m1_flyers_vest/desc;Provides gunnery crew with protective vests to protect against fragmentation of enemy flak shells.
;
modification/uk_terma_mcp_false_thermal_targets;Terma MCP
modification/uk_terma_mcp_false_thermal_targets/desc;Allows the installation of the Terma Modular Countermeasure Pod, giving access to additional countermeasures, as well as a MAW system.
modification/PIDS_false_thermal_targets;Terma PIDS
modification/PIDS_false_thermal_targets/desc;Allows the installation of the Terma Pylon Integrated Dispenser System, giving access to additional countermeasures, as well as a MAW system.
;
modification/countermeasures_belt_pack;Chaff
modification/countermeasures_belt_pack/desc;Allows the loading of chaff into existing countermeasure dispensers,
modification/uk_ltc_bol;BOL 304
modification/uk_ltc_bol/desc;Allows the mounting of BOL 304 countermeasure dispensing rails, giving access to additional countermeasures.
modification/swd_ltc_bol;BOL 304
modification/swd_ltc_bol/desc;Allows the mounting of BOL 304 countermeasure dispensing rails, giving access to additional countermeasures.
modification/mig_29_uv_5_08;UV-5-08
modification/mig_29_uv_5_08/desc;Allows the mounting of the UV-5-08 countermeasure blocks, giving access to additional countermeasures.
modification/chaff_pods;Chaff Pod
modification/chaff_pods/desc;Allows carriage of a chaff countermeasure pod.
;
modification/boz_false_thermal_targets;BOZ-102
modification/boz_false_thermal_targets/desc;Allows the installation of BOZ-102 countermeasure pods, giving access to additional countermeasures, as well as a MAW system.
;
;
;
<Common Ground>;
;
modification/new_tank_tracks;Tracks
modification/new_tank_tracks/desc;Replacement of old worn tracks with new ones, and adjustment of track tension, providing an increase in handling and responsiveness.
modification/new_wheels;Tires
modification/new_wheels/desc;Replacement of old worn tires with new ones, providing an increase in handling and trafficability.
modification/winterketten_tank_tracks;Winterketten
modification/winterketten_tank_tracks/desc;Winterketten track extensions, allowing for better traction and handling.
modification/ostketten_tank_tracks;Ostketten
modification/ostketten_tank_tracks/desc;Ostketten track extensions, allowing for better traction and handling.
;
modification/new_tank_suspension;Suspension
modification/new_tank_suspension/desc;Maintenance and adjustment of suspension, including replacement of damaged and worn parts, providing improved suspension damping capacity.
modification/new_car_suspension;Suspension
modification/new_car_suspension/desc;Maintenance and adjustment of suspension, including replacement of damaged and worn parts, providing improved suspension damping capacity.
;
modification/new_tank_brakes;Brake System
modification/new_tank_brakes/desc;Maintenance and adjustment of tank braking system, providing improved braking efficiency.
;
modification/new_tank_filter;Filters
modification/new_tank_filter/desc;Cleaning out of air, oil, and fuel filters, providing an increase in engine efficiency and power.
;
modification/new_tank_transmission;Transmission
modification/new_tank_transmission/desc;Maintenance of transmission components, including replacement of damaged and worn parts, providing an improvement in handling, and a decrease in power loss.
;
modification/new_tank_engine;Engine
modification/new_tank_engine/desc;Maintenance of engine and replacement of worn parts, providing an increase in maximum engine power.
;
modification/tank_tool_kit;Improved Tool Kit
modification/tank_tool_kit/desc;Upgraded repair kit, including a wider range of spare parts, and tools necessary to make repairs faster.
;
modification/manual_extinguisher;Additional Fire Extinguisher
modification/manual_extinguisher/desc;Inclusion of a spare fire extinguisher, in case of additional fire breaking out in the vehicle.
;
modification/tank_medical_kit;Crew Replenishment
modification/tank_medical_kit/desc;Allows for the swapping of an incapacitated crew member at a friendly controlled objective.
modification/tank_medical_kit_expendable;Crew Replenishment
modification/tank_medical_kit_expendable/desc;Allows for the swapping of an incapacitated crew member at a friendly controlled objective.
;
modification/new_tank_horizontal_aiming;Horizontal Drive
modification/new_tank_horizontal_aiming/desc;Maintenance and lubrication of turret or horizontal gun laying drives, providing increased traverse speeds.
;
modification/tank_new_gun;Adjustment of Fire
modification/tank_new_gun/desc;Calibration of gun barrel and gunner optical sights, providing an increase in gun accuracy.
;
modification/new_tank_vertical_aiming;Elevation Mechanism
modification/new_tank_vertical_aiming/desc;Maintenance of vertical gun laying drives, providing an increase in elevation speeds.
;
modification/art_support;Artillery Support
modification/art_support/desc;Allows for contacting of friendly artillery units to request artillery fire support on designated position.
;
modification/tank_smoke_screen_system_mod;Smoke Grenades
modification/tank_smoke_screen_system_mod/desc;Installation of smoke grenades to be used to obscure your position.
;
modification/tank_additional_armor;Add-on Armor
modification/tank_additional_armor/desc;Allows the use of spare tracks, sheet metal, or other materials as additional armor protection.
;
modification/airstrike;Airstrike
modification/airstrike/desc;"Providing valuable intel which your friendly forces can act on grants the ability to more easily bring an aircraft to the battle to provide air strikes on key targets.

(- Tank Arcade: Allows you to join an air battle activated by an ally
- Tank Realistic: Reduces Spawn Points required to spawn an aircraft, excluding nuclear strike aircraft)"
;
modification/improved_optics;Improved Optics
modification/improved_optics/desc;Cleaning of optics allows for target identification and marking at longer ranges.
;
modification/tank_support_ucav;Scout UAV
modification/tank_support_ucav/desc;Allows the carrying and launching of reconnaissance UAV, which can be used to point out hostile targets to friendlies, or to scout ahead of your own advance.
;
modification/tank_rangefinder;Rangefinder
modification/tank_rangefinder/desc;Adjustment of tank rangefinding equipment, allowing for quicker and more accurate ranging of a target.
modification/modern_tank_stereo_rangefinder;Rangefinder
modification/modern_tank_stereo_rangefinder/desc;Adjustment of tank rangefinding equipment, allowing for quicker and more accurate ranging of a target.
;
modification/modern_tank_laser_rangefinder;Laser Rangefinder
modification/modern_tank_laser_rangefinder/desc;Installation of a laser rangefinder system, allowing for quick, precise ranging of a target, and automatic adjustment of gun elevation.
modification/laser_rangefinder_lws;Laser Rangefinder (LWS)
modification/laser_rangefinder_lws/desc;Installation of a laser rangefinder system as well as a laser warning system. Allowing for quick, recise ranging of a target, and a directional warning for when the vehicle is being lased.
modification/laser_rangefinder_ircm_lws_t_90a;Laser Rangefinder (LWS)
modification/laser_rangefinder_ircm_lws_t_90a/desc;Installation of a laser rangefinder system as well as a laser warning system. Allowing for quick, recise ranging of a target, and a directional warning for when the vehicle is being lased.
;
modification/thermal_vision_system;Thermal Vision Sights
modification/night_vision_system;Night Vision Sights
modification/night_vision_system/desc;Installation of thermal viewer for applicable crew positions, allowing for the use of thermal sights to aid in spotting targets, especially in night time or low visibility environments.
modification/night_vision_system_upgrade_nv_to_thermal;AGAVA Thermal Sight
modification/night_vision_system_upgrade_nv_to_thermal/desc;Installation of limited use AGAVA thermal sight, allows for the use of thermal sights to aid in spotting targets, especially in night time or low visibility environments.
;
modification/tank_engine_smoke_screen_system;Engine Smoke System
modification/tank_engine_smoke_screen_system/desc;Incorporation of an engine smoke generating system. Allowing for the injection of fuel into the engine exhaust, creating a large smoke screen, albeit this type of smoke generation does not block a thermal viewer.
;
modification/camouflage_net;Camouflage Netting
modification/camouflage_net/desc;Mounting of camouflage netting across the vehicle, improving camouflage when hiding in lines of trees or bushes.
;
modification/tank_bulldozer_blade;Dozer Blade
modification/tank_bulldozer_blade/desc;Allows the installation of an entrenching dozer, which can be used to dig small, stationary defense points.
modification/tank_bulldozer_blade_bhishma;Dozer Blade
modification/tank_bulldozer_blade_bhishma/desc;Allows the installation of an entrenching dozer, which can be used to dig small, stationary defense points.
;
;
;
<Common Heli>;
;
modification/new_compressor_heli;Compressor
modification/new_compressor_heli/desc;Maintenance of engine compressor, providing an increase in maximum engine power.
modification/new_compressor_mi_4;Compressor
modification/new_compressor_mi_4/desc;Maintenance of engine compressor, providing an increase in maximum engine power.
;
modification/heli_flak_jacket;Flak Jacket
modification/heli_flak_jacket/desc;Provides crew with protective vests to protect against fragmentation of enemy flak shells.
modification/heli_flak_jacket_and_armor;Flak Jacket
modification/heli_flak_jacket_and_armor/desc;Provides crew with protective vests to protect against fragmentation of enemy flak shells.
;
modification/cd_98_main_rotor;Rotor Blade Replacement
modification/cd_98_main_rotor/desc;Replacement of worn helicopter rotor blades with new ones, providing an increase in overall flight performance.
modification/cd_98_main_rotor_type2;Rotor Blade Replacement
modification/cd_98_main_rotor_type2/desc;Replacement of worn helicopter rotor blades with new ones, providing an increase in overall flight performance.
modification/cd_98_main_rotor_type3;Rotor Blade Replacement
modification/cd_98_main_rotor_type3/desc;Replacement of worn helicopter rotor blades with new ones, providing an increase in overall flight performance.
;
modification/heli_structure;Helicopter Frame
modification/heli_structure/desc;Replacement of inefficient airframe elements, providing an increase in overall durability and flight performance.
;
modification/new_heli_cover;Cover
modification/new_heli_cover/desc;Further maintenance of aircraft cover, providing an icrease in overall durability and flight performance.
;
modification/heli_night_vision_system;Thermal Vision Sights
modification/heli_night_vision_system/desc;Installation of thermal viewer for the gunner position, allowing for the use of thermal sights to aid in spotting targets, especially in night time or low visibility environments.
;
modification/heli_screen_exhaust_device;HIRSS
modification/heli_screen_exhaust_device/desc;Installation of IR suppression eqiupment to the helicopter, decreasing overall heat signature.
modification/heli_counterMeasures;IRCM
modification/heli_counterMeasures/desc;Optoelectronic based IRCM system for protection against infrared guided missiles.
modification/a_129_cbt_counterMeasures;IRCM
modification/a_129_cbt_counterMeasures/desc;Optoelectronic based IRCM system for protection against infrared guided missiles.
modification/ah_1z_heli_counterMeasures;IRCM
modification/ah_1z_heli_counterMeasures/desc;Optoelectronic based IRCM system for protection against infrared guided missiles.
modification/AMASE_heli_false_thermal_targets;AMASE
modification/AMASE_heli_false_thermal_targets/desc;Allows the installation of the AMASE survivability system, including extra countermeasure dispensers, IRCM, and a missile approach warning system.
modification/MAW_system_heli_false_thermal_targets;MAWS
modification/MAW_system_heli_false_thermal_targets/desc;Installation of a missile approach warning system, allowing for warnings of incoming missile threats, and the option for automatic countermeasure dispensing.
modification/MAW_system_heli_false_thermal_targets_large;MAWS
modification/MAW_system_heli_false_thermal_targets_large/desc;Installation of a missile approach warning system, allowing for warnings of incoming missile threats, and the option for automatic countermeasure dispensing.
;
;
;
<Common Naval>;
;
modification/new_ship_hull;Dry-Docking
modification/new_ship_hull/desc;Cleaning the ships hull of barnacles and algae, resulting in improved top speed.
;
modification/ship_tool_kit;Damage Control Division
modification/ship_tool_kit/desc;Training of the damage control division, resulting in quicker, more efficient repair of damaged modules. 
;
modification/new_ship_rudder;Rudder Replacement
modification/new_ship_rudder/desc;Replacement of the rudder blades and steering mechanisms, resulting in a decrease in turning time and radius.
;
modification/manual_ship_extinguisher;Fire Division
modification/manual_ship_extinguisher/desc;Training of the fire prevention division, resulting in quicker, more efficient extinguishing of fires.
;
modification/ship_smoke_screen_system_mod;Smokescreen
modification/ship_smoke_screen_system_mod/desc;Allows the use of a smoke generating system.
;
modification/new_ship_screw;Propeller Replacement
modification/new_ship_screw/desc;Replacement of the propellors, resulting in an increase in acceleration and top speed.
;
modification/ship_anti_fragmentation_protection;Shrapnel Protection
modification/ship_anti_fragmentation_protection/desc;Protects the inside of the vessel from shrapnel.
;
modification/ship_venting;Ventilation
modification/ship_venting/desc;Improvement in compartment ventilation, resulting in lower crew losses as a result of fire.
;
modification/new_ship_engine;Engine Maintenance
modification/new_ship_engine/desc;Maintenance of the ships engines, resulting in an increase in acceleration and top speed.
;
modification/new_ship_pumps;New Pumps
modification/new_ship_pumps/desc;Augmented bilge pumps reduce the time required to pump the water out of the vessel.
;
modification/ship_ammo_wetting;Ammo Wetting
modification/ship_ammo_wetting/desc;Ammunition wetting system helps to decrease the damage done to ammunition as a result of fire.
;
modification/torpedoes_movement_mode;Torpedo Mode
modification/torpedoes_movement_mode/desc;Gives the option to increase the maximum range of the vessels torpedoes, at the cost of top speed.
;
modification/new_aa_caliber_turrets;Anti-Air Armament Targeting
modification/new_aa_caliber_turrets/desc;Augmented targeting mechanism for the anti-aircraft armament, resulting in an increase in traverse speed.
;
modification/new_aux_caliber_turrets;Auxiliary Armament Targeting
modification/new_aux_caliber_turrets/desc;Augmented targeting mechanism for the auxiliary armement, resulting in an increase in traverse speed.
;
modification/new_main_caliber_turrets;Primary Armament Targeting
modification/new_main_caliber_turrets/desc;Augmented targeting mechanism for the primary armament, resulting in an increase in traverse speed.
;
modification/ship_rangefinder;Improved Rangefinder
modification/ship_rangefinder/desc;Calibration of the rangefinding equipment, resulting in more accurate range estimates.
;
modification/ship_supportPlane;Hydroplane
modification/ship_supportPlane/desc;Access to a reconnaissance hydroplane, which can be used to scout, capture objectives, and provide light air support.
;
modification/ship_bomb_mortar;Bomb mortar
modification/ship_bomb_mortar/desc;Ability to mount a bomb mortar.
;
modification/ship_mines;Mines
modification/ship_mines/desc;An ability to carry and set naval mines
;
modification/ship_depth_charge;Depth Charges
modification/ship_depth_charge/desc;An ability to carry depth charges
;
modification/ship_main_caliber_support;Artillery Support
modification/ship_main_caliber_support/desc;Call in the fire support of friendly battleships.
;
modification/ship_rocket_launcher;Rocket Launcher
modification/ship_rocket_launcher/desc;Allows the use of the rocket launcher.
;
modification/ship_additional_armor;Additional Armor
modification/ship_additional_armor/desc;Sandbags and gun shields for extra protection from fire and shrapnel.
;
modification/new_main_caliber_cannons;Gun Liner Replacement
modification/new_main_caliber_cannons/desc;Replacing the gun liner reduces fire spread.
;
modification/ship_mortar;Mortar
modification/ship_mortar/desc;Allows the installation and use of a mortar.
;
;
;
<AAM Mods>;
;
modification/us_aim_4f;AIM-4F
modification/us_aim_4f/desc;Allows the mounting of AIM-4F Super Falcon SARH guided air-to-air missiles.
modification/us_aim_4g;AIM-4G
modification/us_aim_4g/desc;Allows the mounting of AIM-4G Super Falcon IR guided air-to-air missiles.
modification/us_aim_7c;AIM-7C
modification/us_aim_7c/desc;Allows the mounting of AIM-7C Sparrow SARH guided air-to-air missiles.
modification/us_aim_7d;AIM-7D
modification/us_aim_7d/desc;Allows the mounting of AIM-7D Sparrow SARH guided air-to-air missiles.
modification/us_aim_7e;AIM-7E
modification/us_aim_7e/desc;Allows the mounting of AIM-7E Sparrow SARH guided air-to-air missiles.
modification/us_aim_7e2;AIM-7E-2
modification/us_aim_7e2/desc;Allows the mounting of AIM-7E-2 Sparrow SARH guided air-to-air missiles.
modification/us_aim_7f;AIM-7F
modification/us_aim_7f/desc;Allows the mounting of AIM-7F Sparrow SARH guided air-to-air missiles.
modification/us_aim_7m;AIM-7M
modification/us_aim_7m/desc;Allows the mounting of AIM-7M Sparrow SARH guided air-to-air missiles.
modification/us_aim_7p;AIM-7P-2
modification/us_aim_7p/desc;Allows the mounting of AIM-7P-2 Sparrow SARH guided air-to-air missiles.
modification/us_aim_9b;AIM-9B
modification/us_aim_9b/desc;Allows the mounting of AIM-9B Sidewinder IR guided air-to-air missiles.
modification/sea_hawk_mk101;AIM-9B
modification/sea_hawk_mk101/desc;Allows the mounting of AIM-9B Sidewinder IR guided air-to-air missiles.
modification/us_aim_9c;AIM-9C
modification/us_aim_9c/desc;Allows the mounting of AIM-9C Sidewinder SARH guided air-to-air missiles.
modification/us_aim_9d;AIM-9D
modification/us_aim_9d/desc;Allows the mounting of AIM-9D Sidewinder IR guided air-to-air missiles.
modification/us_aim_9e;AIM-9E
modification/us_aim_9e/desc;Allows the mounting of AIM-9E Sidewinder IR guided air-to-air missiles.
modification/us_aim_9b_fgw_2;AIM-9F
modification/us_aim_9b_fgw_2/desc;Allows the mounting of AIM-9F Sidewinder IR guided air-to-air missiles.
modification/us_aim_9g;AIM-9G
modification/us_aim_9g/desc;Allows the mounting of AIM-9G Sidewinder IR guided air-to-air missiles.
modification/us_aim_9h;AIM-9H
modification/us_aim_9h/desc;Allows the mounting of AIM-9H Sidewinder IR guided air-to-air missiles.
modification/us_aim_9j;AIM-9J
modification/us_aim_9j/desc;Allows the mounting of AIM-9J Sidewinder IR guided air-to-air missiles.
modification/us_aim_9l;AIM-9L
modification/us_aim_9l/desc;Allows the mounting of AIM-9L Sidewinder IR guided air-to-air missiles.
modification/us_aim_9l_i;AIM-9L/I
modification/us_aim_9l_i/desc;Allows the mounting of AIM-9L/I Sidewinder IR guided air-to-air missiles.
modification/us_aim_9l_i_1;AIM-9L/I-1
modification/us_aim_9l_i_1/desc;Allows the mounting of AIM-9L/I-1 Sidewinder IR guided air-to-air missiles.
modification/us_aim_9m;AIM-9M
modification/us_aim_9m/desc;Allows the mounting of AIM-9M Sidewinder IR guided air-to-air missiles.
modification/us_aim_9p;AIM-9P-1
modification/us_aim_9p/desc;Allows the mounting of AIM-9P-1 Sidewinder IR guided air-to-air missiles.
modification/us_aim_9p4;AIM-9P-4
modification/us_aim_9p4/desc;Allows the mounting of AIM-9P-4 Sidewinder IR guided air-to-air missiles.
modification/us_aim_54a;AIM-54A
modification/us_aim_54a/desc;Allows the mounting of AIM-54A Phoenix ARH guided air-to-air missiles.
modification/us_aim_54c;AIM-54C
modification/us_aim_54c/desc;Allows the mounting of AIM-54C Phoenix ARH guided air-to-air missiles.
modification/us_aim_120a;AIM-120A
modification/us_aim_120a/desc;Allows the mounting of AIM-120A AMRAAM ARH guided air-to-air missiles.
modification/us_aim_120b;AIM-120B
modification/us_aim_120b/desc;Allows the mounting of AIM-120B AMRAAM ARH guided air-to-air missiles.
modification/us_aim_120c;AIM-120C
modification/us_aim_120c/desc;Allows the mounting of AIM-120C-5 AMRAAM ARH guided air-to-air missiles.
modification/us_aim_120b_c;AIM-120B / C
modification/us_aim_120b_c/desc;Allows the mounting of AIM-120B and AIM-120C AMRAAM ARH guided air-to-air missiles.
modification/us_aim_120d;AIM-120D
modification/us_aim_120d/desc;Allows the mounting of AIM-120D AMRAAM ARH guided air-to-air missiles.
modification/ir_sedjil;Sajīl
modification/ir_sedjil/desc;Allows the mounting of Sajīl SARH guided air-to-air missiles.
modification/ir_fakour_90;Fakūr-90
modification/ir_fakour_90/desc;Allows the mounting of Fakūr-90 ARH guided air-to-air missiles.
modification/stinger_aam;ATAS
modification/stinger_aam/desc;Allows the mounting of ATAS IR guided air-to-air missiles.
;
modification/de_x4_ruhrstahl;X-4
modification/de_x4_ruhrstahl/desc;Allows the mounting of X-4 wire guided air-to-air missiles.
modification/sws_flz_lwf_63;Flz.Lwf. LL 63
modification/sws_flz_lwf_63/desc;Allows the mounting of Flz.Lwf.LL 63 SIWA IR guided air-to-air missiles.
modification/sws_flz_lwf_63_75;Flz.Lwf. LL 63/75
modification/sws_flz_lwf_63_75/desc;Allows the mounting of Flz.Lwf.LL 63/75 SIWA IR guided air-to-air missiles.
modification/sws_flz_lwf_63_80;Flz.Lwf. LL 63/80
modification/sws_flz_lwf_63_80/desc;Allows the mounting of Flz.Lwf.LL 63/80 SIWA IR guided air-to-air missiles.
modification/sws_flz_lwf_63_90;Flz.Lwf. LL 63/90
modification/sws_flz_lwf_63_90/desc;Allows the mounting of Flz.Lwf.LL 63/90 SIWA IR guided air-to-air missiles.
modification/sws_flz_lwf_63_91;Flz.Lwf. LL 63/91
modification/sws_flz_lwf_63_91/desc;Allows the mounting of Flz.Lwf.LL 63/91 SIWA IR guided air-to-air missiles.
modification/sws_flz_lwf_ll_64;Flz.Lwf. LL 64/79
modification/sws_flz_lwf_ll_64/desc;Allows the mounting of Flz.Lwf.LL 64/79 FALCO SARH guided air-to-air missiles.
;
modification/mig_19_r3s;R-3S
modification/mig_19_r3s/desc;Allows the mounting of R-3S IR guided air-to-air missiles.
modification/mig_21_r3r;R-3R
modification/mig_21_r3r/desc;Allows the mounting of R-3R SARH guided air-to-air missiles.
modification/mig_19_r13m;R-13M1
modification/mig_19_r13m/desc;Allows the mounting of R-13M IR guided air-to-air missiles.
modification/mig_23_r_23;R-23R/T
modification/mig_23_r_23/desc;Allows the mounting of R-23 IR and SARH guided air-to-air missiles.
modification/mig_23_r_23r;R-23R
modification/mig_23_r_23r/desc;Allows the mounting of R-23R SARH guided air-to-air missiles.
modification/mig_23_r_23t;R-23T
modification/mig_23_r_23t/desc;Allows the mounting of R-23T IR guided air-to-air missiles.
modification/mig_23_r_24;R-24R/T
modification/mig_23_r_24/desc;Allows the mounting of R-24 IR and SARH guided air-to-air missiles.
modification/mig_23_r_24r;R-24R
modification/mig_23_r_24r/desc;Allows the mounting of R-24R SARH guided air-to-air missiles.
modification/mig_23_r_24t;R-24T
modification/mig_23_r_24t/desc;Allows the mounting of R-24T IR guided air-to-air missiles.
modification/mig_29_r_27;R-27R/T
modification/mig_29_r_27/desc;Allows the mounting of R-27 IR and SARH guided air-to-air missiles.
modification/mig_29_r_27r;R-27R
modification/mig_29_r_27r/desc;Allows the mounting of R-27R SARH guided air-to-air missiles.
modification/mig_29_r_27t;R-27T
modification/mig_29_r_27t/desc;Allows the mounting of R-27T IR guided air-to-air missiles.
modification/mig_29_r_27er;R-27ER
modification/mig_29_r_27er/desc;Allows the mounting of R-27ER SARH guided air-to-air missiles.
modification/su_27sm_r_27r_r_27er;R-27R / ER
modification/su_27sm_r_27r_r_27er/desc;Allows the mounting of R-27 SARH guided air-to-air missiles.
modification/mig_29_r_27et;R-27ET
modification/mig_29_r_27et/desc;Allows the mounting of R-27ET IR guided air-to-air missiles.
modification/su_27sm_r_27t_r_27et;R-27T / ET
modification/su_27sm_r_27t_r_27et/desc;Allows the mounting of R-27 IR guided air-to-air missiles.
modification/mig_29_r_27r1;R-27R1
modification/mig_29_r_27r1/desc;Allows the mounting of R-27R1 SARH guided air-to-air missiles.
modification/mig_29_r_27t1;R-27T1
modification/mig_29_r_27t1/desc;Allows the mounting of R-27T1 IR guided air-to-air missiles.
modification/mig_29_r_27er1;R-27ER1
modification/mig_29_r_27er1/desc;Allows the mounting of R-27ER1 SARH guided air-to-air missiles.
modification/su_r_27r1_r_27er1;R-27R1 / ER1
modification/su_r_27r1_r_27er1/desc;Allows the mounting of R-27 SARH guided air-to-air missiles.
modification/mig_29_r_27et1;R-27ET1
modification/mig_29_r_27et1/desc;Allows the mounting of R-27ET1 IR guided air-to-air missiles.
modification/su_r_27t1_r_27et1;R-27T1 / ET1
modification/su_r_27t1_r_27et1/desc;Allows the mounting of R-27 IR guided air-to-air missiles.
modification/mig_25_r_40rd;R-40RD
modification/mig_25_r_40rd/desc;Allows the mounting of R-40RD SARH guided air-to-air missiles.
modification/mig_25_r_40td;R-40TD
modification/mig_25_r_40td/desc;Allows the mounting of R-40TD IR guided air-to-air missiles.
modification/mi_24_r_60;R-60
modification/mi_24_r_60/desc;Allows the mounting of R-60 IR guided air-to-air missiles.
modification/mi_24_r_60_2;R-60*
modification/mi_24_r_60_2/desc;Allows the mounting of additional R-60 IR guided air-to-air missiles.
modification/mi_24_r_60m;R-60M
modification/mi_24_r_60m/desc;Allows the mounting of R-60M IR guided air-to-air missiles.
modification/mig_23mf_r_60mk;R-60MK
modification/mig_23mf_r_60mk/desc;Allows the mounting of R-60MK IR guided air-to-air missiles.
modification/mig_29_r_73;R-73
modification/mig_29_r_73/desc;Allows the mounting of R-73 IR guided air-to-air missiles.
modification/mig_29_r_73e;R-73E
modification/mig_29_r_73e/desc;Allows the mounting of R-73E IR guided air-to-air missiles
modification/yak_141_r_77;R-77
modification/yak_141_r_77/desc;Allows the mounting of R-77 ARH guided air-to-air missiles.
modification/su_r_77_1;R-77-1
modification/su_r_77_1/desc;Allows the mounting of R-77-1 ARH guided air-to-air missiles.
modification/j_11a_rvv_ae;RVV-AE
modification/j_11a_rvv_ae/desc;Allows the mounting of RVV-AE ARH guided air-to-air missiles.
modification/su_rvv_sd;RVV-SD
modification/su_rvv_sd/desc;Allows the mounting of RVV-SD ARH guided air-to-air missiles.
modification/mi_35_9M39;9M39
modification/mi_35_9M39/desc;Allows the mounting of 9M39 IR guided air-to-air missiles.
modification/mi_8_9M336;9M336
modification/mi_8_9M336/desc;Allows the mounting of 9M336 IR guided air-to-air missiles.
;
modification/uk_fireflash;Fireflash
modification/uk_fireflash/desc;Allows the mounting of Fireflash beam riding air-to-air missiles.
modification/aam_firestreak;Firestreak
modification/aam_firestreak/desc;Allows the mounting of Firestreak IR guided air-to-air missiles.
modification/aam_redtop;Red Top
modification/aam_redtop/desc;Allows the mounting of Red Top IR guided air-to-air missiles.
modification/uk_aim_sraam;SRAAM
modification/uk_aim_sraam/desc;Allows the mounting of SRAAM IR guided air-to-air missiles.
modification/uk_skyflash;Skyflash
modification/uk_skyflash/desc;Allows the mounting of Skyflash SARH guided air-to-air missiles.
modification/uk_skyflash_temp;Skyflash SuperTEMP
modification/uk_skyflash_temp/desc;Allows the mounting of Skyflash SARH guided air-to-air missiles.
modification/sa_r_darter;R-Darter
modification/sa_r_darter/desc;Allows the mounting of R-Darter ARH guided air-to-air missiles.
modification/ah_mk1_starstreak;ATASK
modification/ah_mk1_starstreak/desc;Allows the mounting of ATASK beam riding air-to-air missiles.
;
modification/jp_aam3;AAM-3
modification/jp_aam3/desc;Allows the mounting of AAM-3 IR guided air-to-air missiles.
modification/jp_aam4;AAM-4
modification/jp_aam4/desc;Allows the mounting of AAM-4 ARH guided air-to-air missiles.
;
modification/mig_19_pl2;PL2
modification/mig_19_pl2/desc;Allows the mounting of PL2 IR guided air-to-air missiles.
modification/j_7_pl5b;PL5B
modification/j_7_pl5b/desc;Allows the mounting of PL5B IR guided air-to-air missiles.
modification/cn_pl5c;PL5C
modification/cn_pl5c/desc;Allows the mounting of PL5C IR guided air-to-air missiles.
modification/cn_pl5e2;PL5EII
modification/cn_pl5e2/desc;Allows the mounting of PL5EII IR guided air-to-air missiles.
modification/j_7_pl7;PL7
modification/j_7_pl7/desc;Allows the mounting of PL7 IR guided air-to-air missiles.
modification/cn_pl8;PL8A
modification/cn_pl8/desc;Allows the mounting of PL8A IR guided air-to-air missiles.
modification/cn_pl8b;PL8B
modification/cn_pl8b/desc;Allows the mounting of PL8B IR guided air-to-air missiles.
modification/cn_pl12;PL12
modification/cn_pl12/desc;Allows the mounting of PL12 ARH guided air-to-air missiles.
modification/cn_sd10;SD10A
modification/cn_sd10/desc;Allows the installation of SD10A ARH guided air-to-air missiles.
modification/cn_pl12a;PL12AE
modification/cn_pl12a/desc;Allows the installation of PL12AE ARH guided air-to-air missiles.
modification/cn_pl15;PL15
modification/cn_pl15/desc;Allows the mounting of PL15 ARH guided air-to-air missiles.
modification/cn_ty_90;TY90
modification/cn_ty_90/desc;Allows the mounting of TY90 IR guided air-to-air missiles.
;
modification/it_aspide;Aspide-1A
modification/it_aspide/desc;Allows the mounting of Aspide-1A SARH guided air-to-air missiles.
modification/ro_aam_a91;A-91
modification/ro_aam_a91/desc;Allows the mounting of A-91 IR guided air-to-air missiles.
;
modification/nord_aa_20;AA-20
modification/nord_aa_20/desc;Allows the mounting of AA-20 radio guided air-to-air missiles.
modification/fr_matra_r_511;R.511
modification/fr_matra_r_511/desc;Allows the mounting of R.511 SARH guided air-to-air missiles.
modification/fr_matra_r_530;R.530
modification/fr_matra_r_530/desc;Allows the mounting of R.530 SARH guided air-to-air missiles.
modification/fr_matra_r_530e;R.530E
modification/fr_matra_r_530e/desc;Allows the mounting of R.530E IR guided air-to-air missiles.
modification/fr_matra_r_530_f;Super 530F
modification/fr_matra_r_530_f/desc;Allows the mounting of Super 530F SARH guided air-to-air missiles.
modification/fr_matra_r_530_d;Super 530D
modification/fr_matra_r_530_d/desc;Allows the mounting of Super 530D SARH guided air-to-air missiles.
modification/fr_matra_r_550_magic_1;Magic 1
modification/fr_matra_r_550_magic_1/desc;Allows the mounting of Magic 1 IR guided air-to-air missiles.
modification/fr_matra_r_550_magic_2;Magic 2
modification/fr_matra_r_550_magic_2/desc;Allows the mounting of Magic 2 IR guided air-to-air missiles.
modification/fr_mica_em;MICA EM
modification/fr_mica_em/desc;Allows the mounting of MICA EM ARH guided air-to-air missiles.
modification/heli_atam_mistral;Mistral
modification/heli_atam_mistral/desc;Allows the mounting of Mistral IR guided air-to-air missiles.
;
modification/swe_rb24;rb 24B
modification/swe_rb24/desc;Allows the mounting of rb 24B IR guided air-to-air missiles.
modification/swe_rb24j;rb 24J
modification/swe_rb24j/desc;Allows the mounting of rb 24J IR guided air-to-air missiles.
modification/swe_rb27;rb 27
modification/swe_rb27/desc;Allows the mounting of rb 27 SARH guided air-to-air missiles.
modification/swe_rb28;rb 28
modification/swe_rb28/desc;Allows the mounting of rb 28 IR guided air-to-air missiles.
modification/swe_rb71;rb 71
modification/swe_rb71/desc;Allows the mounting of rb 71 SARH guided air-to-air missiles.
modification/swd_rb74;rb 74
modification/swd_rb74/desc;Allows the mounting of rb 74 IR guided air-to-air missiles.
modification/swd_rb74m;rb 74 (REMO)
modification/swd_rb74m/desc;Allows the mounting of rb 74 (REMO) IR guided air-to-air missiles.
modification/swd_rb99;rb 99
modification/swd_rb99/desc;Allows the mounting of rb 99 ARH guided air-to-air missiles.
;
modification/fr_aam_shafrir;Shafrir 1
modification/fr_aam_shafrir/desc;Allows the mounting of Shafrir 1 IR guided air-to-air missiles.
modification/fr_aam_shafrir_2;Shafrir 2
modification/fr_aam_shafrir_2/desc;Allows the mounting of Shafrir 2 IR guided air-to-air missiles.
modification/il_python_3;Python 3
modification/il_python_3/desc;Allows the mounting of Python 3 IR guided air-to-air missiles.
modification/il_derby;Derby
modification/il_derby/desc;Allows the mounting of Derby ARH guided air-to-air missiles.
;
;
;
<AGM Mods>;
;
modification/fj_4b_agm_12b;AGM-12B
modification/fj_4b_agm_12b/desc;Allows the mounting of AGM-12B radio guided air-to-ground missiles.
modification/fj_4b_agm_12c;AGM-12C
modification/fj_4b_agm_12c/desc;Allows the mounting of AGM-12C radio guided air-to-ground missiles.
modification/ah_AGM_22;AGM-22
modification/ah_AGM_22/desc;Allows the mounting of AGM-22 wire guided air-to-ground missiles.
modification/us_agm_62;AGM-62A
modification/us_agm_62/desc;Allows the mounting of AGM-62A TV guided bombs.
modification/us_agm_62_2_erdl;AGM-62B ER/DL
modification/us_agm_62_2_erdl/desc;Allows the mounting of AGM-62A ER/DL TV guided bombs.
modification/us_agm_65a;AGM-65A
modification/us_agm_65a/desc;Allows the mounting of AGM-65A Maverick TV guided air-to-ground missiles.
modification/us_agm_65b;AGM-65B
modification/us_agm_65b/desc;Allows the mounting of AGM-65B Maverick TV guided air-to-ground missiles.
modification/us_agm_65d;AGM-65D
modification/us_agm_65d/desc;Allows the mounting of AGM-65D Maverick IR guided air-to-ground missiles.
modification/us_agm_65e;AGM-65E
modification/us_agm_65e/desc;Allows the mounting of AGM-65E Maverick laser guided air-to-ground missiles.
modification/us_agm_65e2;AGM-65E2
modification/us_agm_65e2/desc;Allows the mounting of AGM-65E2 Maverick laser guided air-to-ground missiles.
modification/us_agm_65f;AGM-65F
modification/us_agm_65f/desc;Allows the mounting of AGM-65F Maverick IR guided air-to-ground missiles.
modification/us_agm_65g;AGM-65G
modification/us_agm_65g/desc;Allows the mounting of AGM-65G Maverick IR guided air-to-ground missiles.
modification/us_agm_65h;AGM-65H
modification/us_agm_65h/desc;Allows the mounting of AGM-65H Maverick TV guided air-to-ground missiles.
modification/us_agm_65k;AGM-65K
modification/us_agm_65k/desc;Allows the mounting of AGM-65K Maverick IR guided air-to-ground missiles.
modification/us_agm_65l;AGM-65L
modification/us_agm_65l/desc;Allows the mounting of AGM-65L Maverick laser guided air-to-ground missiles.
modification/us_agm_84h;AGM-84H
modification/us_agm_84h/desc;Allows the mounting of AGM-84H SLAM-ER IR guided air-to-ground missiles.
modification/ah_1_AGM_114_8;AGM-114
modification/ah_1_AGM_114_8/desc;Allows the mounting of AGM-114 Hellfire laser guided air-to-ground missiles.
modification/ah_1_AGM_114_16;AGM-114*
modification/ah_1_AGM_114_16/desc;Allows the mounting of additional AGM-114 Hellfire laser guided air-to-ground missiles.
modification/us_agm_123;AGM-123
modification/us_agm_123/desc;Allows the mounting of AGM-123 Skipper II laser guided bombs.
modification/us_agm_130;AGM-130
modification/us_agm_130/desc;Allows the mounting of AGM-130 IR guided bombs.
modification/us_agm154_jsow;AGM-154A-1
modification/us_agm154_jsow/desc;Allows the mounting of AGM-154A-1 satellite guided bombs.
modification/us_agm_179;AGM-179D (SAL)
modification/us_agm_179/desc;Allows the mounting of AGM-179D JAGM-MR laser guided air-to-ground missiles.
modification/us_agm_179_ir;AGM-179D (IR)
modification/us_agm_179_ir/desc;Allows the mounting of AGM-179D JAGM-MR IR guided air-to-ground missiles.
modification/ah_1_TOW;BGM-71C
modification/ah_1_TOW/desc;Allows the mounting of BGM-71C ITOW wire guided air-to-ground missiles.
modification/ah_1_TOW_2;BGM-71C*
modification/ah_1_TOW_2/desc;Allows the mounting of additional BGM-71C ITOW wire guided air-to-ground missiles.
modification/ah_1_TOW2;BGM-71D
modification/ah_1_TOW2/desc;Allows the mounting of BGM-71D TOW-2 wire guided air-to-ground missiles.
modification/ah_1_TOW2_2;BGM-71D*
modification/ah_1_TOW2_2/desc;Allows the mounting of additional BGM-71D TOW 2 wire guided air-to-ground missiles.
modification/ah_1_TOW_16;BGM-71C*
modification/ah_1_TOW_16/desc;Allows the mounting of additional BGM-71C ITOW wire guided air-to-ground missiles.
modification/ah_1_TOW_2_16;BGM-71D*
modification/ah_1_TOW_2_16/desc;Allows the mounting of additional BGM-71D TOW 2 wire guided air-to-ground missiles.
modification/us_apkws;APKWS II
modification/us_apkws/desc;Allows the mounting of APKWS II laser guided rockets.
modification/us_agm_84d;AGM-84D
modification/us_agm_84d/desc;Allows the mounting of AGM-84D Harpoon anti-ship missiles.
modification/us_agm_65;AGM-65
modification/us_agm_65/desc;Allows the mounting of the following variants of the AGM-65 Maverick: {unlockWeapons}
modification/anti_radiation_missile_agm_122;AGM-122
modification/anti_radiation_missile_agm_122/desc;Allows the mounting of AGM-122 Sidearm anti-radiation missiles.
;
modification/flz_lwf_lb_66;Flz.Lwf. LB 66
modification/flz_lwf_lb_66/desc;Allows the mounting of Flz.Lwf.LB 66 radio guided air-to-ground missiles.
modification/sws_flz_lwf_lb_82;Flz.Lwf. LB 82
modification/sws_flz_lwf_lb_82/desc;Allows the mounting of Flz.Lwf.LB 82 TV guided air-to-ground missiles.
modification/gr_as_34;AS.34
modification/gr_as_34/desc;Allows the mounting of AS.34 ARH guided anti-ship missiles.
modification/sa_heli_hot;HOT
modification/sa_heli_hot/desc;Allows the mounting of HOT wire guided air-to-ground missiles.
modification/sa_heli_hot_2;HOT-2
modification/sa_heli_hot_2/desc;Allows the mounting of HOT-2 wire guided air-to-ground missiles.
modification/tiger_hot3;HOT-3
modification/tiger_hot3/desc;Allows the mounting of HOT-3 wire guided air-to-ground missiles.
modification/tiger_atgw3;PARS 3 LR
modification/tiger_atgw3/desc;Allows the mounting of PARS 3 LR IR guided air-to-ground missiles.
;
modification/yak_38_x23m;Kh-23M
modification/yak_38_x23m/desc;Allows the mounting of Kh-23M radio guided air-to-ground missiles.
modification/su_17_x25;Kh-25
modification/su_17_x25/desc;Allows the mounting of Kh-25 laser guided air-to-ground missiles.
modification/su_x25l_29l;Kh-25 / 29
modification/su_x25l_29l/desc;Allows the mounting the Kh-25ML and Kh-29L laser guided air-to-ground missiles.
modification/su_17_x29l;Kh-29L
modification/su_17_x29l/desc;Allows the mounting of Kh-29L laser guided air-to-ground missiles.
modification/mig_27_x29t;Kh-29T
modification/mig_27_x29t/desc;Allows the mounting of Kh-29T TV guided air-to-ground missiles.
modification/su_27sm_x29td;Kh-29TD
modification/su_27sm_x29td/desc;Allows the mounting of Kh-29TD TV guided air-to-ground missiles.
modification/su_25_x29te;Kh-29TE
modification/su_25_x29te/desc;Allows the mounting of Kh-29TE TV guided air-to-ground missiles.
modification/su_x29te_x59m;Kh-29 / 59
modification/su_x29te_x59m/desc;Allows the mounting of Kh-29TE and Kh-59M TV guided air-to-ground missiles.
modification/su_grom;Kh-36
modification/su_grom/desc;Allows the mounting of Kh-36 Grom satellite guided bombs.
modification/su_grom_e;Kh-36
modification/su_grom_e/desc;Allows the mounting of Kh-36 Grom-E satellite guided bombs.
modification/su_25_x38ml;Kh-38ML
modification/su_25_x38ml/desc;Allows the mounting of Kh-38ML laser guided air-to-ground missiles.
modification/su_25_x38mt;Kh-38MT
modification/su_25_x38mt/desc;Allows the mounting of Kh-38MT IR guided air-to-ground missiles.
modification/su_x38ml_e;Kh-38MLE
modification/su_x38ml_e/desc;Allows the mounting of Kh-38MLE laser guided air-to-ground missiles.
modification/su_x38mt_e;Kh-38MTE
modification/su_x38mt_e/desc;Allows the mounting of Kh-38MTE IR guided air-to-ground missiles.
modification/su_lmur;Kh-39
modification/su_lmur/desc;Allows the mounting of Kh-39 LMUR IR guided air-to-ground missiles.
modification/su_kh_59;Kh-59
modification/su_kh_59/desc;Allows the mounting of Kh-59M and Kh-59ME TV guided air-to-ground missiles.
modification/mig_21_x66;Kh-66
modification/mig_21_x66/desc;Allows the mounting of Kh-66 beam riding air-to-ground missiles.
modification/mi_8_su_9M14;9M14M
modification/mi_8_su_9M14/desc;Allows the mounting of 9M14M Malyutka wire guided air-to-ground missiles.
modification/mi_24_su_9M17M;9M17M
modification/mi_24_su_9M17M/desc;Allows the mounting of 9M17M Falanga-M radio guided air-to-ground missiles.
modification/mi_24_su_9M114;9M114
modification/mi_24_su_9M114/desc;Allows the mounting of 9M114 Shturm radio guided air-to-ground missiles.
modification/mi_24_su_9M114_2;9M114*
modification/mi_24_su_9M114_2/desc;Allows the mounting of additional 9M114 Shturm radio guided air-to-ground missiles.
modification/mi_24_su_9M114_4;9M114*
modification/mi_24_su_9M114_4/desc;Allows the mounting of additional 9M114 Shturm radio guided air-to-ground missiles.
modification/mi_35_9M114_4;9M114
modification/mi_35_9M114_4/desc;Allows the mounting of 9M114 Shturm radio guided air-to-ground missiles.
modification/mi_35_9M114_8;9M114*
modification/mi_35_9M114_8/desc;Allows the mounting of additional 9M114 Shturm radio guided air-to-ground missiles.
modification/mi_35_9M120_4;9M120
modification/mi_35_9M120_4/desc;Allows the mounting of 9M120 Ataka radio guided air-to-ground missiles.
modification/ka_52_9m120_6;9M120
modification/ka_52_9m120_6/desc;Allows the mounting of 9M120 Ataka radio guided air-to-ground missiles.
modification/mi_35_9M120_8;9M120*
modification/mi_35_9M120_8/desc;Allows the mounting of additional 9M120 Ataka radio guided air-to-ground missiles.
modification/mi_28nm_9M123;9M123
modification/mi_28nm_9M123/desc;Allows the mounting of 9M123 Khrizantema beam riding air-to-ground missiles.
modification/ka_9K121;9M127
modification/ka_9K121/desc;Allows the mounting of 9M127 Vikhr beam riding air-to-ground missiles.
modification/su_x29td_x59m;Kh-29 /K-59
modification/su_x29td_x59m/desc;Allows the mounting of the following types of Kh-29 and Kh-59 guided missiles: {unlockWeapons}
modification/rs_vrvz_240;VRVZ-240
modification/rs_vrvz_240/desc;Allows the mounting of VRVZ-240 TV guided air-to-ground missiles.
modification/rs_grom;Grom
modification/rs_grom/desc;Allows the mounting of Grom radio guided air-to-ground missiles.
modification/rs_grom_b;Grom-B
modification/rs_grom_b/desc;Allows the mounting of Grom-B TV guided air-to-ground missiles.
modification/kosava_3_tm;Košava 3 TM
modification/kosava_3_tm/desc;Allows the mounting of Košava 3 TM TV guided air-to-ground missiles.
modification/rs_e_24_a1;E-24-A1
modification/rs_e_24_a1/desc;Allows the mounting of E-24-A1 radio guided air-to-ground missiles.
;
modification/uk_martlet;Martlet
modification/uk_martlet/desc;Allows the mounting of Martlet laser guided air-to-ground missiles.
modification/uk_brimstone_dm;Brimstone
modification/uk_brimstone_dm/desc;Allows the mounting of Brimstone air-to-ground missiles.
modification/sa_zt_35_ingwe;ZT3A2
modification/sa_zt_35_ingwe/desc;Allows the mounting of ZT3A2 Ingwe beam riding air-to-ground missiles.
modification/atgm_mokopa;ZT6
modification/atgm_mokopa/desc;Allows the mounting of ZT6 Mokopa laser guided air-to-ground missiles.
modification/uk_sea_eagle;Sea Eagle
modification/uk_sea_eagle/desc;Allows the mounting of Sea Eagle ARH guided anti-ship missiles.
;
modification/jp_asm1;ASM-1
modification/jp_asm1/desc;Allows the mounting of ASM-1 ARH guided anti-ship missiles.
modification/jp_asm2;ASM-2
modification/jp_asm2/desc;Allows the mounting of ASM-2 ARH guided anti-ship missiles.
;
modification/cn_hj8;HJ8A
modification/cn_hj8/desc;Allows the mounting of HJ8A wire guided air-to-ground missiles.
modification/cn_hj8_c;HJ8C
modification/cn_hj8_c/desc;Allows the mounting of HJ8C wire guided air-to-ground missiles.
modification/cn_hj8_e;HJ8E
modification/cn_hj8_e/desc;Allows the mounting of HJ8E wire guided air-to-ground missiles.
modification/cn_hj8_h;HJ8H
modification/cn_hj8_h/desc;Allows the mounting of HJ8H wire guided air-to-ground missiles.
modification/cn_akd_9;AKD9
modification/cn_akd_9/desc;Allows the mounting of AKD9 laser guided air-to-ground missiles.
modification/cn_ba_9;BA-9
modification/cn_ba_9/desc;Allows the mounting of BA-9 laser guided air-to-ground missiles.
modification/cn_akd_10;AKD10
modification/cn_akd_10/desc;Allows the mounting of AKD10 laser guided air-to-ground missiles.
modification/cn_cm_502kg;CM502KG
modification/cn_cm_502kg/desc;Allows the mounting of CM502KG IR guided air-to-ground missiles.
modification/cn_fire_snake_70a;FS70
modification/cn_fire_snake_70a/desc;Allows the mounting of FS70 launchers, firing Fire Snake 70A laser guided rockets.
modification/cn_fire_snake_90a;HF20
modification/cn_fire_snake_90a/desc;Allows the mounting of HF20 launchers, firing Fire Snake 90A laser guided rockets.
modification/cn_ba_11;BA-11A
modification/cn_ba_11/desc;Allows the mounting of BA-11A IR guided air-to-ground missiles.
modification/cn_yj_81k;YJ81
modification/cn_yj_81k/desc;Allows the mounting of YJ81 ARH guided anti-ship missiles.
modification/ch_yj_83k_missile;YJ83K
modification/ch_yj_83k_missile/desc;Allows the mounting of YJ83K ARH guided anti-ship missiles.
modification/ch_kd_88;KD88
modification/ch_kd_88/desc;Allows the mounting of KD88 TV guided air-to-ground missiles.
modification/ch_kd_88a;KD88A
modification/ch_kd_88a/desc;Allows the mounting of KD88A IR guided air-to-ground missiles.
;
modification/tr_cirit_x4;CIRIT
modification/tr_cirit_x4/desc;Allows the mounting of CIRIT laser guided rockets.
modification/tr_umtas_x4;L-UMTAS
modification/tr_umtas_x4/desc;Allows the mounting of L-UMTAS laser guided air-to-ground missiles.
;
modification/fr_aj_168;AJ.168
modification/fr_aj_168/desc;Allows the mounting of AJ.168 TV guided air-to-ground missiles.
modification/as_12_atgm;AS.12
modification/as_12_atgm/desc;Allows the mounting of AS.12 wire guided air-to-ground missiles.
modification/nord_as_20;AS.20
modification/nord_as_20/desc;Allows the mounting of AS.20 radio guided air-to-ground missiles.
modification/nord_as_30;AS.30
modification/nord_as_30/desc;Allows the mounting of AS.30 radio guided air-to-ground missiles.
modification/fr_as_30;AS.30
modification/fr_as_30/desc;Allows the mounting of AS.30 radio guided air-to-ground missiles.
modification/fr_as_30l;AS.30L
modification/fr_as_30l/desc;Allows the mounting of AS.30L laser guided air-to-ground missiles.
modification/tiger_trigat_lr;AC 3G
modification/tiger_trigat_lr/desc;Allows the mounting of AC 3G IR guided air-to-ground missiles.
modification/fr_aasm_250_sbu_38;AASM-GPS
modification/fr_aasm_250_sbu_38/desc;Allows the mounting of AASM-GPS satellite guided air-to-ground missiles.
modification/fr_aasm_250_sbu_64;AASM-IIR
modification/fr_aasm_250_sbu_64/desc;Allows the mounting of AASM-IIR IR guided air-to-ground missiles.
modification/fr_aasm_250_sbu_54;AASM-LAS
modification/fr_aasm_250_sbu_54/desc;Allows the mounting of AASM-LAS laser guided air-to-ground missiles.
;
modification/rb_05a;rb 05A
modification/rb_05a/desc;Allows the mounting of rb 05A radio guided air-to-ground missiles.
modification/swd_rb75;rb 75
modification/swd_rb75/desc;Allows the mounting of rb 75 TV guided air-to-ground missiles.
modification/swd_rb75t;rb 75T
modification/swd_rb75t/desc;Allows the mounting of rb 75T TV guided air-to-ground missiles.
modification/us_agm_119a;Penguin MK3
modification/us_agm_119a/desc;Allows the mounting of Penguin MK3 IR guided anti-ship missiles.
;
modification/is_delilah;Delilah (TV)
modification/is_delilah/desc;Allows the mounting of Delilah TV guided air-to-ground missiles.
modification/is_delilah_ir;Delilah (IR)
modification/is_delilah_ir/desc;Allows the mounting of Delilah IR guided air-to-ground missiles.
modification/atgm_spike_x2;Spike ER
modification/atgm_spike_x2/desc;Allows the mounting of Spike ER IR guided air-to-ground missiles.
modification/atgm_spike_x4;Spike ER*
modification/atgm_spike_x4/desc;Allows the mounting of additional Spike ER IR guided air-to-ground missiles.
modification/atgm_spike_nlos;Spike NLOS
modification/atgm_spike_nlos/desc;Allows the mounting of Spike NLOS IR guided air-to-ground missiles.
modification/il_gatr;GATR
modification/il_gatr/desc;Allows the mounting of GATR laser guided rockets.
;
modification/us_arm;Anti-Rad Missiles
modification/us_arm/desc;Allows the mounting of the following anti-radiation missiles: {unlockWeapons}
modification/su_arm;Anti-Rad Missiles
modification/su_arm/desc;Allows the mounting of the following anti-radiation missiles: {unlockWeapons}
modification/asm;Anti-Ship Missiles
modification/asm/desc;Allows the mounting of the following anti-ship missiles: {unlockWeapons}
modification/tv_atgm;TV Guided AGM
modification/tv_atgm/desc;Allows the mounting of the following TV guided air-to-ground missiles: {unlockWeapons}
;
;
<GBU Mods>;
;
modification/us_gbu_8;GBU-8/B
modification/us_gbu_8/desc;Allows the mounting of GBU-8/B TV guided bombs.
modification/us_gbu_8_15;GBU-8 / 15
modification/us_gbu_8_15/desc;Allows the mounting of the following TV guided bombs: {unlockWeapons}
modification/us_gbu_10;GBU-10/B
modification/us_gbu_10/desc;Allows the mounting of GBU-10/B laser guided bombs.
modification/us_gbu_10_gbu_24;GBU-10 / 24
modification/us_gbu_10_gbu_24/desc;Allows the mounting of the following laser guided bombs: {unlockWeapons}
modification/us_gbu_12;GBU-12/B
modification/us_gbu_12/desc;Allows the mounting of GBU-12/B laser guided bombs.
modification/us_gbu_12_22;GBU-12 / 22
modification/us_gbu_12_22/desc;Allows the mounting of the following laser guided bombs: {unlockWeapons}
modification/us_gbu_12_49;GBU-12 / 49
modification/us_gbu_12_49/desc;Allows the mounting of the following laser guided bombs: {unlockWeapons}
modification/us_gbu_15v1;GBU-15/B
modification/us_gbu_15v1/desc;Allows the mounting of GBU-15/B TV or IR guided bombs.
modification/us_gbu_16;GBU-16/B
modification/us_gbu_16/desc;Allows the mounting of GBU-16/B laser guided bombs.
modification/us_gbu_24;GBU-24/B
modification/us_gbu_24/desc;Allows the mounting of GBU-24/B laser guided bombs.
modification/us_egbu_24;GBU-24E/B
modification/us_egbu_24/desc;Allows the mounting of GBU-24E/B laser guided bombs.
modification/us_gbu_24_gbu_50;GBU-24 / 50
modification/us_gbu_24_gbu_50/desc;Allows the mounting of the following laser guided bombs: {unlockWeapons}
modification/fr_gbu_24_gbu_50;GBU-24 / 50
modification/fr_gbu_24_gbu_50/desc;Allows the mounting of the following laser guided bombs: {unlockWeapons}
modification/us_gbu_27;GBU-27/B
modification/us_gbu_27/desc;Allows the mounting of GBU-27/B laser guided bombs.
modification/us_gbu_31;GBU-31/B
modification/us_gbu_31/desc;Allows the mounting of GBU-31/B satellite guided bombs.
modification/us_gbu31_gbu64_jdam;GBU-31 / 64
modification/us_gbu31_gbu64_jdam/desc;Allows the mounting of the following JDAM guided bombs: {unlockWeapons}
modification/us_gbu_31_62;GBU-31 / 62
modification/us_gbu_31_62/desc;Allows the mounting of the following JDAM guided bombs: {unlockWeapons}
modification/us_gbu_31_64;GBU-31 / 64
modification/us_gbu_31_64/desc;Allows the mounting of the following JDAM guided bombs: {unlockWeapons}
modification/us_gbu_32_31;GBU-32 / 31
modification/us_gbu_32_31/desc;Allows the mounting of the following JDAM guided bombs: {unlockWeapons}
modification/us_gbu_32;GBU-32/B
modification/us_gbu_32/desc;Allows the mounting of GBU-32/B satellite guided bombs.
modification/us_gbu_38;GBU-38/B
modification/us_gbu_38/desc;Allows the mounting of GBU-38/B satellite guided bombs.
modification/us_gbu38_gbu62_jdam;GBU-38 / 62
modification/us_gbu38_gbu62_jdam/desc;Allows the mounting of the following JDAM guided bombs: {unlockWeapons}
modification/us_gbu_38_62;GBU-38 / 62
modification/us_gbu_38_62/desc;Allows the mounting of the following JDAM guided bombs: {unlockWeapons}
modification/us_gbu39;GBU-39/B
modification/us_gbu39/desc;Allows the mounting of GBU-39/B satellite guided bombs.
modification/us_gbu_48;GBU-48/B
modification/us_gbu_48/desc;Allows the mounting of GBU-48/B laser guided bombs.
modification/us_gbu54b;GBU-54/B
modification/us_gbu54b/desc;Allows the mounting of the following LJDAM guided bombs: {unlockWeapons}
modification/gr_assta_3_0_gbu54b;GBU-54/B
modification/gr_assta_3_0_gbu54b/desc;Allows the mounting of GBU-54/B laser guided bombs.
modification/us_gbu_laser;Laser Guided Bombs
modification/us_gbu_laser/desc;Allows the mounting of the following laser guided bombs: {unlockWeapons}
modification/us_jdam;JDAM
modification/us_jdam/desc;Allows the mounting of the following JDAM guided bombs: {unlockWeapons}
modification/us_ljdam;LJDAM
modification/us_ljdam/desc;Allows the mounting of the following LJDAM guided bombs: {unlockWeapons}
modification/us_gbu_53;GBU-53/B
modification/us_gbu_53/desc;Allows the mounting of GBU-53/B IR guided bombs.
;
modification/de_hosbo_glide_bomb;HOSBO
modification/de_hosbo_glide_bomb/desc;Allows the mounting of HOSBO IR guided bombs.
;
modification/mig_27_kab_500;KAB-500Kr
modification/mig_27_kab_500/desc;Allows the mounting of KAB-500Kr TV guided bombs.
modification/mig_27_kab_500l;KAB-500L
modification/mig_27_kab_500l/desc;Allows the mounting of KAB-500L laser guided bombs.
modification/su_kab_500lg;KAB-500LG
modification/su_kab_500lg/desc;Allows the mounting of KAB-500LG laser guided bombs.
modification/upab_500b;UPAB-500B
modification/upab_500b/desc;Allows the mounting of UPAB-500B satellite guided bombs.
modification/upab_500b_e;UPAB-500B-E
modification/upab_500b_e/desc;Allows the mounting of UPAB-500B-E satellite guided bombs.
modification/su_27_kab_1500;KAB-1500Kr
modification/su_27_kab_1500/desc;Allows the mounting of KAB-1500Kr TV guided bombs.
modification/su_kab_1500l;KAB-1500L
modification/su_kab_1500l/desc;Allows the mounting of KAB-1500L laser guided bombs.
modification/upab_1500;UPAB-1500B
modification/upab_1500/desc;Allows the mounting of UPAB-1500B guided bombs.
modification/upab_1500_e;UPAB-1500B-E
modification/upab_1500_e/desc;Allows the mounting of UPAB-1500B-E guided bombs.
modification/su_kab_laser;Laser Guided Bombs
modification/su_kab_laser/desc;Allows the mounting of the following laser guided bombs: {unlockWeapons}
modification/su_kab_tv;TV Guided Bombs
modification/su_kab_tv/desc;Allows the mounting of the following TV guided bombs: {unlockWeapons}
modification/su_kab_gps;Satellite Guided Bombs
modification/su_kab_gps/desc;Allows the mounting of the following satellite guided bombs: {unlockWeapons}
modification/rs_fab_pgb;Precision Guided Bombs
modification/rs_fab_pgb/desc;Allows the mounting of the following precision guided bombs: {unlockWeapons}
;
modification/uk_mk_13_18;Mk.13 / EPW
modification/uk_mk_13_18/desc;Allows the mounting of the following laser guided bombs: {unlockWeapons}
modification/uk_paveway_iv;Paveway IV
modification/uk_paveway_iv/desc;Allows the mounting of Paveway IV laser guided bombs.
;
modification/kr_kggb;KGGB
modification/kr_kggb/desc;Allows the mounting of KGGB satellite guided bombs.
;
modification/cn_sns_bomb;GB250
modification/cn_sns_bomb/desc;Allows the mounting of GB250 laser/satellite guided bombs.
modification/cn_ts_250;GB3
modification/cn_ts_250/desc;Allows the mounting of GB3 laser guided bombs.
modification/cn_ls_500j;LT-2
modification/cn_ls_500j/desc;Allows the mounting of LT-2 laser guided bombs.
modification/cn_ls_1000j;GB5
modification/cn_ls_1000j/desc;Allows the mounting of GB5 laser guided bombs.
modification/cn_glide_bomb;LS-6 (GNSS)
modification/cn_glide_bomb/desc;Allows the mounting of LS-6 satellite guided bombs.
modification/cn_glide_bomb_ir;LS-6 (IR)
modification/cn_glide_bomb_ir/desc;Allows the mounting of LS-6 IR guided bombs.
modification/cn_ls_6_250_ir;LS-6/250 (IR)
modification/cn_ls_6_250_ir/desc;Allows the mounting of 250 kg LS-6 IR guided bombs.
modification/cn_ls_6_500_ir;LS-6/500 (IR)
modification/cn_ls_6_500_ir/desc;Allows the mounting of 500 kg LS-6 IR guided bombs.
modification/cn_ls_laser;Laser Guided Bombs
modification/cn_ls_laser/desc;Allows the mounting of the following laser guided bombs: {unlockWeapons}
;
modification/br_lizard;Lizard LGB
modification/br_lizard/desc;Allows the mounting of BAFG-230 bombs with Lizard guidance kit.
;
modification/fr_bgl400;BGL-400
modification/fr_bgl400/desc;Allows the mounting of BGL-400 laser guided bombs.
modification/fr_bgl1000;BGL-1000
modification/fr_bgl1000/desc;Allows the mounting of BGL-1000 laser guided bombs.
modification/fr_pgm_500;PGM 500
modification/fr_pgm_500/desc;Allows the mounting of PGM 500 TV guided bombs.
modification/fr_pgm_500_3;PGM 500
modification/fr_pgm_500_3/desc;Allows the mounting of PGM 500/3 IR guided bombs.
modification/fr_pgm_2000;PGM 2000
modification/fr_pgm_2000/desc;Allows the mounting of PGM 2000 TV guided bombs.
modification/fr_pgm_2000_3;PGM 2000
modification/fr_pgm_2000_3/desc;Allows the mounting of PGM 2000/3 IR guided bombs.
modification/fr_pgm_tv;TV Guided PGM
modification/fr_pgm_tv/desc;Allows the mounting of the following TV guided bombs: {unlockWeapons}
modification/fr_pgm_ir;IR Guided PGM
modification/fr_pgm_ir/desc;Allows the mounting of the following IR guided bombs: {unlockWeapons}
modification/fr_pgm_laser;Laser Guided PGM
modification/fr_pgm_laser/desc;Allows the mounting of the following laser guided bombs: {unlockWeapons}
modification/fr_bgl400_gbu_48;BGL-400 / GBU-48
modification/fr_bgl400_gbu_48/desc;Allows the mounting of the following laser guided bombs: {unlockWeapons}
;
modification/il_spice_250_1000;SPICE 250 / 1000
modification/il_spice_250_1000/desc;Allows the mounting of the following IR guided bombs: {unlockWeapons}
modification/il_spice_1000;SPICE 1000
modification/il_spice_1000/desc;Allows the mounting of SPICE 1000 IR guided bombs.
modification/il_spice_1000_2000;SPICE 1000 / 2000
modification/il_spice_1000_2000/desc;Allows the mounting of the following IR guided bombs: {unlockWeapons}
modification/il_spice_2000_gbu31_jdam;SPICE 2000 / GBU-31
modification/il_spice_2000_gbu31_jdam/desc;Allows the mounting of the following IR guided bombs: {unlockWeapons}
modification/il_spice_2000;SPICE 2000
modification/il_spice_2000/desc;Allows the mounting of SPICE 2000 IR guided bombs.
;
;
;
<TGP Mods>;
;
modification/us_an_aas_38_pod;Nite Hawk
modification/us_an_aas_38_pod/desc;Allows the mounting of the AN/AAS-38 Nite Hawk targeting pod.
modification/us_an_aas_38a_pod;Nite Hawk
modification/us_an_aas_38a_pod/desc;Allows the mounting of the AN/AAS-38A Nite Hawk targeting pod.
modification/us_an_aas_38b_pod;Nite Hawk
modification/us_an_aas_38b_pod/desc;Allows the mounting of the AN/AAS-38B Nite Hawk targeting pod.
modification/us_an_asq_228_pod;ATFLIR
modification/us_an_asq_228_pod/desc;Allows the mounting of the AN/ASQ-228 ATFLIR targeting pod.
modification/us_lantirn_pod;LANTIRN
modification/us_lantirn_pod/desc;Allows the mounting of the AN/AAQ-25 LANTIRN targeting pod.
modification/gr_litening_pod;LITENING II
modification/gr_litening_pod/desc;Allows the mounting of the AN/AAQ-28 LITENING II targeting pod.
modification/gr_litening_iii_pod;LITENING III
modification/gr_litening_iii_pod/desc;Allows the mounting of the AN/AAQ-28 LITENING III targeting pod.
modification/us_pave_tack_pod;Pave Tack
modification/us_pave_tack_pod/desc;Allows the mounting of the AN/AVQ-26 Pave Tack targeting pod.
modification/us_pave_spike_pod;Pave Spike
modification/us_pave_spike_pod/desc;Allows the mounting of the AN/ASQ-153 Pave Spike targeting pod.
modification/us_sniper_pod;Sniper
modification/us_sniper_pod/desc;Allows the mounting of the AN/AAQ-33 Sniper Advanced Targeting Pod.
;
modification/su_mercury_pod;Mercury
modification/su_mercury_pod/desc;Allows the mounting of the Mercury targeting pod.
modification/t_220;T/220
modification/t_220/desc;Allows the mounting of the T/220 targeting pod.
;
modification/uk_tiald;TIALD
modification/uk_tiald/desc;Allows the mounting of the TIALD targeting pod.
modification/uk_tiald_pod;TIALD
modification/uk_tiald_pod/desc;Allows the mounting of the TIALD targeting pod.
;
modification/j_aaq_2_pod;J/AAQ-2
modification/j_aaq_2_pod/desc;Allows the mounting of the J/AAQ-2 targeting pod.
;
modification/cn_k_pzs_01;K/PZS01
modification/cn_k_pzs_01/desc;Allows the mounting of the K/PZS01 targeting pod.
modification/cn_k_adc03a;K/JDC03A
modification/cn_k_adc03a/desc;Allows the mounting of the K/JDC03A targeting pod.
modification/cn_yings_3a;YINGS-IIIA
modification/cn_yings_3a/desc;Allows themounting of the YINGS-IIIA targeting pod.
;
modification/it_pdlct_s_pod;CLDP
modification/it_pdlct_s_pod/desc;Allows the mounting of the CLDP targeting pod.
modification/tr_aselpod;ASELPOD
modification/tr_aselpod/desc;Allows the mounting of the ASELPOD targeting pod.
;
modification/fr_atlis2;ATLIS II
modification/fr_atlis2/desc;Allows the mounting of the ATLIS II targeting pod.
modification/fr_damocles_pod;DAMOCLES
modification/fr_damocles_pod/desc;Allows the mounting of the DAMOCLES targeting pod.
modification/fr_talios_pod;TALIOS
modification/fr_talios_pod/desc;Allows the mounting of the TALIOS targeting pod.
;
;
;
<Dumb Bomb Mods>;
;
modification/mk41_mod;AN-M30
modification/mk41_mod/desc;Allows the mounting of 100 lb high-explosive bombs.
modification/f2a3_2x100lb;AN-M30
modification/f2a3_2x100lb/desc;Allows the mounting of 100 lb high-explosive bombs.
modification/b-24_sbc;AN-M30
modification/b-24_sbc/desc;Allows the mounting of 100 lb high-explosive bombs.
modification/fsbc_mk1;AN-M30
modification/fsbc_mk1/desc;Allows the mounting of 100 lb high-explosive bombs.
modification/b-25_sbc;AN-M57
modification/b-25_sbc/desc;Allows the mounting of additional 250 lb high-explosive bombs.
modification/fsbc_mk5;AN-M57
modification/fsbc_mk5/desc;Allows the mounting of 250 lb high-explosive bombs.
modification/us_250lb_anm57;AN-M57
modification/us_250lb_anm57/desc;Allows the mounting of 250 lb high-explosive bombs.
modification/us_250lb_mk81;MK 81
modification/us_250lb_mk81/desc;Allows the mounting of 250 lb high-explosive bombs.
modification/us_300lb_m_31;M31
modification/us_300lb_m_31/desc;Allows the mounting of 300 lb high-explosive bombs.
modification/b-17_sbc;AN-M64
modification/b-17_sbc/desc;Allows the mounting of additional 500 lb high-explosive bombs.
modification/b-24_mbc;AN-M64
modification/b-24_mbc/desc;Allows the mounting of additional 500 lb high-explosive bombs.
modification/pby5_mbc;AN-M64
modification/pby5_mbc/desc;Allows the mounting of 500 lb high-explosive bombs.
modification/b-25_mbc;AN-M64
modification/b-25_mbc/desc;Allows the mounting of 500 lb high-explosive bombs.
modification/fmbc_mk1;AN-M64
modification/fmbc_mk1/desc;Allows the mounting of 500 lb high-explosive bombs.
modification/us_500lb_anm64a1;AN-M64
modification/us_500lb_anm64a1/desc;Allows the mounting of 500 lb high-explosive bombs.
modification/fmbc_mk2;AN-M64
modification/fmbc_mk2/desc;Allows the mounting of 500 lb high-explosive bombs.
modification/btd_sbc;AN-M64
modification/btd_sbc/desc;Allows the mounting of 500 lb high-explosive bombs.
modification/us_500lb_m64;AN-M64
modification/us_500lb_m64/desc;Allows the mounting of 500 lb high-explosive bombs.
modification/bmbc_mk1;AN-M64
modification/bmbc_mk1/desc;Allows the mounting of 500 lb high-explosive bombs.
modification/us_500lb_m64_2;AN-M64*
modification/us_500lb_m64_2/desc;Allows the mounting of additional 500 lb high-explosive bombs.
modification/b-29_sbc;AN-M64
modification/b-29_sbc/desc;Allows the mounting of additional 500 lb high-explosive bombs.
modification/us_500lb_mk82;MK 82
modification/us_500lb_mk82/desc;Allows the mounting of 500 lb high-explosive bombs.
modification/us_500lb_m82;MK 82
modification/us_500lb_m82/desc;Allows the mounting of 500 lb high-explosive bombs.
modification/us_500lb_m82_2;MK 82*
modification/us_500lb_m82_2/desc;Allows the mounting of additional 500 lb high-explosive bombs.
modification/us_600lb_m_32;M32
modification/us_600lb_m_32/desc;Allows the mounting of 600 lb high-explosive bombs.
modification/us_750lb_m117;M117
modification/us_750lb_m117/desc;Allows the mounting of 750 lb high-explosive bombs.
modification/us_750lb_m117a1;M117
modification/us_750lb_m117a1/desc;Allows the mounting of 750 lb high-explosive bombs.
modification/us_1000lb_anm_44;AN-M44
modification/us_1000lb_anm_44/desc;Allows the mounting of 1000 lb high-explosive bombs.
modification/b-17_mbc;AN-M65
modification/b-17_mbc/desc;Allows the mounting of 1000 lb high-explosive bombs.
modification/b-24_lbc;AN-M65
modification/b-24_lbc/desc;Allows the mounting of 1000 lb high-explosive bombs.
modification/pby5_lbc;AN-M65
modification/pby5_lbc/desc;Allows the mounting of 1000 lb high-explosive bombs.
modification/b-25_lbc;AN-M65
modification/b-25_lbc/desc;Allows the mounting of 1000 lb high-explosive bombs.
modification/flbc_mk1;AN-M65
modification/flbc_mk1/desc;Allows the mounting of 1000 lb high-explosive bombs.
modification/us_1000lb_m65;AN-M65
modification/us_1000lb_m65/desc;Allows the mounting of 1000 lb high-explosive bombs.
modification/btd_mbc;AN-M65
modification/btd_mbc/desc;Allows the mounting of 1000 lb high-explosive bombs.
modification/b-29_mbc;AN-M65
modification/b-29_mbc/desc;Allows the mounting of 1000 lb high-explosive bombs.
modification/blbc_mk1;AN-M65
modification/blbc_mk1/desc;Allows the mounting of 1000 lb high-explosive bombs.
modification/EELBC_mark_3;AN-M65
modification/EELBC_mark_3/desc;Allows the mounting of 1000 lb high-explosive bombs.
modification/flbc_mk2;MK 83
modification/flbc_mk2/desc;Allows the mounting of 1000 lb high-explosive bombs.
modification/us_1000lb_mk83;MK 83
modification/us_1000lb_mk83/desc;Allows the mounting of 1000 lb high-explosive bombs.
modification/us_1000lb_m83;MK 83
modification/us_1000lb_m83/desc;Allows the mounting of 1000 lb high-explosive bombs.
modification/us_1000lb_m83_2;MK 83*
modification/us_1000lb_m83_2/desc;Allows the mounting of additional 1000 lb high-explosive bombs.
modification/an_mk1;AN-Mk 1
modification/an_mk1/desc;Allows the mounting of 1600 lb armor-piercing bombs.
modification/us_2000lbs_anm34;AN-M34
modification/us_2000lbs_anm34/desc;Allows the installation of 2000 lb high-explosive bombs.
modification/b-17_lbc;AN-M66
modification/b-17_lbc/desc;Allows the mounting of 2000 lb high-explosive bombs.
modification/flbc_mk3;AN-M66
modification/flbc_mk3/desc;Allows the mounting of 2000 lb high-explosive bombs.
modification/us_2000lbs_anm66;AN-M66
modification/us_2000lbs_anm66/desc;Allows the mounting of 2000 lb high-explosive bombs.
modification/us_2000lb_m66;AN-M66
modification/us_2000lb_m66/desc;Allows the mounting of 2000 lb high-explosive bombs.
modification/btd_lbc;AN-M66
modification/btd_lbc/desc;Allows the mounting of 2000 lb high-explosive bombs.
modification/b-29_lbc;AN-M66
modification/b-29_lbc/desc;Allows the mounting of 2000 lb high-explosive bombs.
modification/us_2000lb_mk84;MK 84
modification/us_2000lb_mk84/desc;Allows the mounting of 2000 lb high-explosive bombs.
modification/us_3000lb_mk118;M118
modification/us_3000lb_mk118/desc;Allows the installation of 3000 lb bombs.
modification/us_4000lb_anm56_box;AN-M56
modification/us_4000lb_anm56_box/desc;Allows the installation of 4000 lb bombs.
modification/us_mine_mk13_mod0;MK 13 MOD 0
modification/us_mine_mk13_mod0/desc;Allows the mounting of 1000 lb naval mines.
modification/m10_pylon;M10 Rack
modification/m10_pylon/desc;Allows the installation of additional bombs on external M10 bomb racks.
;
modification/he51_6xsd10;SD 10
modification/he51_6xsd10/desc;Allows the mounting of 10 kg high-explosive bombs.
modification/etc50_4_mod;SC 50 JA
modification/etc50_4_mod/desc;Allows the mounting of 50 kg high-explosive bombs.
modification/Hs-123_4xSC50;SC 50 JA
modification/Hs-123_4xSC50/desc;Allows the mounting of 50 kg high-explosive bombs.
modification/Bf-109F-4_4xSC50;SC 50 JA
modification/Bf-109F-4_4xSC50/desc;Allows the mounting of 50 kg high-explosive bombs.
modification/Bf-109E-3_4xSC50;SC 50 JA
modification/Bf-109E-3_4xSC50/desc;Allows the mounting of 50 kg high-explosive bombs.
modification/Bf-109G-2_4xSC50;SC 50 JA
modification/Bf-109G-2_4xSC50/desc;Allows the mounting of 50 kg high-explosive bombs.
modification/Bf-109G-6_4xSC50;SC 50 JA
modification/Bf-109G-6_4xSC50/desc;Allows the mounting of 50 kg high-explosive bombs.
modification/Bf-110C-4_8xSC50;SC 50 JA
modification/Bf-110C-4_8xSC50/desc;Allows the mounting of 50 kg high-explosive bombs.
modification/Fw-190A-5_4xSC50;SC 50 JA
modification/Fw-190A-5_4xSC50/desc;Allows the mounting of 50 kg high-explosive bombs.
modification/Fw-190D-12_4xSC50;SC 50 JA
modification/Fw-190D-12_4xSC50/desc;Allows the mounting of 50 kg high-explosive bombs.
modification/Fw-190D-12_8xSC50;SC 50 JA*
modification/Fw-190D-12_8xSC50/desc;Allows the mounting of additional 50 kg high-explosive bombs.
modification/ju-88_itc50;SC 50 JA
modification/ju-88_itc50/desc;Allows the mounting of 50 kg high-explosive bombs.
modification/Bf-109E-3_SC250;SC 250 JA
modification/Bf-109E-3_SC250/desc;Allows the mounting of 250 kg high-explosive bombs.
modification/Bf-109F-4_SC250;SC 250 JA
modification/Bf-109F-4_SC250/desc;Allows the mounting of 250 kg high-explosive bombs.
modification/Bf-109G-2_SC250;SC 250 JA
modification/Bf-109G-2_SC250/desc;Allows the mounting of 250 kg high-explosive bombs.
modification/Bf-109G-6_SC250;SC 250 JA
modification/Bf-109G-6_SC250/desc;Allows the mounting of 250 kg high-explosive bombs.
modification/Bf-109G-10_SC250;SC 250 JA
modification/Bf-109G-10_SC250/desc;Allows the mounting of 250 kg high-explosive bombs.
modification/Bf-110C-4_2xSC250;SC 250 JA
modification/Bf-110C-4_2xSC250/desc;Allows the mounting of 250 kg high-explosive bombs.
modification/Bf-110C-4_SC50_SC250;SC 250 JA
modification/Bf-110C-4_SC50_SC250/desc;Allows the mounting of 250 kg high-explosive bombs.
modification/Fw-190A-5_SC250;SC 250 JA
modification/Fw-190A-5_SC250/desc;Allows the mounting of 250 kg high-explosive bombs.
modification/Fw-190D-12_SC250;SC 250 JA
modification/Fw-190D-12_SC250/desc;Allows the mounting of 250 kg high-explosive bombs.
modification/Fw-190D-12_SC250_4xSC50;SC 250 JA
modification/Fw-190D-12_SC250_4xSC50/desc;Allows the mounting of 250 kg high-explosive bombs.
modification/he-111h-2_8xSC250;SC 250 JA
modification/he-111h-2_8xSC250/desc;Allows the mounting of 250 kg high-explosive bombs.
modification/Hs-123_SC250;SC 250 JA
modification/Hs-123_SC250/desc;Allows the mounting of 250 kg high-explosive bombs.
modification/ju-88_4xSC250;SC 250 JA
modification/ju-88_4xSC250/desc;Allows the mounting of 250 kg high-explosive bombs.
modification/ju_88_SC250;SC 250 JA
modification/ju_88_SC250/desc;Allows the mounting of 250 kg high-explosive bombs.
modification/etc250_2_mod;SC 250 JA
modification/etc250_2_mod/desc;Allows the mounting of 250 kg high-explosive bombs.
modification/Bf-109G-14_SC250;SC 250 JA
modification/Bf-109G-14_SC250/desc;Allows the mounting of 250 kg high-explosive bombs.
modification/itc250;SC 250 JA
modification/itc250/desc;Allows the mounting of 250 kg high-explosive bombs.
modification/itc250_add;SC 250 JA*
modification/itc250_add/desc;Allows the mounting of additional 250 kg high-explosive bombs.
modification/Bf-109F-4_SC500;SC 500 K
modification/Bf-109F-4_SC500/desc;Allows the mounting of 500 kg high-explosive bombs.
modification/Bf-109G-2_SC500;SC 500 K
modification/Bf-109G-2_SC500/desc;Allows the mounting of 500 kg high-explosive bombs.
modification/Bf-109G-6_SC500;SC 500 K
modification/Bf-109G-6_SC500/desc;Allows the mounting of 500 kg high-explosive bombs.
modification/Bf-109G-10_SC500;SC 500 K
modification/Bf-109G-10_SC500/desc;Allows the mounting of 500 kg high-explosive bombs.
modification/Bf-110C-4_SC500;SC 500 K
modification/Bf-110C-4_SC500/desc;Allows the mounting of 500 kg high-explosive bombs.
modification/Fw-190A-5_SC500;SC 500 K
modification/Fw-190A-5_SC500/desc;Allows the mounting of 500 kg high-explosive bombs.
modification/Fw-190D-12_SC500;SC 500 K
modification/Fw-190D-12_SC500/desc;Allows the mounting of 500 kg high-explosive bombs.
modification/Fw-190D-12_SC500_4xSC50;SC 500 K
modification/Fw-190D-12_SC500_4xSC50/desc;Allows the mounting of 500 kg high-explosive bombs.
modification/Fw-190F-8_SC500;SC 500 K
modification/Fw-190F-8_SC500/desc;Allows the mounting of 500 kg high-explosive bombs.
modification/Fw-190F-8_SC500_4xSC50;SC 500 K
modification/Fw-190F-8_SC500_4xSC50/desc;Allows the mounting of 500 kg high-explosive bombs.
modification/do217_250-500kg_pylon;SC 500 K
modification/do217_250-500kg_pylon/desc;Allows the mounting of 500 kg high-explosive bombs.
modification/ju_88_SC500;SC 500 K
modification/ju_88_SC500/desc;Allows the mounting of 500 kg high-explosive bombs.
modification/ju-88_2xSC500;SC 500 K
modification/ju-88_2xSC500/desc;Allows the mounting of 500 kg high-explosive bombs.
modification/etc500_3_mod;SC 500 K
modification/etc500_3_mod/desc;Allows the mounting of 500 kg high-explosive bombs.
modification/itc_500;SC 500 K
modification/itc_500/desc;Allows the mounting of 500 kg high-explosive bombs.
modification/itc_1000;SC 1000 L2
modification/itc_1000/desc;Allows the mounting of 1000 kg high-explosive bombs.
modification/ar234_SC1000;SC 1000 L2
modification/ar234_SC1000/desc;Allows the mounting of 1000 kg high-explosive bombs.
modification/Bf-110C-7_SC1000;SC 1000 L2
modification/Bf-110C-7_SC1000/desc;Allows the mounting of 1000 kg high-explosive bombs.
modification/Bf-110C-7_SC1000_SC250;SC 1000 L2
modification/Bf-110C-7_SC1000_SC250/desc;Allows the mounting of 1000 kg high-explosive bombs.
modification/Fw-190F-8_SC1000;SC 1000 L2
modification/Fw-190F-8_SC1000/desc;Allows the mounting of 1000 kg high-explosive bombs.
modification/Fw-190F-8_SC1000_4xSC50;SC 1000 L2
modification/Fw-190F-8_SC1000_4xSC50/desc;Allows the mounting of 1000 kg high-explosive bombs.
modification/he-111_2x1000kg_250kg_pylon;SC 1000 L2
modification/he-111_2x1000kg_250kg_pylon/desc;Allows the mounting of 1000 kg high-explosive bombs.
modification/he-111_2x1000kg_pylon;SC 1000 L2
modification/he-111_2x1000kg_pylon/desc;Allows the mounting of 1000 kg high-explosive bombs.
modification/do217_2x1000kg_pylon;SC 1000 L2
modification/do217_2x1000kg_pylon/desc;Allows the mounting of 1000 kg high-explosive bombs.
modification/ju-88_etc1000;SC 1000 L2
modification/ju-88_etc1000/desc;Allows the mounting of 1000 kg high-explosive bombs.
modification/ju_88_SC1000;SC 1000 L2
modification/ju_88_SC1000/desc;Allows the mounting of 1000 kg high-explosive bombs.
modification/etc1000_1_mod;SC 1000 L2
modification/etc1000_1_mod/desc;Allows the mounting of 1000 kg high-explosive bombs.
modification/do217_etc2000;SC 1000 L2*
modification/do217_etc2000/desc;Allows the mounting of additional 1000 kg high-explosive bombs.
modification/fx1400;FX 1400 X
modification/fx1400/desc;Allows the mounting of 1400 kg high-explosive radio guided bombs.
modification/etc1800;SC 1800 B
modification/etc1800/desc;Allows the mounting of 1800 kg high-explosive bombs.
modification/ju_88_SC1800;SC 1800 B
modification/ju_88_SC1800/desc;Allows the mounting of 1800 kg high-explosive bombs.
modification/etc2500;SC 2500
modification/etc2500/desc;Allows the mounting of 2500 kg high-explosive bombs.
modification/sws_200_kg_sprengbombe;200 kg Sprengbombe
modification/sws_200_kg_sprengbombe/desc;Allows the mounting of 200 kg high-explosive bombs.
modification/sws_400_kg_sprengbombe;400 kg Sprengbombe
modification/sws_400_kg_sprengbombe/desc;Allows the mounting of 400 kg high-explosive bombs.
modification/sws_450_kg_sprengbombe_68_70;450 kg Sprengbombe 68/70
modification/sws_450_kg_sprengbombe_68_70/desc;Allows the mounting of 450 kg high-explosive bombs.
modification/bk_br_250;BK-BR-250
modification/bk_br_250/desc;Allows the mounting of 250 kg high-explosive bombs.
modification/bk_br_500;BK-BR-500
modification/bk_br_500/desc;Allows the mounting of 500 kg high-explosive bombs.
;
modification/yak-1-7b_bi-42;FAB-50sv
modification/yak-1-7b_bi-42/desc;Allows the mounting of 50 kg high-explosive bombs.
modification/la-5fn_dz-40;FAB-50sv
modification/la-5fn_dz-40/desc;Allows the mounting of 50 kg high-explosive bombs.
modification/der_21;FAB-100sv
modification/der_21/desc;Allows the mounting of 100 kg high-explosive bombs.
modification/der-21;FAB-100sv
modification/der-21/desc;Allows the mounting of 100 kg high-explosive bombs.
modification/la-7_dz-40;FAB-100sv
modification/la-7_dz-40/desc;Allows the mounting of 100 kg high-explosive bombs.
modification/LaGG_dz-40;FAB-100sv
modification/LaGG_dz-40/desc;Allows the mounting of 100 kg high-explosive bombs.
modification/yak-1_bi-42;FAB-100sv
modification/yak-1_bi-42/desc;Allows the mounting of 100 kg high-explosive bombs.
modification/bb_su-2_kd-2;FAB-100sv
modification/bb_su-2_kd-2/desc;Allows the mounting of additional 100 kg high-explosive bombs.
modification/mi_4_fab_100;FAB-100sv
modification/mi_4_fab_100/desc;Allows the mounting of 100 kg high-explosive bombs.
modification/su_fab_100;FAB-100sv
modification/su_fab_100/desc;Allows the mounting of 100 kg high-explosive bombs.
modification/kd-2_bc;FAB-100sv
modification/kd-2_bc/desc;Allows the mounting of 100 kg high-explosive bombs.
modification/i_180_der_31;FAB-100sv
modification/i_180_der_31/desc;Allows the mounting of 100 kg high-explosive bombs.
modification/mig_15_ish_fab_100;OFAB-100
modification/mig_15_ish_fab_100/desc;Allows the mounting of 100 kg high-explosive bombs.
modification/su_17_ofab_100;OFAB-100
modification/su_17_ofab_100/desc;Allows the mounting of 100 kg high-explosive bombs.
modification/ofab_100m_mb;OFAB-100+
modification/ofab_100m_mb/desc;Allows the mounting of various types of 100 kg high-explosive bombs.
modification/bd-2-48;FAB-100M-43
modification/bd-2-48/desc;Allows the mounting of 100 kg high-explosive bombs.
modification/pe-3_dz-40;FAB-250sv
modification/pe-3_dz-40/desc;Allows the mounting of 250 kg high-explosive bombs.
modification/bb_su-2_der-19;FAB-250sv
modification/bb_su-2_der-19/desc;Allows the mounting of 250 kg high-explosive bombs.
modification/sb-2_der-25;FAB-250sv
modification/sb-2_der-25/desc;Allows the mounting of 250 kg high-explosive bombs.
modification/su_fab_250;FAB-250sv
modification/su_fab_250/desc;Allows the mounting of 250 kg high-explosive bombs.
modification/der-13;FAB-250sv
modification/der-13/desc;Allows the mounting of 250 kg high-explosive bombs.
modification/der-13p;FAB-250sv
modification/der-13p/desc;Allows the mounting of 250 kg high-explosive bombs.
modification/mig_15_ish_fab_250;OFAB-250sv
modification/mig_15_ish_fab_250/desc;Allows the mounting of 250 kg high-explosive bombs.
modification/mi_24_fab_250;OFAB-250sv
modification/mi_24_fab_250/desc;Allows the mounting of 250 kg high-explosive bombs.
modification/d-4-50;OFAB-250sv
modification/d-4-50/desc;Allows the mounting of 250 kg high-explosive bombs.
modification/il2_mdz_42;FAB-250M-43
modification/il2_mdz_42/desc;Allows the mounting of 250 kg high-explosive bombs.
modification/su_fab_250m_43;FAB-250M-43
modification/su_fab_250m_43/desc;Allows the mounting of 250 kg high-explosive bombs.
modification/kdz_250;FAB-250M-46
modification/kdz_250/desc;Allows the mounting of 250 kg high-explosive bombs.
modification/fab_250m_54;FAB-250M-54
modification/fab_250m_54/desc;Allows the mounting of 250 kg high-explosive bombs.
modification/der-19;FAB-500sv
modification/der-19/desc;Allows the mounting of 500 kg high-explosive bombs.
modification/er-2_kd-3-240;FAB-500sv
modification/er-2_kd-3-240/desc;Allows the mounting of 500 kg high-explosive bombs.
modification/sb-2_der-19;FAB-500sv
modification/sb-2_der-19/desc;Allows the mounting of 500 kg high-explosive bombs.
modification/ar-2_np-1;FAB-500sv
modification/ar-2_np-1/desc;Allows the mounting of 500 kg high-explosive bombs.
modification/pe-2_dz-40;FAB-500sv
modification/pe-2_dz-40/desc;Allows the mounting of 500 kg high-explosive bombs.
modification/der-15;FAB-500sv
modification/der-15/desc;Allows the mounting of 500 kg high-explosive bombs.
modification/der-19p;FAB-500sv
modification/der-19p/desc;Allows the mounting of 500 kg high-explosive bombs.
modification/su_fab_500m_43;FAB 500M-43
modification/su_fab_500m_43/desc;Allows the mounting of 500 kg high-explosive bombs.
modification/kd-3_bc;FAB-500M-46
modification/kd-3_bc/desc;Allows the mounting of 500 kg high-explosive bombs.
modification/mig_15_ish_fab_500;FAB-500M-54
modification/mig_15_ish_fab_500/desc;Allows the mounting of 500 kg high-explosive bombs.
modification/mi_24_fab_500;FAB-500M-54
modification/mi_24_fab_500/desc;Allows the mounting of 500 kg high-explosive bombs.
modification/su_fab_500;FAB-500M-54
modification/su_fab_500/desc;Allows the mounting of 500 kg high-explosive bombs.
modification/su_fab_500m_54;FAB-500M-54
modification/su_fab_500m_54/desc;Allows the mounting of 500 kg high-explosive bombs.
modification/kdz_500;FAB-500M-54
modification/kdz_500/desc;Allows the mounting of 500 kg high-explosive bombs.
modification/su_fab_250_500;FAB-500M-62
modification/su_fab_250_500/desc;Allows the mounting of 500 kg high-explosive bombs.
modification/der-20;FAB-1000
modification/der-20/desc;Allows the mounting of 1000 kg high-explosive bombs.
modification/er-2_m-105_der-19-20;FAB-1000
modification/er-2_m-105_der-19-20/desc;Allows the mounting of 1000 kg high-explosive bombs.
modification/er-2_ach-30b_der-19-20;FAB-1000
modification/er-2_ach-30b_der-19-20/desc;Allows the mounting of 1000 kg high-explosive bombs.
modification/su_fab_1000;FAB-1000
modification/su_fab_1000/desc;Allows the mounting of 1000 kg high-explosive bombs.
modification/der-20p;FAB-1000
modification/der-20p/desc;Allows the mounting of 1000 kg high-explosive bombs.
modification/su_fab_1000m_43;FAB-1000M-43
modification/su_fab_1000m_43/desc;Allows the mounting of 1000 kg high-explosive bombs.
modification/der_19k;FAB-1000M-43
modification/der_19k/desc;Allows the mounting of 1000 kg high-explosive bombs.
modification/der_19u;FAB-1000M-43
modification/der_19u/desc;Allows the mounting of 1000 kg high-explosive bombs.
modification/kd-4_bc;FAB-1000M-46
modification/kd-4_bc/desc;Allows the mounting of 1000 kg high-explosive bombs.
modification/su_fab_1500;FAB-1500
modification/su_fab_1500/desc;Allows the mounting of 1500 kg high-explosive bombs.
modification/bd-4_1500;FAB-1500M-54
modification/bd-4_1500/desc;Allows the mounting of 1500 kg high-explosive bombs.
modification/fab_1500;FAB-1500M-54
modification/fab_1500/desc;Allows the mounting of 1500 kg high-explosive bombs.
modification/bd-4_bc;FAB-3000M-46
modification/bd-4_bc/desc;Allows the mounting of 3000 kg high-explosive bombs.
modification/bd-4_3000;FAB-3000M-54
modification/bd-4_3000/desc;Allows the mounting of 3000 kg high-explosive bombs.
modification/fab_3000;FAB-3000M-54
modification/fab_3000/desc;Allows the mounting of 3000 kg high-explosive bombs.
modification/der-20u;FAB-5000
modification/der-20u/desc;Allows the mounting of a 5000 kg high-explosive bomb.
modification/fab_5000;FAB-5000M-54
modification/fab_5000/desc;Allows the mounting of 5000 kg high-explosive bombs.
modification/fab_9000;FAB-9000M-54
modification/fab_9000/desc;Allows the mounting of a 9000 kg high-explosive bomb.
;
;
modification/uc_type_mk_1;250 lb
modification/uc_type_mk_1/desc;Allows the mounting of additional 250 lb high-explosive bombs.
modification/wellington_sbc;250 lb
modification/wellington_sbc/desc;Allows the mounting of additional 250 lb high-explosive bombs.
modification/mosquitofb_sbc;250 lb
modification/mosquitofb_sbc/desc;Allows the mounting of 250 lb high-explosive bombs.
modification/halker_sbc;250 lb
modification/halker_sbc/desc;Allows the mounting of 250 lb high-explosive bombs.
modification/spitfire_sbc;250 lb
modification/spitfire_sbc/desc;Allows the mounting of 250 lb high-explosive bombs.
modification/spitfire_sbc_additional;250 lb*
modification/spitfire_sbc_additional/desc;Allows the mounting of additional 250 lb high-explosive bombs.
modification/wirraway_sbc;500 lb
modification/wirraway_sbc/desc;Allows the mounting of 500 lb high-explosive bombs.
modification/wellington_mbc;500 lb
modification/wellington_mbc/desc;Allows the mounting of 500 lb semi-armor-piercing bombs.
modification/uc_type_mk_2;500 lb
modification/uc_type_mk_2/desc;Allows the mounting of 500 lb high-explosive bombs.
modification/mosquitofb_mbc;500 lb
modification/mosquitofb_mbc/desc;Allows the mounting of 500 lb high-explosive bombs.
modification/beaufort_mbc;500 lb
modification/beaufort_mbc/desc;Allows the mounting of 500 lb high-explosive bombs.
modification/blenheim_mbc;500 lb
modification/blenheim_mbc/desc;Allows the mounting of 500 lb high-explosive bombs.
modification/subc_mk1;500 lb
modification/subc_mk1/desc;Allows the mounting of 500 lb high-explosive bombs.
modification/sea_hawk_2x500lb;500 lb
modification/sea_hawk_2x500lb/desc;Allows the mounting of 500 lb high-explosive bombs.
modification/sea_hawk_4x500lb;500 lb*
modification/sea_hawk_4x500lb/desc;Allows the mounting of additional 500 lb high-explosive bombs.
modification/spitfire_mbc;500 lb
modification/spitfire_mbc/desc;Allows the mounting of 500 lb high-explosive bombs.
modification/spitfire_mbc_additional;500 lb*
modification/spitfire_mbc_additional/desc;Allows the mounting of additional 500 lb high-explosive bombs.
modification/EEMBC_mark_2;500 lb
modification/EEMBC_mark_2/desc;Allows the mounting of 500 lb high-explosive bombs.
modification/halker_mbc;500 lb
modification/halker_mbc/desc;Allows the mounting of 500 lb high-explosive bombs.
modification/hampden_2x500lb;500 lb*
modification/hampden_2x500lb/desc;Allows the mounting of additional 500 lb high-explosive bombs.
modification/buccaneer_540lb;540 lb
modification/buccaneer_540lb/desc;Allows the mounting of 540 lb high-explosive bombs.
modification/uk_mk_n1_540lb;540 lb
modification/uk_mk_n1_540lb/desc;Allows the mounting of 540 lb high-explosive bombs.
modification/EEMBC_mark_1;1000 lb
modification/EEMBC_mark_1/desc;Allows the mounting of 1000 lb high-explosive bombs.
modification/gloster_lbc;1000 lb
modification/gloster_lbc/desc;Allows the mounting of 1000 lb high-explosive bombs.
modification/lancaster_mk3_avro_mark_3;1000 lb
modification/lancaster_mk3_avro_mark_3/desc;Allows the mounting of 1000 lb high-explosive bombs.
modification/halker_lbc;1000 lb
modification/halker_lbc/desc;Allows the mounting of 1000 lb high-explosive bombs.
modification/sea_hawk_2x1000lb;1000 lb
modification/sea_hawk_2x1000lb/desc;Allows the mounting of 1000 lb high-explosive bombs.
modification/swift_2x1000lb_mc;1000 lb
modification/swift_2x1000lb_mc/desc;Allows the mounting of 1000 lb high-explosive bombs.
modification/uk_mk_10_1000lb;1000 lb
modification/uk_mk_10_1000lb/desc;Allows the mounting of 1000 lb high-explosive bombs.
modification/subc_mk3;1000 lb
modification/subc_mk3/desc;Allows the mounting of 1000 lb high-explosive bombs.
modification/subc_mk3_2;1000 lb*
modification/subc_mk3_2/desc;Allows the mounting of additional 1000 lb high-explosive bombs.
modification/wellington_2000;2000 lb
modification/wellington_2000/desc;Allows the mounting of 2000 lb armor-piercing bombs.
modification/wellington_lbc;4000 lb
modification/wellington_lbc/desc;Allows the mounting of 4000 lb high-explosive bombs.
modification/lancaster_mk3_avro_mark_1;4000 lb
modification/lancaster_mk3_avro_mark_1/desc;Allows the mounting of 4000 lb high-explosive bombs.
modification/EELBC_mark_4;4000 lb
modification/EELBC_mark_4/desc;Allows the mounting of 4000 lb high-explosive bombs.
modification/uk_12000lb_hc_mkI_n52_bomb;12000 lb
modification/uk_12000lb_hc_mkI_n52_bomb/desc;Allows the mounting of 12000 lb high-explosive bombs.
;
modification/ki_7in_mod20;50 kg
modification/ki_7in_mod20/desc;Allows the mounting of 50 kg high-explosive bombs.
modification/ki84_9in_mod23;50 kg
modification/ki84_9in_mod23/desc;Allows the mounting of 50 kg high-explosive bombs.
modification/n1k_7in_mod20;50 kg
modification/n1k_7in_mod20/desc;Allows the mounting of 50 kg high-explosive bombs.
modification/a6m_9in_mod30;50 kg
modification/a6m_9in_mod30/desc;Allows the mounting of 50 kg high-explosive bombs.
modification/14in_mod35;60 kg*
modification/14in_mod35/desc;Allows the mounting of additional 60 kg high-explosive bombs.
modification/ki_10in_mod24;100 kg
modification/ki_10in_mod24/desc;Allows the mounting of 100 kg high-explosive bombs.
modification/g4m_12in_mod30;250 kg
modification/g4m_12in_mod30/desc;Allows the mounting of 250 kg high-explosive bombs.
modification/ki49_12in_mod30;250 kg
modification/ki49_12in_mod30/desc;Allows the mounting of 250 kg high-explosive bombs.
modification/h6k_12in_mod30;250 kg
modification/h6k_12in_mod30/desc;Allows the mounting of 250 kg high-explosive bombs.
modification/b5n2_12in_mod30;250 kg
modification/b5n2_12in_mod30/desc;Allows the mounting of 250 kg high-explosive bombs.
modification/12in_mod30;250 kg
modification/12in_mod30/desc;Allows the mounting of 250 kg high-explosive bombs.
modification/15in_mod35;250 kg
modification/15in_mod35/desc;Allows the mounting of additional 250 kg high-explosive bombs.
modification/ki84_12in_mod27;250 kg
modification/ki84_12in_mod27/desc;Allows the mounting of 250 kg high-explosive bombs.
modification/n1k_12in_mod30;250 kg
modification/n1k_12in_mod30/desc;Allows the mounting of 250 kg high-explosive bombs.
modification/ki_12in_mod30;250 kg
modification/ki_12in_mod30/desc;Allows the mounting of 250 kg high-explosive bombs.
modification/ki45_12in_mod30;250 kg
modification/ki45_12in_mod30/desc;Allows the mounting of 250 kg high-explosive bombs.
modification/14in_mod30;500 kg
modification/14in_mod30/desc;Allows the mounting of 500 kg high-explosive bombs.
modification/g4m_12in_mod35_500;500 kg
modification/g4m_12in_mod35_500/desc;Allows the mounting of 500 kg high-explosive bombs.
modification/ki49_14in_mod35_500;500 kg
modification/ki49_14in_mod35_500/desc;Allows the mounting of 500 kg high-explosive bombs.
modification/13in_mod35;500 kg
modification/13in_mod35/desc;Allows the mounting of 500 kg high-explosive bombs.
modification/n1k_14in_mod35;500 kg
modification/n1k_14in_mod35/desc;Allows the mounting of 500 kg high-explosive bombs.
modification/jp_750lb_jm117;JM117
modification/jp_750lb_jm117/desc;Allows the mounting of 750 lb high-explosive bombs.
modification/b5n2_14in_mod35;800 kg
modification/b5n2_14in_mod35/desc;Allows the mounting of 800 kg high-explosive bombs.
modification/h6k_14in_mod35;800 kg
modification/h6k_14in_mod35/desc;Allows the mounting of 800 kg high-explosive bombs.
modification/ki49_14in_mod35;800 kg
modification/ki49_14in_mod35/desc;Allows the mounting of 800 kg high-explosive bombs.
modification/g4m_14in_mod35;800 kg
modification/g4m_14in_mod35/desc;Allows the mounting of 800 kg high-explosive bombs.
modification/g5n_14in_mod35;800 kg
modification/g5n_14in_mod35/desc;Allows the mounting of 800 kg high-explosive bombs.
modification/g8n_14in_mod35;800 kg
modification/g8n_14in_mod35/desc;Allows the mounting of 800 kg high-explosive bombs.
modification/kitsuka_14in_mod41;800 kg
modification/kitsuka_14in_mod41/desc;Allows the mounting of 800 kg high-explosive bombs.
modification/g8n_1500;1500 kg
modification/g8n_1500/desc;Allows the mounting of 1500 kg armor-piercing bombs.
;
modification/cn_q5_type_100;100-2
modification/cn_q5_type_100/desc;Allows the mounting of 100 kg high-explosive bombs.
modification/cn_q5_type_250;250-2
modification/cn_q5_type_250/desc;Allows the mounting of 250 kg high-explosive bombs.
modification/cn_q5_type_500;500-2
modification/cn_q5_type_500/desc;Allows the mounting of 500 kg high-explosive bombs.
;
modification/it50_mod;GP 50
modification/it50_mod/desc;Allows the mounting of 50 kg high-explosive bombs.
modification/it100_mod;GP 100
modification/it100_mod/desc;Allows the mounting of 100 kg high-explosive bombs.
modification/it150_mod;GP 150
modification/it150_mod/desc;Allows the mounting of 150 kg high-explosive bombs.
modification/it160_mod;A.P 160
modification/it160_mod/desc;Allows the mounting of 160 kg armor-piercing bombs.
modification/it250_mod;GP 250
modification/it250_mod/desc;Allows the mounting of 250 kg high-explosive bombs.
modification/it500_mod;GP 500
modification/it500_mod/desc;Allows the mounting of 500 kg high-explosive bombs.
modification/it630_ap_mod;PD 630
modification/it630_ap_mod/desc;Allows the mounting of 630 kg armor-piercing bombs.
modification/it800_mod;GP 800
modification/it800_mod/desc;Allows the mounting of 800 kg high-explosive bombs.
modification/br_bafg_230;BAFG-230
modification/br_bafg_230/desc;Allows the mounting of 230 kg high-explosive bombs.
modification/br_bafg_460;BAFG-460
modification/br_bafg_460/desc;Allows the mounting of 460 kg high-explosive bombs.
modification/br_bafg_920;BAFG-920
modification/br_bafg_920/desc;Allows the mounting of 920 kg high-explosive bombs.
modification/ro_250kg_bomb_45;BA-250
modification/ro_250kg_bomb_45/desc;Allows the mounting of 250 kg high-explosive bombs.
modification/ro_500kg_bomb_45;BA-500
modification/ro_500kg_bomb_45/desc;Allows the mounting of 500 kg high-explosive bombs.
modification/su_fab_250_us_mk82;250 kg
modification/su_fab_250_us_mk82/desc;Allows the mounting of 250 kg high-explosive bombs.
modification/su_fab_500_us_mk83;500 kg
modification/su_fab_500_us_mk83/desc;Allows the mounting of 500 kg high-explosive bombs.
;
modification/fr_50_dt;DT No.2
modification/fr_50_dt/desc;Allows the mounting of 50 kg high-explosive bombs.
modification/fr_50kg_type_61c;Type 61C
modification/fr_50kg_type_61c/desc;Allows the mounting of 50 kg high-explosive bombs.
modification/fr_75kg;G2 Navale
modification/fr_75kg/desc;Allows the mounting of 75 kg high-explosive bombs.
modification/fr_100_gp_standart;100 kg No.1
modification/fr_100_gp_standart/desc;Allows the mounting of 100 kg high-explosive bombs.
modification/fr_150kg;I2 Navale
modification/fr_150kg/desc;Allows the mounting of 150 kg high-explosive bombs.
modification/fr_200_gp_standart;200 kg No.2
modification/fr_200_gp_standart/desc;Allows the mounting of 200 kg high-explosive bombs.
modification/fr_f222_s;200 kg No.2
modification/fr_f222_s/desc;Allows the mounting of 200 kg high-explosive bombs.
modification/fr_f222_s5;200 kg No.2*
modification/fr_f222_s5/desc;Allows the mounting of additional 200 kg high-explosive bombs.
modification/fr_250kg_type_25c;Type 25
modification/fr_250kg_type_25c/desc;Allows the mounting of 250 kg high-explosive bombs.
modification/fr_400kg_type_21b;Type 21
modification/fr_400kg_type_21b/desc;Allows the mounting of 400 kg high-explosive bombs.
modification/fr_f222_tgpu;500 kg No.2
modification/fr_f222_tgpu/desc;Allows the mounting of 500 kg high-explosive bombs.
modification/alkan_502_500lb;AN-M64
modification/alkan_502_500lb/desc;Allows the mounting of 500 lb high-explosive bombs.
modification/fr_750lb_m117;M117
modification/fr_750lb_m117/desc;Allows the mounting of 750 lb high-explosive bombs.
modification/alkan_502_1000lb;AN-M65
modification/alkan_502_1000lb/desc;Allows the mounting of 1000 lb high-explosive bombs.
modification/vliegtuigbom_100kg;Vliegtuigbom 100kg
modification/vliegtuigbom_100kg/desc;Allows the mounting of 100 kg high-explosive bombs.
modification/vliegtuigbom_300kg;Vliegtuigbom 300kg
modification/vliegtuigbom_300kg/desc;Allows the mounting of 300 kg high-explosive bombs.
modification/vliegtuigbom_400kg;Vliegtuigbom 400kg
modification/vliegtuigbom_400kg/desc;Allows the mounting of 400 kg high-explosive bombs.
;
modification/swe_minb_m61;sb m/61
modification/swe_minb_m61/desc;Allows the mounting of 120 kg high-explosive bombs.
modification/swd_aj37_120kg_m71;sb m/71
modification/swd_aj37_120kg_m71/desc;Allows the mounting of 120 kg high-explosive bombs.
modification/swe_minb_m40;mb m/40
modification/swe_minb_m40/desc;Allows the mounting of 250 kg high-explosive bombs.
modification/swe_minb_m41;mb m/41
modification/swe_minb_m41/desc;Allows the mounting of 500 kg high-explosive bombs.
modification/swe_minb_m50;mb m/50
modification/swe_minb_m50/desc;Allows the mounting of 600 kg high-explosive bombs.
modification/fin_50kg;Model 1938 (50)
modification/fin_50kg/desc;Allows the mounting of 50 kg high-explosive bombs.
modification/fin_100kg;Model 1938 (100)
modification/fin_100kg/desc;Allows the mounting of 100 kg high-explosive bombs.
;
modification/is_100_50_gp;100/50 G.P.
modification/is_100_50_gp/desc;Allows the mounting of 100 kg high-explosive bombs.
modification/is_250_50_gp;250/50 G.P.
modification/is_250_50_gp/desc;Allows the mounting of 250 kg high-explosive bombs.
modification/is_360_50_gp;360/50 G.P.
modification/is_360_50_gp/desc;Allows the mounting of 360 kg high-explosive bombs.
modification/is_500_50_gp;500/50 G.P.
modification/is_500_50_gp/desc;Allows the mounting of 500 kg high-explosive bombs.
;
modification/us_500lb_mk82_gbu38_jdam;500 lb
modification/us_500lb_mk82_gbu38_jdam/desc;Allows the mounting of the following 500 lb high-explosive bombs: {unlockWeapons}
modification/us_mk82_gbu38_gbu39;250 lb / 500 lb
modification/us_mk82_gbu38_gbu39/desc;Allows the mounting of the following 250 lb and 500 lb high-explosive bombs: {unlockWeapons}
modification/us_mk82_gbu39;250 lb / 500 lb
modification/us_mk82_gbu39/desc;Allows the mounting of the following 250 lb and 500 lb high-explosive bombs: {unlockWeapons}
modification/us_500lb_mk82_gbu54b;500 lb
modification/us_500lb_mk82_gbu54b/desc;Allows the mounting of the following 500 lb high-explosive bombs: {unlockWeapons}
modification/us_1000lb_mk83_gbu31_jdam;1000 lb / 2000 lb
modification/us_1000lb_mk83_gbu31_jdam/desc;Allows the mounting of the following 1000 lb and 2000 lb high-explosive bombs: {unlockWeapons}
modification/us_1000lb_mk83_us_2000lb_mk84;1000 lb / 2000 lb
modification/us_1000lb_mk83_us_2000lb_mk84/desc;Allows the mounting of the following 1000 lb and 2000 lb high-explosive bombs: {unlockWeapons}
modification/us_2000lb_mk84_gbu31_jdam;2000 lb
modification/us_2000lb_mk84_gbu31_jdam/desc;Allows the mounting of the following 2000 lb high-explosive bombs: {unlockWeapons}
modification/us_500lb_mk82_gbu38_gbu62_jdam;500 lb
modification/us_500lb_mk82_gbu38_gbu62_jdam/desc;Allows the mounting of the following 500 lb high-explosive bombs: {unlockWeapons}
modification/us_2000lb_mk84_gbu31_gbu64_jdam;2000 lb
modification/us_2000lb_mk84_gbu31_gbu64_jdam/desc;Allows the mounting of the following 2000 lb high-explosive bombs: {unlockWeapons}
;
modification/su_fab_500_upab_500b;500 kg
modification/su_fab_500_upab_500b/desc;Allows the mounting of the following 500 kg high-explosive bombs: {unlockWeapons}
modification/su_fab_500_kab_500s;500 kg
modification/su_fab_500_kab_500s/desc;Allows the mounting of the following 500 kg high-explosive bombs: {unlockWeapons}
modification/su_24m2_fab_500_kab_500s;500 kg
modification/su_24m2_fab_500_kab_500s/desc;Allows the mounting of the following 500 kg high-explosive bombs: {unlockWeapons}
modification/su_fab_1500_upab_1500;1500 kg
modification/su_fab_1500_upab_1500/desc;Allows the mounting of the following 1500 kg high-explosive bombs: {unlockWeapons}
modification/su_fab_3000_umpk_3000;3000 kg
modification/su_fab_3000_umpk_3000/desc;Allows the mounting of the following 3000 kg high-explosive bombs: {unlockWeapons}
;
modification/us_500lb_mk82_ls_6_250;250 kg
modification/us_500lb_mk82_ls_6_250/desc;Allows the mounting of the following 250 kg high-explosive bombs: {unlockWeapons}
modification/us_1000lb_mk83_ls_6_500;500 kg
modification/us_1000lb_mk83_ls_6_500/desc;Allows the mounting of the following 500 kg high-explosive bombs: {unlockWeapons}
modification/cn_type_250_ls_6;250 kg
modification/cn_type_250_ls_6/desc;Allows the mounting of the following 250 kg high-explosive bombs: {unlockWeapons}
modification/cn_type_500_ls_6;500 kg
modification/cn_type_500_ls_6/desc;Allows the mounting of the following 500 kg high-explosive bombs: {unlockWeapons}
;
;
;
<Fire Bomb Mods>;
;
modification/us_mk_77;MK 77 MOD 2
modification/us_mk_77/desc;Allows the mounting of 500 lb incendiary bombs.
modification/us_500lb_mk77_mod4;MK 77 MOD 4
modification/us_500lb_mk77_mod4/desc;Allows the mounting of 500 lb incendiary bombs.
modification/us_mk78_mod0;MK 78 MOD 2
modification/us_mk78_mod0/desc;Allows the mounting of 750 lb incendiary bombs.
modification/us_1000_lb_mk_79_mod_0;MK 79 MOD 1
modification/us_1000_lb_mk_79_mod_0/desc;Allows the mounting of 1000 lb incendiary bombs.
modification/us_blu_1;BLU-1/B
modification/us_blu_1/desc;Allows the mounting of 750 lb incendiary bombs.
modification/us_blu27_b;BLU-27/B
modification/us_blu27_b/desc;Allows the mounting of 750 lb incendiary bombs.
modification/us_750_lb_m116a2;M116A2
modification/us_750_lb_m116a2/desc;Allows the mounting of 750 lb incendiary bombs.
modification/us_blu27_gbu39;BLU-27/B
modification/us_blu27_gbu39/desc;Allows the mounting of the following incendiary and high-explosive bombs: {unlockWeapons}
;
modification/flamm_250;Flamm C 250
modification/flamm_250/desc;Allows the mounting of 250 kg incendiary bombs.
modification/flamm_500;Flamm C 500
modification/flamm_500/desc;Allows the mounting of 500 kg incendiary bombs.
modification/sws_400kg_febb_napalmbombe;400 kg FeBb Napalmbombe
modification/sws_400kg_febb_napalmbombe/desc;Allows the mounting of 400 kg incendiary bombs.
modification/inc_220;INC-220
modification/inc_220/desc;Allows the mounting of 220 kg incendiary bombs.
;
modification/zb_360;ZB-360
modification/zb_360/desc;Allows the mounting of 350 kg incendiary bombs.
modification/zb_500;ZB-500
modification/zb_500/desc;Allows the mounting of 375 kg incendiary bombs.
modification/rs_plab_350m_73;PLAB-350 M73
modification/rs_plab_350m_73/desc;Allows the mounting of 350 kg incendiary bombs.
;
modification/aerea_559g;559G1
modification/aerea_559g/desc;Allows the mounting of 250 kg incendiary bombs.
modification/br_binc_300;BINC-300
modification/br_binc_300/desc;Allows the mounting of 400 kg incendiary bombs.
;
modification/fr_460l_secan_63;SECAN 63
modification/fr_460l_secan_63/desc;Allows the mounting of 450 kg incendiary bombs.
;
modification/brandbomb_m58;brandb m/58
modification/brandbomb_m58/desc;Allows the mounting of 500 kg incendiary bombs.
;
modification/il_m380l_mk2;Mk.2
modification/il_m380l_mk2/desc;Allows the mounting of 400 kg incendiary bombs.
;
;
;
<Rocket Mods>;
;
modification/bazooka_pylon;M10 Bazooka
modification/bazooka_pylon/desc;Allows the mounting of the M10 bazooka, firing M8 unguided rockets.
modification/ctrc_mk3;HVAR MK 28
modification/ctrc_mk3/desc;Allows the mounting of HVAR MK 28 unguided rockets.
modification/frc_mk2;HVAR MK 28
modification/frc_mk2/desc;Allows the mounting of HVAR MK 28 unguided rockets.
modification/frc_mk5;HVAR MK 28
modification/frc_mk5/desc;Allows the mounting of HVAR MK 28 unguided rockets.
modification/frc_mk7;HVAR MK 28
modification/frc_mk7/desc;Allows the mounting of HVAR MK 28 unguided rockets.
modification/frc_mk7_additional;HVAR MK 28*
modification/frc_mk7_additional/desc;Allows the mounting of additional HVAR MK 28 unguided rockets.
modification/EERC_mark_1;HVAR MK 28
modification/EERC_mark_1/desc;Allows the mounting of HVAR MK 28 unguided rockets.
modification/EERC_mark_2;HVAR MK 28*
modification/EERC_mark_2/desc;Allows the mounting of additional HVAR MK 28 unguided rockets.
modification/frc_mk3;Tiny Tim
modification/frc_mk3/desc;Allows the mounting of Tiny Tim unguided rockets.
modification/us_2_75_in_ffar_lau_x6a;AERO-6
modification/us_2_75_in_ffar_lau_x6a/desc;Allows the mounting of AERO-6 launchers, firing MK 4 FFAR unguided rockets.
modification/us_2_75_in_ffar_aero_6a;AERO-6
modification/us_2_75_in_ffar_aero_6a/desc;Allows the mounting of AERO-6 launchers, firing MK 4 FFAR unguided rockets.
modification/us_2_75_in_ffar_aero_7d;AERO-7
modification/us_2_75_in_ffar_aero_7d/desc;Allows the mounting of AERO-7 launchers, firing MK 4 FFAR unguided rockets.
modification/us_2_75_in_ffar_lau_3a;LAU-3/A
modification/us_2_75_in_ffar_lau_3a/desc;Allows the mounting of LAU-3/A launchers, firing MK 4 FFAR unguided rockets.
modification/us_2_75_in_ffar_lau_51;LAU-51/A
modification/us_2_75_in_ffar_lau_51/desc;Allows the mounting of LAU-51/A launchers, firing MK 4 FFAR unguided rockets.
modification/uk_lau_51_ffar_2_75;LAU-51/A
modification/uk_lau_51_ffar_2_75/desc;Allows the mounting of LAU-51/A launchers, firing MK 4 FFAR unguided rockets.
modification/us_2_75_in_ffar;LAU-51/A
modification/us_2_75_in_ffar/desc;Allows the mounting of LAU-51/A launchers, firing MK 4 FFAR unguided rockets.
modification/us_2_75_in_ffar_rl_7;LAU-51/A
modification/us_2_75_in_ffar_rl_7/desc;Allows the mounting of LAU-51/A launchers, firing MK 4 FFAR unguided rockets.
modification/uh_1_xm159;M159
modification/uh_1_xm159/desc;Allows the mounting of M159 launchers, firing MK 4 FFAR unguided rockets.
modification/ah_1_m200_2;M200A1
modification/ah_1_m200_2/desc;Allows the mounting of M200A1 launchers, firing MK 4 FFAR unguided rockets.
modification/us_f8u_ffar;Retractable Bay
modification/us_f8u_ffar/desc;Allows the use of MK 4 FFAR unguided rockets in a retractable bay.
modification/us_hydra_70_lau_68;LAU-68D/A
modification/us_hydra_70_lau_68/desc;Allows the mounting of LAU-68D/A launchers, firing Hydra-70 unguided rockets.
modification/us_hydra_70;LAU-131/A
modification/us_hydra_70/desc;Allows the mounting of LAU-131/A launchers, firing Hydra-70 unguided rockets.
modification/ah_1_m261_hydra_70;M261
modification/ah_1_m261_hydra_70/desc;Allows the mounting of M261 lightweight launchers, firing Hydra-70 unguided rockets.
modification/f4c_zuni;LAU-10/A
modification/f4c_zuni/desc;Allows the mounting of LAU-10/A launchers, firing Zuni unguided rockets.
modification/f8u_zuni;LAU-33/A
modification/f8u_zuni/desc;Allows the mounting of LAU-33/A launchers, firing Zuni unguided rockets.
modification/ir_yasser;Yāsir
modification/ir_yasser/desc;Allows the mounting of Yāsir unguided rockets.
;
modification/bf_110f-2_rz65;RZ 65
modification/bf_110f-2_rz65/desc;Allows the mounting of RZ 65 unguided rockets.
modification/Bf-109F_rz_65;RZ 65
modification/Bf-109F_rz_65/desc;Allows the mounting of RZ 65 unguided rockets.
modification/me262_wgr21;W.Gr.21
modification/me262_wgr21/desc;Allows the mounting of W.Gr.21 unguided rockets.
modification/Bf-109G-6_W;W.Gr.21
modification/Bf-109G-6_W/desc;Allows the mounting of W.Gr.21 unguided rockets.
modification/Fw-190A-5_R6;W.Gr.21
modification/Fw-190A-5_R6/desc;Allows the mounting of W.Gr.21 unguided rockets.
modification/me262_r1;R4M
modification/me262_r1/desc;Allows the mounting of R4M unguided rockets.
modification/me262_r1_2;R4M*
modification/me262_r1_2/desc;Allows the mounting of additional R4M unguided rockets.
modification/Fw-190F-8_Pb2;Panzerblitz II
modification/Fw-190F-8_Pb2/desc;Allows the mounting of Panzerblitz II unguided rockets.
modification/uh_1d_lr68;TELSON 22
modification/uh_1d_lr68/desc;Allows the mounting of TELSON 22 launchers, firing SNEB unguided rockets.
modification/type_r80_sura;Type R80 SURA
modification/type_r80_sura/desc;Allows the mounting of Type R80 SURA unguided rockets.
modification/sws_matra_type1000;Internal Bay
modification/sws_matra_type1000/desc;Allows the mounting of SNEB unguided rockets in an internal bay.
modification/aspid;ARM-657
modification/aspid/desc;Allows the mounting of ARM-657 Mamboretá launchers, firing Áspid unguided rockets.
modification/pampero;Yaguareté
modification/pampero/desc;Allows the mounting of Yaguareté launchers, firing Pampero unguided rockets.
;
modification/LaGG_ro-82;RS-82
modification/LaGG_ro-82/desc;Allows the mounting of RS-82 unguided rockets.
modification/yak-7b_ro-82;RS-82
modification/yak-7b_ro-82/desc;Allows the mounting of RS-82 unguided rockets.
modification/LaGG_ro-82_r;RS-82
modification/LaGG_ro-82_r/desc;Allows the mounting of RS-82 unguided rockets.
modification/i-185_ro-82;RS-82
modification/i-185_ro-82/desc;Allows the mounting of RS-82 unguided rockets.
modification/ro_82_mod;RS-82
modification/ro_82_mod/desc;Allows the mounting of RS-82 unguided rockets.
modification/pe-2_ro-132;RS-132
modification/pe-2_ro-132/desc;Allows the mounting of RS-132 unguided rockets.
modification/ro_132_mod;RS-132
modification/ro_132_mod/desc;Allows the mounting of RS-132 unguided rockets.
modification/pe-3_ro-132;RS-132
modification/pe-3_ro-132/desc;Allows the mounting of RS-132 unguided rockets.
modification/ros_132_mod;RS-132
modification/ros_132_mod/desc;Allows the mounting of RS-132 unguided rockets.
modification/su_7b_s3;S-3K
modification/su_7b_s3/desc;Allows the mounting of S-3K unguided rockets.
modification/il_28sh_ub_16_57;UB-16-57
modification/il_28sh_ub_16_57/desc;Allows the mounting of UB-16-57 launchers, firing S-5K unguided rockets.
modification/mi_24_s5_2;UB-16-57
modification/mi_24_s5_2/desc;Allows the mounting of UB-16-57 launchers, firing S-5K unguided rockets.
modification/mig_21_ub16;UB-16-57
modification/mig_21_ub16/desc;Allows the mounting of UB-16-57 launchers, firing S-5K unguided rockets.
modification/mig_21_ub32;UB-32
modification/mig_21_ub32/desc;Allows the mounting of UB-32 launchers, firing S-5K unguided rockets.
modification/C5;ORO-57K (K)
modification/C5/desc;Allows the mounting of ORO-57K launchers, firing S-5K unguided rockets
modification/C5M;ORO-57K (M)
modification/C5M/desc;Allows the mounting of ORO-57K launchers, firing S-5M unguided rockets.
modification/yak_38_b8m1;B-8M1
modification/yak_38_b8m1/desc;Allows the mounting of B-8M1 launchers, firing S-8K unguided rockets.
modification/mi_24_s8_block;B-8V20
modification/mi_24_s8_block/desc;Allows the mounting of B-8V20 launchers, firing S-8K unguided rockets.
modification/mi_24_s8;B-8V20
modification/mi_24_s8/desc;Allows the mounting of B-8V20 launchers, firing S-8K unguided rockets.
modification/mi_28_C13;B-13L
modification/mi_28_C13/desc;Allows the mounting of B-13L launchers, firing S-13 unguided rockets.
modification/su_s25_s13;B-13L/O-25
modification/su_s25_s13/desc;Allows the mounting of B-13L and O-25 launchers, firing S-13 and S-25 rockets.
modification/C21;S-21
modification/C21/desc;Allows the mounting of S-21 unguided rockets.
modification/il_28sh_s24;S-24
modification/il_28sh_s24/desc;Allows the mounting of S-24 unguided rockets.
modification/su_17_s25;O-25
modification/su_17_s25/desc;Allows the mounting of O-25 launchers, firing S-25 guided or unguided rockets.
modification/mig_15bis_ish_c1of;ORO-212
modification/mig_15bis_ish_c1of/desc;Allows the mounting of ORO-212 launchers, firing TRS-212 unguided rockets.
modification/br_vz_128_m15;L-128-04L
modification/br_vz_128_m15/desc;Allows the mounting of L-128-04L launchers, firing BR-VZ-128-M15 unguided rockets.
modification/rs_m16d;L-128-04-DESNI-J
modification/rs_m16d/desc;Allows the mounting of L-128-04-DESNI-J launchers, firing M-16D laser guided rockets.
;
modification/gloster_src;HVAR MK 28
modification/gloster_src/desc;Allows the mounting of HVAR MK 28 unguided rockets.
modification/60lb_rocket_hvar_rp_3;HVAR MK 28 / RP-3
modification/60lb_rocket_hvar_rp_3/desc;Allows the mounting of HVAR MK 28 and RP-3 unguided rockets.
modification/spitfire_rc;RP-3
modification/spitfire_rc/desc;Allows the mounting of RP-3 unguided rockets.
modification/beaufighter_rsc;RP-3
modification/beaufighter_rsc/desc;Allows the mounting of RP-3 unguided rockets.
modification/mosquitofb_rsc;RP-3
modification/mosquitofb_rsc/desc;Allows the mounting of RP-3 unguided rockets.
modification/uk_rp3_mk12;RP-3
modification/uk_rp3_mk12/desc;Allows the mounting of RP-3 unguided rockets.
modification/sea_hawk_60lb_rocket_mk1;RP-3
modification/sea_hawk_60lb_rocket_mk1/desc;Allows the mounting of RP-3 unguided rockets.
modification/gloster_rc_add;RP-3 / AP Mk.I
modification/gloster_rc_add/desc;Allows the mounting of RP-3 and AP Mk.I unguided rockets.
modification/halker_rc;RP-3 / AP Mk.I
modification/halker_rc/desc;Allows the mounting of RP-3 and AP Mk.I unguided rockets.
modification/gloster_rc;RP-3 / AP Mk.I
modification/gloster_rc/desc;Allows the mounting of RP-3 and AP Mk.I unguided rockets.
modification/gloster_rc_mk2;RP-3 / AP Mk.II
modification/gloster_rc_mk2/desc;Allows the mounting of RP-3 and AP Mk.II unguided rockets.
modification/halker_rc_mk2;RP-3 / AP Mk.II
modification/halker_rc_mk2/desc;Allows the mounting of RP-3 and AP Mk.II unguided rockets.
modification/sea_hawk_25lb_rocket_ap_mk1;AP Mk.I
modification/sea_hawk_25lb_rocket_ap_mk1/desc;Allows the mounting of AP Mk.I unguided rockets.
modification/sea_hawk_25lb_rocket_ap_mk2;AP Mk.II
modification/sea_hawk_25lb_rocket_ap_mk2/desc;Allows the mounting of AP Mk.II unguided rockets.
modification/triplex_rp;Triplex R.P.
modification/triplex_rp/desc;Allows the mounting of Triplex R.P. unguided rockets.
modification/uncle_tom;Uncle Tom
modification/uncle_tom/desc;Allows the mounting of Uncle Tom unguided rockets.
modification/red_angel;Red Angel
modification/red_angel/desc;Allows the mounting of Red Angel unguided rockets.
modification/uk_lau_51_ffar;LAU-5003 B/A
modification/uk_lau_51_ffar/desc;Allows the mounting of LAU-5003B/A launchers, firing CRV7 unguided rockets.
modification/uk_lau_51_ffar;LAU-5003 B/A
modification/uk_lau_51_ffar/desc;Allows the mounting of LAU-5003B/A launchers, firing CRV7 unguided rockets.
modification/uk_lau_51_ffar;LAU-5003 B/A
modification/uk_lau_51_ffar/desc;Allows the mounting of LAU-5003B/A launchers, firing CRV7 unguided rockets.
modification/uk_matra_7;Matra 2” Launcher
modification/uk_matra_7/desc;Allows the mounting of Matra 2” launchers, firing RP No.1 unguided rockets.
modification/uk_hvar;HVAR MK 28
modification/uk_hvar/desc;Allows the mounting of HVAR MK 28 unguided rockets.
;
modification/jp_jlau_3a;JLAU-3/A
modification/jp_jlau_3a/desc;Allows the mounting of JLAU-3/A launchers, firing MK 4 FFAR unguided rockets.
modification/n1k_5in_mod15;Type 3 No.1 Mod.28
modification/n1k_5in_mod15/desc;Allows the mounting of Type 3 No.1 Mod.28 unguided rockets.
modification/jp_rocket_type3_9kg;Type 3 No.1 Mod.28
modification/jp_rocket_type3_9kg/desc;Allows the mounting of Type 3 No.1 Mod.28 unguided rockets.
modification/jp_rocket_type3_66kg;Type 3 No.6 Mod.27
modification/jp_rocket_type3_66kg/desc;Allows the mounting of Type 3 No.6 Mod.27 unguided rockets.
modification/jp_rocket_type3_13kg;Type 5 No.1 Mod.9
modification/jp_rocket_type3_13kg/desc;Allows the mounting of Type 5 No.1 Mod.9 unguided rockets.
modification/jp_rocket_type3_84kg;Type 5 No.6 Mod.9
modification/jp_rocket_type3_84kg/desc;Allows the mounting of Type 5 No.6 Mod.9 unguided rockets.
;
modification/j_7_hf5;HF5
modification/j_7_hf5/desc;Allows the mounting of HF5 launchers, firing 57-2 unguided rockets.
modification/cn_hf18;HF18
modification/cn_hf18/desc;Allows the mounting of HF18 launchers, firing 57-2 unguided rockets.
modification/cn_hf27;HF-27
modification/cn_hf27/desc;Allows the mounting of HF27 launchers, firing 57-2 unguided rockets.
modification/cn_hf25b;HF25B
modification/cn_hf25b/desc;Allows the mounting of HF25B launchers, firing 70-1 unguided rockets.
modification/cn_q5_hf6;HF6
modification/cn_q5_hf6/desc;Allows the mounting of HF6 launchers, firing 90-1 unguided rockets.
modification/cn_hf7a;HF7A
modification/cn_hf7a/desc;Allows the mounting of HF7A launchers, firing 90-1 unguided rockets.
modification/q_5b_type130;HF14
modification/q_5b_type130/desc;Allows the mounting of HF14 launchers, firing 130-1 unguided rockets.
modification/cn_hf7d;HF7D
modification/cn_hf7d/desc;Allows the mounting of HF7D launchers, firing FS70 unguided rockets.
;
modification/me_210ca_1_40_mm_wgr41;43.M rakétagránát
modification/me_210ca_1_40_mm_wgr41/desc;Allows the mounting of 43.M rakétagránát unguided rockets.
modification/it_al_25;AL-25-50
modification/it_al_25/desc;Allows the mounting of AL-25-50 launchers, firing ARF/8M3 unguided rockets.
modification/a_129_hl_19_70;M261
modification/a_129_hl_19_70/desc;Allows the mounting of M261 lightweight launchers, firing Hydra-70 unguided rockets.
modification/tr_fz49;M159/A
modification/tr_fz49/desc;Allows the mounting of M159/A launchers, firing FZ49 unguided rockets.
modification/br_skyfire_70;AV-LM 70
modification/br_skyfire_70/desc;Allows the mounting of AV-LM 70 launchers, firing Skyfire-70 unguided rockets.
modification/ro_prn_122;PRN-122
modification/ro_prn_122/desc;Allows the mounting of PRN-122 unguided rockets.
;
modification/fr_matra_t_10_121;T10 Type 121
modification/fr_matra_t_10_121/desc;Allows the mounting of T10 Type 121 unguided rockets.
modification/fr_matra_t_10;T10 Type 140
modification/fr_matra_t_10/desc;Allows the mounting of T10 Type 140 unguided rockets.
modification/fr_matra_t_10_150;T10 Type 151
modification/fr_matra_t_10_150/desc;Allows the mounting of T10 Type 151 unguided rockets.
modification/fr_matra_type61;T10 Type 151
modification/fr_matra_type61/desc;Allows the mounting of T10 Type 151 unguided rockets.
modification/fr_matra_sneb;Type 155
modification/fr_matra_sneb/desc;Allows the mounting of Type 155 launchers, firing SNEB unguided rockets.
modification/fr_jl_100r;JL-100R
modification/fr_jl_100r/desc;Allows the mounting of JL-100R launchers, firing SNEB unguided rockets.
modification/fr_jl_100r_36;JL-100 (36)
modification/fr_jl_100r_36/desc;Allows the mounting of JL-100 (36) launchers, firing SNEB unguided rockets.
modification/fr_lr_f1;LR F1
modification/fr_lr_f1/desc;Allows the mounting of LR F1 launchers, firing SNEB unguided rockets.
modification/fr_matra_type116;Type 116
modification/fr_matra_type116/desc;Allows the mounting of Type 116 launchers, firing SNEB unguided rockets.
modification/fr_matra_type104a;Type 104A
modification/fr_matra_type104a/desc;Allows the mounting of Type 104A launchers, firing SNEB unguided rockets.
modification/fr_matra_type105;Type 105
modification/fr_matra_type105/desc;Allows the mounting of Type 105 launchers, firing SNEB unguided rockets.
modification/fr_lr_100_4;LR 100-4
modification/fr_lr_100_4/desc;Allows the mounting of LR 100-4 launching, firing TBA unguided rockets.
modification/tiger_tel12;TELSON 12
modification/tiger_tel12/desc;Allows the mounting of TELSON 12 launchers, firing SNEB unguided rockets.
modification/us_2_75_in_ffar_lau_32;LAU-32/A
modification/us_2_75_in_ffar_lau_32/desc;Allows the mounting of LAU-32/A launchers, firing FZ49 unguided rockets.
modification/fr_fz275;FZ231
modification/fr_fz275/desc;Allows the mounting of FZ231 launchers, firing FZ275 laser guided rockets.
;
modification/swd_j29_180mm_m49;hprak m/49
modification/swd_j29_180mm_m49/desc;Allows the mounting of hprak m/49 unguided rockets.
modification/swd_j29_145mm_m49a;psrak m/49B
modification/swd_j29_145mm_m49a/desc;Allows the mounting of psrak m/49B unguided rockets.
modification/swe_m49_56;psrak m/49/56
modification/swe_m49_56/desc;Allows the mounting of psrak m/49/56 unguided rockets.
modification/swd_j29_150mm_m51;srak m/51
modification/swd_j29_150mm_m51/desc;Allows the mouting of srak m/51 unguided rockets.
modification/swd_j29_75mm_m55;srak m/55
modification/swd_j29_75mm_m55/desc;Allows the mounting of srak m/55 unguided rockets.
modification/swe_m56d;srak m/56D
modification/swe_m56d/desc;Allows the mounting of srak m/56D unguided rockets.
modification/swe_m57b;srak m/57B
modification/swe_m57b/desc;Allows the mounting of srak m/57B unguided rockets.
modification/swe_135mm_m70b;Raketkapsel m/70
modification/swe_135mm_m70b/desc;Allows the mounting of Raketkapsel m/70 launchers, firing m/70 unguided rockets.
;
modification/8_cm_flz_rakete;8-cm Flz.-Rakete
modification/8_cm_flz_rakete/desc;Allows the mounting of 8-cm Flz.-Rakete unguided rockets.
modification/ar_rocket;AR
modification/ar_rocket/desc;Allows the mounting of AR unguided rockets.
;
;
;
<Torp Mods>;
;
modification/pby5_ltc;MK 13
modification/pby5_ltc/desc;Allows the mounting of MK 13 torpedoes.
modification/tbf_itc;MK 13
modification/tbf_itc/desc;Allows the mounting of MK 13 torpedoes.
modification/btd_tc;MK 13 MOD 2
modification/btd_tc/desc;Allows the mounting of MK 13 MOD 2 torpedoes.
modification/us_mk13;MK 13 MOD 2
modification/us_mk13/desc;Allows the mounting of MK 13 MOD 2 torpedoes.
;
modification/etc502_pylon;F5w
modification/etc502_pylon/desc;Allows the mounting of F5w torpedoes.
modification/pvc_1006b_pylon;F5w
modification/pvc_1006b_pylon/desc;Allows the mounting of F5w torpedoes.
;
modification/t-18;45-36AN
modification/t-18/desc;Allows the mounting of 45-36AN torpedoes.
modification/der4_47bmt;46-36MAN
modification/der4_47bmt/desc;Allows the mounting of 45-36MAN torpedo.
;
modification/wellington_tc;Mk.XII
modification/wellington_tc/desc;Allows the mounting of Mk.XII torpedoes.
modification/fairey_tc;Mk.XII
modification/fairey_tc/desc;Allows the mounting of Mk.XII torpedoes.
modification/beaufighter_tsc;Mk.XII
modification/beaufighter_tsc/desc;Allows the mounting of Mk.XII torpedoes.
modification/beaufort_tbc;Mk.XII
modification/beaufort_tbc/desc;Allows the mounting of Mk.XII torpedoes.
modification/blackburn_tc;Mk.XV
modification/blackburn_tc/desc;Allows the mounting of Mk.XV torpedoes.
;
modification/b5n2_17-34in_mod45;Type 91
modification/b5n2_17-34in_mod45/desc;Allows the mounting of Type 91 torpedoes.
modification/h6k_17-34in_mod45;Type 91
modification/h6k_17-34in_mod45/desc;Allows the mounting of Type 91 torpedoes.
modification/g4m_17-34in_mod45;Type 91
modification/g4m_17-34in_mod45/desc;Allows the mounting of Type 91 torpedoes.
;
modification/s79a_tbc;F200/450
modification/s79a_tbc/desc;Allows the mounting of F200/450 torpedoes.
;
modification/mb_175_lbt_130;F5w
modification/mb_175_lbt_130/desc;Allows the mounting of F5w torpedoes.
modification/fr_40cm_1926;1926DA
modification/fr_40cm_1926/desc;Allows the mounting of 1926DA torpedoes.
;
modification/swe_torp_t18b_1;m/38
modification/swe_torp_t18b_1/desc;Allows the mounting of m/38 torpedoes.
modification/swe_torp_m41;m/41
modification/swe_torp_m41/desc;Allows the mounting of m/38 torpedoes.
;
modification/improved_torpedo_mod;Improved Torpedo
modification/improved_torpedo_mod/desc;Allows the mounting of an improved torpedo.
;
;
;
<Gun Pod Mods>;
;
modification/dgp-1_gunpod;DGP-1
modification/dgp-1_gunpod/desc;Allows the mounting of DGP-1 gun pods.
modification/f-82_gunpod;NAGP Mk.I
modification/f-82_gunpod/desc;Allows the mounting of NAGP Mk.I gun pods.
modification/us_suu_16a;SUU-16/A
modification/us_suu_16a/desc;Allows the mounting of SUU-16/A gun pods.
modification/f4c_suu_23a;SUU-23/A
modification/f4c_suu_23a/desc;Allows the mounting of SUU-23/A gun pods.
modification/us_gpu_2a;GPU-2/A
modification/us_gpu_2a/desc;Allows the mounting of GPU-2/A gun pods.
modification/a_7d_gpu_5a;GPU-5/A
modification/a_7d_gpu_5a/desc;Allows the mounting of GPU-5/A gun pods.
modification/mk4_mod0_gunpod;MK 4 MOD 0
modification/mk4_mod0_gunpod/desc;Allows the mounting of MK 4 MOD 0 gun pods.
modification/uh_1c_xm18;M18A1
modification/uh_1c_xm18/desc;Allows the mounting of M18A1 gun pods.
modification/uh_1c_xm21;XM21
modification/uh_1c_xm21/desc;Allows the mounting of XM21 gun pods.
modification/ah_1g_xm35;XM35
modification/ah_1g_xm35/desc;Allows the mounting of XM35 gun pods.
modification/us_gau_19;GP-19
modification/us_gau_19/desc;Allows the mounting of GP-19 gun pods.
modification/us_cannon_lr30;LR 30
modification/us_cannon_lr30/desc;Allows the mounting of the LR 30 cannon.
;
modification/mg81gunpod_mod;W.B. 81B
modification/mg81gunpod_mod/desc;Allows the mounting of W.B. 81B gun pod.
modification/mg15120gunpod_mod;W.B. 151
modification/mg15120gunpod_mod/desc;Allows the mounting of W.B. 151 gun pods.
modification/mg15120gunpod_mod_bf110;W.B. 151
modification/mg15120gunpod_mod_bf110/desc;Allows the mounting of W.B. 151 gun pods.
modification/hs129_r2;MK 103
modification/hs129_r2/desc;Allows the mounting of an MK 103 gun pod.
modification/hs129_bk37;BK 3,7
modification/hs129_bk37/desc;Allows the mounting of a BK 3,7 gun pod.
modification/hs129_bk37_bf110;BK 3,7
modification/hs129_bk37_bf110/desc;Allows the mounting of a BK 3,7 gun pod.
modification/fn_hmp400_lcc;FN HMP400
modification/fn_hmp400_lcc/desc;Allows the mounting of FN HMP400 gun pods.
modification/fn_rmp_lc;FN RMP
modification/fn_rmp_lc/desc;Allows the mounting of FN RMP gun pods.
modification/tiger_hmp400_lcc;FN HMP400
modification/tiger_hmp400_lcc/desc;Allows the mounting of FN HMP400 gun pods.
modification/tiger_rmp_lc;FN RMP
modification/tiger_rmp_lc/desc;Allows the mounting of FN RMP gun pods.
;
modification/pk3_gunpod;PK-3
modification/pk3_gunpod/desc;Allows the mounting of PK-3 gun pods.
modification/il_28sh_upk23_gunpod;UPK-23-250
modification/il_28sh_upk23_gunpod/desc;Allows the mounting of UPK-23-250 gun pods.
modification/yak_38_upk23_gunpod;UPK-23-250*
modification/yak_38_upk23_gunpod/desc;Allows the mounting of additional UPK-23-250 gun pods.
modification/yak_38_vspu_36_gunpod;VSPU-36
modification/yak_38_vspu_36_gunpod/desc;Allows the mounting of the VSPU-36 gun pod.
modification/su_guv_8700;GUV-8700
modification/su_guv_8700/desc;Allows the mounting of GUV-8700 gun pods.
modification/su_17_sppu_22_gunpod;SPPU-22-01
modification/su_17_sppu_22_gunpod/desc;Allows the mounting of SPPU-22-01 gun pods.
modification/su_sppu_6_gunpod;SPPU-6
modification/su_sppu_6_gunpod/desc;Allows the mounting of SPPU-6 gun pods.
;
modification/uk_mgp;FN 60.30 gun pod
modification/uk_mgp/desc;Allows the mounting of FN 60.30 gun pods.
;
modification/fn_hmp400;FN HMP400
modification/fn_hmp400/desc;Allows the mounting of FN HMP400 gun pods.
modification/fn_rmp;FN RMP
modification/fn_rmp/desc;Allows the mounting of FN RMP gun pods.
modification/it_macchi_39a_940_gunpod;39A-940-31/32
modification/it_macchi_39a_940_gunpod/desc;Allows the mounting of 39A-940-31/32 gun pods.
modification/it_macchi_m_910_gunpod;M-910-21/22
modification/it_macchi_m_910_gunpod/desc;Allows the mounting of M-910-21/22 gun pods.
;
modification/fr_mirage_f1c_cc_420_gunpod;CC-420
modification/fr_mirage_f1c_cc_420_gunpod/desc;Allows the mounting of CC420 gun pods.
modification/fr_cc422_gun_pod;CC422
modification/fr_cc422_gun_pod/desc;Allows the mounting of CC422 gun pods.
modification/fr_cc630_gun_pod;CC630
modification/fr_cc630_gun_pod/desc;Allows the mounting of CC630 gun pods.
;
modification/ffv_uni_pod;FFV UNI-POD 0127
modification/ffv_uni_pod/desc;Allows the mounting of FFV UNI-POD 0127 gun pods.
;
;
modification/Bf-109_R4;R4 Mod.
modification/Bf-109_R4/desc;Allows the installation of MG 151/20 cannons in underwing pods.
modification/Bf-109F-4_R1;R1 Mod.
modification/Bf-109F-4_R1/desc;Allows the installation of MG 151/15 cannons in underwing pods.
modification/Bf-109G-2_R6;R6 Mod.
modification/Bf-109G-2_R6/desc;Allows the installation of MG 151/20 cannons in underwing pods.
modification/Bf-109G-6_R5;R5 Mod.
modification/Bf-109G-6_R5/desc;Allows the installation of MK 108 cannons in underwing pods.
modification/Bf-109G-6_R6;R6 Mod.
modification/Bf-109G-6_R6/desc;Allows the installation of MG 151/20 cannons in underwing pods.
modification/Bf-109G-10_R5;R6 Mod.
modification/Bf-109G-10_R5/desc;Allows the installation of MK 108 cannons in underwing pods.
modification/Bf-109G-10_R6;R6 Mod.
modification/Bf-109G-10_R6/desc;Allows the installation of MG 151/20 cannons in underwing pods.
modification/Bf-109G-14_R5;R4 Mod.
modification/Bf-109G-14_R5/desc;Allows the installation of MK 108 cannons in underwing pods.
modification/Bf-109G-14_R6;R6 Mod.
modification/Bf-109G-14_R6/desc;Allows the installation of MG 151/20 cannons in underwing pods.
modification/Bf-109K-4_R5;R5 Mod.
modification/Bf-109K-4_R5/desc;Allows the installation of MG 151/20 cannons in underwing pods.
modification/Fw-190A-5_R1;R1 Mod.
modification/Fw-190A-5_R1/desc;Allows the installation of MG 151/20 cannons in underwing pods.
modification/Fw-190F-8_R3;R3 Mod.
modification/Fw-190F-8_R3/desc;Allows the installation of MK 103 cannons in underwing pods.
;
;
;
<Gun Swap Mods>;
;
modification/us_m39_cannon;M39
modification/us_m39_cannon/desc;Allows the installation of M39 cannons in place of the 12.7 mm machine guns.
modification/a_26b_10_2x37_mod;M9
modification/a_26b_10_2x37_mod/desc;Allows the installation of M9 cannons in place of the 12.7 mm machine guns.
modification/a_26b_10_1x37_4_50_mod;M9 + x4 12.7 mm
modification/a_26b_10_1x37_4_50_mod/desc;Allows the installation of an M9 cannon in place of two 12.7 mm machine guns.
modification/ah_1g_M75;M75
modification/ah_1g_M75/desc;Allows the installation of an M75 grenade launcher.
modification/ah_1g_M129;M129
modification/ah_1g_M129/desc;Allows the installation of a pair of M129 grenade launchers in place of the 7.62 mm miniguns.
;
modification/do-335a-0_mg15115_mod;MG 151/15
modification/do-335a-0_mg15115_mod/desc;Replaces the MG 151/20 nose cannon with an MG 151/15 cannon.
modification/bf-109g6_u4_mod;MK 108
modification/bf-109g6_u4_mod/desc;Replaces the MG 151/20 nose cannon with an MK 108 cannon.
modification/Bf-109G-10_MK108_mod;MK 108
modification/Bf-109G-10_MK108_mod/desc;Replaces the MG 151/20 nose cannon with an MK 108 cannon.
modification/Bf-109G-14_MK108_mod;MK 108
modification/Bf-109G-14_MK108_mod/desc;Replaces the MG 151/20 nose cannon with an MK 108 cannon.
modification/bf-109k-4_MG15120_mod;MG 151/20
modification/bf-109k-4_MG15120_mod/desc;Replaces the MK 108 nose cannon with an MG 151/20 cannon.
;
modification/su_2_am42_vya23;VYa-23
modification/su_2_am42_vya23/desc;Allows the replacement of the NS-37 cannons with VYa-23 cannons.
modification/yak9p_ns23_mod;NS-23
modification/yak9p_ns23_mod/desc;Replaces the B-20S nose cannon with an NS-23 cannon.
modification/yak9p_n37_mod;N-37
modification/yak9p_n37_mod/desc;Replaces the B-20S nose cannon with an N-37 cannon.
modification/yak9ut_n37_mod;N-37
modification/yak9ut_n37_mod/desc;Replaces the NS-23 nose cannon with an N-37 cannon.
modification/yak9p_ns45_mod;NS-45
modification/yak9p_ns45_mod/desc;Replaces the B-20S nose cannon with an NS-45 cannon.
modification/tis_ns_45_mod;NS-45
modification/tis_ns_45_mod/desc;Replaces the NS-37 cannons with NS-45 cannons.
modification/yak9ut_ns45_mod;NS-45
modification/yak9ut_ns45_mod/desc;Replaces the NS-23 nose cannon with an NS-45 cannon.
modification/ka_29_2a42;2A42
modification/ka_29_2a42/desc;Allows the installation of a 2A42 cannon.
;
modification/hispano_mk_2_narrow_chamber_new_gun;Mk.II (1942)
modification/hispano_mk_2_narrow_chamber_new_gun/desc;Modification of the HIspano Mk.II in 1942. Improving accuracy and decreasing chance of jamming.
modification/hispano_mk_2_1943_new_gun;Mk.II (1943)
modification/hispano_mk_2_1943_new_gun/desc;Modification of the Hispano Mk.II in 1943. Further improving accuracy and greatly decreasing chance of jamming.
;
modification/ki_43_1_otsu;Otsu Mod.
modification/ki_43_1_otsu/desc;Replaces one of the Type 89 machine guns with a Ho-103 machine gun.
modification/ki_43_1_hei;Hei Mod.
modification/ki_43_1_hei/desc;Replaces the other Type 89 machine gun with another Ho-103 machine gun.
modification/kitsuka_fighter;Model 21 Kо̄
modification/kitsuka_fighter/desc;Installation of a second Type 5 cannon.
;
modification/morko_morane_mg151;MG 151/20
modification/morko_morane_mg151/desc;Replaces the Berezin UB machine gun with an MG 151/20 cannon.
;
;
;
<Vehicle Change Mods>;
;
modification/mine_protection_improvement;Mine Protection
modification/mine_protection_improvement/desc;Addition of anti-mine plating to the belly of the vehicle.
modification/ka_chi_hull_improvement;Ka-Chi Pontoons
modification/ka_chi_hull_improvement/desc;Installation of pontoons to the vehicle, providing additional armor and allowing the vehicle to float.
modification/tog_project_upgrade;TOG II* GWP
modification/tog_project_upgrade/desc;Experimental TOG II* Great War Pattern, adding sponson bulges with additional machine guns.
;
modification/xm_8_protection_improvement;Level III
modification/xm_8_protection_improvement/desc;Installation of level III modular armor add-on, providing greater protection against autocannons, but greatly increasing weight.
modification/lav_ad_hydra_70;M261
modification/lav_ad_hydra_70/desc;Replacement of one of the FIM-92 Stinger launchers with an M261 launcher, firing Hydra-70 unguided rockets.
modification/m1128_protection_improvement;Slat Armor
modification/m1128_protection_improvement/desc;Addition of slat armor around the vehicle, providing slightly improved protection against shaped-charge ammunition.
modification/abrams_protection_improvement;TUSK Package
modification/abrams_protection_improvement/desc;Installation of Tank Urban Survival Kit armor package, providing improved protection, but increasing weight.
;
modification/zerstorer_skirts_up;Raised Side Skirts
modification/zerstorer_skirts_up/desc;Raises the vehicle side skirts, providing greater protection, but harming firing angles.
modification/vsw_flak_41_skirts_up;Raised Side Skirts
modification/vsw_flak_41_skirts_up/desc;Raises the vehicle side skirts, providing greater protection, but harming firing angles, and making reloading slower.
modification/night_vision_system_panther_2;Night Vision Equipment
modification/night_vision_system_panther_2/desc;Installation of night vision sight and IR illuminator to the vehicle. Providing the gunner with night vision, but affecting the firing angles of the main gun.
modification/slat_armor_improvement;Slat Armor
modification/slat_armor_improvement/desc;Addition of slat armor around the vehicle, providing slightly improved protection against shaped-charge ammunition.
;
modification/bmp_1p_turret_improvement;BMP-1P
modification/bmp_1p_turret_improvement/desc;Modification of vehicle to BMP-1P standard, providing a new 9M113 ATGM, at the cost of your autoloading mechanism.
modification/t_62m_1_protection_improvement;Side Skirts
modification/t_62m_1_protection_improvement/desc;Addition of anti-shaped-charge side skirts to the sides of the vehicle.
modification/9p149m_upgrade_modification;9P149M
modification/9p149m_upgrade_modification/desc;Modification of the vehicle to 9P149M standard, providing the gunner with a thermal sight.
modification/bmp_2d_improvement;BMP-2D
modification/bmp_2d_improvement/desc;Upgrade to BMP-2D armor standard, providing slightly improved armor protection, but at the cost of no longer being able to float.
modification/bmd_4m_improvement;BMD-4M
modification/bmd_4m_improvement/desc;Installation of additional armor plating across the vehicle.
modification/t_72a_1983_protection_improvement;T-72A (1983)
modification/t_72a_1983_protection_improvement/desc;Addition of a 16 mm armor plate on the upper front plate.
modification/t_64b_protection_improvement;T-64BV
modification/t_64b_protection_improvement/desc;Modification of vehicle to T-64BV standard, providing improved armor composition, as well as Kontakt-1 ERA across the front of the vehicle.
modification/t_80b_protection_improvement;Kontakt-1
modification/t_80b_protection_improvement/desc;Installation of Kontakt-1 ERA across the front of the vehicle.
modification/bmp_3_upgrade_modification;Sodema Thermal Viewer
modification/bmp_3_upgrade_modification/desc;Installation of the Sodema thermal viewer, providing the gunner with a thermal sight.
modification/t_72b3_2017_improvement;T-72B3M
modification/t_72b3_2017_improvement/desc;Modification of the vehicle to T-72B3M standard, providing a stronger engine, as well as Relikt ERA along the sides of the vehicle.
modification/t_80bvm_protection_improvement;UBH Package
modification/t_80bvm_protection_improvement/desc;Addition of the UBH armor package, providing Relikt ERA along the sides of the vehicle.
modification/t_90m_protection_improvement;UBH Package
modification/t_90m_protection_improvement/desc;Addition of the UBH armor package, providing Relikt ERA along the sides of the vehicle.
modification/2s6_upgrade_modification;2S6M1
modification/2s6_upgrade_modification/desc;Modification of the vehicle to 2S6M1 standard, providing access to the longer range 9M311-1M missiles.
modification/btr_82a_improvement;Slat Armor
modification/btr_82a_improvement/desc;Addition of slat armor around the vehicle, providing slightly improved protection against shaped-charge ammunition.
modification/bmpt_protection_improvement;ERA Package
modification/bmpt_protection_improvement/desc;Addition of ERA bricks along the sides of the vehicle, providing extra protection.
;
modification/conqeror_armor_improvement;“Super Conqueror”
modification/conqeror_armor_improvement/desc;Addition of the “Super Conqueror” target armor.
modification/fv510_protection_improvement;WRAP1
modification/fv510_protection_improvement/desc;Warrior Appliqué Armour Plate armor package, providing a composite armor block on front of the vehicle, as well as composite screens on the sides of the vehicle.
modification/fv510_MILAN_2;MILAN 2
modification/fv510_MILAN_2/desc;Replacement of the MILAN missile with the MILAN 2.
modification/challenger_2_protection_improvement;Dorchester 2E
modification/challenger_2_protection_improvement/desc;Installation of composite armor packages along the sides of the vehicle, and ROMOR-A ERA on the vehicle lower plate.
modification/challenger_dorchester_protection_improvement;TES
modification/challenger_dorchester_protection_improvement/desc;Improvement of the vehicle to Theatre Entry Standard (2008).
;
modification/type_86_turret_improvement;ZBD86 (2020)
modification/type_86_turret_improvement/desc;Modification of the vehicle to ZBD86 (2020) standard, providing a new HJ-73E ATGM.
;
modification/c1_pso_protection_improvement;PSO Tipo 2
modification/c1_pso_protection_improvement/desc;Installation of PSO Tipo 2 armor kit to the vehicle, providing additional side armor protection, at the cost of increased weight.
modification/c1_protection_improvement;WAR Kit
modification/c1_protection_improvement/desc;Installation of the WAR armor kit, providing increased frontal armor, at the cost of increased weight.
modification/camouflage_net_certezza;WAR Kit
modification/camouflage_net_certezza/desc;Installation of the WAR armor kit, providing increased frontal armor, at the cost of increased weight.
;
modification/jaguar_ebrc_improvement;Slat Armor
modification/jaguar_ebrc_improvement/desc;Addition of slat armor around the vehicle, providing slightly improved protection against shaped-charge ammunition.
;
modification/magach_protection_improvement;Baltan ERA
modification/magach_protection_improvement/desc;Installation of Baltan ERA across the front and sides of the vehicle.
;
modification/ship_pg02_new_autocannon;Rate of Fire Modification
modification/ship_pg02_new_autocannon/desc;An ability to carry a 20 mm JM61 autocannon with lower fire rate of 450 shots per minute
;This modification gives the ability to utilize a lower fire rate mode of the JM61A1 cannon. Slowing the rate of fire from 3000 rounds per minute, down to just 450 rounds per minute.
modification/ship_p493_freccia_torpedoes;Torpedo tubes
modification/ship_p493_freccia_torpedoes/desc;Gives the option to install two torpedo tubes in place of the second 40 mm/70 cannon.
;
;
;
<Camo/Vismod Mods>;
;
modification/m_1_fuel_tanks;Vismod (Red Star)
modification/m_1_fuel_tanks/desc;Mounting of visual modifications used in training exercises to stand in for a Soviet tank.
modification/type_74_tire;Vismod (Krasnovian Variant Tank)
modification/type_74_tire/desc;Mounting of visual modifications used in training exercises to stand in for a Soviet tank.
modification/certezza_protection_improvement;Camouflage Netting
modification/certezza_protection_improvement/desc;Mounting of camouflage netting across the vehicle, improving camouflage when hiding in lines of trees or bushes.
