<Menu>;
<Copy-paste for release versions>;<color=@commonTextColor>Better Default:</color> <color=#E52D30>v15.0.0-ALPHA</color>
;
mainmenu/custom_lang_info;<color=@commonTextColor>Better Default:</color> <color=@goodTextColor>v15.0.0</color>
mainmenu/custom_lang_info/tooltip;
mainmenu/customSoundMods;
mainmenu/customSoundMods/tooltip;
hint/mouseClick;
;
;
demo;Demo version
mainmenu/btnExit;Exit
mainmenu/btnOptions;Options
mainmenu/btnCredits;Credits
multiplayer/creditsMode;Credits
mainmenu/btnDemoCampaign;Historical Campaign (TGS)
mainmenu/btnMissions;Missions
mainmenu/btnPvP;Random Battles
mainmenu/btnPvE;Missions
mainmenu/btnTournamentsAndEvents;Events & Tournaments
mainmenu/btnBattleTasks;Daily Tasks
mainmenu/btnBattleTasksHard;Special Tasks
mainmenu/btnPersonalUnlocks;War Diaries
mainmenu/btnTournament;Rankings Challenge
mainmenu/btnTournamentLb;Tournament Leaderboard
mainmenu/btnEvents;Events
mainmenu/btnSkirmish;Custom Battles
mainmenu/btnCampaign;Historical Campaign
mainmenu/btnDynamic;Dynamic Campaign
mainmenu/btnSingleMission;Single Missions
mainmenu/btnSingleLocalMission;Start Mission Offline
mainmenu/btnSingleOnlineMission;Start Mission
mainmenu/btnUserMission;User Missions
mainmenu/btnShop;Research
mainmenu/btnCustomMatch;Find Session
mainmenu/btnTraining;Mission Editor
mainmenu/btnBuilder;Mission Editor
mainmenu/btnTutorial;Tutorial
mainmenu/btnMedal;Medals
mainmenu/btnUnlockMedal;Medals
mainmenu/btnExtra;Extras
mainmenu/btnQuickMatch;Quick Match
mainmenu/btnProfileOpt;Profile Options
mainmenu/btnPrestige;Prestige
mainmenu/btnOnline;Play Online
mainmenu/btnExitWizard;Exit the Controls Setup Wizard
mainmenu/btnChangeName;Change Nickname
mainmenu/chooseName;Choose a Nickname
mainmenu/btnChangePlayer;Switch User
mainmenu/btnXboxProfile;Gamercard
mainmenu/btnPsnProfile;Profile
mainmenu/btnComplain;Complain
mainmenu/btnSend;Send
mainmenu/btnUserCard;Player Card
mainmenu/btnProfile;Player Card
mainmenu/btnMain;Main
mainmenu/btnSteamFriendsAdd;Add Steam Friends
mainmenu/btnFacebookFriendsAdd;Add Facebook Friends
mainmenu/btnSteamFriendsAddShort;Add Friends from
mainmenu/btnFacebookFriendsAddShort;Add Friends from
mainmenu/btnInviteFriend;+ Invite Friend
mainmenu/btnRandomBattlesMenu;Battle Settings
mainmenu/title;Main Menu
mainmenu/addCustomNick;Add Nickname
mainmenu/campaignChapterSelectTitle;Select Chapter
mainmenu/titleSelectRealismLevel;Difficulty Level
mainmenu/titleLeaderboards;Leaderboards
mainmenu/titleMultiPlayerModes;Game Modes
mainmenu/titleSinglePlayer;Single Player
mainmenu/titleSelectMatch;Match
mainmenu/titleProfile;Profile
mainmenu/titleEventDescription;Event Info
mainmenu/openGameModeLink;Open
mainmenu/no_leaderboards;There are not enough sessions for displaying the Leaderboards
mainmenu/customMatch;Find Session
mainmenu/selectCreateMode;Game Mode
mainmenu/btnBack;Back
mainmenu/btnClose;Close
mainmenu/btnRefresh;Refresh
mainmenu/btnRefreshByUrl;Update by link
mainmenu/btnPrev;Previous Step
mainmenu/btnSelect;Select
mainmenu/questionQuitGame;Would you like to quit?
mainmenu/btnAircraftInfo;Information
mainmenu/btnPages;Pages
mainmenu/btnMyPlace;My Place
mainmenu/btnTopPlace;First Place
mainmenu/btnLastWeek;Previous Top 10
mainmenu/btnPageNext;Next
mainmenu/btnPagePrev;Previous
mainmenu/btnMonthLb;Last Month
mainmenu/btnTotalLb;All Time
mainmenu/btnSessionSettings;Session Settings
mainmenu/btnPostFxSettings;PostFX Settings
mainmenu/btnSpectator;Spectator
tooltip/spectator_mode;Entering the game in Spectator mode, you will not participate in battle, but you can watch.
mainmenu/btnReferee;Referee
tooltip/referee_mode;Entering the game in Referee mode, you will not participate in battle, but you can watch the action on behalf of both teams.
mainmenu/btnTeam;Change Team
mainmenu/btnCountry;Change Country
mainmenu/btnInvite;Invite Friends
mainmenu/btnReady;Ready
mainmenu/btnApply;Apply
mainmenu/btnOk;Ok
mainmenu/btnSpectatorNext;Next
mainmenu/btnSpectatorPrev;Previous
mainmenu/btnCreateSession;Create Session
mainmenu/btnCreatePrivateSession;Private Match
mainmenu/autostartCountdown;Automatic Start in
mainmenu/seconds;s
mainmenu/btnUserAction;Player Action
mainmenu/btnClanAction;Squadron Actions
mainmenu/navigation;Navigation
mainmenu/navigationExpand;Expand navigation bar
mainmenu/btnMoveToNavPanel;To navigation bar
mainmenu/protection_improvement;Protection improvement
mainmenu/protectionMap;Protection map
mainmenu/considerCameraVerticalAngle;Consider camera vertical angle
flightmenu;Battle menu
flightmenu/title;Pause
flightmenu/btnResume;Resume
flightmenu/btnOptions;Options
flightmenu/btnControls;Controls
flightmenu/btnRestart;Restart
flightmenu/btnRestartReplay;Restart Replay
flightmenu/btnQuitMission;Return to the Hangar
flightmenu/btnQuitReplay;Quit Replay
flightmenu/btnQuitGame;Quit Game
flightmenu/btnCompleteMission;Next Mission
flightmenu/btnBailout;Leave the Plane
flightmenu/btnLeaveTheTank;Leave the Vehicle
flightmenu/btnBailoutHelicopter;Leave the Helicopter
flightmenu/btnControlsHelp;Help
flightmenu/questionQuitGame;Are you sure you want to quit?
flightmenu/questionQuitMission;Are you sure you want to go back to the hangar?
flightmenu/questionQuitMissionInProgress;"Are you sure you want to go back to the hangar?
Lions and research points will be automatically tallied after the battle is finished."
flightmenu/haveAvailableCrews;You still have crews ready to battle.
respawn/withCheaperWeapon;With cheaper weapons
flightmenu/questionQuitMissionHost;"Are you sure you want to go back to the hangar?
All other players will fail the mission as well."
flightmenu/questionRestartMission;Are you sure you want to restart this mission?
flightmenu/questionQuitCampaign;Are you sure you want to quit the campaign?
flightmenu/questionBailout;Are you sure you want to bail out from the aircraft?
flightmenu/questionBailoutHelicopter;Are you sure you want to bail out from the helicopter?
flightmenu/questionLeaveTheTank;Are you sure you want to leave the vehicle?
flightmenu/btnDebugUnlock;Debug Unlock
flightmenu/btnStats;Statistics
flightmenu/btnActivateOrder;Orders
campaign/unlockPrevious;This mission is currently locked.
campaign/unlockPreviousChapter;You need to complete the previous chapter to watch this movie.
campaign/unlockTutorial;You need to complete the Tutorial.
mainmenu/btnWatchMovie;Watch Video
difficulty0;Arcade Battles
difficulty1;Realistic Battles
difficulty2;Simulator Battles
difficulty_name;Difficulty level:
reward;Reward
max_timed_reward;Max. reward for useful actions
reward/tutorialFirstComplet;Reward for first basic tutorial
reward/everyDay;Reward once a day: 
rewardReceived;Reward received
baseReward;Base reward
baseReward/tooltip;The final reward for the mission also depends on the chosen difficulty and the number of players in the session.
player_score_name;Player score:
mission_hint/spawns_per_battle;available and maximum number of respawns on this vehicle ({unit_name}). Some vehicles (usually reserve ones) have several respawns even without the use of a backup.
mission_hint/cost_sp;the cost of using the vehicle in Spawn points. Spawn points are awarded for any successful actions in battle, in proportion to the mission points. Current amount: {current_cost_sp}.
mission_hint/cost_sl;the cost of using the vehicle in Silver Lions.
mission_hint/spare;the number of backups on this vehicle. The backup allows you to use a vehicle twice in one battle.
mission_hint/spare/universal_spawn;there is a universal backup for this vehicle. You can use this vehicle for a second time by spending one universal backup.
mission_hint/spare/spawn;the number of backups on this vehicle. You can use this vehicle for a second time by spending one backup.
mission_hint/spawns_per_unit;available and maximum number of respawns on this type of vehicle ({army}).
msgbox/btn_yes;Yes
msgbox/btn_no;No
msgbox/btn_ok;OK
msgbox/btn_cancel;Cancel
msgbox/btn_back;Back
msgbox/btn_replace;Replace
msgbox/btn_add;Add
msgbox/btn_copy;Copy
msgbox/btn_delete;Delete
msgbox/btn_remove;Remove
msgbox/btn_move_up;Move Up
msgbox/btn_move_down;Move Down
msgbox/btn_rename;Rename
msgbox/btn_edit;Edit
msgbox/btn_more;More...
msgbox/btn_haveReadAndAgree;I have read and agree
msgbox/btn_reassign;Reassign
msgbox/btn_skip;Skip
msgbox/btn_leaveSquad;Leave Squad
msgbox/btn_disbandSquad;Disband Squad
msgbox/btn_createNewSquad;Create New Squad
msgbox/btn_sendAnyway;Send anyway
msgbox/btn_aviation;Air
msgbox/btn_army;Ground
msgbox/btn_purchase;Purchase
msgbox/btn_apply;Apply
msgbox/wait_for_squad_leader;Waiting for the squad leader
msgbox/btn_verify;Verify
msgbox/btn_activate;Activate
msgbox/btn_later;Later
msgbox/btn_revoke_invites;Revoke invites
msgbox/btn_relogin;Relogin
msgbox/btn_bind;Bind
msgbox/presetActions;Preset actions
options/creatingSession;Creating session...
options/joinSession;Joining session...
options/searchingSession;Searching session...
options/session;Session
profile/options;Options
profile/hangar;Research
profile/unlocks;Unlocks
profile/awards;Awards
mainmenu/btnEncyclopedia;Encyclopedia
profile/pilots;Pilots
profile/language;Language
profile/steamName;Steam: 
profile/facebookName;Facebook: 
profile/psnName;OnlineID: 
mainmenu/btnGameplay;Options
mainmenu/btnWeapons;Modifications
mainmenu/btnWeaponsDesc;Modify the vehicle in accordance with your purposes
mainmenu/btnClans;Squadrons
unlocks/newRank;New rank
unlocks/aircraft;New vehicle available
unlocks/difficulty;Difficulty
unlocks/weapon;New weapon
unlocks/weapon_for_air;New weapon for %s
unlocks/modification_for_air;New modification for %s
unlocks/bullets_for_air;New shell rack for %s
unlocks/mission;New mission unlocked
unlocks/medal;Medal earned
unlocks/challenge;Challenge
unlocks/achievement;New achievement
unlocks/title;New title
unlocks/loading_bg;New loading screen
unlocks/next;Next
unlocks/continue;Continue
unlocks/difficulty_old;Realism Level
unlocks/encyclopedia;New encyclopedia article unlocked
unlocks/pilot;Profile icon
unlocks/streak;Award
unlocks/award;Award
unlocks/entitlement;You've got
unlocks/country;New country unlocked
unlocks/year;A new year for dynamic campaigns available
unlocks/slot;New crew available
unlocks/skillpoints;Skill points were earned
unlocks/skillpoints/desc; earned skill points - 
unlocks/battletask;Battle Task Completed
unlocks/trophy_steam;New achievement
unlocks/trophy;Award
unlocks/inventory;New item
unlocks/warbond;Award
complex_engine_on;Manual engine control
complex_engine_off;Auto engine control
mainmenu/btnReplays;Replays
mainmenu/btnViewReplay;View Replay
mainmenu/btnViewReplayTooltip;Session ID: {sessionID}
mainmenu/btnViewServerReplay;View Server Replay
mainmenu/btnViewHighlights;View highlights
mainmenu/replayName;Replay name
mainmenu/btnOpenReplaysFolder;Open Folder
mainmenu/areYouSureDelReplay;Are you sure you want to delete this replay?
mainmenu/areYouSureOpenReplayFolder;Are you sure you want to open replay folder?
mainmenu/noReplays;No replays found
mainmenu/btnSaveReplay;Save Replay
mainmenu/questionSaveReplay;Would you like to save the replay?
msgbox/btn_viewAgain;Watch Again
mainmenu/btnStatistics;Service Record
mainmenu/btnResetButton;Remove Binding
mainmenu/btnResetAxis;Reset Axis and Options
mainmenu/btnReset;Reset
mainmenu/btnAxisUnassign;Unassign Axis
mainmenu/btnRestoreAxis;Restore Axis
mainmenu/btnEditAxis;Edit Axis
mainmenu/btnAutodetectAxis;Autodetect Axis
mainmenu/btnStopAutodetect;Stop Axis Autodetection
mainmenu/btnPerformAction;Perform Action
profile/stats;Service record
mainmenu/onlineForLB;You need to be online to play missions with your friends, access leaderboards and other network features. Want to log in now?
mainmenu/btnVersus;Random Battles
mainmenu/btnCoop;Single Missions
mainmenu/titleVersus;Random Battles
mainmenu/titleCoop;Dynamic Campaign
chapters/singleMission;Missions
chapters/dynamic;Dynamic Campaign
chapters/event;Current Events
mainmenu/btnDecals;Hangar
mainmenu/btnMultiplayer;PvP
difficulty3;Custom
mainmenu/btnNext;Next
secondary_device_select_fmt;Secondary controller: %s
local_coop_no_device;Please select controller for gunner
options/mislist;Change mission
unlocks/decal;New decal
unlocks/skin;New camouflage
unlocks/attachable;New decorator
mission_status;Mission Status
mission_status_0;Accomplished on Arcade difficulty
mission_status_1;Accomplished on Realistic difficulty
mission_status_2;Accomplished on Simulator difficulty
new_rank;You've got a new rank
new_rank_country;You've been promoted to a new rank in your country's air forces!
players_recommended;Recommended for %s players
msgbox/only_default_help;Help is available for default controller only.
options/mp_mission;Mission
options/mp_user_mission;User mission
msgbox/btn_signIn;Sign In
msgbox/btn_confirm;Confirm
msgbox/btn_continue;Continue
msgbox/btn_download;Download
msgbox/btn_browse;Browse
msgbox/btn_use;Use
msgbox/start_tutorial;You haven't completed any mission on this difficulty setting yet. Would you like to play tutorial first?
msgbox/not_in_leaderboard;You haven't been listed in the Leaderboard yet.
profile/difficulty;Difficulty Settings
customdiff/value;Evaluated Difficulty: 
mainmenu/btnUnlockAchievement;Achievements
mainmenu/btnFavoritesUnlockAchievement;Favourite Achievements
mainmenu/btnUnlockAchievementsAll;All Achievements
mainmenu/UnlockAchievementsToFavorite;To Favourites
mainmenu/UnlockAchievementsToFavorite/hint;Add the achievement to Favourites
mainmenu/UnlockAchievementsRemoveFromFavorite/hint;Remove the achievement from Favourites
mainmenu/noFavoriteAchievements;You have no favourite achievements. You can add achievements to Favourites on the Achievements page.
mainmenu/btnUnlock;Unlocks
mainmenu/btnUnlockDecal;Decals
mainmenu/btnUnlockSkin;Skins
mainmenu/btnUnlockChallenge;Challenges
mainmenu/pleaseSignIn;Offline Mode
mainmenu/balance;Balance
mainmenu/gold;Golden Eagles - premium currency
mainmenu/warpoints;Silver Lions - main currency
mainmenu/rank;Level
mainmenu/BR; (BR {br})
mainmenu/brText;BR
mainmenu/playerRank;Player level
mainmenu/countryRank;Rank in country air forces
mainmenu/rank/country_usa;USA Air Forces Rank
mainmenu/rank/country_ussr;Soviet Air Forces Rank
mainmenu/rank/country_germany;German Air Forces Rank
mainmenu/rank/country_britain;British Air Forces Rank
mainmenu/rank/country_japan;Japanese Air Forces Rank
mainmenu/rank/country_china;Chinese Air Forces Rank
mainmenu/rank/country_pkg6;Ponyland Air Forces Rank
mainmenu/countriesRanks;Rank in countries' air forces
mainmenu/rewards;Medals
mainmenu/countryRank/tooltip;Rank in the given country's air forces
mainmenu/boostersTooltip;Active boosters {currencyMark}
mainmenu/booster/personal;Personal booster
mainmenu/booster/public;Public booster
mainmenu/boosterType/common;Common
msgbox/existingBoosters;"You already have active boosters. When more than one booster is active, their total effect is less than sum of all boosters.
{newBooster} will increase common effect by {newBoosterEffect}.
Are you sure you want to activate the booster?"
msgbox/isInFlightBooster;"Booster will have an effect starting with the next battle.
Are you sure you want to activate the booster?"
msgbox/conflictingBoosters/boosterEndsIn;Ends in %s
msgbox/conflictingWager;Stake on %s will cancel current active stake
msgbox/notEnoughMoneyWager/wp;Not enough Silver Lions to start the wager.
msgbox/notEnoughMoneyWager/gold;Not enough Golden Eagles to start the wager.
currency/researchPoints/name;Research points
currency/researchPoints/desc;Research points (RP)
currency/freeResearchPoints/name;Convertible research points
currency/freeResearchPoints/desc;Convertible research points (convertible RP)
currency/skillPoints/name;Skill points
currency/skillPoints/desc;Crew skill points
stats/time_played;Time played
stats/missions_wins;Victories
stats/missions_completed;Finished missions
stats/missions_failed;Missions failed
stats/kills_air;Air targets destroyed
stats/kills_ground;Ground targets destroyed
stats/kills_naval;Naval targets destroyed
stats/fm/fighter;Fighter
stats/fm/bomber;Bomber
stats/fm/assault;Strike aircraft
stats/flights;Number of Respawns
sm_rank;Rank
sm_era;Rank
sm_date;Date
sm_each;Each
exp_received;+ %s ▉
exp_received/by_param;+ {value} ▉
delay_received;Timers %s%d sec
sm_can_be_played;Can be played %d times
sm_playable;Playable
sm_play_times;%d times
sm_conditions;Conditions
sm_objective;Objective
shop/section/researchable;Research Tree
shop/section/premium;Premium / Event
shop/premiumVehicle/short;Premium
shop/age;Rank
shop/age/num;Rank {num}
shop/age/tooltip;Vehicle Rank
shop/battle_rating;Battle Rating
shop/battle_rating/tooltip;Relative vehicle battle rating
shop/unitCountry/operator;Operator country
shop/unitCountry/research;Research country
shop/chance_to_met;Chance of meeting
chance_to_met/never;Never
chance_to_met/low;Low
chance_to_met/average;Average
chance_to_met/high;High
shop/condition;Condition:
shop/condition/tooltip;Whether the vehicle is damaged and how long it would take to repair it for free.
shop/damaged;Vehicle damaged
shop/repair_cost;Repair cost:
shop/repair_cost/tooltip;The cost of repairing the vehicle.
shop/full_repair_cost;Max repair cost:
shop/full_repair_cost/tooltip;The cost of quick and complete repair on the vehicle.
shop/repair_cost_per_min;Repair cost depending on lifetime:
shop/avg_repair_cost;Max repair cost:
shop/avg_repair_cost/tooltip;The cost of quick and complete repair on the vehicle.
shop/full_repair_time;Free repair time:
shop/full_repair_time/tooltip;Time until the vehicle would be repaired on its own for free.
shop/full_repair_time_crew;Free repair time (with crew):
shop/full_repair_time_crew/tooltip;Time until the vehicle would be repaired on its own for free.
shop/free_repairs;Free repairs:
shop/free_repairs/tooltip;Free repairs:
shop/crew_train_cost;Crew train cost:
shop/crew_train_cost/tooltip;Cost of training the crew to use this particular type of vehicles.
shop/max_speed;Max Speed:
shop/max_speed/tooltip;The vehicle's maximum speed.
shop/max_depth;Max Depth:
shop/max_depth/tooltip;Maximum depth submarine can sail.
shop/max_speed_alt;at height:
shop/max_speed_alt/tooltip;Maximum-speed altitude.
shop/max_speed_alt_sea;at sea level
shop/max_altitude;Max Altitude:
shop/estimated_damage_to_base;Estimated damage to bases:
shop/reward_multiplier_for_base;Reward multiplier for bases:
shop/max_altitude/tooltip;The airplane's maximum altitude.
shop/turn_time;Turn Time:
shop/turn_time/tooltip;The minimum time it takes the airplane to complete a full horizontal circle.
shop/max_climbSpeed;Rate of Climb:
shop/max_climbSpeed/tooltip;The airplane's climbing speed.
shop/climb_time;Time to Climb:
shop/climb_time/tooltip;The airplane's climbing speed.
shop/climb_alt;at height:
shop/climb_alt/tooltip;The airplane's climbing speed.
shop/range;Range:
shop/range/tooltip;The maximum distance the airplane can travel without refueling.
shop/airfieldLen;Takeoff Run:
shop/airfieldLen/tooltip;The distance the airplane must travel on the runway before having enough speed to take off.
shop/wing_loading;Wing Loading:
shop/wing_loading/tooltip;Weight of the airplane divided by the area of the wing.
shop/power_to_weight_ratio;Power-to-Weight ratio:
shop/power_to_weight_ratio/tooltip;The ratio of engine power to the weight of the airplane.
shop/thrust_to_weight_ratio;Thrust-to-Weight ratio:
shop/thrust_to_weight_ratio/tooltip;The ratio of engine thrust to the weight of the airplane.
shop/weaponPresets;Armament Presets:
shop/weaponPresets/tooltip;Armament presets available for the current vehicle.
shop/tooltip_weaponmod;Secondary weapon modifier. Doesn't count after suspended ammunition is depleted (except for secondary cannons and machine guns).
shop/tooltip_reference_value_marker;Characteristic reference value
shop/massPerSec;One-second Burst Mass:
shop/surviveRating;Survival Rate:
shop/winsRating;Win Rate:
shop/usageRating;Popularity:
shop/usageRating/0;Very Low
shop/usageRating/1;Low
shop/usageRating/2;Average
shop/usageRating/3;High
shop/usageRating/4;Very High
shop/insuranceCost;Maximum Insurance Cost:
shop/airExp/tooltip;The amount of research points you've collected with this airplane. As long as the player has not completely mastered the airplane (i.e. the progress meter is not yet full), flights will yield 5x more research points.
shop/free;Free
shop/ammo;Ammo
shop/tank_mass;Mass:
shop/horsePowers;Engine Power:
shop/max_inclination;Maximum Inclination:
shop/turnTurretTime;Turret Rotation Speed:
shop/angleVerticalGuidance;Vertical Guidance:
shop/angleHorizontalGuidance;Horizontal Guidance:
shop/gunStabilizer;Gun Stabilizer:
shop/gunStabilizer/vertical;Vertical
shop/gunStabilizer/twoPlane;Two-plane
shop/armorThicknessHull;Hull Armor:
shop/armorThicknessTurret;Turret Armor:
shop/armorThicknessEquivalent;Equivalent protection against
shop/armorThicknessEquivalent/angles;Protection in the sector of angles +{angle1}-{angle2}° at least:
shop/armorThicknessEquivalent/kinetic;Kinetic energy munitions
shop/armorThicknessEquivalent/cumulative;Chemical energy munitions
shop/armorThicknessEquivalent/kinetic/hull;Kinetic energy munitions (Hull):
shop/armorThicknessEquivalent/cumulative/hull;Chemical energy munitions (Hull):
shop/armorThicknessEquivalent/kinetic/turret;Kinetic energy munitions (Turret):
shop/armorThicknessEquivalent/cumulative/turret;Chemical energy munitions (Turret):
shop/armorThicknessEquivalent/coal_bunker;Protection of 1 meter of coal is equivalent to {thickness} of steel
shop/armorThicknessEquivalent/steel;Protection equivalent to {thickness} of steel
shop/armorPiercing;Armor Penetration:
shop/armorPiercingDist;at distances:
shop/tank_mass/tooltip;Mass
shop/horsePowers/tooltip;Engine power
shop/unitValidCondition;at
shop/max_inclination/tooltip;Maximum inclination
shop/turnTurretTime/tooltip;Horizontal guidance speed
shop/angleVerticalGuidance/tooltip;Vertical guidance
shop/armorThicknessHull/tooltip;Hull armor thickness
shop/armorThicknessTurret/tooltip;Turret armor thickness
shop/armorPiercing/tooltip;Armor penetration
shop/armorPiercingDist/tooltip;at distances
shop/visibilityFactor;Visibility
shop/visibilityFactor/tooltip;Visibility depends on the height of the tank, it affects all the range of detection and identification.
shop/unitIsRecentlyReleased;New vehicle!
shop/lootCapacity;Loot capacity
shop/premiumAccountInactive;Is inactive
shop/premiumAccountActive;Will be active:
airLimits/wing_plane_strength_vne;Indicated Air Speed Limit:
airLimits/wing_plane_strength_vne/tooltip;
airLimits/wing_plane_strength_mne;Mach Number Limit:
airLimits/wing_plane_strength_mne/tooltip;
airLimits/gear_destruction_ind_speed;Landing Gear Extension Speed Limit (IAS):
airLimits/gear_destruction_ind_speed/tooltip;
airLimits/flaps_destruction_ind_speed;Flap Extension Speed Limit (IAS):
airLimits/flaps_destruction_ind_speed/tooltip;
bullet_properties/caliber;Caliber
bullet_properties/mass;Projectile Mass
bullet_properties/kineticDmg;Kinetic damage
bullet_properties/explosiveDmg;High-explosive fragmentation damage
bullet_properties/cumulativeDmg;Cumulative damage
bullet_properties/speed;Muzzle Velocity
bullet_properties/armorPiercing;Armor penetration
bullet_properties/armorPiercing_short;Penetration
bullet_properties/cooldown;Reload Time
bullet_properties/fuseDelayDist;Fuze Delay
bullet_properties/explodeTreshold;Fuze Sensitivity
bullet_properties/proximityFuze/triggerRadius;Trigger radius
bullet_properties/ricochet;Chance of a ricochet at an angle of attack of {angle}°
bullet_properties/normalization;Angle of normalization at an angle of attack of {angle}°
bullet_properties/angleByProbability;Angle of attack with {probability}% chance of a ricochet.
bullet_properties/maxArmorPenetration;Armor penetration by high-energy action
bullet_properties/armorPiercing/kinetic;kinetic
bullet_properties/angleWithRicochet;Angle of attack with a chance of ricochet
bullet_properties/armorPiercing/explosive;High-explosive fragmentation
bullet_properties/smokeTime_short;Hold time
bullet_properties/smokeShellRad_short;Smoke radius
bullet_properties/armorPiercing/cumulative;Cumulative jet
distance;Distance
weapon/noTracer/icon;◖
weapon/noTracer;no tracers
bullet_properties/hitAngle;Angle of attack
bullet_properties/explosiveType;Explosive type
bullet_properties/explosiveMass;Explosive mass
bullet_properties/explosiveMass_short;Explosive mass
bullet_properties/explosiveMassInTNTEquivalent;TNT equivalent
bullet_properties/maxSpeedInWater;Maximum speed
bullet_properties/diveDepth;Depth stroke
bullet_properties/smokeShellRad;Smoke screen radius
bullet_properties/smokeActivateTime;Smoke screening time
bullet_properties/smokeTime;Smoke screen hold time
bullet_properties/salvo;Ammo in volley
bombProperties/machLimit;Maximum allowed bomb release speed
rocketProperties/machLimit;Maximum allowed rocket release speed
bombProperties/maxArmorPenetration;Max armor penetration high-explosive action
bombProperties/destroyRadiusArmored;The radius of destruction of armored vehicles
bombProperties/destroyRadiusNotArmored;The radius of fragment dispersion
weapons/restock_advice;It is recommended to restock
shop/can_buy_more_aircrafts;You can purchase more vehicles in the Research menu: %d
shop/auto_repair;Automatic repair of all vehicles after battle.
shop/auto_repair_cost;Automatic repair of all vehicles
shop/auto_repair_failed;Not enough <color=@currencyWpColor>€</color> to repair all vehicles.
shop/auto_repair_free;Automatic repair of all vehicles <color=@activeTextColor>free.</color>
shop/auto_repair_free_plain;Automatic repair of all vehicles free.
shop/auto_buy_weapons;"Automatic purchasing of ammo and ""Crew Replenishment"" after battle."
shop/auto_buy_weapons_cost;"Automatic purchasing of ammo and ""Crew Replenishment"""
shop/wp_bonus;Reward:
shop/wp_bonus/tooltip;With this vehicle you will gain more Silver Lions for missions.
shop/exp_bonus;Research points bonus:
shop/exp_bonus/tooltip;With this vehicle you will gain more research points for missions.
discount/buy/tooltip;Discount on vehicle %s%%.
discount/repair/tooltip;Discount on repair %s%%.
discount/mods/tooltip;Discount on modification %s%%.
discount/weapons/tooltip;Discount on weapon preset %s%%.
discount/specialization/tooltip;Discount on qualification %s%%.
discount/spec_expert/tooltip;Discount on qualification to Expert %s%%.
discount/spec_ace/tooltip;Discount on qualification to Ace %s%%.
discount/skills/tooltip;Discount on skill %s%%.
discount/buyPoints/tooltip;Discount on accelerated training %s%%.
discount/exp_to_gold_rate/tooltip;Discount on RP conversion %s%%.
discount/spare/tooltip;Discount on back-ups %s%%.
discount/list_string;* {itemName} -{discount}%
bonus/wpRates/tooltip;
bonus/xpRates/tooltip;
bonus/xpFirstWinInDayMul/tooltip;Bonus to the research points for the first victory with this country's vehicles
bonus/wpFirstWinInDayMul/tooltip;Bonus <color=@currencyWpColor>€</color> for the first victory for this country.
bonus/xpAircraftMul/tooltip;%s bonus to the research points on this vehicle.
bonus/wpAircraftMul/tooltip;%s bonus <color=@currencyWpColor>€</color> with this vehicle.
bonus/xpAircraftMul/group/tooltip;Up to %s bonus research points with vehicles of this group.
bonus/wpAircraftMul/group/tooltip;Up to %s bonus <color=@currencyWpColor>€</color> with vehicles of this group.
gamercard/aircraft_tooltip;The number of purchased vehicles in your hangar (all countries combined)
gamercard/subscriptionsActive;Premium
mainmenu/vehicleCanNotGoToBattle;Temporarily unavailable in battles until Swedish tree release.
mainmenu/btnRepairAll;Repair All
mainmenu/btnRepair;Repair
mainmenu/btnRepairNow;Repair (%s)
mainmenu/btnRepairNowDesc;You wouldn't be allowed to use damaged vehicle in battle, even if it has a few scratches.
mainmenu/btnBuy;Purchase
mainmenu/btnBuyInstantly;Complete instantly
mainmenu/btnBuyInstantly/tooltip;Instantly complete a task without having to satisfy its conditions
mainmenu/btnBuyAll;Purchase All
mainmenu/btnBuySelected;Purchase Selected
mainmenu/btnBuyAndSetUnitInSlot;Purchase Vehicle and Train a Crew
mainmenu/btnTrainCrew;Train a Crew
mainmenu/btnBuyAllWeapons;Purchase All Weapons
mainmenu/btnBuyAllBullets;Purchase All Shell Racks
mainmenu/btnBuyAllModifications;Purchase All Modifications
mainmenu/btnBuyAllResearched;Purchase All Researched
mainmenu/btnOrder;Order
mainmenu/btnOrderDesc;Purchase this beautiful example and win the battle with its help.
mainmenu/btnTestProjectileProps;Testing shells new parameters
mainmenu/btnTestFlight;Test Flight
mainmenu/btnTestFlightDesc;Test your aircraft's capabilities in the customizable mission
mainmenu/cantTestFlight;Test Flight is temporarily unavailable for this aircraft.
mainmenu/btnTestDrive;Test Drive
mainmenu/btnTestDriveDesc;Test your tank's capabilities in the customizable mission
mainmenu/cantTestDrive;Test Drive is temporarily unavailable for this tank.
mainmenu/btnTestSail;Test Sail
mainmenu/btnTestSailDesc;Test your ship's capabilities in the customizable mission
mainmenu/cantTestSail;Test Sail is temporarily unavailable for this ship.
mainmenu/unitTypeLocked;The selected vehicle type is not available.
mainmenu/missionBuilderNotAvailable;"Mission builder is only available for the vehicles from the crew list.
Select an aircraft from the crew list."
mainmenu/btnDebugUnlock;Debug Unlock
mainmenu/btnSelectCampaign;Select Campaign
mainmenu/btnSelectSingle;Select Campaign
mainmenu/btnSelectSingleCoop;Select Campaign
mainmenu/btnCrew;Crew
mainmenu/btnCrewDesc;Train your crew for successful completion of dangerous missions
mainmenu/crewTitle;Crew #
mainmenu/btnModifications;Modifications
mainmenu/btnTakeAircraft;Choose a Crew
mainmenu/btnTakeAircraftDesc;Add Vehicle into Slot
mainmenu/btnDynamicTraining;Mission Settings
mainmenu/btnDynamicPreview;Mission Preview
mainmenu/btnDynamicTuner;Aircraft Settings
mainmenu/btnDynamicSummary;Campaign Summary
mainmenu/btnQuit;Quit
mainmenu/btnRandom;Random Settings
mainmenu/btnBattlelog;Battle Log
unlocks/need_to_unlock;Vehicle Needed: 
unlocks/dyncampaign;A new dynamic campaign available
mainmenu/btnCustomize;Paint Room
mainmenu/btnPaint;Paint
mainmenu/btnFavorite;Mark as Favorite
mainmenu/btnFavoriteUnmark;Unmark as Favorite
mainmenu/onlyFavorite;Favorites
mainmenu/onlyAvailable;Only Available
mainmenu/btnAssign;Assign Button
challenge/stage;Stage {stage} of {totalStages}
challenge/reward;Reward:
reward/skin_for;Camouflage for:
reward/title;"Title ""%s"""
reward/mission;"Mission ""%s"""
reward/dyncampaign;"Dynamic Campaign ""%s"""
reward/decal;"Decal ""%s"""
reward/skin;"Camouflage ""%s"""
profile/maximumExp;Maximum
mainmenu/btnMute;Mute
mainmenu/btnUnmute;Unmute
mainmenu/btnKick;Kick
mainmenu/instantAction;Realistic Battles
mainmenu/arcadeInstantAction;Arcade Battles
mainmenu/fullRealInstantAction;Simulator Battles
mainmenu/showModesInfo/tooltip;Here you can choose the game mode for which the Battle ratings, technical specifications, rewards, repair cost and time for free repair will be shown in the vehicle information tooltips.
mainmenu/showModesInfo/advice;"Recommended: ""{automatic}"" (the mode in which you are playing)."
mainmenu/showModesInfo/warning;"Caution: This mode may be different from the one in which you are playing. Don't forget to return the switch to ""{automatic}""."
exp_reasons/kill;Aircraft Destroyed
exp_reasons/killUfo;ᚢᚣᚥᚨᚲ destroyed
exp_reasons/kill_by_team;Aircraft destroyed by our team
exp_reasons/kill_by_teamUfo;ᚢᚣᚥᚨᚲ destroyed by our team
exp_reasons/kill_gm;Target Destroyed
exp_reasons/landing;Landing
exp_reasons/takeoff;Takeoff
exp_reasons/capture;Zone captured
exp_reasons/destroy;Base destroyed
exp_reasons/damage_zone;Base damaged
exp_reasons/sight;Enemy sighted
exp_reasons/critical_hit;Critical hit
exp_reasons/hit;Hit
exp_reasons/ineffective_hit;Target undamaged
exp_reasons/assist;Enemy Kill Assist
exp_reasons/overkill;Finishing enemy
exp_reasons/objective;Objective completed
exp_reasons/battle_trophy;Battle trophies
exp_reasons/repair;Repair
exp_reasons/scout;Target scouted
exp_reasons/scout_critical_hit;Scouted target damaged
exp_reasons/scout_kill;Scouted target destroyed (by intelligence)
exp_reasons/scout_kill_unknown;Scouted target destroyed
exp_reasons/timed_award;Useful actions
exp_reasons/severe_damage;Severe damage
exp_reasons/kill_finishing_other;Aircraft Finished Off
exp_reasons/kill_from_severe_damage;Severely damaged kill counted
exp_reasons/kill_helicopter_finishing_other;Helicopter Finished Off
exp_reasons/kill_helicopter_from_severe_damage;Severely damaged kill counted
exp_reasons/missile_evade;Missile Evaded
campaigns/demo_campaign;Historical Campaign
mainmenu/btnPersonnel;Crew
menu/not_bought;Not acquired
mainmenu/needBuyPreviousVehicle;The previous vehicle must be purchased:
mainmenu/needResearchPreviousVehicle;The previous vehicle must be researched:
mainmenu/needUnlock;To access the vehicle, the following conditions must be met:
mainmenu/canBuyThisVehicle;You can purchase this vehicle for {price}.
mainmenu/giftSpares;+ {num} backup {num=vehicle/vehicles} for free, you save {cost}!
mainmenu/giftSparesClan;+ {num} backup {num=vehicle/vehicles} for free when purchased for Golden Eagles, you save {cost}!
mainmenu/giftSparesAdded;+ {num} backup {num=vehicle/vehicles} for free, you saved {cost}!
mainmenu/dataRemaningTime;The vehicle will be available for purchase until {time}.
mainmenu/dataExpiredTime;The vehicle was available for purchase until {time}.
mainmenu/timeForBuyVehicle;The vehicle will be available for purchase for {time}.
mainmenu/timeForBuyTrophy;This trophy will be available for purchase for {time}
mainmenu/buyPreviousModification;The previous modification must be purchased.
mainmenu/buy_modifications_for_prev_unit;You should research required amount of modifications for previous vehicle
mainmenu/notEnoughWP;You need more € to purchase this vehicle.
mainmenu/notEnoughGold;You need more ¤ to purchase this vehicle.
mainmenu/btnWorkshop;Modifications
mainmenu/btnPreview;Preview
mainmenu/btnShowroom;Customization
mainmenu/btnShowroomDesc;You can change your vehicle's appearance in the hangar to become more or less noticable on the battlefield.
mainmenu/btnOnlineShop;Shop
msgbox/btn_onlineShop;Online Store
msgbox/btn_onlineShop_unlockEvent;Online Store
controlType/mouse;Mouse + Keyboard
controlType/xinput;Gamepad
controlType/own;Set up controls
mainmenu/new_controls_version_msg_box;"New version of your controls preset available. Full list of changes:
{patchnote}
Use new version?"
mainmenu/login;Login (E-mail)
mainmenu/password;Password
mainmenu/password/capslock;CAPS
mainmenu/2stepVerifCode;Verification Code
mainmenu/2stepVerifCode/tooltip;You have enabled two-step authentication service on your account. Open Google Authenticator on your mobile device for getting verification code.
mainmenu/2step/EnhancedProtection;Enhanced protection
mainmenu/2step/confirmSign;Confirm sign in
mainmenu/2step/confirmUnknown;Enter verification code
mainmenu/2step/confirmGA;Enter verification code from Google Authentificator or War Thunder Assistant apps
mainmenu/2step/confirmMail;Enter verification code from email
mainmenu/2step/confirmPass;Enter the verification code from {passName} or any other app you use
mainmenu/2step/wrongCode;Wrong verification code, please try again! Your device's time should be synchronized with server. Server time
mainmenu/2step/signInTroubles;Any troubles with signing in?
mainmenu/2step/lostAccess;Lost access to the app?
mainmenu/2step/getPass;Get {passName}
mainmenu/2step/getPass/reminder;"Confirm your entry with the click of a button or through a PUSH notification with our official app to protect your account.

In addition to enhanced account protection, you can read the latest news from all our games in the {passName}."
mainmenu/2step/getPass/whyNeed;Why do I need {passName}
options/dont_show_again;Do not show this again
options/remember_cur_device;Remember computer
options/remote_device;Not my computer
mainmenu/saveLogin;Save login
mainmenu/savePassword;Save password
mainmenu/savePassword/unsecure;(not secure!)
mainmenu/signUp;Sign Up
mainmenu/faq;FAQ
mainmenu/forum;Forum
mainmenu/wiki;Wiki
mainmenu/account;Account
mainmenu/support;Support
mainmenu/alreadyHaveAccount;I already have an account in Gaijin Online
mainmenu/loginWithSteam;Steam Login
mainmenu/loginWithGaijin;Gaijin Login
mainmenu/loginWithSso;Web Login
mainmenu/loginWithGuest;Guest Login
mainmenu/licenseAgreement;License Agreement
shop/recruitCrew;Recruit
shop/crewInBattle;<color=@warningTextColor>Crew is in combat</color>
shop/chooseAircraft;Select Vehicle
shop/aircraftNotSelected;Vehicle not chosen
shop/emptyCrew;Remove from the preset
shop/slotbarPresets/button;Presets
shop/slotbarPresets/title;Vehicle Presets
shop/slotbarPresets/tooltip;"Vehicle Presets
Here you can create and use multiple interchangeable sets of vehicles."
shop/slotbarPresets/item;Preset #{number}
shop/slotbarPresets/contents;Preset contents
shop/slotbarPresets/presetUnknown;The current set of vehicles doesn't match any of the saved presets.
shop/slotbarPresets/forbidden/unitTypes;Preset doesn't contain accessible vehicle types.
shop/current;(current)
msgbox/genericRequestDelete;Are you sure you want to delete <color=@highlightedTextColor>{item}</color>?
msgbox/genericRequestDisard;Are you sure you want to discard your changes <color=@highlightedTextColor>{item}</color>?
shop/needMoneyQuestion_retraining;"To be able to operate this vehicle, your crew must pass the conversion training.
The retraining for this type of vehicle will cost you: %s
Are you sure?

The crew will not lose their operation skills on the vehicle they were already trained to."
shop/needMoneyQuestion_hireAndTrainCrew;"Your new crew should undergo training to be able to operate this vehicle.
The cost to hire and train a new crew for this type of vehicles: %s
Are you sure?"
shop/needMoneyQuestion_warning;
shop/needMoneyQuestion_purchaseAircraft;Are you sure you want to order {unitName}? It will cost you: {cost}
shop/needMoneyQuestion_purchaseCrew;Are you sure you want to recruit new crew? It will cost you: %s
onlineShop/needMoneyQuestion;"Are you sure you want to purchase {purchase}
for {cost}?"
onlineShop/needMoneyQuestion/multiPurchase;"Are you sure you want to purchase {purchase} x<color=@userlogColoredText>{amount}</color>
for {cost}?"
onlineShop/purchase;Purchase '{purchase}'
onlineShop/needMoneyQuestion/onlinePaymentSystem;"Are you sure you want to purchase {purchase}
by paying with {paymentSystem}?"
shop/needMoneyQuestion_purchaseModificationForGold;"Modification {purchase} not researched.
Would you like to purchase it for {cost}?"
shop/needMoneyQuestion_all_weapons;"Are you sure you want to purchase all of the armament for the {unitName}
for {cost}?"
shop/needMoneyQuestion_all_researched;"Are you sure you want to purchase all recently researched modifications and vehicles
for %s?"
shop/needMoneyQuestion_purchaseDecal;"Are you sure you want to purchase the '{purchase}'
for {cost}?"
shop/needMoneyQuestion_purchaseSkin;"Are you sure you want to purchase the '{purchase}' camouflage
for {cost}?"
shop/noAircraftsQuestion;"You don't have any available vehicle to choose from.
Go to the Research menu for purchases?"
shop/noAircrafts;"You don't have any available vehicle to choose from.
Purchase more vehicles."
shop/pilot/coupon/info;This profile icon can be obtained from a coupon by purchasing it on the Marketplace
shop/reserve;Reserve
shop/reserve/short;—
shop/spawnScore;{cost} SP
shop/rageTokens;{cost} RT
shop/reserve/info;A reserve vehicle, available to everyone. This vehicle is repaired immediately after each battle.
shop/unit_bought;Purchased
shop/object/can_be_purchased;Can be purchased
shop/object/can_be_found_on_marketplace;Can be found on Marketplace
shop/object/can_get_from_coupon;Can be obtained right now by spending a Coupon
msgbox/btn_exit;Exit
msgbox/btn_order_and_choose_crew;Order and Select a crew
msgbox/btn_order_and_choose_crew/later;Order (Select a crew later)
msgbox/btn_recovery;I forgot my password
msgbox/btn_tryAgain;Try again
msgbox/btn_disableSSLCheck;Yes, I understand the risk
mainmenu/disableSSLCert;Disable certificate check
not_available_aircraft;The vehicle is not available in this mission.
not_available_aircraft/byBR;In {gameModeName}, you are not permitted to use {lockedUnitType}, that have a Battle Rating {battleRatingDiff} higher than the maximum Battle Rating of the main unit type ({reqUnitType}) in a players line-up.
msgbox/broken_unit;"This vehicle is in need of repair.
Current Repair Cost: %s"
msgbox/notAvailbleYet;This feature is not available yet.
msgbox/notAvailbleCountry;This country is temporarily unavailable.
notAvailbleCountry/choose;"The selected country is temporarily unavailable.
Please select another one."
notAvailbleCountry/none;Unfortunately, you don't have any unlocked country in selected game mode. Please choose another game mode.
msgbox/notAvailbleMode;This mode is temporarily unavailable.
notAvailbleMode/choose;"The selected mode is temporarily unavailable.
Please select another one."
msgbox/notAvailbleGoldPurchase;This feature is not available yet.
mainmenu/countryLocked;Vehicles of this country are currently locked.
mainmenu/countryLocked/tooltip;You can unlock this country's vehicles by fighting in 11 battles against other players (only the battles where RP were gained are counted).
mainmenu/noSuitableVehicles;"There is no suitable vehicle.
In <color=@activeTextColor>%s</color> game mode <color=@activeTextColor>%s</color> can be used only.
Change vehicle or game mode."
mainmenu/badCurrentUnit;"Selected crew is kitted with unsuitable vehicle for <color=@activeTextColor>%s</color> game mode.
In selected game mode <color=@activeTextColor>%s</color> can be used only.
Change vehicle or game mode."
mainmenu/airBattles;Air battles
mainmenu/tankBattles;Tank battles
mainmenu/changeVehicle;Change vehicle
mainmenu/changeMode;Change game mode
mainmenu/battleTypeToltip;"Battle mode selection.
Here you select type of battle you will participate in.
In air battles aircraft may take part only.
In tank battles a major role is played by ground vehicles."
crew_not_available;This crew can't be used for this mission anymore.
msg/need_more_kills_for_aircraft;The vehicle is unavailable: to make one flyout on an aircraft you need to destroy three enemies.
aircraft_not_repaired;The vehicle is damaged and can't be used in a mission until it's repaired.
msgbox/no_repared_aircrafts;"You need at least one fully repaired vehicle in the selected country to start a mission.
 Full repair cost: %s"
msgbox/no_repared_aircrafts_random;"You need at least one fully repaired vehicle in each country to start a mission.
 Full repair cost: %s"
msgbox/select_repared_aircraft;"You need to select a fully repaired vehicle to start a mission.
 Full repair cost: %s"
msgbox/select_repared_aircrafts_random;"You need to select a fully repaired vehicle for each country to start a mission.
 Full repair cost: %s"
msgbox/no_available_aircrafts;The crews of the selected country are still in battle and cannot be used until the mission has ended or until %s has passed after you have entered the battle.
msgbox/no_available_aircrafts_random;All your crews are still in battle and cannot be used until the mission has ended or until %s have passed after you entered the battle.
msgbox/select_available_aircraft;You need to choose an available vehicle to start a mission.
msgbox/select_available_aircrafts_random;You need to choose an available vehicle in each country to start a mission.
squad/no_repared_aircrafts;"Some members of your squad have no fully repaired vehicle in the selected country:
<color=@activeTextColor>%s</color>"
squad/no_repared_aircrafts_random;"Some members of your squad have selected broken vehicle:
<color=@activeTextColor>%s</color>"
msgbox/squad_not_ready_for_event;Some members of your squad are not ready to participate in the selected mode.
msgbox/some_repared_aircrafts_random;"You have some damaged vehicles that cannot be used in this mission.
 Full repair cost: %s"
msgbox/some_repared_aircrafts;"You have some damaged vehicles in the selected country that cannot be used in this mission.
 Full repair cost: %s"
msgbox/btn_RepairAll;Repair All
msgbox/btn_Repair;Repair
msgbox/btn_ContinueWithoutRepair;Continue Without Repair
mainmenu/online_info;Online: {playersOnline}, Battles: {battles}
mainmenu/mode_countPlayers;Players:
mainmenu/mode_countBattles;Battles:
msgbox/invalidEmail;Invalid e-mail
msgbox/cantClaimManualUnlockPrize;You cannot claim this prize as you do not have {unitname} on your account.
tooltip/invalidEmail/possibly;Possibly, you have entered wrong e-mail. Please, ensure before sending.
msgbox/emptyLogin;Empty login
msgbox/invalidReplayFileName;"Invalid replay file name. The name must not be empty or start with ""#"" as well as contain
\ \ | / < > : ? * """
msgbox/cantRenameReplayFile;"Unable to rename the replay.
This could happen due to:
- a lack of free space on your hard drive
- a replay name containing invalid symbols: \ / : * ? "" < > |
- a replay name that is too long"
msg/autosaveReplayDescription;(Autosave. Rename the file if you need it.)
mainmenu/btnBrowser;Browser
mainmenu/questionChangeName;"Attention! After you press OK, the browser will automatically open to the nick change page, and after the operation is finished, the client will automatically quit to the login screen.
Would you like to continue?"
mainmenu/questionChangeNameSteam;"Attention! After you press OK, the browser will automatically open to the nick change page. Required to manually restart game after the operation is finished.
Would you like to continue?"
mainmenu/questionChangePlayer;Are you sure you want to log out and then log in as another player?
crew/currentAircraft;Current Vehicle
crew/forUnit;"For ""{unitName}"""
crew/availablePoints;Crew XP Points:
crew/availablePoints/short;XP Points:
crew/availablePoints/advice;It is recommended to distribute the Crew XP Points
crew/availablePoints/tooltip;Experience points available for assignment.
crew/usedSkills;Crew Level:
crew/usedSkills/short;Level:
crew/usedSkills/tooltip;Total number of skill upgrades.
crew/incCost/tooltip;Cost of New Skill Level
crew/pilot;Pilot
crew/gunner;Defensive armament
crew/driver;Driver
crew/tank_gunner;Gunner
crew/tank_machine_gunner;Machine Gunner
crew/commander;Tank Commander
crew/loader;Tank Loader
crew/radio_gunner;Radio Operator Gunner
crew/groundService;Logistical services
crew/trained;Qualification
crew/eyesight;Keen Vision
crew/eyesight/tank/tooltip;"This skill affects the crew's visual range in the hull direction and the direction they are looking, as well as the range of detecting air targets. Average skill value of the crew counts.
* - when using a sight device or binocular glasses, the range increases by {targetingMul} and {binocularMul} times accordingly"
crew/pilot/eyesight/tooltip;"This skill affects the pilot's visual range in the direction he is looking; i.e. the maximum distance at which he can detect the enemy in front of himself.

The skill allows to increase the range of detection up to two times (upon identical weather conditions, position of the Sun and altitude difference between the two aircraft)."
crew/hearing;Awareness
crew/pilot/hearing/tooltip;"This skill affects the range at which enemies are detected in the vicinity, around the vehicle but not directly in front of it. Thus, the higher the skill, the earlier the markers for enemies become visible.

The skill allows to increase the range of detection up to two times."
crew/gForceTolerance;G-Tolerance
crew/pilot/gForceTolerance/tooltip;"Tolerance of positive and negative g-forces. In the ""Mouse Aim"" mode this skill affects control accuracy of the aircraft."
crew/gunner/gForceTolerance/tooltip;"Tolerance of positive and negative g-forces. In the ""Mouse Aim"" mode this skill affects control accuracy of the aircraft."
crew/endurance;Stamina
crew/pilot/endurance/tooltip;"This skill allows the crew to resist fatigue for a longer period of time.

Accuracy and g-tolerance gradually decrease, depending on the time spent in the session and the number of g-forces sustained.

In addition, the skill has an effect on aiming accuracy in mouse aiming mode."
crew/gunner/endurance/tooltip;"This skill allows the crew to resist fatigue for a longer period of time; their accuracy and g-tolerance gradually decrease, depending on the time spent in the session and the number of g-forces sustained."
crew/vitality;Vitality
crew/pilot/vitality/tooltip;"Health of the crew members, as well as speed of their recovery if they are wounded.

For a novice pilot the second .303 bullet hit (from MG 15 or similar) or comparable shrapnel impact is usually fatal; while a pilot with the vitality maxed out can, with a measure of luck, survive even one hit from a .50 (12.7mm) M2 Browning machine gun."
crew/gunner/vitality/tooltip;"Health of the crew members, as well as speed of their recovery if they are wounded.

For a novice gunner the second .303 bullet hit (from MG 15 or similar) or comparable shrapnel impact is usually fatal; while a pilot with the vitality maxed out can, with a measure of luck, survive even one hit from a .50 (12.7mm) M2 Browning machine gun."
crew/driver/vitality/tooltip;Health of the crew members, as well as speed of their recovery if they are wounded.
crew/tank_gunner/vitality/tooltip;Health of the crew members, as well as speed of their recovery if they are wounded.
crew/commander/vitality/tooltip;Health of the crew members, as well as speed of their recovery if they are wounded.
crew/loader/vitality/tooltip;Health of the crew members, as well as speed of their recovery if they are wounded.
crew/radio_gunner/vitality/tooltip;Health of the crew members, as well as speed of their recovery if they are wounded.
crew/members;Number of Experienced Gunners
crew/gunner/members/tooltip;Number of experienced gunners in the crew. If the aircraft has more gunners than the number of experienced gunners, the crew does not run at maximum performance.
crew/accuracy;Fire Accuracy
crew/gunner/accuracy/tooltip;"Accuracy of the aircraft gunners' fire.

Increases the traverse speed of a turret, increases the maximum burst length by up to 3 times, increases the distance at which gunners can start firing at a target by up to 275% (55% in RB/SB), increases the distance at which the targets direction can be anticipated, increases the chance of simultaneous fire and ""leading"" the target, removes miscalculation in ""leading"" the target (decreased by 7 times for RB / SB when researched completely).

This skill only applies when the gunner is controlled by AI."
crew/density;Fire Precision
crew/gunner/density/tooltip;"This skill allows to reduce scattering of impact points of the gunners.

Reduces scatter of the gun by 2.5 times (2 times in RB/SB), increases the burst length by up to a third when fully researched, increases the distance at which the gunners open fire in arcade battles by a marginal amount (up to 8%), increases the chance of simultaneous fire and ""leading"" the target just like fire accuracy.

This skill only applies when the gunner is controlled by AI."
crew/repair;Repair Speed
crew/groundService/repair/tooltip;"The mechanic's skill. The rate at which the vehicle is repaired in the hangar, at the airfield or at the port.

Reduces repair time by up to 3 times when fully researched."
crew/repairRank;Repair Rank
crew/groundService/repairRank/tooltip;The mechanic's skill. The maximum rank of vehicle that the mechanic can repair.
crew/notEnoughRepairRank;"Сurrent vehicle rank is too high ({rank}) to be affected by repair speed.
Upgrade Repair Rank to {level} to activate repair speed."
crew/airReloadSkill;Reload Speed
crew/groundService/airReloadSkill/tooltip;"The armorer's skill. Increases the rate at which the weapons are reloaded in the air and at the field.

Reduces the rearming time by three times for cannons & machine guns, two times for bombs, rockets and torpedoes and four times for turrets when fully researched."
crew/heal;Weapon Maintenance
crew/groundService/heal/tooltip;"The armorer's skill. Increases the efficiency of vehicle's weaponry.

Reduces the overheating speed of primary weapons, as well as spread of bombs and rockets for aircraft, reduces the chance of weapon jamming due to overheating by up to 3 times, reduces the angular velocity of bombs, rockets and torpedoes by up to 3 times, thereby significantly improving their accuracy."
crew/field_repair;Field Repair
crew/driver/field_repair/tooltip;The skill of tank repair in combat conditions increases damage elimination rate, particularly tracks repair time. Average skill value of the crew counts.
crew/tank_gunner/field_repair/tooltip;The skill of tank repair in combat conditions increases damage elimination rate, particularly tracks repair time. Average skill value of the crew counts.
crew/commander/field_repair/tooltip;The skill of tank repair in combat conditions increases damage elimination rate, particularly tracks repair time. Average skill value of the crew counts.
crew/loader/field_repair/tooltip;The skill of tank repair in combat conditions increases damage elimination rate, particularly tracks repair time. Average skill value of the crew counts.
crew/radio_gunner/field_repair/tooltip;The skill of tank repair in combat conditions increases damage elimination rate, particularly tracks repair time. Average skill value of the crew counts.
crew/driving;Tank Driving
crew/driver/driving/tooltip;Tank driving skill affects driver's braking reaction rate, choosing necessary gear and its changing speed at high-speed tank movement.
crew/tracking;Targeting
crew/tank_gunner/tracking/tooltip;"The skill of gun targeting affects targeting speed and accuracy. An experienced gunner targets the gun both vertically and horizontally at once; an inexperienced one does it in turns — at first he rotates the turret and then fixes the angle of fire."
crew/distance_estimation;Rangefinding
crew/tank_gunner/distance_estimation/tooltip;When the skill value is increased, the possible inaccuracy in range finding is decreased.
crew/leadership;Leadership
crew/commander/leadership/tooltip;Improves other skills of the crew.
crew/loading_time_mult;Weapon Reloading
crew/loader/loading_time_mult/tooltip;The skill of the loader increases the main weapon reloading rate.
crew/loader/loading_time_mult/tooltipauto;This skill does not affect the reloading rate of tanks with an autoloader.
crew/machine_gun_accuracy;Artillery Targeting Accuracy
crew/radio_gunner/machine_gun_accuracy/tooltip;The skill affects targeting accuracy of artillery.
crew/machine_gun_reloading;Artillery Strike Calling Time
crew/radio_gunner/machine_gun_reloading/tooltip;The skill affects the time of calling artillery strike.
crew/radio_distance;Radio Communication
crew/radio_gunner/radio_distance/tooltip;The skill affects the range at which the enemy players detected by the allied team are displayed.
crew/machine_gunner;Agility
crew/driver/machine_gunner/tooltip;The skill affects the speed of replacement of a withdrawn crew member by another one. Average skill value of the crew counts.
crew/tank_gunner/machine_gunner/tooltip;The skill affects the speed of replacement of a withdrawn crew member by another one. Average skill value of the crew counts.
crew/commander/machine_gunner/tooltip;The skill affects the speed of replacement of a withdrawn crew member by another one. Average skill value of the crew counts.
crew/loader/machine_gunner/tooltip;The skill affects the speed of replacement of a withdrawn crew member by another one. Average skill value of the crew counts.
crew/radio_gunner/machine_gunner/tooltip;The skill affects the speed of replacement of a withdrawn crew member by another one. Average skill value of the crew counts.
crew/skillIncrease;Increase Skill
crew/skillDecrease;Decrease Skill
crew/skillMax;>
crew/skillMax/tooltip;Maximum Skill Value
crew/skillMin;<
crew/skillMin/tooltip;Minimum Skill Value
crew/qualification/tooltip;A special course for the crew to train them how to control this vehicle. Improves all crew skills for this vehicle.
crew/qualifyIncrease0;Upgrade qualification to Expert
crew/qualifyIncrease1;Upgrade qualification to Ace
crew/qualifyIncrease/tooltip;Upgrade qualification to the next level
crew/qualification/buy;Upgrade Qualification {qualify} on {unitName} for {cost}.
crew/qualifyRequirement;Crew level required: {reqLevel}
crew/qualifyRequirement/full;To qualify for {wantedQualify} on {unitName}, you need {reqLevel} crew level.
crew/msg/qualifyRequirement;"To qualify for {wantedQualify} on {unitName},
you need {reqLevel} crew level."
shop/needMoneyQuestion_increaseQualify;"Are you sure you want to upgrade the crew's qualifications for the {unitName}
for {cost}?"
shop/ask/increaseLowerQualify;"To qualify for {wantedQualify} on {unitName},
you need {reqLevel} crew level.
But you can upgrade the crew's qualifications up to {targetQualify}.

Would you like to upgrade the crew's qualifications up to {targetQualify} for {cost}?"
shop/crewQualifyBonuses;"{qualification} qualification bonuses:
{bonuses}"
crew/qualifyRequirement/tooltip;Requirement to upgrade qualification.
crew/qualifyOnlyForSameType;Qualification is valid only for skills of the same type of vehicle.
crew/skillsWorkWithUnitsSameType;These skills do not work with the selected type of vehicle.
crew/qualification/-1;Not trained
crew/qualification/0;Basic
crew/qualification/1;Expert
crew/qualification/2;Ace
crew/applySkills;Would you like to apply the chosen skills?
crew/notEnoughGunners;Not enough experienced gunners
crew/qualifyBonus;Qualification Bonus
mainmenu/btnBuySkillPoints;Accelerated Training
crew/numGunners;Gunners
crew/totalCrew;Crew
crew/numDefensiveArmamentTurrets;Number of firing points of defensive armament
crewSkillCategory/pilot_efficiency;Pilot Training
crewSkillCategory/pilot_vitality;Pilot Vitality
crewSkillCategory/gunner_efficiency;Gunner Training
crewSkillCategory/gunner_vitality;Gunner Vitality
crewSkillCategory/air_repair;Repair
crewSkillCategory/air_reload;Reload Speed
crewSkillCategory/air_weapon_maintenance;Weapon Maintenance
crewSkillCategory/tank_crew_eyesight;Crew Keen Vision
crewSkillCategory/tank_crew_repair;Crew Repair Skill
crewSkillCategory/tank_crew_vitality;Crew Vitality
crewSkillCategory/tank_driving;Tank Driving
crewSkillCategory/tank_accuracy;Accuracy
crewSkillCategory/tank_leadership;Leadership
crewSkillCategory/tank_reload;Weapon Reloading
crewSkillCategory/tank_crew_agility;Crew Agility
crewSkillParameter/endurance/noGForce;Full rest time without G-Force
crewSkillParameter/endurance/withGForce;Tireness time with G-Force {gForce}
crewSkillParameter/tankGunnerDistanceError;Distance with the estimation error of {errorText}
crewSkillParameter/shipGunnerFuseDistanceError;Fuze installation error for ranges up to {errorText}
crewSkillParameter/gunnersMembersCount;Number of Experienced Gunners
crew/ship_commander;Ship commander
crew/ship_look_out_station;Observers
crew/ship_engine_room;Boiler room
crew/ship_artillery;Gunners
crew/ship_damage_control;Damage control
crew/interchangeability;Crew interchangeability
crew/air_spotting;Air targets detection distance
crew/ground_spotting;Surface targets detection distance
crew/torpedo_spotting;Enemy torpedoes detection distance
crew/operation_time_mult;Ship control
crew/antifire_skill_mult;Fire prevention
crew/main_caliber_loading_time;Main caliber reload speed
crew/aux_caliber_loading_time;Auxiliary caliber reload speed
crew/antiair_caliber_loading_time;AAA caliber reload speed
crew/anti_air_gunner_max_angle;AAA gunner accuracy
crew/aux_gunner_max_angle;Auxiliary gunner accuracy
crew/dist_fuse_penalty;Remote fuze setting accuracy
crew/unwatering;Unwatering time
crew/extinguish_time;Fire extinguishing
crew/repair_time;Breach repair
crew/survive_effort_mult;Survival leadership
crew/ship_commander/interchangeability/tooltip;Allows you to carry a heavier loss of the ship's crew while remaining combat-ready
crew/ship_commander/leadership/tooltip;Improves other skills of the crew.
crew/ship_commander/radio_distance/tooltip;Radio range. Target vision in meters
crew/ship_look_out_station/air_spotting/tooltip;Air targets detection skill affects distance of air object markers drawing
crew/ship_look_out_station/ground_spotting/tooltip;Ground targets detection skill affects distance of naval and ground objects markers drawing
crew/ship_look_out_station/torpedo_spotting/tooltip;Skill affects enemy torpedo markers drawing distance
crew/ship_engine_room/operation_time_mult/tooltip;Ship control skill affects telegraph switch time and rudder reaction speed
crew/ship_engine_room/antifire_skill_mult/tooltip;Fire preparation of boiler and engine room. Reducing the chances of a fire in the engine room on engines, in the engine compartment and in the transmission
crew/ship_artillery/main_caliber_loading_time/tooltip;Main caliber reload time
crew/ship_artillery/aux_caliber_loading_time/tooltip;Auxiliary caliber reload time
crew/ship_artillery/antiair_caliber_loading_time/tooltip;Antiaircraft caliber reload time
crew/ship_artillery/anti_air_gunner_max_angle/tooltip;Gunners of antiaircraft caliber. Accuracy of shooting automatic gunners for air targets and surface targets
crew/ship_artillery/aux_gunner_max_angle/tooltip;Guns of auxiliary caliber. Accuracy of shooting automatic gunners for air targets and surface targets
crew/ship_artillery/dist_fuse_penalty/tooltip;The accuracy of setting remote fuzes. For shells with air undermining, the accuracy with which anti-aircraft guns determine the range to the target and set the timer to detonate the projectile.
crew/ship_damage_control/unwatering/tooltip;Time to eliminate flooding
crew/ship_damage_control/extinguish_time/tooltip;Fighting fires. Time of extinguishing the fire. Modification for the minimum and maximum time of fire extinguishing
crew/ship_damage_control/repair_time/tooltip;Elimination of combat damage. Modification of repair time.
crew/ship_damage_control/fire_damage_mult/tooltip;Modification of fire damage reduction in percent
crew/ship_damage_control/survive_effort_mult/tooltip;The simultaneous launch of all three types of survivability actions (firefighting, repair and pumping) reduces the speed of each of them. Increasing this skill reduces the penalty when launching all three at the same time.
crewSkillParameter/interchangeAbility;Maximum loss
crewSkillParameter/viewAircraftSpottingDistance;Air target detection
crewSkillParameter/shipVisionDistance;Surface target detection
crewSkillParameter/shipVisionSpottingDistance;Surface target identification
crewSkillParameter/shipHearingDistance;Absolute Detection
crewSkillParameter/shipHearingSpottingDistance;Absolute identification
crewSkillParameter/shipTorpedoSpottingDistance;Torpedo identification distance
crewSkillParameter/shipOperationTime;Ship's engine mode changing time
crewSkillParameter/shipFireChance;Fire chance
crewSkillParameter/shipMainCaliberLoadTime;Main caliber reload speed
crewSkillParameter/shipAuxCaliberLoadTime;Auxiliary caliber reload speed
crewSkillParameter/shipAntiAirCaliberLoadTime;AAA caliber reload speed
crewSkillParameter/shipAntiAirMaxAngle;AAA gunner accuracy
crewSkillParameter/shipAuxMaxAngle;Auxiliary gunner accuracy
crewSkillParameter/shipDistFusePenalty;Remote fuze setting accuracy
crewSkillParameter/shipUnwateringTime;Unwatering maximum time
crewSkillParameter/shipExtinguishTime;Fire extinguishing maximum time
crewSkillParameter/shipRepairTime;Ship's repair maximum time
crewSkillParameter/shipFireDamageMult;Fire damage
crewSkillParameter/shipSurviveEfforMult;All survive processes penalty demultiplier
crewSkillParameter/shipRudderOperationTime;Complete rudder's turning time
crewSkillParameter/commanderLeadershipInterchangeAbility;Minimal crew amount
crewSkillParameter/commanderLeadershipViewAircraftSpottingDistance;Aircraft spotting distance
crewSkillParameter/commanderLeadershipShipVisionDistance;Surface target detection
crewSkillParameter/commanderLeadershipShipVisionSpottingDistance;Surface target identification
crewSkillParameter/commanderLeadershipShipHearingDistance;Absolute Detection
crewSkillParameter/commanderLeadershipShipHearingSpottingDistance;Absolute identification
crewSkillParameter/commanderLeadershipShipTorpedoSpottingDistance;Torpedo identification distance
crewSkillParameter/commanderLeadershipShipOperationTime;Operation time
crewSkillParameter/commanderLeadershipShipFireChance;Fire chance
crewSkillParameter/commanderLeadershipShipMainCaliberLoadTime;Main caliber reload speed
crewSkillParameter/commanderLeadershipShipAuxCaliberLoadTime;Auxiliary caliber reload speed
crewSkillParameter/commanderLeadershipShipAntiAirCaliberLoadTime;AAA caliber reload speed
crewSkillParameter/commanderLeadershipShipAntiAirMaxAngle;AAA gunner accuracy
crewSkillParameter/commanderLeadershipShipAuxMaxAngle;Auxiliary gunner accuracy
crewSkillParameter/commanderLeadershipShipDistFusePenalty;Remote fuze setting accuracy
crewSkillParameter/commanderLeadershipShipUnwateringTime;Unwatering maximum time
crewSkillParameter/commanderLeadershipShipExtinguishTime;Fire extinguishing maximum time
crewSkillParameter/commanderLeadershipShipFireDamageMult;Fire damage
crewSkillParameter/commanderLeadershipShipRepairTime;Ship's repair maximum time
crewSkillParameter/commanderLeadershipShipSurviveEfforMult;All survive processes penalty demultiplier
unit_type;Unit Type
unit_type/air;Air Vehicles
unit_type/tank;Ground Vehicles
unit_type/ship;Naval Vehicles
shop/needMoneyQuestion_buySkillPoints;Are you sure you want to purchase {amount} skill points? This will cost you: {cost}
shop/notEnoughSkillPoints;You don't have enough crew XP points.
shop/purchaseMoreSkillPoints;Would you like to purchase some crew XP points?
replays/versionMismatch;This Replay was recorded in an older version of the game not compatible with the one in use, so it cannot be played back.
replays/corrupted;The Replay cannot be played back. The file appears to be damaged.
replays/save_error;"Unable to save the replay.
This could happen due to:
- a lack of free space on your hard drive
- a replay name containing invalid symbols: \ / : * ? "" < > |
- a replay name that is too long"
replays/nvidiaAnselSpectatorMessage;Press Alt-F2 to switch to Nvidia Ansel
replay/move_to_time;Go to {time}
leaderboards/month;Monthly Leaderboards
leaderboards/allTime;All-Time Leaderboards
leaderboards/exactValue;Exact Value
leaderboards/notAvailable;N/A
leaderboards/not_in_leaderboard;Not in Leaderboard
leaderboards/has_no_rewards;There are no rewards for the selected Leaderboard.
mainmenu/complainAbout;Complain about %s
mainmenu/banPlayer;Ban player %s
msg/complain/needDetailedComment;Write a more detailed comment
mainmenu/btnConvertExp;Accelerated Research
mainmenu/btnConvert;Boost Research
exp/available;Convertible RP:
exp/available/tooltip;The amount of convertible RP.
exp/convert/cost;Conversion Cost:
exp/convert/noGold;No selected RP for conversion.
exp/convert/needMoneyQuestion;Are you sure you want to convert {exp} for {cost}?
exp/convert/noRP;No RP
exp/convert/air;Research aircraft
exp/convert/tank;Research tank
exp/convert/ship;Research ship
msgbox/unit_bought_success;Vehicle model successfully purchased.
pr_conversion/unit_researched;You already completed research of the vehicle. Now you can purchase it.
pr_conversion/no_unit;No vehicles of selected type are available for research in this country.
pr_conversion/all_units_researched;All vehicles of this country have been researched
mainmenu/userlog;Event Log
mainmenu/log/short;Log
userlog/invite_to_pick_tss;Invitation to pick the mission and preset.
userlog/invite_to_tournament_name;Tournament battle invitation. {TournamentName}
invite_to_tournament/desc; 
invite_to_pick_tss/desc;Captains take turns to pick preset or mission to be deleted from roster. The last preset or mission that remains would be used in next battles in this round.
mainmenu/btnPickTSS;Pick
userlog/session_start;The %s mission has started.
userlog/no_new_messages;No New Messages.
userlog/new_messages;New Messages: %d
userlog/showMore;Show More Messages
userlog/noMessages;No Messages
userlog/page/all;All
userlog/page/battle;Battles
userlog/page/economic;Economics
userlog/page/achivements;Achievements
userlog/page/crew;Crews
userlog/page/onlineShop;Store
userlog/page/items;Items
userlog/page/battletasks;Battle Tasks
userlog/page/worldWar;World War
userlog/page/systemNotifications;System notifications
userlog/complaints/successful_single;A player was blocked from one of your complaints.
userlog/complaints/popup_message/title;Your complaint has been processed!
userlog/complaints/popup_message/single;A player was blocked from one of your complaints.
userlog/complaints/popup_message/several;Some players were blocked by your complaints.
userlog/complaints/popup_message/thank;We thank you for your vigilance and help in maintaining fairplay in the game. Thanks for cooperation!
userlog/early_session_leave;You have left the %s mission before the battle ended.
userlog/session_result;The %s mission has been completed.
userlog/session_result/win;<color=@userlogColoredText>Victory</color> in the %s mission!
userlog/session_result/lose;<color=@userlogColoredText>Defeat</color> in the %s mission!
userlog/session_result_plain/win;Victory in the %s mission!
userlog/session_result_plain/lose;Defeat in the %s mission!
userlog/event/early_session_leave;You have left the %s event before the battle ended.
userlog/event/session_result;The %s event has been completed.
userlog/event/session_result/win;<color=@userlogColoredText>Victory</color> in the %s event!
userlog/event/session_result/lose;<color=@userlogColoredText>Defeat</color> in the %s event!
userlog/event/session_result_plain/win;Victory in the %s event!
userlog/event/session_result_plain/lose;Defeat in the %s event!
userLog/session_result_extr;"Mission ""%s"" completed."
userlog/broken_airs;Damaged Vehicles
userlog/buy_aircraft;You have purchased a <color=@userlogColoredText>%s</color>.
userlog/buy_weapon;You have purchased weapons for your <color=@userlogColoredText>%s</color>.
userlog/buy_weapon_failed;<color=@userlogColoredText>Not enough</color> <color=@currencyWpColor>€</color> to purchase weapons for your <color=@userlogColoredText>%s</color>.
userlog/buy_weapons_auto;Auto Weapon Resupply
userlog/buy_modification;You have purchased a modification for your <color=@userlogColoredText>%s</color>.
userlog/buy_spare;You have purchased a back-up for your <color=@userlogColoredText>%s</color>.
userlog/buy_spare/multiple;You have purchased {numSparesColored} {numSpares=backup/backups} for your {unitName}.
userlog/buy_unlock/decal;You have purchased a(n) <color=@userlogColoredText>%s</color> decal.
userlog/buy_unlock/skin;You have purchased a(n) <color=@userlogColoredText>%s</color> camouflage.
userlog/buy_unlock/achievement;You have purchased a(n) <color=@userlogColoredText>%s</color> achievement.
userlog/buy_unlock/smoke;You have purchased a(n) <color=@userlogColoredText>%s</color> aerobatic smoke.
userlog/buy_unlock/trophy;You have purchased a(n) <color=@userlogColoredText>%s</color> trophy.
userlog/buy_unlock/pilot;You have purchased a(n) <color=@userlogColoredText>%s</color> profile icon.
userlog/buy_unlock/ship_flag;You have purchased a(n) <color=@userlogColoredText>%s</color> flag.
userlog/buy_unlock/challenge;You have purchased a(n) <color=@userlogColoredText>%s</color> challenge.
userlog/buy_resource/decal;You have purchased a(n) <color=@userlogColoredText>%s</color> decal.
userlog/buy_resource/skin;You have purchased a(n) <color=@userlogColoredText>%s</color> camouflage.
userlog/buy_resource/attachable;You have purchased a(n) <color=@userlogColoredText>%s</color>  decoration.
userlog/buy_resource/;You have purchased <color=@userlogColoredText>%s</color>.
userlog/repair_aircraft;You have repaired your <color=@userlogColoredText>%s</color>.
userlog/repair_aircraft_multi;You have repaired the vehicle.
userlog/repair_aircraft_multi_auto;The vehicle was repaired automatically.
userlog/new_rank;New Level: <color=@userlogColoredText>%s</color>!
userlog/new_rank/country;You have reached a new rank <color=@userlogColoredText>%s</color> in your country's air forces!
userlog/new_unlock;New bonus: <color=@userlogColoredText>%s</color>!
userlog/buy_slot;You have hired a new crew: <color=@userlogColoredText>crew #{crewName}</color>.
userlog/train_aircraft;Your <color=@userlogColoredText>crew #{crewName}</color> has finished the courses required to operate the new <color=@userlogColoredText>{unitName}</color>.
userlog/upgrade_crew;The <color=@userlogColoredText>crew #{crewName}</color> have undergone the training.
userlog/crewLevel;crew level
userlog/specialize_crew;The qualifications of <color=@userlogColoredText>the crew #{crewName}</color> on the <color=@userlogColoredText>{unitName}</color> has been increased to the next level.
userlog/purchase_skillpoints;You have purchased <color=@userlogColoredText>{skillPoints}</color> for the <color=@userlogColoredText>crew #{crewName}</color>.
userlog/buy_entitlement;You have purchased <color=@userlogColoredText>%s</color> in the store.
userlog/earned;Earned
userlog/interimResults;Interim Results
userlog/insuranceSpent;Insurance spent
userlog/insuranceReturn;Refunded the cost of insurance
userlog/insuranceFree;Refunded the cost of insurance
userlog/award_for_pve_mode;{mode}: mission '{mission}' complete!
userlog/award_for_pve_mode/win;{mode}: <color=@userlogColoredText>Victory</color> in the mission '{mission}'!
userlog/award_for_pve_mode/lose;{mode}: <color=@userlogColoredText>Defeat</color> in the mission '{mission}'.
userlog/award_tip_col/damage_tnt;▲ (TNT, kg)
userlog/award_tip_col/damage_zone;▲ (damage)
userlog/other_awards;Other awards
userlog/clan_action/unknown;Unknown event in the <color=@userlogColoredText>{action}</color> Squadron
userlog/clan_action/create;You have created a new Squadron named <color=@userlogColoredText>{clan}</color>
userlog/clan_action/disband;You have disbanded the <color=@userlogColoredText>{clan}</color> Squadron
userlog/clan_action/request_membership;You have applied for membership in the <color=@userlogColoredText>{clan}</color> Squadron
userlog/clan_action/cancel_membership;You have canceled your application for membership in the <color=@userlogColoredText>{clan}</color> Squadron
userlog/clan_action/reject_candidate;Your membership application to the <color=@userlogColoredText>{clan}</color> Squadron has been rejected
userlog/clan_action/accept_candidate;You have been accepted into the <color=@userlogColoredText>{clan}</color> Squadron
userlog/clan_action/dismiss_member;<color=@userlogColoredText>{player}</color> has expelled you from the <color=@userlogColoredText>{clan}</color> Squadron
userlog/clan_action/change_role;<color=@userlogColoredText>{player}</color> has changed your title to <color=@userlogColoredText>{role}</color>
userlog/clan_action/change_role_auto;Your title was automatically changed to <color=@userlogColoredText>{role}</color>
userlog/clan_action/leave;You have left the <color=@userlogColoredText>{clan}</color> Squadron
userlog/clan_action/disbanded_by_leader;The <color=@userlogColoredText>{clan}</color> Squadron has been disbanded by <color=@userlogColoredText>{player}</color>
userlog/clan_action/add_to_blacklist;<color=@userlogColoredText>{player}</color> has added you to the Squadron's Blacklist
userlog/clan_action/remove_from_blacklist;<color=@userlogColoredText>{player}</color> has removed you from the Squadron's Blacklist
userlog/clan_action/close_open_new_invites;The <color=@userlogColoredText>{clan}</color> Squadron is <color=@userlogColoredText>{status}</color> for new membership applications
userlog/clan_action/clan_info_was_changed;The <color=@userlogColoredText>{clan}</color> Squadron's information has been changed.
userlog/clan_action/clan_info_was_renamed;The <color=@userlogColoredText>{tagOld} {clanOld}</color> Squadron has been renamed to <color=@userlogColoredText>{tag} {clan}</color>.
userlog/clan_action/clan_disbanded_by_admin;The <color=@userlogColoredText>{clan}</color> Squadron has been disbanded by the administrator <color=@userlogColoredText>{player}</color>.
userlog/clan_action/clan_was_upgraded;The <color=@userlogColoredText>{clan}</color> Squadron has been upgraded.
userlog/clan_action/clan_max_members_count_was_increased;The maximum possible size of the <color=@userlogColoredText>{clan}</color> squadron has been increased by {sizeIncrease} people.
userlog/admin_add_gold/positive;The Administration has granted you: <color=@userlogColoredText>{gold}</color>. Your current balance is: <color=@userlogColoredText>{balance}</color>.
userlog/admin_add_gold/negative;The Administration has taken away: <color=@userlogColoredText>{gold}</color>. Your current balance is: <color=@userlogColoredText>{balance}</color>.
userlog/admin_revert_gold/positive;The Administration has returned to your account: <color=@userlogColoredText>{gold}</color>. Your current balance is: <color=@userlogColoredText>{balance}</color>.
userlog/admin_revert_gold/negative;The Administration has withdrawn from your account: <color=@userlogColoredText>{gold}</color>. Your current balance is: <color=@userlogColoredText>{balance}</color>.
userlog/ItemMoneyBack;Money back for removed weapons and modifications
userlog/ItemMoneyBackDesc;Money back
userlog/FreeExpDenominate;Free experience conversion
userlog/FreeExpDenominateDesc;"Free experience was converted into Research Points; for every 10 XP you received 1 RP."
userlog/FreeExpDenominateOld;Was
userlog/FreeExpDenominateNew;New
userlog/open_all_in_tier/name;Reward for opening all modifications in a tier <color=@userlogColoredText>{tier}</color> for <color=@userlogColoredText>{unitName}</color>
userlog/open_all_in_tier/desc;You opened all modifications in the tier <color=@userlogColoredText>{tier}</color> for <color=@userlogColoredText>{unitName}</color>. Reward <color=@white>{exp}</color>
userlog/open_all_in_tier/resName;<color=@white>{resUnitExpInvest}</color> added to researched <color=@userlogColoredText>{resUnitName}</color>
userlog/open_all_in_tier/excessName;<color=@white>{expToExcess}</color> available for future research
userlog/buy_modification_multi;You have purchased modifications for your <color=@userlogColoredText>%s</color>
userlog/buy_modification_fail;<color=@userlogColoredText>Not enough</color> <color=@currencyWpColor>€</color> to purchase modifications for your <color=@userlogColoredText>%s</color>.
userlog/no_trophy;Trophy not found
userlog/trophy_deleted;Trophy was removed
userlog/open_trophy/short;You have opened
userlog/purchase_open_trophy/short;You have purchased and opened
userlog/excessExpEarned;earned in the previous battles
userlog/buy_item;You have purchased the item {itemName} ({price})
userlog/buy_item/multiple;You have purchased the items {itemName} x{amount} ({price})
userlog/new_item;You have received the item {itemName}
userlog/new_item/multiple;You have received the items {itemName} x{amount}
userlog/EveryDayLoginAward;Everyday Login Award!
userlog/EveryDayLoginAwardDesc;Today's Award:
userlog/EveryDayLoginAwardSkip1Desc;"Two days have passed since your last login. Reward progress was reduced by one day.
Today's Award:"
userlog/EveryDayLoginAwardSkip2Desc;"Three days have passed since your last login. Reward progress was reset to the last big award.
Today's Award:"
userlog/EveryDayLoginAwardSkip3Desc;"More than three days have passed since your last login. Reward progress was reset to the beginning.
Today's Award:"
userlog/TournamentReward;Reward in the tournament {name}!
userlog/WagerStageFail;New stage was not achieved
userlog/WagerFail;{wagerName} ended
userlog/WagerStageWin;New stage achieved!
userlog/WagerWin;{wagerName} Won!
userlog/WagerFailDesc;
userlog/WagerWinDesc;Reward
userlog/WagerStageFailDesc;
userlog/WagerStageWinDesc;
userlog/PeriodicCalendarAward;Monthly Award
userlog/PerMonthAward;Monthly bonus for PlayStation®Plus subscribers
userlog/PeriodicCalendarAwardXBOXPlus;Xbox Live Gold Monthly Award
userlog/PerMonthAwardXBOXPlus;Monthly bonus for Xbox Live Gold
userlog/clanUnits/flush/name;Adding experience to squadron vehicle
userlog/clanUnits/flush/desc;{rp} added to {unit}
userlog/clanUnits/add_unit/name;Squadron vehicle was earned
userlog/clanUnits/add_unit/desc;{unit} was earned
userlog/clanUnits/buy_closed_unit/name;Squadron vehicle purchased
userlog/clanUnits/buy_closed_unit/desc;Squadron vehicle {unit} was bought for {cost}
trophy/trophy_PS_Plus_boosters;Premium boosters
trophy/big_spare_pack_trophy;Big pack of universal backups
trophy/small_spare_pack_trophy;Medium pack of universal backups
trophy/spare_pack_trophy;Pack of universal backups
userlog/1x1_duel_ireland_realistic_awardTest1;[Duel] Air forces 1v1 [RB] tournament reward
msgbox/qualificationIncreased;"You have increased crew qualification for %s.
Switch to this machine to see the bonuses received."
userlog/copyToClipboard;Press <color=@userlogColoredText>Ctrl+C</color> to copy the battle results to the clipboard
userlog/copyToClipboardFullInfo;Press <color=@userlogColoredText>Ctrl+C</color> to copy full information to clipboard
money/wpText;SL
money/rpText;RP
money/frpText;CRP
money/goldText;GLD
money/sapText;SAP
money/premiumText;PA
reqWeapon;Required Weapon
reqModification;Required Modification
mod/enable;Install
mod/disable;Uninstall
mod/enable/tooltip;"You can uninstall this modification at any time. The modification will remain in the list of modifications purchased, so you can always reinstall it by pressing the ""Install"" button. However, if this modification is required for some weapon, that weapon won't be available unless the modification is installed."
mod/test;Test
mod/start_test_modal_title;Test — {modName}
mainmenu/statistics_arcade;"Arcade Battles: {battles}; Players: {players}"
mainmenu/statistics_historical;"Realistic Battles: {battles}; Players: {players}"
mainmenu/statistics_realistic;"Simulator Battles: {battles}; Players: {players}"
mainmenu/statistics_sandbox;"Custom Battles: {battles}; Players: {players}"
mainmenu/statistics_missions;"Missions: {battles}; Players: {players}"
click_to_view_image;Click to view the image
click_to_view;Click to view
mainmenu/driveAgain;Drive again
mainmenu/toBattle;To Battle!
mainmenu/toBattle/short;To Battle!
mainmenu/queue_for_battle;Queue for battle.
mainmenu/toBattle/12april;Launch!
mainmenu/selectAircraftTooltip;Start battle with the selected vehicle
mainmenu/toHangar;To hangar
mainmenu/menu;Menu
mainmenu/rankLimit;{rank1}-{rank2}
reqEnabledModification;Modification required for this weapon not installed
mainmenu/aviation;▭ Aviation
mainmenu/army;▔ Army
mainmenu/fleet;Fleet
mainmenu/helicopters;⋡ Helicopter
mainmenu/boats;⋛ Coastal Fleet
mainmenu/ships;⋚ Bluewater Fleet
mainmenu/preset_default;Default
mainmenu/mix_battles;Mix battles
msg/cancel_queue_question;Do you really want to leave the queue?
mainmenu/questionBuyHistorical;You haven't purchased any Historical Campaign yet. Would you like to browse the Online Store now?
btn/buyMoreCampaigns;Buy another campaign
mainmenu/chat;Chat
mainmenu/chat_new_messages;You have new private messages.
mainmenu/contacts;Contacts
mainmenu/invites;Invites
mainmenu/inventory;Inventory
mainmenu/inventory_new_items;You have new items available
mainmenu/items_shop_new_items;You have new items available
mainmenu/btnAirInfoWeaponry_new_items;You have new opportunities available
contacts/i_invite;My Invites
contacts/i_am_invited;Awaiting Response
contacts/accept_invitation;Accept Invite
contacts/decline_invitation;Decline Invite
contacts/cancel_invitation;Cancel Invite
contacts/friends_online;Friends online: %d
contacts/friend;Friends
contacts/totalCount;Total contacts in group: {contactsCount}
contacts/ps4_friends;Friends
contacts/recent;Fought Together
contacts/met;Met in Battle
contacts/block;Blacklist
contacts/search;Player Search
contacts/chooseGroup;Choose a Group
contacts/choosePlayer;Choose a Player
contacts/search_advice;Press ENTER to perform global search
contacts/searchNotFound;No Search Results
contacts/friendlist/add;Add Friend
contacts/friendlist/remove;Remove Friend
contacts/facebooklist/remove;Remove from Facebook Friend list
contacts/steamlist/remove;Remove from Steam Friend list
contacts/search_placeholder;⌡ Search...
contacts/popup_friend_invitation_received;Player {userName} added you to their friend list
contacts/friend_invitation_received/no_nick;added you to their friend list
contacts/popup_has_friend_invitations;You have {count} friend {count=invitation/invitations}.
msg/added_to_friend;You have added <color=@userlogColoredText>%s</color> to your friends list
msg/added_to_ps4_friends;You have added <color=@userlogColoredText>%s</color> to your friends list
msg/ask_remove_from_friend;Remove <color=@userlogColoredText>%s</color> from your friends list?
msg/ask_remove_from_ps4_friends;Remove <color=@userlogColoredText>%s</color> from your friends list?
msg/ask_remove_from_f;Remove <color=@userlogColoredText>%s</color> from your Facebook friends list?
msg/ask_remove_from_s;Remove <color=@userlogColoredText>%s</color> from your Steam friends list?
msg/cant_add/too_many_contacts;You cannot add more than %d contacts.
msgbox/add_steam_friends;Would you like to add your Steam friends to your friends list?
msgbox/no_friends_added;No one to add
msgbox/added_friends_number;%d friends added
msgbox/added_friends_one;Your friend has been added
contacts/blacklist/add;Add to blacklist
contacts/blacklist/remove;Remove from blacklist
contacts/copyNickToEditbox;Copy name to editbox
msg/added_to_block;You have added <color=@userlogColoredText>%s</color> to your blacklist
msg/ask_remove_from_block;Remove <color=@userlogColoredText>%s</color> from your blacklist?
contacts/moderator_copyname;* Copy name to clipboard
contacts/moderator_ban;* Ban
contacts/moderator_ban/title;Penalty
contacts/message;Send Message
contacts/join_team;Join the team
contacts/invite;Invite to Squad
contacts/play_with_friends;Play with Friends
CONTACT_REQUESTS_ARE_FORBIDDEN;The player has forbidden adding themselves to friend lists
status/offline;Offline
status/online;Online
status/unknown;Unknown
status/in_queue;In Queue: {gameMode}, {country}
status/in_game;In Game: {gameMode}, {country}
status/in_queue_ww;In Queue: World War: {operationName}, {country}
status/in_game_ww;In Game: World War: {operationName}, {country}
status/in_prepare_ww;Preparing to battle: World War: {operationName}, {country}
status/idle;Idle
status/squad_leader;Squad leader
status/squad_ready;Ready
status/squad_not_ready;Not ready
status/squad_offline;Offline
status/steam_online;Online in Steam
squadMember/colored_name;<color={color}>{name}</color>: 
squadMember/airs_not_available;No available vehicle
squadMember/all_available_airs_broken;All available vehicles are broken
squadMember/partly_available_airs_broken;Partly available vehicles are broken
squadMember/selected_airs_not_available;Selected vehicle is not available
squadMember/selected_airs_broken;Selected vehicle is broken
squadMember/no_required_units;No required vehicles
squadAction/disband;Disband squad
squadAction/leave;Leave squad
squadAction/join;Join to squad
squadAction/openChat;Open chat
squad/title;Squad:
squad/size;Squad size {numMembers}/{maxMembers}
squad/info;Information about the squad
squad/auto;You are joined in an automatic squad with this player - stay close and earn additional rewards for destroying an enemy.
channel/search;Search for closed chat
channel/showPlayersList;List of players in this chat
shop/giftAir/alpha;Pack
shop/giftAir/alpha/info;"This vehicle can only be received by purchasing ""Dora"" or ""Ultra"" Advanced Pack.%s"
shop/giftAir/starterpack5;Pack
shop/giftAir/starterpack5/info;"This vehicle can only be received by purchasing ""Ultra"" Advanced Pack."
shop/giftAir/campaign;Pack
shop/giftAir/campaign/info;"This vehicle can only be received by purchasing the %s campaign or ""Ultra"" Advanced Pack."
shop/giftAir/beta;Pack
shop/giftAir/beta/info;"This vehicle can only be received by purchasing ""Typhoon"" or ""Ultra"" Advanced Pack.%s"
askPlayTutorial;Would you like to complete the tutorial?
msgbox/req_tutorial_for_mode;"To play this game mode you need to complete the tutorial.
Would you like to complete the tutorial for <color=@activeTextColor>%s</color> difficulty?"
msgbox/btn_startTutorial;Start Tutorial
options/doNotAskMeAgain;Do not ask me again
options/doNotAskMeAgain/tutorial/hint;You can always find the tutorial missions in the menu.
shop/giftAir/new_year_2014;Pack
shop/giftAir/new_year_2014/info;This vehicle can only be obtained by purchasing a special pack.
shop/giftAir/rbt_5;Pack
shop/giftAir/rbt_5/info;This vehicle can only be obtained by purchasing a special pack. Attention! The minimum distance to fire rockets is 200 metres.
shop/giftAir/uk_tanks_cbt;Pack
shop/giftAir/uk_tanks_cbt/info;This vehicle can only be obtained by purchasing a special pack.
shop/giftAir/it_tanks_cbt;Pack
shop/giftAir/it_tanks_cbt/info;Attention! Before the release of the Italian ground vehicles main tech tree, this tank will have 3 respawns in tank battles. Upon the release of the Italian tech tree, the number of respawns will be reduced to 1.
shop/giftAir/msi_notebook;Pack
shop/giftAir/msi_notebook/info;This vehicle can only be obtained by purchasing a special pack.
shop/giftAir/coupon/info;This vehicle can be obtained with coupon by purchasing it on Marketplace.
shop/featureLock/USATanks/warning/research;Vehicle isn’t available for research at the moment.
shop/featureLock/USATanks/warning/buy;Vehicle isn’t available for purchase at the moment.
shop/featureLock/USATanks/warning/main;Ground forces of this country are now in Closed Beta Test. Each vehicle will become available as it is fully tested and tuned. Until then, they are available only for testers.
shop/featureLock/USATanks/warning/specialPackPart;
shop/featureLock/BritainTanks/header;British Ground Forces
shop/featureLock/JapanTank/header;Japanese Ground Forces
shop/featureLock/ChinaTank/header;China Ground Forces
shop/featureLock/USATanks/advise;"You can become a tester and receive access to CBT if you complete any of the following conditions:
1) Play the game and complete specified game tasks
2) Purchase a suitable bundle:"
shop/featureLock/ItalyAircraft/header;Italian Air Forces
shop/featureLock/FranceAircraft/header;French Air Forces
shop/featureLock/ChinaAircraft/header;China Air Forces
shop/featureLock/SwedenAircraft/header;Swedish Air Forces
shop/featureLock/IsraelAircraft/header;Israeli Air Forces
shop/featureLock/Aircraft/warning/research;Vehicle isn’t available for research at the moment.
shop/featureLock/Aircraft/warning/buy;Vehicle isn’t available for purchase at the moment.
shop/featureLock/Aircraft/warning/main;"Air forces of this country are now in Closed Beta Test. Each vehicle will become available as it is fully tested and tuned. Until then, they are available only for testers.
<color=@warningTextColor><link=www.warthunder.com>Read more on our website www.warthunder.com</link></color>"
shop/featureLock/Aircraft/advise;"You can become a tester and receive access to CBT if you complete any of the following conditions:
1) Play the game and complete specified game tasks
2) Purchase a suitable bundle:"
shop/featureLock/FranceTank/header;French Ground Forces
shop/featureLock/ItalyTank/header;Italian Ground Forces
shop/featureLock/SwedenTank/header;Swedish Ground Forces
shop/featureLock/IsraelTank/header;Israeli Ground Forces
shop/featureLock/Tank/warning/research;Vehicle isn’t available for research at the moment.
shop/featureLock/Tank/warning/main;"Ground forces of this country are now in Closed Beta Test. Each vehicle will become available as it is fully tested and tuned. Until then, they are available only for testers.
<color=@warningTextColor><link=www.warthunder.com>Read more on our website www.warthunder.com</link></color>"
shop/featureLock/Tank/advise;"You can become a tester and receive access to CBT if you complete any of the following conditions:
1) Play the game and complete specified game tasks
2) Purchase a suitable bundle:"
shop/featureLock/UsaHelicopter/header;USA Helicopters
shop/featureLock/UssrHelicopter/header;USSR Helicopters
shop/featureLock/Helicopter/warning/research;Vehicle isn’t available for research at the moment.
shop/featureLock/Helicopter/warning/main;"Helicopters of this country are now in Closed Beta Test. Each vehicle will become available as it is fully tested and tuned. Until then, they are available only for testers.
<color=@warningTextColor><link=www.warthunder.com>Read more on our website www.warthunder.com</link></color>"
shop/featureLock/Helicopter/advise;"You can become a tester and receive access to CBT if you complete any of the following conditions:
1) Play the game and complete specified game tasks
2) Purchase a suitable bundle:"
shop/featureLock/BritainShip/header;Britain fleet
shop/featureLock/JapanShip/header;Japan fleet
shop/featureLock/ItalyShip/header;Italian fleet
shop/featureLock/FranceShip/header;French fleet
shop/featureLock/FranceBoat/header;French Coastal fleet
shop/featureLock/Ship/warning/research;Vehicle isn’t available for research at the moment.
shop/featureLock/Ship/warning/buy;Vehicle isn’t available for purchase at the moment.
shop/featureLock/Ship/warning/main;"Fleet of this country are now in Closed Beta Test. Each vehicle will become available as it is fully tested and tuned. Until then, they are available only for testers.
<color=@warningTextColor><link=www.warthunder.com>Read more on our website www.warthunder.com</link></color>"
shop/featureLock/Ship/advise;"You can become a tester and receive access to CBT if you complete any of the following conditions:
1) Play the game and complete specified game tasks
2) Purchase a suitable bundle:"
shop/featureLock/Boat/warning/research;Vehicle isn’t available for research at the moment.
shop/featureLock/Boat/warning/buy;Vehicle isn’t available for purchase at the moment.
shop/featureLock/Boat/warning/main;"Fleet of this country are now in Closed Beta Test. Each vehicle will become available as it is fully tested and tuned. Until then, they are available only for testers.
<color=@warningTextColor><link=www.warthunder.com>Read more on our website www.warthunder.com</link></color>"
shop/featureLock/Boat/advise;"You can become a tester and receive access to CBT if you complete any of the following conditions:
1) Play the game and complete specified game tasks
2) Purchase a suitable bundle:"
charServer/entitlement/wt_access_britain_ships_unlocks;Access to the Britain fleet CBT
charServer/entitlement/wt_access_japan_ships_unlocks;Access to the Japan fleet CBT
charServer/entitlement/wt_access_italy_ships_unlocks;Access to the Italian fleet CBT
charServer/entitlement/wt_access_france_ships_unlocks;Access to the French fleet CBT
charServer/entitlement/wt_access_france_boats_unlocks;Access to the French Coastal fleet CBT
charServer/entitlement/wt_access_france_tanks_unlocks;Access to the French Ground Forces CBT
charServer/entitlement/wt_access_italy_tanks_unlocks;Access to the Italian Ground Forces CBT
charServer/entitlement/wt_access_china_tanks_unlocks;Access to the Chinese Ground Forces CBT
charServer/entitlement/wt_access_sweden_tanks_unlocks;Access to the Swedish Ground Forces CBT
charServer/entitlement/wt_access_china_aircrafts_unlocks;Access to the Chinese Air Forces CBT
charServer/entitlement/wt_access_italian_aircrafts_unlocks;Access to the Italian Air Forces CBT
charServer/entitlement/wt_access_france_aircrafts_unlocks;Access to the French Air Forces CBT
charServer/entitlement/wt_access_sweden_aircrafts_unlocks;Access to the Swedish Air Forces CBT
charServer/entitlement/wt_access_israel_aircrafts_unlocks;Access to the Israeli Air Forces CBT
charServer/entitlement/wt_access_israel_tanks_unlocks;Access to the Israeli Ground Forces CBT
charServer/entitlement/helicopter_access;Access to the Helicopter CBT
mainmenu/type_exoskeleton;Mobile Infantry
mainmenu/type_aircraft;Aircraft
mainmenu/type_aircraft_only;Aircraft
mainmenu/type_tank;Tank
mainmenu/type_fighter;Fighter
mainmenu/type_assault_fighter;Attacker (fighter with anti-tank weapons)
mainmenu/type_bomber;Bomber
mainmenu/type_assault;Attacker
mainmenu/type_interceptor;Interceptor
mainmenu/unit_type_separator; / 
mainmenu/type_attack_helicopter;Attack Helicopter
mainmenu/type_utility_helicopter;Utility Helicopter
mainmenu/type_light_fighter;Light Fighter
mainmenu/type_medium_fighter;Fighter
mainmenu/type_heavy_fighter;Twin-engine Fighter
mainmenu/type_naval_aircraft;Naval Aircraft
mainmenu/type_naval_fighter;Naval Fighter
mainmenu/type_jet_fighter;Jet Fighter
mainmenu/type_strike_fighter;Strike Fighter
mainmenu/type_strike_aircraft;Strike Aircraft
mainmenu/type_aa_fighter;Air Defence Fighter
mainmenu/type_light_bomber;Light Bomber
mainmenu/type_medium_bomber;Medium Bomber
mainmenu/type_heavy_bomber;Heavy Bomber
mainmenu/type_naval_bomber;Naval Bomber
mainmenu/type_jet_bomber;Jet Bomber
mainmenu/type_dive_bomber;Dive Bomber
mainmenu/type_frontline_bomber;Frontline Bomber
mainmenu/type_longrange_bomber;Long Range Bomber
mainmenu/type_common_bomber;Bomber
mainmenu/type_common_assault;Attacker
mainmenu/type_hydroplane;Hydroplane
mainmenu/type_strike_ucav;Strike UCAV
mainmenu/type_flying_boat;Flying Boat
mainmenu/type_torpedo;Torpedo-Bomber
mainmenu/type_biplane;Biplane
mainmenu/type_transport;Cargo Aircraft
mainmenu/type_helicopter;Helicopter
mainmenu/type_light_tank;<color=#ffff99>Light Tank</color>
mainmenu/type_missile_tank;Anti-tank missile carrier
mainmenu/type_medium_tank;Medium Tank
mainmenu/type_light_medium_tank;Light Tank
mainmenu/type_heavy_tank;Heavy Tank
mainmenu/type_tank_destroyer;Tank Destroyer
mainmenu/type_spaa;SPAA
mainmenu/type_SPAA;SPAA
mainmenu/type_football_tank;Football Tank
mainmenu/type_robot;Robot
mainmenu/type_md_interceptor;Interceptor
mainmenu/type_md_loot_carrier;Loot Carrier
mainmenu/type_md_combat_loot_carrier;Combat Loot Carrier
MENU_TYPES_LANG_KEEP_IT_ALWAYS_FIRST;
mainmenu/type_cv_ship;Aircraft Carrier
mainmenu/type_ship_and_boat;Vessel
mainmenu/type_ship_only;Bluewater ship
mainmenu/type_boat_only;Coastal vessel
mainmenu/type_heavy_boat;Armored Gun Boat
mainmenu/type_barge;Barge
mainmenu/type_torpedo_boat;Motor Torpedo Boat
mainmenu/type_gun_boat;Motor Gun Boat
mainmenu/type_heavy_gun_boat;Gunboat
mainmenu/type_torpedo_gun_boat;Motor Torpedo Gun Boat
mainmenu/type_submarine_chaser;Sub-chaser
mainmenu/type_frigate;Frigate
mainmenu/type_destroyer;Destroyer
mainmenu/type_naval_ferry_barge;Naval Ferry Barge
mainmenu/type_minesweeper;Minesweeper
mainmenu/type_minelayer;Minelayer
mainmenu/type_naval_aa_ferry;Anti-air Ferry
mainmenu/type_hydrofoil_torpedo_boat;Hydrofoil Torpedo Boat
mainmenu/type_missile_boat;Fast Attack Craft
mainmenu/type_small_submarine_chaser;Sub-chaser
mainmenu/type_armored_boat;Armored Gun Boat
mainmenu/type_armored_submarine_chaser;Armored Sub-chaser
mainmenu/type_light_cruiser;Light Cruiser
mainmenu/type_heavy_cruiser;Heavy Cruiser
mainmenu/type_submarine;Submarine
mainmenu/type_cruiser;Cruiser
mainmenu/type_battlecruiser;Battlecruiser
mainmenu/type_battleship;Battleship
shop/giftAir/global_beta;Gift
shop/giftAir/global_beta/info;This aircraft can't be purchased. It was received as a gift for participating in closed beta test.%s
msg/player_not_played_our_game;This user has not played War Thunder yet.
mainmenu/playWithFriends;Play with a friend
mainmenu/playWithFriends/tooltip;"To play on a team with a friend, both players must be in each other's friends list and both must get in the queue.
If none of the friends has joined the queue, the game won't start.
Maximum number of friends in a group is 2."
mainmenu/noFriendsToPlay;You don't have any friends to play with.
mainmenu/enterName;Enter Profile Name
mainmenu/btnProfileCreate;Create Profile
mainmenu/btnProfileChange;Change Profile
mainmenu/btnCancel;Cancel
profile/duplicateName;Profile with this name already exists
mainmenu/btnProfileDelete;Delete Profile
profile/manageProfiles;Manage Profiles
mainmenu/layouts;Layouts
mainmenu/custom;Custom Layout
mainmenu/shortcuts;Mapping Mode
mainmenu/settings;Settings
mainmenu/ping;Ping
mainmenu/devices;Axis Mapping
mainmenu/btnUGM;User Missions
ugm/btnComments;Comments
ugm/btnPlay;Start Mission
ugm/btnNext10;Next 10
ugm/btnPrev10;Previous 10
ugm/btnLike;Like
ugm/btnDislike;Dislike
ugm/btnFavorite;Best
ugm/btnUpdate;Update
ugm/btnGoToCategory;Select
ugm/title;User Missions
ugm/price;Price
ugm/withDiscount; With a Discount
ugm/total;Total
ugm/author;Author
ugm/date_of_create;Date of Creation
ugm/tags;Tags
ugm/rating;Mission Rating
ugm/btnVote;Vote
mainmenu/gameTypes;Game Types
mainmenu/coutryChoice;Choose Your Country
mainmenu/countryChoice/changeMode;Change Game Mode
mainmenu/ranks;Ranks
mainmenu/missions;Missions
mainmenu/balancer_tooltip;"The game needs some time to match players into teams so that both teams have equal chances of winning.
When matching players, the balancer takes into account the following parameters:
- Maximum rank of the chosen vehicle.
- Player's efficiency with the chosen vehicle.
- Type and role of the chosen vehicle.

The more players waiting for battle in the selected game mode that match these parameters, the shorter their waiting time.
In Realistic and Simulator battles, the player's choice of country also affects the waiting time."
mainmenu/version;Version %s
mainmenu/noPremium;Premium account not activated
mainmenu/activePremium;Active premium
mainmenu/bonusTitle;Random battles reward bonuses
spare_aircraft_quantity;You now have %d backup vehicles of the current type.
userlog/used_spare;Backup vehicles spent
shop/required_rp/tooltip;Required research points
shop/required_rp;Required RP:
shop/most_effective_research;It is the most effective at researching vehicles of {minAge} rank.
shop/most_effective_research/range;It is the most effective at researching vehicles of {range} ranks.
shop/most_effective_research_tr;Max vehicle research efficiency:
sm_monday;Monday
sm_tueday;Tuesday
sm_wednesday;Wednesday
sm_thursday;Thursday
sm_friday;Friday
sm_saturday;Saturday
sm_sunday;Sunday
sm_jan;January
sm_feb;February
sm_mar;March
sm_apr;April
sm_may;May
sm_jun;June
sm_jul;July
sm_aug;August
sm_sep;September
sm_oct;October
sm_nov;November
sm_dec;December
sm_month_1;January
sm_month_2;February
sm_month_3;March
sm_month_4;April
sm_month_5;May
sm_month_6;June
sm_month_7;July
sm_month_8;August
sm_month_9;September
sm_month_10;October
sm_month_11;November
sm_month_12;December
enumerated_day;Day {number}
day/today;today
day/tomorrow;tomorrow
cluster/ANY;Any available
cluster/any;Any available
cluster/multi;Auto
cluster/EU;EU
cluster/EU/full;European Union
cluster/SA;SA
cluster/SA/full;South Asia
cluster/CN;CN
cluster/CIS;CIS
cluster/CIS/full;Commonwealth of Independent States
cluster/NA;NA
cluster/NA/full;North America
userlog/gotNewRank;Rank <color=@userlogColoredText>%d</color>
mainmenu/btnEmptySlot;No Decal
mainmenu/decalNoAchievement;Not available without an achievement.
mainmenu/decalNotAvailable;Not available for the current country.
mainmenu/decoratorAvaiblableOnlyForUnit;{decoratorName} is available only for {unitsList}
mainmenu/decoratorAvaiblableOnlyForUnitTypes;{decoratorName} is available only for {unitTypesList}
mainmenu/decalNoCampaign;Will become available after you purchase the %s campaign.
mainmenu/decoratorNoCompletedCollection;{decoratorName} will become available as a reward for completed collection
mainmenu/decoratorExceededLimit;Cannot set more than {limit}.
mainmenu/decoratorLimit;Can set up to {limit} pcs.
mainmenu/btnSaveChanges;Save Changes
mainmenu/btnUnits;Vehicles
mainmenu/hangar;Hangar
mainmenu/showroom;Customization
mainmenu/decalFreeSlot;Choose Decal
mainmenu/attachableFreeSlot;Choose Decorator
mainmenu/decalUnitLocked;Vehicle is not purchased
mainmenu/decalSkinLocked;Camouflage is not purchased
mainmenu/decoratorNotPurchased;"Decorator ""<color=@activeTextColor>{name}</color>"" is not purchased"
mainmenu/onlyWithPremium;Available only with a Premium Account
mainmenu/requestDeleteDecal;Are you sure you want to delete decal <color=@userlogColoredText>{name}</color>?
mainmenu/requestDeleteDecorator;Are you sure you want to delete decorator <color=@userlogColoredText>{name}</color>?
mainmenu/failedInstallAttachable;You cannot set up this item in the indicated place.
mainmenu/failedInstallAttachableAngle;You cannot set up this item at slope angle {angle}°, maximum allowed angle is {allowedAngle}°
discount/notification;Discounts available
mainmenu/firstCountry;Choose Country for the first battle
mainmenu/firstCountry/hint;Other countries also will be available
mainmenu/firstUnit;Choose Unit Type for the first battle
mainmenu/firstUnit/hint;Other vehicles also will be available
mainmenu/firstChoiseBonusNotice;Based on chosen country and vehicles you will get bonuses during the game process
mainmenu/countryUnlockNotice;Other vehicles and countries will be unlocked as the game progresses
mainmenu/lockedCountryDescription;Country will be unlocked in battles against other players
msgbox/linkCopied;"Invite your friends to join War Thunder!
Share the link below with your friends on social media and get:

{firstAwardPrize} for each friend who purchases a vehicle of <color=@activeTextColor>rank {firstAwardRank}</color>
{secondAwardPrize} for each friend with two-factor authentication enabled who purchases a vehicle of <color=@activeTextColor>rank {secondAwardRank}</color>
{thirdAwardPrize} for each friend with two-factor authentication enabled who purchases a vehicle of <color=@activeTextColor>rank {thirdAwardRank}</color>

Each player who registers using your link and turns on two-factor authentication will receive {gift} as a gift.

""<color=@userlogColoredText>{link}</color>""
(link copied to clipboard)"
msgbox/linkCopied/separatedVessels;"Invite your friends to join War Thunder!
Share the link below with your friends on social media and get:

{firstAwardPrize} for each friend who purchases a vehicle of <color=@activeTextColor>rank {firstAwardRank} in the aviation/army tree or rank {firstAwardVesselsRank} in the fleet trees</color>
{secondAwardPrize} for each friend with two-factor authentication enabled who purchases a vehicle of <color=@activeTextColor>rank {secondAwardRank} in the aviation/army tree or rank {secondAwardVesselsRank} in the fleet trees</color>
{thirdAwardPrize} for each friend with two-factor authentication enabled who purchases a vehicle of <color=@activeTextColor>rank {thirdAwardRank} in the aviation/army tree or rank {thirdAwardVesselsRank} in the fleet trees</color>

Each player who registers using your link and turns on two-factor authentication will receive {gift} as a gift.

""<color=@userlogColoredText>{link}</color>""
(link copied to clipboard)"
msgbox/linkCopied/disabledThirdStageForVessels;"Invite your friends to join War Thunder!
Share the link below with your friends on social media and get:

{firstAwardPrize} for each friend who purchases a vehicle of <color=@activeTextColor>rank {firstAwardRank} in the aviation/army tree or rank {firstAwardVesselsRank} in the fleet trees</color>
{secondAwardPrize} for each friend with two-factor authentication enabled who purchases a vehicle of <color=@activeTextColor>rank {secondAwardRank} in the aviation/army tree or rank {secondAwardVesselsRank} in the fleet trees</color>
{thirdAwardPrize} for each friend with two-factor authentication enabled who purchases a vehicle of <color=@activeTextColor>rank {thirdAwardRank} in the aviation/army tree</color>

Each player who registers using your link and turns on two-factor authentication will receive {gift} as a gift.

""<color=@userlogColoredText>{link}</color>""
(link copied to clipboard)"
mainmenu/btnGetLink;Invite Friend
mainmenu/getLinkDesc;"Invite your friends and get a reward!

The invited player will receive {gift} when he logs in for the first time after enabling two-factor authentication.

For each invited player you'll gain:
{firstAwardPrize} as soon as your friend purchases a vehicle of rank {firstAwardRank} in any country
{secondAwardPrize} as soon as your friend with two-factor authentication enabled purchases a vehicle of rank {secondAwardRank} in any country
{thirdAwardPrize} as soon as your friend with two-factor authentication enabled purchases a vehicle of rank {thirdAwardRank} in any country
When 10 of your friends reach rank III, you'll receive a unique additional crew slot for each country."
mainmenu/getLinkDesc/separatedVessels;"Invite your friends and get a reward!

The invited player will receive {gift} when he logs in for the first time after enabling two-factor authentication.

For each invited player you'll gain:
{firstAwardPrize} as soon as your friend purchases a vehicle of rank {firstAwardRank} in the aviation/army tree or rank {firstAwardVesselsRank} in the fleet trees
{secondAwardPrize} as soon as your friend with two-factor authentication enabled purchases a vehicle of rank {secondAwardRank} in the aviation/army tree or rank {secondAwardVesselsRank} in the fleet trees
{thirdAwardPrize} as soon as your friend with two-factor authentication enabled purchases a vehicle of rank {thirdAwardRank} in the aviation/army tree or rank {thirdAwardVesselsRank} in the fleet trees
When 10 of your friends reach rank III, you'll receive a unique additional crew slot for each country."
mainmenu/getLinkDesc/disabledThirdStageForVessels;"Invite your friends and get a reward!

The invited player will receive {gift} when he logs in for the first time after enabling two-factor authentication.

For each invited player you'll gain:
{firstAwardPrize} as soon as your friend purchases a vehicle of rank {firstAwardRank} in the aviation/army tree or rank {firstAwardVesselsRank} in the fleet trees
{secondAwardPrize} as soon as your friend with two-factor authentication enabled purchases a vehicle of rank {secondAwardRank} in the aviation/army tree or rank {secondAwardVesselsRank} in the fleet trees
{thirdAwardPrize} as soon as your friend with two-factor authentication enabled purchases a vehicle of rank {thirdAwardRank} in the aviation/army tree
When 10 of your friends reach rank III, you'll receive a unique additional crew slot for each country."
mainmenu/getLink;Invitation 
mainmenu/getLinkTitle;Invitation
mainmenu/invitationHead;%s has sent you an invitation to War Thunder
mainmenu/invitationBody;"You've received an invitation to War Thunder.%%0D%%0A%s%%0D%%0A
Use the link above to get an extra bonus."
mainmenu/btnSendEmail;Send E-mail
bonus/expitemAircraftMul/tooltip;%s bonus to the research points with this vehicle.
bonus/wpitemAircraftMul/tooltip;%s bonus <color=@currencyWpColor>€</color> with this vehicle.
bonus/expitemAircraftMul/group/tooltip;Up to %s bonus to the research points for vehicles of this group.
bonus/wpitemAircraftMul/group/tooltip;Up to %s bonus <color=@currencyWpColor>€</color> for vehicles of this group.
bonus/expitemLogMul/tooltip;%s bonus to the research points for the first victory with vehicles of this country.
bonus/expcountryMul/tooltip;%s bonus to the research points for the first victory with vehicles of this country.
bonus/wpitemLogMul/tooltip;%s bonus <color=@currencyWpColor>€</color> for the first victory with vehicles of this country.
bonus/wpcountryMul/tooltip;%s bonus <color=@currencyWpColor>€</color> for the first victory with vehicles of this country.
mainmenu/btnUploadFacebookScreenshot;Share Results
mainmenu/btnClanCard;Gamer Squadron
mainmenu/facebookShareLimit;You can upload no more than %d screenshots per day
msgbox/req_tutorial_for_hist;"""Realistic Battles"" is a mode for experienced players. There are no respawns in this mode, and vehicle controls are more like real-world controls."
msgbox/req_tutorial_for_real;"""Simulator Battles"" is a mode for veteran players. There are no Mouse Aim controls here: from the very start, the ""mouse joystick"" control type is used. Third-person view is unavailable, flight physics when flying aircraft are more realistic, and all players' planes start on an airfield with their engines switched off. We highly recommend using a joystick for this mode."
msgbox/tutorial_controls_type_locked;"You cannot change your control type during the tutorial mission.
If you want to play the tutorial mission with another control type, please return to the hangar, change the control type in the Options menu, and start the mission again."
contacts/s;Steam friends
contacts/f;Facebook friends
contacts/clan;Squadron
weaponry/research;Research
shop/multiplePurchaseHeader;Multiple purchase
weaponry/descreaseValue;Decrease value
weaponry/increaseValue;Increase value
shop/setMaxValue;Set maximum available value
mainmenu/earn;Earn
mainmenu/notEarnedPremiumReward;Not earned Premium reward for today's battles.
mainmenu/btnEarnNow;Premium reward for today's battles! Earn %s now!
msgbox/EarnNow;"Purchase a(n) <color=@userlogColoredText>%s</color> and you'll get a premium reward for all of today's battles:
<color=@activeTextColor>%s</color>
This will cost you %s

This bonus can only be received in case of purchase in the battle results menu"
userlog/PremiumAwardForDay;You have received a bonus for purchasing a Premium Account in the battle results menu
userlog/PremiumAwardForDayDesc;Your bonus is: 
weaponry/unlockTier/countsBlock/startText;This is your progress towards the next tier. It shows how many of the required modifications you have researched.
weaponry/unlockTier/tooltip;You need <color=@badTextColor>{amount}</color> more modifications in previous tier to gain access to <color=@userlogColoredText>{tier}</color> tier.
weaponry/unlockModTierReq;To gain access to the <color=@userlogColoredText>{tier}</color> tier, you need to research <color=@badTextColor>{amount}</color> more modifications on the previous tier.
weaponry/weaponsUpgradeInstalled;Weapon modifications installed ({current}/{total}):
controls/no_ammo_left_warning;"Not enough ammunition. Reloading during battle is impossible when your ammunition is depleted.
You can purchase ammunition in the Hangar, in the Weapons area."
msgbox/zero_ammo_warning;You cannot take part in a combat operation without ammo.
msgbox/all_planes_zero_ammo_warning;None of your vehicles has a sufficient amount of ammo.
buy_unsufficient_ammo;Purchase necessary ammo for %s?
shop/reference_footnote;<color=@fadedTextColor>* - this characteristic relates to the reference model</color>
shop/timed_award_hint;{note_symbol} - used only in missions with the specified reward system
shop/all_info_relevant_to_current_game_mode;Information is relevant to
shop/showing_unit_state/basic;Basic vehicle modification.
shop/showing_unit_state/reference;Reference vehicle modification.
shop/showing_unit_state/current;Current vehicle modification.
shop/showing_unit_state/current_crew;Current vehicle modification with the crew.
weaponry/action_not_allowed;"The following action is not allowed:
%s"
weaponry/require_mod_install;"Not all required modifications have been installed.
Required modifications: {modNames}
Would you like to install them?"
weaponry/unit_not_bought;Vehicle is not purchased
weaponry/unlockModsReq;Not all required modifications have been purchased
mainmenu/pastBattleAchieve;This reward was won in a previous battle
weaponry/unlockTier/reqPrevTiers;To gain access to this tier you need to unlock all previous ones.
mainmenu/webui_map;Open map in browser
mainmenu/update_avail_popup_title;New client update available
mainmenu/update_avail_popup_text;To install this update you need to restart the game client.
weaponry/enoughAmount;You have already purchased the maximum amount
weaponry/modsEffectsNotification;* these specs are calculated for current vehicle and can differ depending on installed modifications
weaponry/module_set_research;Modification research started
weaponry/module_set_research_failed;Failure occured. Modification research cannot be started
mainmenu/spendExcessExp;Spend
mainmenu/crewLockLeftTable;Time left until crew return
mainmenu/crewLockLeft;Crew will be on a mission for
mainmenu/btn_crew_unlock;Unlock Crew for
msgbox/question_crew_unlock;Would you like to unlock the crew for
mainmenu/multiplePuchDesc;
mainmenu/events;Events
mainmenu/tournaments;Tournaments
tournaments/battle_aviation;Aviation
tournaments/battle_army;Army
tournaments/battle_mix;Mixed
mainmenu/events/eventlist_btn;Events
mainmenu/events/eventlist_btn_no_active_events;Future Events
mainmenu/btnAirAction;Action
mainmenu/btnAirGroupOpen;Expand
mainmenu/btnExpand;Expand
mainmenu/btnCollapse;Collapse
mainmenu/btnMore;More
mainmenu/btnLess;Less
msgbox/noEntitlement/PremiumAccount;You need a Premium Account for using this feature. Would you like to subscribe now?
dynamic/requireForUnlock;To gain access to this campaign, you need to fulfill one of the requirements
dynamic/requireForUnlockCountry;To make this nation available for the campaign, you must fulfill the requirements
mainmenu/campaignDownloading;Historical Campaign has not been downloaded yet. Please wait until download is completed.
mainmenu/availableInFullVersion;Available only in full version.
msg/builderOnlyForAircrafts;Mission Editor is available only for aircraft.
inQueueList/header;You are in the queue:
single_mission/available_for_coop;Cooperative mode is available
mainmenu/btnResearch;Research
mainmenu/needResearch;You need to research this vehicle before you can purchase it.
mainmenu/needResearch/researching;Vehicle is in research. You need to finish the research to purchase it.
mainmenu/needPreviousUnitElite;You need to get Elite I for previous vehicle before you can research this one.
shop/tier/unitsBought;Units purchased
shop/unlockTier/locked;Rank {rank} is locked.
shop/unlockTier/progress;Rank {rank} unlock progress
shop/unlockTier/desc;To open rank {rank}, you have to purchase at least {amount} vehicles of rank {prevRank}, and also all previous ranks must be unlocked.
shop/unlockTier/reqBoughtUnitsPrevRank;You need to purchase {amount} more vehicles of rank {prevRank}.
shop/in_research;In research
shop/prevUnitEfficiencyResearch;Efficient progress from <color=@userlogColoredText>%s</color>
shop/search/hint;Enter a vehicle name.
shop/search/local/found;Found {count} on this tab.
shop/search/local/notFound;Not found on this tab.
shop/search/global/found;Press Enter to see all {count}.
shop/search/global/notFound;Nothing found.
shop/search/cancel;Press Esc to cancel.
shop/search/everywhere;Search everywhere
shop/search/results;Search results
shop/futureReqAir/desc;"The new {futureReqAir} vehicle is not required in order to research and purchase the next vehicle, a future connection is shown between them.
After {date} this connection will become permanent, and {futureReqAir}, not {reqAir}, will be required in order to research and purchase {curAir}."
shop/futureReqAir/desc/withoutReqAir;"The new {futureReqAir} vehicle is not required in order to research and purchase the next vehicle, a future connection is shown between them.
After {date} this connection will become permanent, and {futureReqAir} will be required in order to research and purchase {curAir}."
shop/futureReqAir/desc/willBeRemoved;"The new {futureReqAir} vehicle is not required in order to research and purchase the next vehicle.
After {date}, {curAir} will be hidden in the research tree and will no longer be available for research and purchase."
mainmenu/completed;Completed
mainmenu/newResearch/title;Your research has been completed
mainmenu/nextResearch/title;Choose your new research
msgbox/need_unlock_prev_unit/research;To research this vehicle model, you have to research the previous model {name}.
msgbox/need_unlock_prev_unit/researchAndPurchase;To purchase this vehicle model, you have to research and purchase the previous model {name}.
msgbox/need_unlock_prev_unit/purchase;To purchase this vehicle model, you have to purchase the previous model {name}.
msgbox/need_unlock_prev_unit/purchase/ask;Would you like to purchase the previous vehicle model {name}? It will cost you: {price}.
msgbox/question_repair;"Would you like to repair your {unitName}?
It will cost you: {cost}"
msgbox/close_research_wnd_message;"If you close the research window, {exp} will be invested in {unitName}.
Are you sure you want to close the window?"
mainmenu/nextResearch/noModifications;No modifications available for research.
mainmenu/nextResearch/noUnits;No vehicles available for research.
mainmenu/nextResearch/canChangeLater/modification;You can change your decision later in weapory window.
mainmenu/nextResearch/changeChoosedModificationLater;You can change your decision later in weapory window.
mainmenu/nextResearch/canChangeLater/unit;You can change your decision later in research window.
mainmenu/nextResearch/changeChoosedUnitLater;You can change your decision later in research window.
mainmenu/nextResearch/eliteUnit;Everything that is available for this vehicle model has been researched.
msgbox/no_rp;You don't have enough convertible RP for conversion. When you earn RP in game, you earn convertible RP as well.
msgbox/nothing_research;There is no vehicle model of chosen country in research now.
msgbox/conversion_success;Conversion completed successfully.
msgbox/all_researched_items_bought;All researched items are purchased.
msgbox/cant_buy_any_researched_item;The rest cannot be purchased here.
multi_purchase/everything_will_be_bought_except/list;Everything will be purchased, except
multi_purchase/those_items_wont_be_bought/list;These items won't be purchased
msgbox/item_bought;Selected item has been purchased already.
msgbox/approvingModsEnded;Available researches successfully set.
msgbox/noItemsForResearch;Changes have not been made. No researches available.
mainmenu/changeResearch;Change research
mainmenu/availableFreeExpForNewResearch;Available %s.
mainmenu/startToResearch;Start the research
msg/have_completed_research;Congratulations! You have completed your research!
msg/have_completed_researches;Congratulations! You have completed your researches!
msg/full_mod_tier_researched_header;You have researched all modifications in the tier!
msg/full_mod_tier_researched;You have researched all modifications in tier {tier} for {unitName}.
modifications/finishResearch;"Congratulations! You have researched ""{modName}""."
modifications/full_tier_researched/header;You have researched all modifications in the tier!
modifications/full_unit_researched/header;You have researched all modifications!
modifications/full_tier_researched;You have researched all modifications in tier <color=@activeTextColor><B>{tier}</B></color> for <color=@userlogColoredText>{unitName}</color>.
modifications/full_unit_researched;You have researched all modifications for <color=@userlogColoredText>{unitName}</color>.
ps4/reqInstantConnection;This game requires constant Internet connection.
ps4/noInternetConnection;You cannot play War Thunder due to the lack of Internet connection.
mainmenu/experience/oldName;XP
profile/units_own;Total vehicles
profile/elite_units_own;Spaded vehicles
profile/medal_own;Medals granted
unit/bulletsIncrease;Increase number
unit/bulletsDecrease;Decrease number
msgbox/buy_all_researched_modifications;"You have unpurchased modifications for {unitsList}.
Would you like to purchase them for {cost}?"
msgBox/unitNecessaryForSlot;For crew training, you need to put the vehicle in the slot.
msgbox/all_researched_modifications_bought;All modifications have been successfully purchased
mainmenu/btnPsnFriends;Add Friend
cbt_tanks/forbidden/compatibility_mode;Please open Advanced settings in Launcher, and disable 'Old videocards support' option.
cbt_tanks/forbidden/instant_action;Ground vehicles are not yet supported in Random Battles mode. Please remove all ground vehicles from selected country's crew slots.
cbt_tanks/forbidden/skirmish;Ground vehicles are not yet supported in Custom Battles mode. Please remove all ground vehicles from selected country's crew slots.
cbt_tanks/forbidden/tank_access;Please remove all ground vehicles from all your crew slots.
cbt_tanks/forbidden/squad_membership;To create or join a squad, please remove all ground vehicles from all your crew slots.
cbt_tanks/forbidden/squad_crew_tank;While in a squad, you can't use ground vehicles.
cbt_tanks/forbidden/action;In order to perform this action, please remove all ground vehicles from all your crew slots.
cbt_tanks/supported_game_modes;Ground vehicles are only supported in Tank Events at the moment.
cbt_tanks/temporary_restriction;This is a temporary restriction due to the Ground Forces Beta Test.
cbt_tanks/temporary_restriction_release;This is a temporary restriction due to the Ground Forces development.
low_quality_model_in_hangar;Model with reduced textures.
btn/load_high_quality_models;Load Full Client
cbt_tanks/suggest_download_tanks_package;Restart the game to download full client.
advert_addition/tanksNerf;
msgbox/tanksRestrictFromSpendGold;Operations involving Golden Eagles are unavailable for tanks at the moment.
msgbox/unitTypeRestrictFromSpendGold;Operations involving Golden Eagles are unavailable for this unit type at the moment.
char/no_connection;Failed to connect to server. Please try again later.
msgbox/add_to_squad_after_fight;You cannot join the squad during the battle. After the battle is finished, you will join the squad automatically.
project_awards/gamescom2013/award;Best simulation game
project_awards/gamescom2013;– Gamescom 2013
project_awards/kri2013/award1;Best game
project_awards/kri2013/award2;Best developer
project_awards/kri2013/award3;Best technology
project_awards/kri2013/award4;Best sound design
project_awards/kri2013;– KRI Conference 2013
project_awards/gmbox2013/award;Best online game
project_awards/gmbox2013;– Gmbox (Igromir Expo 2013)
project_awards/gameguru2013/award;Best game for consoles
project_awards/gameguru2013;– GameGuru (Igromir Expo 2013)
project_awards/gamestar2014/award1;Gold award
project_awards/gamestar2014/award2;For quality in multiplayer
project_awards/gamestar2014;– GameStar (2014/01)
mainmenu/switchToAdvancedControls;Advanced controls
mainmenu/switchToSimplifiedControls;Simplified controls
missions/no_missions_msgbox;There are no missions of selected type
missions/user_missions/about;You can download User missions created by other players, and put them in UserMissions folder in game root folder.
missions/user_missions/getOnline;User missions on Live community center
userlog/ClanRewardForRating;You have been rewarded for high duel rating of your squadron.
userlog/ClanRewardForRating1000;You have been rewarded for achieving 1000 rating points.
userlog/ClanRewardRatingReached;The rating value of your squadron has reached <color=@userlogColoredText>{rating}</color>.
userlog/ClanSeasonRewardPlace1;Your squadron took <color=@userlogColoredText>1st</color> place in last season of squadron battles.
userlog/ClanSeasonRewardPlace2;Your squadron took <color=@userlogColoredText>2nd</color> place in last season of squadron battles.
userlog/ClanSeasonRewardPlace3;Your squadron took <color=@userlogColoredText>3rd</color> place in last season of squadron battles.
userlog/ClanSeasonRewardPlaceN;Your squadron took <color=@userlogColoredText>{place}th</color> place in last season of squadron battles.
userLog/clanDuelRewardRank;Rank:
userLog/clanDuelRewardClanPlace;Place:
userLog/clanDuelRewardPlace;Your position in the squadron:
userLog/clanDuelRewardEqualClanPlaces;Other squadrons having equal rating:
userLog/clanDuelRewardEqualPlaces;Other squadron members having equal rating:
userLog/clanDuelRewardClanRating;Squadron rating:
userLog/clanDuelRewardRating;Your duel rating:
encyclopedia/no_unit_description;Description will be ready soon.
profile/wiki_link;See wiki.warthunder.com for more detailed description
profile/wiki_matchmaking;Learn more about Battle Rating (BR)
mainmenu/server;Server
mainmenu/graphics_card_does_not_support_tank;You graphics card does not support tank battles.
mainmenu/askWizardForUnitType;For which unit type you want to configure your controls?
options/color_picker_hue_ally;Ally nameplates color
options/color_picker_hue_enemy;Enemy nameplates color
options/color_picker_hue_squad;Squad nameplates color
options/color_picker_hue_spectator_ally;Team A nameplates color in spectator mode
options/color_picker_hue_spectator_enemy;Team B nameplates color in spectator mode
options/color_picker_hue_reload;Overheat/reloading indicator color #1
options/color_picker_hue_reload_done;Overheat/reloading indicator color #2
options/strobe_ally;Strobe of ally nameplates (for monochromats)
options/strobe_enemy;Strobe of enemy nameplates (for monochromats)
options/color_picker_hue_arbiter_hud;Arbiter nameplates color
options/one_smooth_flash;One smooth flash
options/two_smooth_flashes;Two smooth flashes
options/two_sharp_flashes;Two sharp flashes
guiHints/chooseUnitsType;Unit type
guiHints/chooseUnitsOther;Special
options/tank_alt_crosshair;Use alternative sight grid
options/chooseUnitsType/aircraft;Aircraft
options/chooseUnitsType/tank;Tanks
options/chooseUnitsType/ship;Ships
options/chooseUnitsType/boat;Boats
options/chooseUnitsType/helicopter;Helicopters
options/chooseUnitsOther/studied;Mastered crew
options/chooseUnitsOther/unstudied;Not mastered crew
options/chooseUnitsShowUnsupported/show_unsupported;Show unsupported for: {gameModeName}
options/chooseUnitsNotInCustomList/show_unsupported;Show unsupported for: {customListName}
mainmenu/btnViewDamageModel;Inspect Armor
mainmenu/viewDamageModel/tooltip;"Armor viewing mode (on/off)
In this mode place the mouse pointer over the vehicle to inspect the armor."
mainmenu/viewDamageModel/tooltip_armor;"Armor viewing mode
In this mode place the mouse pointer over the vehicle to inspect the armor."
mainmenu/viewDamageModel/tooltip_xray;"Enable ""X-ray"" viewing mode."
mainmenu/viewDamageModel/tooltip_none;Disable viewing mode.
mainmenu/btn_dm_viewer_none;Off
mainmenu/btn_dm_viewer_armor;Show Armor
mainmenu/btn_dm_viewer_xray;"Show ""X-Ray"""
mainmenu/listbox_dm_viewer_none;Off
mainmenu/listbox_dm_viewer_armor;Armor
mainmenu/listbox_dm_viewer_xray;X-Ray
dm_viewer/tutor/armor;"Click on the ""Armor"" tab to view the ship's defenses."
dm_viewer/tutor/xray;"Click on the ""X-Ray"" tab to view the ship's structure and vulnerabilities."
tutor/weapons/step1;Select ammunition and secondary weapons.
tutor/weapons/step2;Choose the type and amount of ammunition you will take into battle.
tutor/weapons/step3;Select a combination of secondary weapons or choose to have none.
mainmenu/btnDetailedInfo;Detailed Info
mainmenu/btnShowDamaged;Show damaged model
mainmenu/btnProtectionAnalysis;Protection Analysis
mainmenu/btnShowExternalDmParts;Show external armor
mainmenu/btnShowExtendedHints;Extended module description
mainmenu/threat;Threat
mainmenu/shell;Shell
protection_analysis/shell;Shell
protection_analysis/result/not_penetrated;Penetration not possible
protection_analysis/result/ineffective;No damage of critical vehicle parts
protection_analysis/result/ricochet;Ricochet
protection_analysis/result/possible_effective;Penetration possibility is low
protection_analysis/result/effective;Penetration is possible
protection_analysis/hint/armor;Equivalent protection against the specified ammo
protection_analysis/hint/ricochetProb;Probability of ricochet
protection_analysis/hint/parts/list;Possible damage
protection_analysis/hint/meetingAngle;Armor meeting angle: 
protection_analysis/hint/headingAngle;Heading angle
protection_analysis/btn_repair;Repair
protection_analysis/btn_allow_damage;Simulate damage
protection_analysis/btn_allow_cutting;Allow cutting
optic/zoom;Zoom
optic/fov;Sight FOV
msg/secondaryWeaponrequired;To use this gun you need to select it as Secondary weapon
msg/weaponSelectRequired;To use it, you need to select it as a weapon
available_countries;Available countries
filter_option/choose_units_filter_title;Filter options
filter_option/change_filter_options;change filter options
filter_option/return_to_units_list;return to units list
;
streaks/max_streak_amount;Best count in a row: <color=@activeTextColor>x%s</color>
streaks/rewarded_count;Rewarded {count} times.
mainmenu/sessionResults;Session results
trophy/defaultDesc;
mainmenu/finish;Finish
mainmenu/autoPurchaseMods;Autopurchase modifications
mainmenu/autoPurchaseMods/tooltip;Autopurchase of modifications, available for <color=@currencyWpColor>€</color>.
mainmenu/postponePurchase;Postpone the purchase
spectator/waiting_for_target_spawn;Waiting for the target to spawn...
spectator/player_connecting;Connecting
spectator/player_vehicle_lost;Vehicle lost
spectator/player_quit;Left the mission
msg/not_enought_warpoints_for_respawn;Not enough <color=@currencyWpColor>€</color> for respawn.
msgBox/repair_and_mods_purchase;"Your vehicle is broken. You cannot purchase modifications for broken vehicle.
Would you like to repair {unitName} and purchase all available modifications?
Cost: {cost}."
msgBox/repair_and_single_mod_purchase;"Your vehicle is broken. You cannot purchase modifications for broken vehicle.
Would you like to repair {unitName} and purchase {purchase}?
Cost: {cost}."
msgBox/dynamic_lut_suggestion/desc;New PostFX settings have been added to the game. Would you like to enable them?
help/clan;Your squadron info.
help/mainmenu;Options and controls.
help/profile;Personal statistics and awards.
help/currencies;The balance of the main (Silver Lions) and premium (Golden Eagles) game currencies. Here you can top it up.
help/social;The friend list and invites, the game chat, information notifications.
help/unitInfo;Info about the selected vehicle, its crew or favorite achievements.
airInfo/unitInfo;Information about the current vehicle.
help/dm_viewer;"Enable armor viewing mode or ""X-ray"" viewing mode."
help/battle_button;To go into battle with other players.
help/research;Opening and purchasing new vehicles.
help/my_crews;These are your crews in the selected country.
help/my_country;Switching the selected country.
help/autorepair;Enabling/disabling autorepair.
help/autoweapon;Enabling/disabling automatic replenishment of ammunition.
help/presets;"Vehicles presets for selected country. The ""Presets"" button allows you to create or modify them."
help/recent_items;A panel for quick access to items.
help/play_with_friends;A button for inviting friends to the squad.
help/premium;Premium account indicator (gold = active). Press to activate/extend it.
help/inventory;Inventory
help/game_mode_change_button;Game mode list. Press to expand it.
tutor/battleButton;"Press ""To Battle"" to start the game."
help/onlineShop;The shop of items and vehicles for various currencies, as well as the inventory and collections.
help/takeAircraft;"These are your crews.
Each crew can use one vehicle at the same time.
Choose a crew for {unitName}."
help/pressOnReady;"Then press ""Choose a crew"" for confirmation."
artillery_strike/allowed;You can call an artillery strike here.
artillery_strike/not_allowed;Select the point where you can call an artillery strike.
artillery_strike/not_ready;Artillery is reloading.
artillery_strike/crew_lost;Artillery crew was destroyed by the enemy.
artillery_strike/called_by_player;{player} called an artillery strike.
help/NEXT_ACTION;Press Left Mouse Button to continue.
help/NEXT_ACTION/gamepad_specific;Press A to continue.
mainmenu/newPresetName;New preset name
hints/tutorial_newbie/aircraft_aiming/leading;Lead angle indicator
hints/tutorial_newbie/aircraft_aiming/step1;To destroy a selected opponent, shoot for prediction.
hints/tutorial_newbie/aircraft_aiming/step2;To do this, align the crosshair with a leading marker of an enemy aircraft.
hints/tutorial_newbie/aircraft_aiming/step3;When the crosshair and the lead angle indicator line up, open the fire.
hints/tutorial_newbie/capture/tickets;Tickets of your team and the enemy team
hints/tutorial_newbie/capture/zones;"Number of capture zones and their status:
White - neutral zone,
Blue - captured by your team,
Red - captured by the enemy team."
hints/tutorial_newbie/ground_capture/zone_mark;Capture zone mark
hints/tutorial_newbie/ground_capture/zone_border;Capture zone area border
hints/tutorial_newbie/ground_capture/step1;To capture a strategic point, stand inside the outlined area and wait for a message about the successful capture.
hints/tutorial_newbie/airfield_capture/airfield;Airfield
hints/tutorial_newbie/airfield_capture/step1;To capture an airfield, land on it.
hints/tutorial_newbie/capture/strategy_a;When one team has captured more areas than the other, the other team starts to lose tickets.
hints/tutorial_newbie/capture/strategy_b;Each captured zone takes points from the enemy team.
hints/tutorial_newbie/capture/team_lose;When the team loses all tickets, it loses the battle.
hints/tutorial_newbie/ground_strike/step1;Destruction of enemy ground vehicles and bases reduces the tickets of the enemy team.
hints/tutorial_newbie/ground_strike/step2;Ground vehicles which destruction takes points from the enemy team are flashing yellow.
hints/tutorial_newbie/ground_strike/units_counters;Number of enemy and allied ground vehicles is shown in the bottom left corner.
hints/tutorial_newbie/ground_strike/base_mark;"Enemy base mark
It also shows the base damage stage."
hints/tutorial_newbie/ground_strike/step3;Bases can be destroyed by bombs.
hints/tutorial_newbie/ground_strike/step4;When all enemy bases are destroyed, it becomes possible to destroy the enemy airfield.
hints/tutorial_newbie/ground_strike/airfield_mark;Enemy airfield mark
hints/tutorial_newbie/ground_strike/step5;The airfield also can be destroyed by bombs.
hints/tutorial_newbie/ground_strike/step6;Destruction of the enemy airfield brings an automatic victory.
hints/tutorial_newbie/air_domination/air_capture_zone;Air capture zone has the shape of a cylinder, which area can be seen on the radar. It is also limited in height at the bottom and top.
hints/tutorial_newbie/air_domination/air_capture_zone/altitudes;In this mission, it is located between the altitudes {altitudeBottom} and {altitudeTop} meters.
hints/tutorial_newbie/air_domination/presence_mark;The fact that you currently are in the capture zone can be identified by the white corners on its mark.
hints/tutorial_newbie/air_domination/step1;The presence of enemy vehicles in the capture zone prevents the capture.
hints/tutorial_newbie/air_domination/step2;To capture a zone, you need to completely clear it of the presence of enemy vehicles and wait for a message about the successful capture staying within the zone.
hints/tutorial_newbie/naval/number_of_capture_zones;Number of capture zones and their status:
hints/tutorial_newbie/naval/captured_by_enemy;Captured by the enemy team
hints/tutorial_newbie/naval/captured_by_you;Captured by your team
hints/tutorial_newbie/naval/neutral_zone;Neutral zone
hints/tutorial_newbie/naval/zone_mark;Capture zone marking
hints/tutorial_newbie/naval/enter_inside_buoed_area;To capture a strategic point, enter a buoyed area and wait for a successful capture message
hints/tutorial_newbie/naval/zone_marks_by_buoys;Capture zone border is marked with buoys
items/shop;Item Shop
items/inventory;Inventory
items/workshop;Workshop
items/chronicle;WW2 Chronicles
items/workshop/exchangeables;Exchange items
items/workshop/craft_tree/efficiency;Production efficiency
items/extxboxshop;Microsoft Store
items/workshop/fifa_2018_Exchangeables;Soccer ball Exchange
items/workshop/t34e_craft;Assembling the T-34E
items/workshop/is7_craft;Assembling the IS-7
items/workshop/summer2018_exchange;"Exchange items — ""Operation S.U.M.M.E.R."""
workshop/craft_event_2019_spring;Airbase (repairing the I-180S)
workshop/craft_event_2019_spring_exchange;Headquarters (trade items)
workshop/worldwar_exchange;World War (trade items)
workshop/summer_2019_exchange;Operation H.E.A.T. (trade items)
workshop/summer_2020_exchange;"Exchange items — ""Operation S.U.M.M.E.R. 2020"""
workshop/winter_2021_exchange;"Exchange items — ""Operation W.I.N.T.E.R."""
workshop/tank_biathlon_exchange;Biathlon (trade items)
mainmenu/btnToWorkshop;To Workshop
mainmenu/btnTournamentsTSS;War Thunder League
itemTypes/trophy;Battle trophies
itemTypes/booster;Boosters
itemTypes/discount;Discounts
itemTypes/wagers;Wagers
itemTypes/tickets;Tickets
itemTypes/devItems;Dev items
itemTypes/orders;Orders
itemTypes/universalSpare;Universal backups
itemTypes/vehicles;Vehicles
itemTypes/skins;Skins
itemTypes/decals;Decals
itemTypes/keys;Keys
itemTypes/chests;Chests
itemTypes/xboxGameContent;Vehicle Packs
itemTypes/xboxGameConsumation;Golden Eagles
itemTypes/epicGameContent;Vehicle Packs
itemTypes/epicGameGold;Golden Eagles
itemTypes/aerobatic_smoke;Aerobatic smokes
itemTypes/profile_icons;Profile icons
item/activate;Activate
item/open;Open
item/description/inInvetory;The item is placed in inventory
boostEffect/group;all allies
item/unknown;Unknown item type
item/disguised;Unknown item
item/ticket;Ticket for the tournament {name}
item/ticket/reduced;Ticket for the tournament
item/ticket/multipleEvents;Ticket for several tournaments
item/trophy;Battle trophy
item/order;Order
item/universalSpare;Universal backup
item/rateBooster;Booster
item/missionOrder;Battle order
item/tournamentTicket;Tournament ticket
item/wager;Wager
item/wager/endedWager/main;Wager completed.
item/wager/endedWager/rewardPart;Reward: <color=@unlockActiveColor>{wagerRewardText}</color>
item/personalDiscount;Personal discount
item/coupon;Coupon
item/chest;Chest
item/key;Key
item/craft_part;Component
item/craft_part/typeDesc;Can be used to create other items
item/coupon_modify;Coupon Upgrade
item;Item
coupon/name;"Coupon ""{name}"""
coupon/for;Exchange coupon for:
coupon/for/vehicle;Exchange coupon for a vehicle:
coupon/for/skin;Exchange coupon for a camouflage:
coupon/for/decal;Exchange coupon for a decal:
coupon/for/attachable;Exchange coupon for a decorator:
msgbox/find_on_marketplace;"Find ""{itemName}"" on Marketplace?"
help/finishedModification;"Congratulations! You have researched the modification <color=@userlogColoredText>{modName}</color>.
Now you can purchase it."
help/OBJ_CLICK;Press Left Mouse Button on it.
help/OBJ_CLICK/gamepad_specific;Press A to continue.
help/newModification;"Choose your new modification for research now.
<color=@userlogColoredText>{modName}</color> for example.
You could change choice after tutorial is finished."
help/FreeExp;If you will have free experience points, they will be automatically transfered to chosen research.
text/new_amount;(New {amount})
text/new;(New)
items/expired;Expired
items/getReward;Get Reward
items/getRewardShort;Get Reward
items/ifYouHaveAllItemsAbove;If you have all of the above items on your account:
EveryDayLoginAward/name;Daily Reward
EveryDayLoginAward/progressBar/tooltip;Passed weeks in a row: {weeks}.
EveryDayLoginAward/periodAward;Special Award for every {period} days
item/effect/from_to;from {min} to {max}
item/every_day_award_trophy_tiny;Small trophy
item/every_day_award_trophy_small;Medium trophy
item/every_day_award_trophy_small/shortTypeDesc;Each next medium trophy has a slightly better chance to get more valuable items than previous one. With reset to normal chances each two weeks
item/every_day_award_trophy_small1;Medium trophy
item/every_day_award_trophy_small1/shortTypeDesc;Each next medium trophy has a slightly better chance to get more valuable items than previous one. With reset to normal chances each two weeks
item/every_day_award_trophy_small2;Medium trophy
item/every_day_award_trophy_small2/shortTypeDesc;Each next medium trophy has a slightly better chance to get more valuable items than previous one. With reset to normal chances each two weeks
item/every_day_award_trophy_small3;Medium trophy
item/every_day_award_trophy_small3/shortTypeDesc;Each next medium trophy has a slightly better chance to get more valuable items than previous one. With reset to normal chances each two weeks
item/every_day_award_trophy_small4;Medium trophy
item/every_day_award_trophy_small4/shortTypeDesc;Each next medium trophy has a slightly better chance to get more valuable items than previous one. With reset to normal chances each two weeks
item/every_day_award_trophy_small5;Medium trophy
item/every_day_award_trophy_small5/shortTypeDesc;Each next medium trophy has a slightly better chance to get more valuable items than previous one. With reset to normal chances each two weeks
item/every_day_award_trophy_small6;Medium trophy
item/every_day_award_trophy_small6/shortTypeDesc;Each next medium trophy has a slightly better chance to get more valuable items than previous one. With reset to normal chances each two weeks
item/every_day_award_trophy_small7;Medium trophy
item/every_day_award_trophy_small7/shortTypeDesc;Each next medium trophy has a slightly better chance to get more valuable items than previous one. With reset to normal chances each two weeks
item/every_day_award_trophy_small8;Medium trophy
item/every_day_award_trophy_small8/shortTypeDesc;Each next medium trophy has a slightly better chance to get more valuable items than previous one. With reset to normal chances each two weeks
item/every_day_award_trophy_small9;Medium trophy
item/every_day_award_trophy_small9/shortTypeDesc;Each next medium trophy has a slightly better chance to get more valuable items than previous one. With reset to normal chances each two weeks
item/every_day_award_trophy_small10;Medium trophy
item/every_day_award_trophy_small10/shortTypeDesc;Each next medium trophy has a slightly better chance to get more valuable items than previous one. With reset to normal chances each two weeks
item/every_day_award_trophy_small11;Medium trophy
item/every_day_award_trophy_small11/shortTypeDesc;Each next medium trophy has a slightly better chance to get more valuable items than previous one. With reset to normal chances each two weeks
item/every_day_award_trophy_big;Big trophy
item/every_day_award_trophy_big/shortTypeDesc;Get best Boosters and Wagers!
item/every_day_award_trophy_super;Huge trophy
item/every_day_award_trophy_super/shortTypeDesc;Chances of getting 100<color=@currencyGoldColor>¤</color> and a premium vehicle!
item/main_pve_trophy;Assault trophy
item/main_pve_trophy_stage_1;Assault trophy small
item/main_pve_trophy_stage_2;Assault trophy medium
item/main_pve_trophy_stage_3;Assault trophy big
item/main_pve_trophy_stage_4;Assault trophy huge
item/main_pve_trophy_stage_5;Victory Assault trophy
item/main_pve_trophy_stage_5_backup;Victory Assault trophy (Booster 300% + Universal backup)
item/login_100_days_in_row_trophy;"Trophy ""Veteran. 100 days"""
item/login_365_days_in_row_trophy;"Trophy ""Veteran. 1 year"""
item/login_730_days_in_row_trophy;"Trophy ""Veteran. 2 years"""
item/login_1095_days_in_row_trophy;"Trophy ""Veteran. 3 years"""
item/login_1825_days_in_row_trophy;"Trophy ""Veteran. 5 years"""
item/trophy_strike_witches;"""Strike Witches"" collaboration limited special trophy"
trophy/purchase_gift_prem_once_description;Thank you for purchasing a premium vehicle! We are giving you 10 back-ups for more combat experience.
item/purchase_gift_prem_once;First premium vehicle purchase gift!
item/purchase_gift_air;Vehicle purchase gift!
item/purchase_gift_tank;Vehicle purchase gift!
item/booster_trophy_shop;Different boosters
item/booster_trophy_shop_wp;Random booster (from 10%€ to 500%€)
item/booster_trophy_shop_rp;Random booster (from 10%<color=@currencyRpColor>▉</color> to 500%<color=@currencyRpColor>▉</color>)
item/booster_trophy_group_small_wp;Random group booster 10%€
item/booster_trophy_group_small_rp;Random group booster 10%<color=@currencyRpColor>▉</color>
item/booster_trophy_personal_small_wp;Random booster (from 10%€ to 30%€)
item/booster_trophy_personal_small_rp;Random booster (from 10%<color=@currencyRpColor>▉</color> to 30%<color=@currencyRpColor>▉</color>)
item/booster_trophy_group_wp;Random group booster 10%€
item/booster_trophy_group_rp;Random group booster 10%<color=@currencyRpColor>▉</color>
item/booster_trophy_personal_wp;Random booster (from 10%€ to 500%€)
item/booster_trophy_personal_rp;Random booster (from 10%<color=@currencyRpColor>▉</color> to 500%<color=@currencyRpColor>▉</color>)
item/booster_trophy_personal_common_large_wp;Random booster (from 150%€ to 500%€)
item/booster_trophy_personal_common_large_rp;Random booster (from 150%<color=@currencyRpColor>▉</color> to 500%<color=@currencyRpColor>▉</color>)
item/booster_shop_name;Premium booster
item/wager_trophy_shop;Different wagers
item/wager_trophy_large;Random wager
item/wagerGold_20win_3fail;Officer Golden Battles Wager
item/wagerGold_20win_3fail/shortTypeDesc;Get your own Golden Battles event and win up to 1000<color=@currencyGoldColor>¤</color>!
item/wagerGold_10win_3fail;Rookie Golden Battles Wager
item/wagerGold_10win_3fail/shortTypeDesc;Get your own Golden Battles event and win up to 500<color=@currencyGoldColor>¤</color>!
item/wagerGold_25win_3fail;Commander Golden Battles Wager
item/wagerGold_25win_3fail/shortTypeDesc;Get your own Golden Battles event and win up to 1500<color=@currencyGoldColor>¤</color>!
item/wagerGold_12win_3fail;Collector Golden Battles Wager
item/wagerGold_12win_3fail/shortTypeDesc;Get your own Golden Battles event and win up to 1000<color=@currencyGoldColor>¤</color>!
item/wager_10win_3fail_everyDayAward;Battle victory wager
item/wager_3win5kills_3fail_everyDayAward;Destroy 5 units wager
item/wager_10win10kills_10fail_everyDayAward;Destroy 10 units wager
item/wager_10winMission_maker_3fail_everyDayAward;Mission Maker wager
item/wager_10winHeroic_fighter_3fail_everyDayAward;Hero of the Sky wager
item/wager_10winTank_best_antiAircraft_3fail_everyDayAward;Wing Breaker wager
item/wager_10winHeroic_bomber_3fail_everyDayAward;Thunderer wager
item/wager_10winHeroic_wingman_3fail_everyDayAward;Wingman wager
item/wager_10winSquad_best_3fail_everyDayAward;The Best Squad wager
item/wager_10stages_heroicStreak_expiring;"""Unstoppable"" wager"
item/test_overdrive_usa_air_r13;Test Modification Overdrive
item/modOverdrive;Pre-battle Preparation
item/modOverdrive/shortTypeDesc;Increases the efficiency of the installed modifications listed in the item description for all vehicles for one battle. The effect of several activated items is not summed up, but is prolonged by the appropriate number of subsequent battles. The resulting effect can be seen in the unit modifications window.
item/modUpgrade;Modification Upgrade
item/modUpgrade/shortTypeDesc;Allows you to permamently improve the purchased modification for the chosen vehicle. Upon activation, it cannot be deinstalled and used for another vehicle.
item/modUpgrade/activateInModifications;You can activate it in the modification window.
mainmenu/btnUpgrade;Upgrade
msg/noUpgradeItemsForMod;You do not have upgrades for the chosen modification.
mainmenu/marketplace;Marketplace
item/marketable/yes;This {name} can be sold on Marketplace
item/marketable/afterTime;This {name} will become available for sale on Marketplace in {time}
item/marketable/no;This {name} can't be sold on Marketplace
item/consume;Consume
item/consume/several;Consume several
item/consume/coupon;Consume coupon
item/buyAndConsume;Purchase and consume
item/consume/additionalRewardUnlock/progressOfConsume;Consumed
item/consume/additionalRewardUnlock/desc;Consume {itemName} to get additional rewards
item/assemble;Assemble
item/cant_consume_yet;You cannot consume this item yet.
item/assemble/instant;Assemble instantly
item/disassemble;Disassemble
item/modify;Modify
item/makeTradable;Make tradable
item/consume/again;Consume again
item/consume/several/again;Consume again {count} {count=time/times}
item/assemble/again;Assemble again
item/disassemble/again;Disassemble again
item/recipes;Recipes
item/recipes/markFake;Mark as incorrect
item/recipes/unmarkFake;Unmark
item/recipes/markDesc/fake;This is a incorrect recipe
item/recipes/markDesc/true;This is a true recipe
item/recipes/markDesc/fakeByUser;Marked as incorrect
item/recipes/markTooltip/fake;This is an incorrect recipe - you cannot collect the selected item from it
item/recipes/markTooltip/true;This is a true recipe - on use it you can collect the selected item
item/recipes/markTooltip/fakeByUser;You marked this recipe as incorrect, but still do not know if it is possible to collect the selected item
item/sell;Sell
item/goToItem;Go to item
msgbox/btn_find_on_marketplace;Find on Marketplace
items/craft_process/countdown;Assembly will be finished in {timeleft}
items/craft_process/countdown/disassemble;Disassembly will be finished in {timeleft}
items/craft_process/finished;Finished
items/craft_process/finish;Finish
items/craft_process/using;Items used in the assembly:
item/craft_process/cancel;Сancel
item/rarity1;Common
item/rarity2;Uncommon
item/rarity3;Rare
item/rarity4;Ultra Rare
item/reached_max_amount;You already have the maximum number of these items.
item/vehicle_already_bought;The vehicle from this trophy is already on your account!
userlog/coupon_exchanged/short;You have exchanged
mainmenu/chestConsumed/title;You have opened the chest
mainmenu/itemConsumed/title;You have consumed the item
mainmenu/itemCreated/title;You have created the item
mainmenu/itemDisassembled/title;You have disassembled the item
mainmenu/itemAssembled/title;You have assembled the item
mainmenu/madeTradable/title;You have made the coupon tradable
mainmenu/craftCanceled/title;You have canceled the assembly. Items returned
mainmenu/craftCanceled/title/disassemble;You have canceled the disassembly.
mainmenu/craftFinished/title/true;The assembly was successful. You've found the true recipe
mainmenu/craftFinished/title/fake;The recipe was wrong. Items returned
chest/requires/item;To open the chest, you need:
chest/requires/any_of_items;To open the chest, you need any of the following items:
chest/requires/items_set;To open the chest, you need the following item set:
chest/requires/any_of_item_sets;To open the chest, you need any of the following item sets:
key/requires/item;To use the key, you need:
key/requires/any_of_items;To use the key, you need any of the following items:
key/requires/items_set;To use the key, you need the following item set:
key/requires/any_of_item_sets;To use the key, you need any of the following item sets:
item/requires/item;To create the item, you need:
item/requires/any_of_items;To create the item, you need any of the following items:
item/requires/items_set;To create the item, you need the following item set:
item/requires/any_of_item_sets;To create the item, you need any of the following item sets:
item/requires/makeTradable/item;To make the coupon tradable, you need:
item/requires/disassemble/item;To disassemble the item, you need:
item/requires/disassemble/any_of_items;To disassemble the item, you need any of the following items:
item/requires/disassemble/items_set;To disassemble the item, you need the following item set:
item/requires/disassemble/any_of_item_sets;To disassemble the item, you need any of the following item sets:
item/create_recipes;The item can be created by one of the {countColored} recipes. {createTime}Recipe example:
item/try_create_recipes;You can try to create the item according to one of the {countColored} recipes. Find the right one among them. {createTime}Recipe example:
item/create_header;Choose a recipe for creating the item {itemName}:
item/create_header/findTrue;Find the true recipe for assembling the item {itemName}:
item/disassemble_recipes;You can disassemble one of the {countColored} items. One of the available items:
item/disassemble_recipes/single;You can disassemble the item:
item/disassemble_header;Disassemble {name}
msgBox/disassembleItem/cant;You cannot disassemble this item yet.
msgBox/disassembleItem/confirm;Are you sure you want to disassemble the item?
msgBox/disassembleItem/time;Disassembly time: {time}
msgBox/disassembleItem/confirmWhithItemName;"Are you sure you want to disassemble the item
{itemName}?"
msgBox/chestOpen/confirm;"Are you sure you want to open the chest
{itemName}?"
msgBox/chestOpen/several/confirm;"Are you sure you want to open the chests
{itemName}?"
msgBox/chestOpen/cant;You cannot open this chest yet.
msgBox/extra_items_will_be_spent;In this case, additional items will be spent:
msgBox/assembleItem/confirm;"Are you sure you want to assemble
{itemName}?"
msgBox/makeTradable/confirm;Are you sure you want to make the coupon tradable?
msgBox/purchaseItem/confirm;"Are you sure you want to purchase
{itemName}?"
msgBox/assembleItem/confirm/instant;"Are you sure you want to assemble
{itemName}
instantly at the cost of more resources?"
msgBox/assembleItem/time;Assembly time: {time}
msgBox/assembleItem/cant;You cannot assemble this item yet.
msgBox/makeTradable/cant;You cannot make this coupon tradable.
msgBox/items_will_be_spent;In this case, the following items will be spent:
msgBox/coupon_exchange;The coupon will be spent. In exchange, you will get:
msgBox/coupon_will_be_spent;The coupon will be spent and you will not be able to sell it.
msgBox/cancelCraftProcess/cant;You cannot cancel the assembly of this item.
msgBox/cancelCraftProcess/confirm;Are you sure you want to cancel the assembly {itemName}?
msgBox/craftProcess/cant/fakeByUser;This recipe was marked as incorrect.
msgBox/cancelCraftProcess/cant/disassemble;You cannot cancel the disassembly of this item.
msgBox/cancelCraftProcess/confirm/disassemble;Are you sure you want to cancel the disassembly {itemName}?
msgBox/craftProcess/cant/fake;This is an incorrect recipe.
content/tag/historical;Historical
content/tag/semihistorical;Semihistorical
content/tag/fictional;Fictional
content/tag/except_fictional;Except fictional
content/tag/any;Any
content/tag/thunderleague;Thunder League
content/tag/usergenerated;User-generated
camouflage/for_environment_conditions;For conditions
camoType/forest;Forest
camoType/desert;Desert
camoType/winter;Winter
camoType/urban;Urban
camoType/fictional;Fictional
item/common_trophy;Rookie trophy
item/common_trophy/shortTypeDesc;Rookie trophy gives a small chance of getting a vehicle
item/rare_trophy;Officer trophy
item/rare_trophy/shortTypeDesc;Officer trophy gives a good chance of getting a vehicle
item/rich_trophy;Commander trophy
item/rich_trophy/shortTypeDesc;Commander trophy gives a big chance of getting a vehicle
item/us_m46_patton_73_armor_bat_trophy_common;Rookie trophy
item/us_m46_patton_73_armor_bat_trophy_common/shortTypeDesc;Rookie trophy gives a small chance of getting a vehicle
item/spitfire_ix_usa_trophy_common;Rookie trophy
item/spitfire_ix_usa_trophy_common/shortTypeDesc;Rookie trophy gives a small chance of getting a vehicle
item/germ_panzerbefelhswagen_VI_P_trophy_common;Rookie trophy
item/germ_panzerbefelhswagen_VI_P_trophy_common/shortTypeDesc;Rookie trophy gives a small chance of getting a vehicle
item/la-5fn_luftwaffe_trophy_common;Rookie trophy
item/la-5fn_luftwaffe_trophy_common/shortTypeDesc;Rookie trophy gives a small chance of getting a vehicle
item/ussr_su_122P_trophy_common;Rookie trophy
item/ussr_su_122P_trophy_common/shortTypeDesc;Rookie trophy gives a small chance of getting a vehicle
item/fw-190d-9_ussr_trophy_common;Rookie trophy
item/fw-190d-9_ussr_trophy_common/shortTypeDesc;Rookie trophy gives a small chance of getting a vehicle
item/spitfire_mk14c_trophy_common;Rookie trophy
item/spitfire_mk14c_trophy_common/shortTypeDesc;Rookie trophy gives a small chance of getting a vehicle
item/b-17e_japan_trophy_common;Rookie trophy
item/b-17e_japan_trophy_common/shortTypeDesc;Rookie trophy gives a small chance of getting a vehicle
item/us_m46_patton_73_armor_bat_trophy_rare;Officer trophy
item/us_m46_patton_73_armor_bat_trophy_rare/shortTypeDesc;Officer trophy gives a good chance of getting a vehicle
item/spitfire_ix_usa_trophy_rare;Officer trophy
item/spitfire_ix_usa_trophy_rare/shortTypeDesc;Officer trophy gives a good chance of getting a vehicle
item/germ_panzerbefelhswagen_VI_P_trophy_rare;Officer trophy
item/germ_panzerbefelhswagen_VI_P_trophy_rare/shortTypeDesc;Officer trophy gives a good chance of getting a vehicle
item/la-5fn_luftwaffe_trophy_rare;Officer trophy
item/la-5fn_luftwaffe_trophy_rare/shortTypeDesc;Officer trophy gives a good chance of getting a vehicle
item/ussr_su_122P_trophy_rare;Officer trophy
item/ussr_su_122P_trophy_rare/shortTypeDesc;Officer trophy gives a good chance of getting a vehicle
item/fw-190d-9_ussr_trophy_rare;USSR Aviation trophy
item/fw-190d-9_ussr_trophy_rare/shortTypeDesc;
item/spitfire_mk14c_trophy_rare;Officer trophy
item/spitfire_mk14c_trophy_rare/shortTypeDesc;Officer trophy gives a good chance of getting a vehicle
item/b-17e_japan_trophy_rare;Officer trophy
item/b-17e_japan_trophy_rare/shortTypeDesc;Officer trophy gives a good chance of getting a vehicle
item/us_m46_patton_73_armor_bat_trophy_rich;Commander trophy
item/us_m46_patton_73_armor_bat_trophy_rich/shortTypeDesc;Commander trophy gives a big chance of getting a vehicle
item/spitfire_ix_usa_trophy_rich;Commander trophy
item/spitfire_ix_usa_trophy_rich/shortTypeDesc;Commander trophy gives a big chance of getting a vehicle
item/germ_panzerbefelhswagen_VI_P_trophy_rich;Commander trophy
item/germ_panzerbefelhswagen_VI_P_trophy_rich/shortTypeDesc;Commander trophy gives a big chance of getting a vehicle
item/la-5fn_luftwaffe_trophy_rich;Commander trophy
item/la-5fn_luftwaffe_trophy_rich/shortTypeDesc;Commander trophy gives a big chance of getting a vehicle
item/ussr_su_122P_trophy_rich;Commander trophy
item/ussr_su_122P_trophy_rich/shortTypeDesc;Commander trophy gives a big chance of getting a vehicle
item/fw-190d-9_ussr_trophy_rich;Commander trophy
item/fw-190d-9_ussr_trophy_rich/shortTypeDesc;Commander trophy gives a big chance of getting a vehicle
item/spitfire_mk14c_trophy_rich;Commander trophy
item/spitfire_mk14c_trophy_rich/shortTypeDesc;Commander trophy gives a big chance of getting a vehicle
item/b-17e_japan_trophy_rich;Commander trophy
item/b-17e_japan_trophy_rich/shortTypeDesc;Commander trophy gives a big chance of getting a vehicle
trophy/chest_contents/hidden;
trophy/chest_contents;Contains one of the following items:
trophy/chest_contents/all;Contains items:
trophy/chest_contents/many;Contains {amount} of the following items:
trophy/chest_contents/also;And also one of the following:
trophy/chest_contents/also/many;And also {amount} of the following:
trophy/chest_contents/other;And also other items...
trophy/recipe_result;You will get one of the following items:
trophy/recipe_result/many;You will get {amount} of the following items:
trophy/item_type_kinds_count;{kinds} kinds
trophy/item_type_different_kinds;different kinds
mainmenu/rewardsList;Rewards
mainmenu/itemsList;Items
mainmenu/XboxOneEmailRegistration;Binding an e-mail to your account
mainmenu/XboxOneEmailRegistration/desc;"<color=@activeTextColor>Would you like to bind an e-mail to your account?</color>
With a bound e-mail you will receive:
<color=@userlogColoredText>* the possibility to play on PC with your War Thunder account and purchase Golden Eagles</color>
* the access to our technical support
* the possibility of authorization in the forum, War Thunder Live Portal and wiki.
You can <color=@warningTextColor>only unbind your e-mail once</color> via Support at
<color=@linkTextColor>support.gaijin.net</color>

By pressing the <color=@activeTextColor>OK</color> button you agree with the Terms of Use.
You can review them on
<color=@linkTextColor>warthunder.com/en/support/termsofuse</color>"
mainmenu/GaijinNet;Gaijin.Net
mainmenu/XboxOneEmailRegistration/result/0;Link successfully sent to the indicated e-mail
mainmenu/XboxOneEmailRegistration/result/65535;An unexpected error has occurred
mainmenu/XboxOneEmailRegistration/result/29;E-mail domain prohibited over Gaijin.Net
mainmenu/XboxOneEmailRegistration/result/30;Wrong e-mail
mainmenu/XboxOneEmailRegistration/result/6;E-mail already in use
mainmenu/PS4EmailRegistration;Binding an e-mail to your account
mainmenu/PS4EmailRegistration/desc;"<color=@activeTextColor>Would you like to bind an e-mail to your account?</color>
With a bound e-mail you will receive:
<color=@userlogColoredText>* the possibility to play on PC with your War Thunder account</color>
* the access to our technical support
* the possibility of authorization in the forum, live and wiki"
mainmenu/SteamEmailRegistration;Binding an e-mail to your account
mainmenu/SteamEmailRegistration/desc;"<color=@activeTextColor>Would you like to bind an e-mail to your account?</color>
With a bound e-mail you will receive:
* the access to our technical support
* the possibility of authorization in the forum, live and wiki."
mainmenu/guestEmailRegistration/desc;"<color=@activeTextColor>Would you like to bind an e-mail to your account?</color>
With a bound e-mail you will receive:
<color=@userlogColoredText>* the possibility to purchase Golden Eagles</color>
* the possibility of authentication in the forum, live and wiki.
Once bound, the account will no longer be a guest account. A login and password will be required for authentication."
mainmenu/binding;Email bind
mainmenu/alreadyBinded;E-mail aready bound
mainmenu/login/steamRelogin;"Your account has already been registered at Gaijin.net.
If you want to continue playing on it,
the client will be restarted outside Steam upon pressing the <color=@warningTextColor>ОК</color> button."
mainmenu/recommendEmailRegistration;"In the current situation, we strongly recommend binding an e-mail to your account.
This will allow you to save all your account progress and ensure access to the game on PC even in case of possible platform limitations in your region."
msgbox/bind_and_receive;Bind e-mail
items/wager/name;Stake
items/wager/notAvailable;Stake is not available
items/wager/conditions;Wager has the following requirements:
items/wager/winConditions;Stage completing conditions:
items/wager/winConditions/caption;The above conditions must be fulfilled within a single battle.
item/wager/typeDesc;"
Each battle in which all the conditions have been fulfilled moves you to the next stage. To receive top reward you need to achieve {maxWins} stage before hitting {maxFails} number of battles in which conditions were not fulfilled."
mainmenu/trophyReward/title;You have opened a battle trophy
mainmenu/trophyReward/crossPromoTitle;"""A Sound of Thunder!"" promotion rewards (War Thunder Mobile)"
mainmenu/trophyReward/crossPromoComment;for completing tasks in War Thunder Mobile
mainmenu/you_will_receive;You will receive:
mainmenu/you_received;You have received:
tournaments/rewards;Rewards
tournaments/seasonRewards;Season rewards
tournaments/rewardBeCredited;Reward will be credited
tournaments/specialRewards;Special rewards
tournaments/reward/description;You received a special reward in tournament {tournamentName}!
tournaments/reward/nextReward;Next reward:
tournaments/reward/everyVictory;For each victory in this tournament you will get {reward}
tournaments/reward/tooltip;For this award remains:
tournaments/reward/reason/position;Reward for achieving {num} place by wins
tournaments/reward/reason/win_number;Reward for {num} win
tournaments/reward/reason/rating;Reward for achieving {num} rating
tournaments/coming_soon;COMING SOON
tournaments/enumerated_day;DAY {num}
tournaments/schedule;SCHEDULE
tournaments/start;Competition
tournaments/training;Training
tournaments/leaderboard;Leaderboard
tournaments/season;Season
tournaments/1x1;1x1
tournaments/2x2;2x2
tournaments/3x3;3x3
tournaments/4x4;4x4
tournaments/5x5;5x5
tournaments/spec;Special
tournaments/my;My tournaments
tournaments/filters;Filters
tournaments/about;ABOUT
tournaments/registration_in_progress;Registration in progress
items/booster/state/active;Active
items/booster/description/uponActivation/withConditions;Upon activation gives {effectDesc} for:
items/booster/description/uponActivation/withoutConditions;Upon activation gives {effectDesc} for all battle actions and mission reward.
items/booster/description/expiresAfter;Expires after:
items/booster/giveRealBonus;gives ({realBonus})
items/discount/purchasesCounter;Purchases: {purchasesCount}/{purchasesMaxCount}
items/universalSpare/description/uponActivation;Upon activation adds a backup to any chosen vehicle which fits usage conditions.
items/universalSpare/description;A universal backup can be activated from the modification window of the selected vehicle.
items/universalSpare/numSpares;Number of backups
items/universalSpare/activate;Activate {icon}
items/universalSpare/activate/tooltip;Backups activation. You can activate required number of backups for selected vehicle
items/wager/winParams;Rewards:
items/wager/maxFails;Battles in which a new stage was not achieved: <color=@unlockActiveColor>{maxFails}</color>
items/wager/stake;Stake: <color=@unlockActiveColor>{stakeText}</color>
items/wager/table/winCount;Stage
items/wager/table/atMaxStake;At max. stake
items/wager/table/atMinStake;At min. stake
items/wager/table/reward;Reward
items/wager/numFails;Battles in which a new stage was not achieved: <color=@unlockActiveColor>{numFails}/{maxFails}</color>
items/wager/numWins;Current stage: <color=@unlockActiveColor>{numWins}/{maxWins}</color>
items/wager/maxWins;Max. stage: <color=@unlockActiveColor>{maxWins}</color>
items/wager/stake/incStake;Increase stake
items/wager/stake/decStake;Decrease stake
items/wager/stake/header;Stake
items/wager/stake/button;Make a stake
trophy/unlockables_names/aircraft;Vehicle
trophy/unlockables_names/weapon;Weapon
trophy/unlockables_names/skin;Camouflage
trophy/unlockables_names/mission;Mission
trophy/unlockables_names/achievement;Achievement
trophy/unlockables_names/year;Year
trophy/unlockables_names/gamerpic;Profile icon
trophy/unlockables_names/video;Video
trophy/unlockables_names/award;Award
trophy/unlockables_names/difficulty;Difficulty
trophy/unlockables_names/encyclopedia;Encyclopedia article
trophy/unlockables_names/pilot;Profile icon
trophy/unlockables_names/profile_icon;Profile icon
trophy/unlockables_names/decal;Decal
trophy/unlockables_names/dyncampaign;Dynamic campaign
trophy/unlockables_names/warpoints;Silver Lions
trophy/unlockables_names/challenge;Challenge
trophy/unlockables_names/medal;Medal
trophy/unlockables_names/streak;Award
trophy/unlockables_names/country;Country
trophy/unlockables_names/autocountry;Country
trophy/unlockables_names/entitlement;Permission
trophy/unlockables_names/slot;Crew
trophy/unlockables_names/title;Title
trophy/unlockables_names/skillpoints;Skill points
trophy/unlockables_names/trophy;Trophy
trophy/unlockables_names/attachable;Decoration
trophy/unlockables_names/chest;Chest
trophy/unlockables_names/internal_item;Consumable item
trophy/unlockables_names/unknown;Unknown
mainmenu/itemReceived;Received
mainmenu/itemCanBeReceived;Can be received
mainmenu/receiveOnlyOnce;This kind of item cannot be received twice.
mainmenu/activateOnlyOnce;This kind of item cannot be activated twice.
mainmenu/required;Required
items/shop/emptyTab/default;You have no such items at the moment.
items/shop/emptyTab/trophy;"Trophy allows you to receive a random award from the described list.
You have no such items at the moment."
items/shop/emptyTab/booster;"Boosters are the items that allow you to receive more Research Points and Silver Lions in battles.
You have no such items at the moment."
items/shop/emptyTab/wagers;
items/shop/emptyTab/discount;"Personal Discount is an item which, upon activation, allows you to purchase one of the in-game items at a lower price.
You have no such items at the moment."
items/shop/emptyTab/universalSpare;A universal backup allows you to control a vehicle in a mission twice. You have no items of this type at the moment.
items/shop/emptyTab/tickets;"Tournament Ticket is an item which allows you to take part in the indicated tournament.
You have no such items at the moment."
items/shop/emptyTab/vehicles;"Coupons for Vehicles can be exchanged for a Vehicle or sold on Marketplace.
You have no such items at the moment."
items/shop/emptyTab/skins;"Coupons for Camouflages can be exchanged for a Camouflage or sold on Marketplace.
You have no such items at the moment."
items/shop/emptyTab/decals;"Coupons for Decals can be exchanged for a Decal or sold on Marketplace.
You have no such items at the moment."
items/shop/emptyTab/keys;"Keys are required to open some types of Chests.
You have no such items at the moment."
items/shop/emptyTab/chests;"Chest allows you to receive a random award from the described list.
You have no such items at the moment."
items/shop/emptyTab/devItems;
items/shop/emptyTab/toShopButton;Switch to shop
items/shop/emptyTab/noItemsAdvice/shopEnabled;You can get the items as rewards or purchase them in the shop.
items/shop/emptyTab/noItemsAdvice/shopDisabled;You can get items as rewards.
items/shop/emptyTab/noItemsAdvice/marketplaceEnabled;You can get the items as rewards or purchase them on Marketplace.
userlog/activate_item;You have activated the item {itemName}
userlog/activate_item_desc/wager;Wager:
userlog/inventory_add_item;{numItemsColored} {numItems=item/items} {itemName} {numItemsAdd=added/added} to your inventory
userlog/inventory_fail_item;Failed to get {itemName}.
userlog/remove_item/unknown;Item {itemName} has been consumed
userlog/remove_item/replaced;Item {itemName} has been replaced by {replacedItemName}
userlog/remove_item/consumed;Item {itemName} has been consumed
userlog/remove_item/expired;Item {itemName} has expired
userlog/remove_item_name/universalSpare;You have activated {numSparesColored} {numSpares=backup/backups} for your {unitName}
userlog/remove_item_desc/universalSpare;You have consumed
userlog/remove_item_desc/wager;Award
userlog/remove_item/admin;Item {itemName} was removed
userlog/unknown;Unknown message type
userlog/ticket_reminder;Ticket status update
userlog/battleLimitReminder;Battles left
userlog/defeatCountReminder;Defeats left
userlog/sequenceDefeatCountReminder;Defeats in a row left
userlog/buy_battle;Access to the battle has been purchased
userlog/invite_to_tournament;Tournament battle invitation
items/expireTimeAfterActivation;Duration
items/expireTimeLeft;Time left
items/expireTimeBeforeActivation;Valid for
items/expireDate;Will disappear after {datetime}, time left: {timeleft}
trophy/moreRewards;+ {num} more items
mainmenu/onlyArmyAvailableForCountry;Available as the first choice for this country: {army}
msg/countryNotAvailableForUnitType;Country not available for the chosen vehicle type.
slotbarPresetsTutorial/selectPreset;Select preset which has {unitType}.
slotbarPresetsTutorial/openWindow;Open the vehicle preset list in order to choose a proper one.
slotbarPresetsTutorial/pressApplyButton;"Press ""Apply"" to change your vehicles to the selected preset.
You can always restore your current vehicles in this menu."
slotbarPresetsTutorial/selectUnit;Select unit allowed for this game mode.
slotbarPresetsTutorial/pressToBattleButton;"Congratulations! You have successfully changed your vehicle preset
and are ready to join the ""{gameModeName}""."
lobby/vehicles;Vehicles
ticketBuyWindow/header;Ticket purchase
ticketBuyWindow/mainText;You need to purchase a ticket in order to participate in the tournament.
ticketBuyWindow/optionalText;Choose one of the following tickets.
ticketBuyWindow/activeTicketText;Your ticket is temporary locked. Number of unfinished battles must not exceed maximum number of defeats:
ticketBuyWindow/unfinishedSessions;Number of unfinished battles: {numUnfinishedSessions}
ticket/noRestrictions;No restrictions.
userlog/convert_exp;Experience conversion
userlog/convert_exp/desc;{exp} was converted for {unitName} for {cost}
multiAward/name;Goods worth {awardCost}
multiAward/name/singleType;{awardType} valued at {awardCost}
multiAward/name/count;Goods (Total: {awardCount})
multiAward/name/count/singleType;{awardType} x{awardCount}
multiAward/type/skin;Camouflages
multiAward/type/decal;Decals
multiAward/type/spare;Back-ups
multiAward/type/modification;Modifications
multiAward/type/premExpMul;Talismans
multiAward/type/specialization;Qualifications
multiAward/fromLastBattle;For vehicles used in battle
orderUseResult/error;Error occured during order activation.
orderUseResult/result/ok;Order was successfully activated.
orderUseResult/result/bad_mode;Unknown server error. (2)
orderUseResult/result/bad_player;You cannot activate order now.
orderUseResult/result/no_item;No such item.
orderUseResult/result/order_running;Order is already active.
orderUseResult/result/cooldown;Wait for some time before activating new order.
orderUseResult/result/bad_item_config;Unknown server error. (1)
orderUseResult/result/max_uses;Order use limit has been exceeded for this mission.
orderUseResult/result/already_used;Order of such type has been already used in this battle.
orderUseResult/result/mode_specific_error;Order of such type cannot be used at the moment.
orderUseResult/result/unknown;Unknown error.
orderUseResult/result/restricted_mission;This order cannot be activated in this battle.
10k_shortSymbol;.
100m_shortSymbol;.
item/order_trophy;Random order
item/discount_trophy_usa;Random discount on US vehicles
item/discount_trophy_germany;Random discount on German vehicles
item/discount_trophy_ussr;Random discount on Soviet vehicles
item/discount_trophy_britain;Random discount on British vehicles
item/discount_trophy_japan;Random discount on Japanese vehicles
item/discount_trophy_china;Random discount on Chinese vehicles
item/discount_trophy_italy;Random discount on Italian vehicles
item/discount_trophy_france;Random discount on French vehicles
item/discount_trophy_sweden;Random discount on Swedish vehicles
order/usableOnlyInBattle;It can only be activated in battle.
order/notUsableInCurrentBattle;You cannot use orders in this battle.
order/onlyOneOrderCanBeActive;Only one order can be active.
items/order/onlyIssuerTeam/true;Affects only players of a friendly team.
items/order/onlyIssuerTeam/false;Affects players of both teams.
items/order/timeTotal;Duration
items/order/delayFromStart;Can be activated in
items/order/disabledDifficulties;Unavailable in
items/order/awardOnCancel/true;The item will be utilized if the battle ends before the order expiration.
items/order/awardOnCancel/false;The item will be returned if the battle ends before the order expiration.
items/order/awardMode/awardModeRaw/header;Award:
items/order/awardMode/awardModeMulProgress/header;Award:
items/order/awardMode/awardModeMulProgress/footer;This award will be multiplied by the number of {awardUnit}.
items/order/awardMode/awardModeMulAward/header;The award depends on amount of resources earned during the order and, depending on the mode, will be multiplied by:
items/order/awardMode/awardModeUnknown/header;Unknown award mode.
items/order/orderAwardUnit/groundVehicles;destroyed ground units
item/order_score;Be The Best!
items/order/type/score/description;Achieve maximum possible score in given amount of time
item/order_universalKiller;Jack of all trades
items/order/type/universalKiller/description;"Be first who destroyed three enemy vehicles of different classes: fighter, bomber, strike aircraft, light/medium tank, heavy tank, SPG, SPAA.
Only player vehicles are counted."
item/order_streak;Domination
items/order/type/streak/description;"Be first to destroy several enemies without losing your vehicle.
Only player vehicles are counted."
items/order/type/streak/param/num;Number of enemies destroyed: 
item/order_rocketMan;Fire Arrows
items/order/type/rocketMan/description;Be first who destroyed an enemy aircraft with rockets.
item/order_randomHunt;Blind Hunt
items/order/type/randomHunt/description;Destroy marked units in given amount of time. The award is given for each destroyed vehicle independently.
items/order/type/randomHunt/statusDescription/enemy;Destroy the marked unit in given amount of time.
items/order/type/randomHunt/statusDescription/ally;Defend the marked unit till the end of given amount of time.
items/order/type/randomHunt/statusDescription/self;You are the target! Save the current vehicle till the end of given amount of time.
items/order/type/randomHunt/param/huntTime;Time for each target: 
items/order/type/randomHunt/param/numTargets;Maximum targets: 
item/order_revengeHunt;Avenger
items/order/type/revengeHunt/description;Destroy marked units in given amount of time. The player which has destroyed a target becomes the next target itself. The award is given for each destroyed vehicle independently.
items/order/type/revengeHunt/statusDescription/enemy;Destroy the marked unit in given amount of time.
items/order/type/revengeHunt/statusDescription/ally;Defend the marked unit till the end of given amount of time.
items/order/type/revengeHunt/statusDescription/self;You are the target! Save the current vehicle till the end of given amount of time.
items/order/type/revengeHunt/param/huntTime;Time for each target: 
items/order/type/revengeHunt/param/numTargets;Maximum targets: 
item/order_eventMul_kill;AAA
item/order_eventMul_ground;Antimech
items/order/type/eventMul/description;Destroy enemy vehicles.
items/order/type/eventMul/statusDescription;Destroy enemy vehicles.
items/order/type/eventMul/param/event;
items/order/type/eventMul/param/event/value/GAMEPLAY_EVENT_KILL;
items/order/type/eventMul/param/target;Target type: 
items/order/type/eventMul/param/target/value/ground;Ground
items/order/type/eventMul/param/target/value/aircraft;Air
items/order/type/unknown/description;No order type description.
userlog/sell_blueprint;You have sold the blueprint {itemName} ({price})
userlog/sell_blueprint/multiple;You have sold the blueprints {itemName} x{amount} ({price})
userlog/ItemBlueprintAssemble;You have assembled the vehicle(s) according to the blueprint(s)
userlog/ItemBlueprintAssembleDesc;Assembled vehicle:
userlog/battle_tasks_new_proposal;Daily Battle Task List Updated.
userlog/battle_tasks_new_proposal/special;Special Battle Task List Updated.
userlog/battle_tasks_accept;Task <color=@userlogColoredText>{taskName}</color> has been activated.
userlog/battle_tasks_cancel;Task <color=@userlogColoredText>{taskName}</color> has been canceled.
userlog/battle_tasks_expired;Time for the task <color=@userlogColoredText>{taskName}</color> has expired.
userlog/battle_tasks_reroll;Task was changed to <color=@userlogColoredText>{taskName}</color>.
userlog/battle_tasks_multi_accept;Tasks have been activated.
userlog/battletask/type/daily;Daily
userlog/battletask/type/longterm;Long term
userlog/used_vehicled;Achieved with vehicle
userlog/rent_unit;<color=@userlogColoredText>{unitName}</color> test drive has begun.
userlog/rent_unit_extended;<color=@userlogColoredText>{unitName}</color> test drive has been extended.
userlog/rent_unit_expired;<color=@userlogColoredText>{unitName}</color> test drive has expired.
userlog/per_month_award;Congratulations! You have received an exclusive trophy for PlayStation®Plus subscribers
userlog/per_month_award_XBOXPlus;Congratulations! You have received an exclusive trophy for Xbox Live Gold subscribers
mainmenu/rent/rent_unit;Vehicle test drive start
mainmenu/rent/rent_unit_extended;Vehicle test drive extended
mainmenu/rent/rent_unit_expired;Vehicle test drive expiration
mainmenu/rent/rentTimeSec;Test drive period: {time}
mainmenu/rent/rentTillTimeT;Test drive expiration date: {time}
ItemBlueprintAssembleUnitInfo;Received:
ItemBlueprintTrophyForUnitInfo;You have earned a trophy instead of already owned unit 
msgbox/battleTasks/clarifyCancel;"Your progress will be cleared.
Are you sure you want to cancel this task?"
mainmenu/battleTasks/noTasks;No active Daily Battle Tasks.
mainmenu/battleTasks/noBattleTasks;No active Battle Tasks.
mainmenu/battleTasks/noSpecialTasks;No active Special Tasks. Complete Special Tasks and earn medals to get the opportunity to purchase premium vehicles for warbonds. Special Tasks can be purchased in the Warbond Shop.
mainmenu/battleTasks/noPersonalUnlocks;No active Diaries
mainmenu/battleTasks/activeTasks;Daily Battle Tasks
mainmenu/battleTasks/proposedTasks;Proposed Tasks
mainmenu/battleTasks/controllers;Daily Battle Tasks
mainmenu/battleTasks/refreshTime;Task Refresh
mainmenu/battleTasks/progressBarTooltip;{tasksNum} of {nextLevelTasksNum} Daily Battle Tasks required to achieve the next level have been completed.
mainmenu/battleTasks/special/medals;Special task medals
mainmenu/battleTasks/special/medals/tooltip;"Earned medals: {medals}.
Complete special tasks and earn medals.
For {tasksNum} completed tasks you will receive a medal.
Medals open the access to new goods."
mainmenu/battleTasks/special/awardTitle;Special task award
items/order/status/starter;Activated by
items/order/status/target;Target
items/order/status/cooldown;Next order can be activated in
items/order/status/finished;Order complete
items/order/type/unknown/statusDescription;No order description.
items/order/scoreTable/playersHeader;Players
items/order/scoreTable/scoreHeader/default;Score
items/order/scoreTable/scoreHeader/universalKiller;Destroyed
items/order/hudMessage/activate;{playerName} has activated {orderName}!
items/order/hudMessage/finished;{orderName} has been finished.
items/order/noOrdersAvailable;"No orders available.
You can obtain order in battle trophies."
items/order/status/timeToSwitchTarget;Target will change in
items/order/activateOrderWarning/hasActiveOrder;To activate order wait until current order finishes.
items/order/activateOrderWarning/cooldown;Order can be activated in: {cooldownTimeleftText}
slotInfoPanel/unitInfo;Vehicle Info
slotInfoPanel/crewInfo;Crew Info
slotInfoPanel/unitInfo/tooltip;Press to display information on selected vehicle.
slotInfoPanel/crewInfo/tooltip;Press to display information on selected crew.
slotInfoPanel/crewButton;Crew Training
slotInfoPanel/crewButton/tooltip;Improve skills of your crew.
vehicle/for_crew/available;Available
vehicle/for_crew/engaged;Engaged
promo/showAllPromoBlocks;Show All Promo Blocks
respawn/timeToKick;Time left to join: {timeToKick}
respawn/timeToKickAlert;Join the battle
respawn/leftRespawns;Respawns: {num}
respawn/costRespawn;Respawn: {cost} SP
respawn/leftTeamUnit;Vehicles: {num}
respawn/noUnitLeft;You ran out of {unitName}.
respawn/randomUnitsGroup/description;Random vehicle: {groupName}
respawn/randomUnitsGroup/name;Random vehicle
respawn/randomUnitsGroup/content;Contains one vehicle from the list:
inBattle/timeToKick;"WARNING!
If you remain inactive,
you will be returned to the main menu in {timeToKick}"
inBattle/timeToKickAlert;"WARNING!
If you remain inactive,
you will be returned to the main menu."
items/limitDescription/limitGlobal;Item quantity is limited. Items left: {itemsLeft}
items/limitDescription/limitPersonalTotal;You can purchase this item a limited number of times: {itemsPurchased}/{itemsTotal}
items/limitDescription/limitPersonalAtTime;You already have this item.
items/limitDescription/maxedOut/limitGlobal;Items sold out.
items/limitDescription/maxedOut/limitPersonalTotal;You can purchase this item a limited number of times.
items/limitDescription/maxedOut/limitPersonalAtTime;You already have this item.
mainmenu/battleTasks/history;History
mainmenu/battleTasks/noHistory;You have no recently completed tasks.
mainmenu/battleTasks/receiveReward;Get Reward
mainmenu/battleTasks/showAllTasks;Show All Tasks
mainmenu/battleTasks/reroll;Change task
msgbox/battleTasks/reroll;"Are you sure you want to change <color=@activeTextColor>{taskName}</color>
for <color=@activeTextColor>{cost}</color>?"
mainmenu/battleTasks/timeWasted;Time is over. Tasks will be updated after a battle or reentering the game.
mainmenu/battleTasks/OtherTasksCount;All battle tasks
mainmenu/battleTasks/selectNewTask;Select Special Task
items/limitDescription/globalLimitText;Tickets left: {ticketsLeft}
actionBarItem/jump;Jump
actionBarItem/sprint;Move mode: Run/walk
actionBarItem/toggle_view;Sniper mode
actionBarItem/artillery_target;Artillery strike
actionBarItem/engine_smoke_screen_system;ESS
actionBarItem/extinguisher;Fire extinguisher
actionBarItem/repair_breaches;Unwatering
actionBarItem/special_unit_bomber;Bomber flyout
actionBarItem/special_unit_bomber_nuclear;Bomber with nuclear weapon flyout
actionBarItem/special_unit_attacker;Attacker flyout
actionBarItem/special_unit_fighter;Fighter flyout
actionBarItem/special_unit_helicopter_atgm;Helicopter with missiles flyout
actionBarItem/special_unit_helicopter_rocket;Helicopter with rockets flyout
actionBarItem/special_unit_helicopter_mguns;Helicopter with machine guns or cannons flyout
actionBarItem/winch;Winch
actionBarItem/winch_detach;Detach winch
actionBarItem/winch_attach;Attach winch
actionBarItem/toolkit;Toolkit
actionBarItem/medicalkit;Crew Replenishment
actionBarItem/depth_charge;Depth Charges
actionBarItem/mortar;Mortar
actionBarItem/rocket;Rockets
actionBarItem/torpedo;Torpedoes
actionBarItem/smoke_screen;Smoke screen
actionBarItem/acoustic_countermeasure;Acoustic сountermeasures
actionBarItem/scout_active;Active scouting
actionBarItem/sonar_active;Active sonar
actionBarItem/torpedo_sensor;Torpedo active sonar
actionBarItem/ship_current_trigger_group;Selected weapon group
actionBarItem/torpedo_sight;Torpedo aiming
actionBarItem/hull_aiming;Hull aiming
actionBarItem/speed_booster;Speed booster
actionBar/action/automatic;Automatic action
actionBar/action/automatic/abbr;A
actionBarItem/weapon_lead;Missile leading mode: {mode}
guidance_method/los;LOS
guidance_method/lead;Lead
guidance_method/auto;Auto
actionBarItem/ai_gunners;Toggle gunner targets
actionBarItem/stealth_activate;Сamouflage system
actionBarItem/support_plane;UAV Launch
actionBarItem/support_plane_ship;Surveillance aircraft: catapult activation / launch
actionBarItem/switch_to_ship;Switch to ship
actionBarItem/switch_to_tank;Switch to tank
actionBarItem/auto_turret;Toggle autoturret targets
actionBarItem/guidance_mode;Guidance mode
actionBarItem/weapon_lock;Target lock
actionBarItem/tank_terraform;Entrenching
actionBarItem/sight_stabilization;Sight stabilization
actionBarItem/night_vision;Night vision device
actionBarItem/support_plane_orbiting;Flying in orbit
actionBarItem/support_plane_group_return;Return
actionBarItem/ugv;UGV deploy
actionBarItem/mine_detonation;Mine detonation
actionBarItem/unlimited_control;Switch control to other vehicle
actionBarItem/building;Building of objects
hitcamera/result/ricochet;Ricochet
hitcamera/result/bounce;Non-penetration
hitcamera/result/hit;Hit
hitcamera/result/damage;Damage
hitcamera/result/burn;Fire
hitcamera/result/critical;Critical Hit
hitcamera/result/kill;Destroyed
hitcamera/result/hull;Hull break
hitcamera/result/ammo;Ammunition exploded
hitcamera/result/fuel;Fuel exploded
hitcamera/result/crew;Crew knocked out
hitcamera/result/torpedo;Torpedo
hitcamera/result/fuse;Fuze not armed
hitcamera/result/miss;Miss
hitcamera/result/undershoot;Undershoot
hitcamera/result/breaking;Shell shattered
hitcamera/result/invulnerable;Temporarily invulnerable
recentItems/otherItems;Inventory
recentItems/useItem;"Are you sure you want to use item
{itemName} ?"
crewSkillParameter/hearingDistance;Absolute Detection
crewSkillParameter/tankVisionDistance;Movement-Line Detection
crewSkillParameter/viewVisionDistance;Line-of-Sight Detection*
crewSkillParameter/hearingSpottingDistance;Absolute Identification
crewSkillParameter/tankVisionSpottingDistance;Movement-Line Identification
crewSkillParameter/viewVisionSpottingDistance;Line-of-Sight Identification*
crewSkillParameter/crewTankHearingDistance;Absolute Detection
crewSkillParameter/tankSpottingDistance;Movement-Line Detection
crewSkillParameter/crewTankViewCamSpottingDistance;Line-of-Sight Detection Range
crewSkillParameter/viewToAircraftSpottingDistance;Aircraft Detection*
crewSkillParameter/viewToSunSpottingDistance;Detection Range Against the Sun
crewSkillParameter/viewBelowHorizonSpottingDistance;Look-Down Detection Range
crewSkillParameter/viewSpottingDistance;Line-of-Sight Detection Range
crewSkillParameter/instantSpottingDistance;Instantaneous Detection Range
crewSkillParameter/timeToDetect;Detection Time
crewSkillParameter/viewAirRocketSpottingTime;Air-to-Air Missile Launch Detection Delay
crewSkillParameter/viewAirRocketSpottingDistance;Air-to-Air Missile Launch Detection Range
crewSkillParameter/hearingInstantSpottingDistance;Instantaneous All-Round Detection Range
crewSkillParameter/blackoutGForce;Peak G
crewSkillParameter/redoutGForce;Peak Negative-G
crewSkillParameter/staminaRestoreTime;Stamina Return Time
crewSkillParameter/staminaPositiveSpendTime;Time until Stamina Loss
crewSkillParameter/staminaNegativeSpendTime;Time until Stamina Loss at Negative-G
crewSkillParameter/gunnerOpenFireDistance;Firing Range
crewSkillParameter/gunnerStartTrackingDistance;Target Tracking Range
crewSkillParameter/gunnerOpenFireWhileTrackingProbability;Simultaneous Firing and Target Tracking Probability
crewSkillParameter/gunnerRotationSpeed;Targeting Speed
crewSkillParameter/gunnerBurstMaxDurationSeconds;Maximum Burst Duration
crewSkillParameter/gunnerBulletDeviation;Fire Scattering
crewSkillParameter/hangarRepairSpeed;In-Hangar Repair Speed
crewSkillParameter/hangarRepairTime;In-Hangar Repair Time
crewSkillParameter/airfieldMinRepairTime;Minimum On-Airfield Repair Time
crewSkillParameter/airfieldReloadTime;On-Airfield Reload Time
crewSkillParameter/airGunReloadSpeed;Gun In-Air Reload Speed
crewSkillParameter/airCannonReloadSpeed;Cannon In-Air Reload Speed
crewSkillParameter/airAdditionalGunsReloadSpeed;Secondary Armament In-Air Reload Speed
crewSkillParameter/airBombsReloadSpeed;Bomb In-Air Reload Speed
crewSkillParameter/airRocketsReloadSpeed;Rocket In-Air Reload Speed
crewSkillParameter/airAgmReloadSpeed;AGM In-Air Reload Speed
crewSkillParameter/airTorpedoesReloadSpeed;Torpedo In-Air Reload Speed
crewSkillParameter/airGunnersReloadSpeed;Gunner In-Air Reload Speed
crewSkillParameter/airGunReloadTime;Gun In-Air Reload Time
crewSkillParameter/airCannonReloadTime;Cannon In-Air Reload Time
crewSkillParameter/airAdditionalGunsReloadTime;Secondary Armament In-Air Reload Time
crewSkillParameter/airBombsReloadTime;Bomb In-Air Reload Time
crewSkillParameter/airGuidedBombsReloadTime;Guided Bomb In-Air Reload Time
crewSkillParameter/airRocketsReloadTime;Rocket In-Air Reload Time
crewSkillParameter/airAgmReloadTime;AGM In-Air Reload Time
crewSkillParameter/airAamReloadTime;AAM In-Air Reload Time
crewSkillParameter/airTorpedoesReloadTime;Torpedo In-Air Reload Time
crewSkillParameter/airGunnersReloadTime;Gunner In-Air Reload Time
crewSkillParameter/groundServiceRepairRank;Repair Rank
crewSkillParameter/groundServiceWeaponJamProbability;Overheated Weapon Jamming Probability
crewSkillParameter/groundServiceBombScatterDist1000;Bomb Scattering at 1000 m
crewSkillParameter/groundServiceRocketScatterDist100;Rocket Scattering at 100 m
crewSkillParameter/groundServiceTorpedoScatterDist1000;Torpedo Scattering at 1000 m
crewSkillParameter/vitality;Vitality
crewSkillParameter/radioDistance;Target Reception Range
crewSkillParameter/artilleryDispersion;Artillery Support Scattering
crewSkillParameter/artilleryTimeToFirstShot;Artillery Support Calling Time
crewSkillParameter/tankLoderReloadingTime;Primary Weapon Reload Time
crewSkillParameter/tankDriverBrakesTime;Braking Time
crewSkillParameter/tankDriverGearChangeTime;Gear Shifting Time
crewSkillParameter/tankGunnerTargetingQuality;Targeting Quality
crewSkillParameter/turnTurretSpeed;Horizontal Guidance Speed
crewSkillParameter/turnTurretSpeedPitch;Vertical Guidance Speed
crewSkillParameter/crewMemberChangeTime;Crew Member Replacement Time
crewSkillParameter/fieldRepairSpeedMultiplier;Field Repair Speed
crewSkillParameter/commanderLeadershipDriving;Tank Driving
crewSkillParameter/commanderLeadershipTracking;Targeting
crewSkillParameter/commanderLeadershipDistanceEstimation;Rangefinding
crewSkillParameter/commanderLeadershipLoadingTimeMult;Weapon Reloading
crewSkillParameter/commanderLeadershipArtilleryDispersion;Artillery Targeting Accuracy
crewSkillParameter/commanderLeadershipArtilleryRateOfFire;Artillery Strike Calling Time
crewSkillParameter/commanderLeadershipRadioDistance;Radio Communication
crewSkillParameter/commanderLeadershipFieldRepair;Field Repair
crewSkillParameter/commanderLeadershipAgility;Agility
mainmenu/unitRentTimeleft;Unit test drive expires in
mainmenu/selectCrew/haveMoreQualified;You have more qualified crew for this vehicle.
mainmenu/selectCrew/haveMoreQualified/tooltip;You have more qualified crew for this vehicle.
mainmenu/selectCrew/qualificationLegend;For each crew, the level and qualification for the {unitName} is shown.
mainmenu/legend;Legend
crewSkillParameter/fieldRepairTankFullRepairTime;The maximum possible time to repair the tank
crewSkillParameterTable/descriptionLabel;Parameter
crewSkillParameterTable/currentValueText;Total
crewSkillParameterTable/baseValueText;Base
crewSkillParameterTable/diffValueText;Difference
crewSkillParameterTable/maxValueText;Top
crewSkillParameter/legend/skills;Effect of skills
crewSkillParameter/legend/specialization;Effect of qualification
crewSkillParameter/legend/leadership;Effect of leadership
crewSkillParameter/legend/gunners;Effect of Experienced Gunners number.
crew/qualification/expUpgradeLabel;Crew experience with selected vehicle
crew/qualification/expUpgradeMarkerCaption;{romanNumeral} ({expAmount}) – Price drops to {trainCost}.
crew/qualification/expUpgradeFullUpgrade;{romanNumeral} ({expAmount}) – Getting {specName} qualification for free.
crew/qualification/nextSpec;Next qualification
crew/qualification/specDescriptionMain;The {specName} qualification can be purchased for {trainCost}{descPart}
crew/qualification/specDescriptionPart; or obtained for free when the crew gets {expAmount} with the current vehicle.
crewSkillParameter/tankDriverMaxForwardSpeed;Maximum speed
crewSkillParameter/tankDriverMaxBackSpeed;Maximum back run speed.
urlMissions/header;Missions by URL
urlMissions/sessionInfoHeader;Mission by URL
urlMissions/add;Add mission
urlMissions/modify;Modify mission
urlMissions/delete;Delete mission
msg/allFieldsMustBeFilled;All fields must be filled
urlMissions/name;Mission name
urlMissions/url;Mission URL
urlMissions/nameExist;Mission named {name} already exists.
urlMissions/urlExist;Mission {name} have the same URL
urlMissions/tooMuchMissions;You cannot create more than {max} missions.
urlMissions/msgBox/deleteConfirmation;"Are you sure you want to delete the mission ""{name}""?"
urlMissions/live/loadAndStartConfirmation;Would you like to start the mission {name}?
mainmenu/waitSlotbarData;Waiting for data about the crew.
popup/newcontroller;Controller added
popup/newcontroller/message;Change controls preset?
popup/keyboard_or_mouse_connected;Keyboard and/or mouse connected
popup/keyboard_or_mouse_connected/message;Change controls preset?
mainmenu/skirmish/noProgress;Attention! In this mode, there are no <color=@currencyRpColor>▉</color> and <color=@currencyWpColor>€</color> rewards, and your actions do not count towards the progress of achievements.
browser_bug_disclaimer;"ATTENTION NEW PLAYERS
To create an account for playing War Thunder, сlick the Sign Up link. It should open your browser, and if it does not, please get back to the game and click Sign Up once again."
msgbox/controller_hotas4_found;Thrustmaster® T.Flight Hotas 4 device found. Use controls preset?
msgbox/controller_hotas_one_found;Thrustmaster® T.Flight Hotas One device found. Use controls preset?
tutorials/hotas_restriction;You can play in all FLYING missions with T-Flight Hotas 4. Only this tutorial must be played with DUALSHOCK®4. Tutorial for Flying missions playable with T-Flight Hotas 4 coming in next update.
tutorials/hotas_restriction/tank;Thrustmaster® T.Flight Hotas 4 cannot be used for tank control. This tutorial can be played with DUALSHOCK®4
tutorials/upg_crew/skill_points_info;For participating in battles the crew receives skill points, which can be spent on improving vehicle control skills.
tutorials/upg_crew/press_to_crew;Choose the crew in order to learn more about crew skills.
tutorials/upg_crew/select_crew;"Select ""Crew Training"" in the context menu."
tutorials/upg_crew/total_skill_points;Here you can see the crew level and the number of unassigned skill points. Skill points are used for improving the crew skills.
tutorials/upg_crew/skill_groups;Crew skills are divided into several groups.
tutorials/upg_crew/take_skill_points;The number of points required for improving the skill depends on the skill's current level and is written on the right.
tutorials/upg_crew/inc_skills;Choose several skills and increase their level.
tutorials/upg_crew/apply_upgr_skills;"Press ""Apply"" to confirm your choice."
tutorials/upg_crew/spec1;"Skill level can also be increased by qualification. Qualification, as opposed to skills, is increased separately for each vehicle. Press here to upgrade qualification to ""Expert""."
tutorials/upg_crew/confirm_spec1;Qualification significantly increases the level of a greater number of crew skills. Try to upgrade it for each new vehicle.
tutorials/upg_crew/final_massage;Congratulations! Now you know how to improve the effectiveness of your crews. Do not forget to do it from time to time.
tutorials/research_next_aircraft;"After the completion of the research you must choose the following vehicle and click on the ""Research"" button."
msgbox/return_to_battle_session;Would you like to return to the current battle?
mission_objectives;Mission objectives
warbonds/currentAmount;You have {warbonds}
warbonds/maxAmount;Maximum available balance: {warbonds}.
warbond/alreadyBoughtMax;You have already purchased this item.
warbond/msg/alreadyBoughtMax;"You cannot purchase more {purchase}
as you have already purchased all the available amount."
warbond/msg/awardMayBeLost;Maximum possible war bond balance is: {maxWarbonds}. If you take your reward now, you will lose {lostWarbonds}. Are you sure you want to take the reward?
warbond/availableForPurchase;Available for purchase
warbond/desc;"<color=#88bc56>£</color>Warbonds (WB) are a special in-game currency earned by reaching specific Battle Pass levels.

These are used in the Warbond shop. At the WB shop, the following items can be purchased:
<color=#01579b> • </color>Boosters
<color=#01579b> • </color>Battle trophies
<color=#01579b> • </color>Decals
<color=#01579b> • </color>Decorators
<color=#01579b> • </color>Premium vehicles
<color=#01579b> • </color>Universal backups
<color=#01579b> • </color>Special tasks"
mainmenu/btnWarbondsShop;Warbond Shop
mainmenu/warbondsShop/notAvailable;Warbond Shop is not available
warbonds/recalculating;Updating...
warbonds/shop/level/current/tooltip;{level} shop level.
warbonds/shop/level/received/tooltip;{level} shop level. {tasksNum} tasks.
warbonds/shop/level/locked/tooltip;{level} shop level. {tasksNum} completed tasks required.
warbonds/shop/level/locked/tooltip_battlepass;{level} shop level. This shop level will open upon obtaining level {tasksNum} of the Battle Pass.
warbonds/shop/requiredLevel;<color=@userlogColoredText>{level}</color> shop level required.
warbonds/shop/requiredMedals;<color=@userlogColoredText>{count}</color> {count=medal/medals} required.
warbonds/shop/requiredUnitRank;At least rank <color=@userlogColoredText>{unitRank}</color> of any unit type in any country required.
warbonds/shop/notAvailableForCurrentShop;This item is not available because the current shop has expired. It can be purchased in the new shop.
warbonds/shop/inactive/level; shop level. Current shop cannot be upgraded anymore but the goods are still available for purchase.
mainmenu/newItemsAvailable;New items are available
mainmenu/gamemodesNotLoaded;Loading modes...
mainmenu/gamemodesNotLoaded/desc;"Game modes haven't been loaded.
Try to relogin."
msgbox/custom_presets_alert;Attention! Custom presets are available for {unitNames} {count=unit/units} (the weapon editor is accessible).
msgbox/relogin_required;You need to return to the login screen in order to apply changes.
msgbox/downloadPercent;Downloaded: {percent}%
download/inProgress;Client is still downloading.
download/finished;Download is finished.
mainmenu/bonusCyberCafe;Cyber Café Privilege
skipInBattleSpareActivateConfirm;Skip Confirmation
mainmenu/two_step_popup_header;Two-step authentication
mainmenu/two_step_popup_text;Two-step authentication not activated. Sign in to your Profile Management page to activate it.
mainmenu/email_not_verified;"To protect your account and keep your progress more secure, you need to verify your email address.
Log in to your account management page on the website to verify it."
mainmenu/gamemode_change_notice;"Game mode changed by current Vehicle Preset.
Press to change back to ""%s""."
mainmenu/leader_gamemode_notice;Game mode changed by squad leader
item/FakeBoosterForNetCafeLevel;Cyber Café Privilege
item/FakeBoosterForNetCafeLevel/desc;Special Bonus
item/FakeBoosterForNetCafeLevel/squad;Bonus for {num} player squad
item/FakeBoosterForSquadFromSameCafe2;Bonus for 2 player squad
item/FakeBoosterForSquadFromSameCafe3;Bonus for 3 player squad
item/FakeBoosterForSquadFromSameCafe4;Bonus for 4 player squad
mainmenu/lbUpdateTime;Updated at
sound;Sound
mainmenu/sound/play;Play
mainmenu/sound/stop;Stop
mainmenu/resetVolumes;Reset volume settings to default
mainmenu/tasksList;Task List
missions/emptyList;No available missions.
missions/noCoopMissions;No available missions to play in a squad.
info/ship/displacement;Displacement
info/ship/displacement-tooltip;Volume of water displaced by the underbody
info/ship/citadelArmor;Citadel Armor
info/ship/mainFireTower;Main Fire Tower Armor
info/ship/antiTorpedoProtection;Anti-torpedo protection
info/ship/antiTorpedoProtection-tooltip;Anti-torpedo protection. Maximum TNT-equivalent explosives weight it can absorb.
info/ship/part/hull;Hull
info/ship/part/superstructure;Superstructure
info/material_and_thickness-tooltip;Material and thickness.
info/armor_dimensions-tooltip;Armor thickness: forehead / side / rear
info/ship/citadelArmorDimensions-tooltip;Armor thickness: traverse / side / deck
shop/slotbarPresetsReserve;"To obtain additional presets, you can purchase the following types of vehicles of rank <color=@userlogColoredText>{tier}</color>:
{unitTypes}"
shop/slotbarPresetsMax;You have reached the maximum amount of presets.
profile/only_for_bought;Only for the purchased ones
profile/only_for_bought/hint;Show only those that are suitable for the purchased vehicles
profile/only_for_bought_disabled/hint;You have no vehicles of this type purchased
move_cursor;Move cursor
scroll;Scroll
gamepad_cursor_control_splash/header_text;New navigation in UI
gamepad_cursor_control_splash/navigation_by_ui_objects;Navigation by UI elements
gamepad_cursor_control_splash/activation_of_selected_object;Activate the selected UI element
filesystem/file;File
filesystem/directory;Folder
filesystem/openfile;Open file
filesystem/savefile;Save file
filesystem/askRewriteFile;"{path} already exists.
Do you want to replace it?"
filesystem/fileNotExists;"File {path} not found.
Check the file name and try again."
filesystem/folderDeleted;"Folder {path} was deleted.
Select another folder for saving the file."
filesystem/btnOpen;Open
filesystem/btnSave;Save
filesystem/btnBackward;Backwards
filesystem/btnForward;Forward
filesystem/btnGo;Go
filesystem/btnNavigation;Expand/collapse navigation bar
filesystem/btnRefresh;Refresh
filesystem/btnUp;Up
filesystem/directoryPathInput;Folder path input area
filesystem/fileNameInput;File name input area
filesystem/fileName;File name
filesystem/fileExtension;File type
filesystem/fileMTime;Modification date
filesystem/fileSize;File size
filesystem/filters;File types
filesystem/allFiles;All files
filesystem/fileSizeNotSpecified;File size not specified
filesystem/mTimeNotSpecified;File modification date not specified
filesystem/fsMountPoints;File system directories
filesystem/fsRoot;File system root
filesystem/fsHome;/home directory
filesystem/fsMedia;/media directory
filesystem/gamePaths;Game folders
filesystem/gameExe;Game installation folder
filesystem/gameSaves;Game settings folder
filesystem/winDiskDrives;Local disk drives
topmenu/menu;Menu
topmenu/help;Help
topmenu/battle;Battles
topmenu/pve;PvE
topmenu/pvp;PvP
topmenu/community;Community
topmenu/store;Store
topmenu/tss;Tournaments
topmenu/streamsAndReplays;Streams and Replays
topmenu/reportAnIssue;Report an issue
topmenu/xboxIngameShop;Premium Packs
topmenu/ps4IngameShop;Premium Packs
playTogether/name;Play Together
playTogether/noUsers;players not found
playTogether/squad/playerIsMember;"You are in a squad.
Would you like to leave the squad and gather a new one?"
playTogether/squad/notEnoughtSquadSlots;There are not enough available slots in your squad
playTogether/squad/sendLater;You cannot send invitations during the battle. They will be sent automatically after the battle.
reason/unknown;Unknown reason
item/specialTasksPersonalUnlocks;Special Task
item/specialTasksPersonalUnlocks/desc;Complete Special Tasks to earn medals and get the opportunity to purchase premium vehicles in the Warbond Shop. You will be rewarded with a medal and battle trophy for every completed Special Task.
item/specialTasksPersonalUnlocks/purchaseRestriction;Current Special Task hasn't been completed yet. It is impossible to purchase a new one.
item/specialTasksPersonalUnlocks/limitRestriction;You can not buy a Special Task because you do not have permission to perform Special Tasks. A one-time permit is issued immediately after successfully receiving a reward for completing a Daily Medium Task.
msg/noUniversalSpareForUnit;You have no universal backup available for this vehicle.
xbox/playAs;Play as: <color=@mainPlayerColor>{name}</color>
xbox/reqInstantConnection;This game requires constant Internet connection.
xbox/noInternetConnection;You cannot play War Thunder due to the lack of Internet connection.
xbox/noMultiplayer;Multiplayer is not available
xbox/crossPlayRequired;⋭ - Enabled Cross-Network Play required.
xbox/crossPlayEnabled;Cross-Network Play is enabled. You will meet players from other platforms in battle.
queue/crossPlay;Enabled Cross-Network Play allows you to join the battles quicker.
mainmenu/showVehicles;Show vehicles
mainmenu/showVehiclesTitle;Vehicles for the task: {taskName}
mainmenu/showMore;Show more
mainmenu/filteredUnits;Vehicles matching the filters: {filtered}/{total}
xbox/actionNotAvailableDiffPlatform;You can't perform this action with player from another platform.
xbox/actionNotAvailableLiveCommunications;"Limited by option ""<color=@warningTextColor>Others can communicate with voice, text, or invites</color>""
in Xbox Live account privacy settings:
<color=@activeTextColor>System -> Settings -> Account -> Privacy & online safety -> Xbox Live privacy -> View details & customize -> Communication & multiplayer</color>"
xbox/actionNotAvailableCrossNetworkCommunications;"Limited by option ""<color=@warningTextColor>You can communicate outside of Xbox Live with voice & text</color>""
in Xbox Live account privacy settings:
<color=@activeTextColor>System -> Settings -> Account -> Privacy & online safety -> Xbox Live privacy -> View details & customize -> Communication & multiplayer</color>"
xbox/actionNotAvailableCrossNetworkPlay;"Limited by option ""<color=@warningTextColor>You can play with people outside of Xbox Live</color>""
in Xbox Live account privacy settings:
<color=@activeTextColor>System -> Settings -> Account -> Privacy & online safety -> Xbox Live privacy -> View details & customize -> Communication & multiplayer</color>"
battleTasks/daily/name;Daily Task
battleTasks/specialTasks/name;Special task
loadDlDataStat/inFlight;Loading: files left {filesInFlight} ({filesInFlightSizeKB}K)
loadDlDataStat/failed;failed {filesFailed} ({filesFailedSizeKB}K)
loadDlDataStat/delayed;postponed {filesDelayed}
workshop/1Animcraft_main_header;Flying Serpent, Crouching Tiger!
workshop/1Animcraft_preview_tank_1;Craft your own ␠Tiger with animal camouflage!
workshop/1Animcraft_preview_tank_2;Participate in the ground battles with a high level of activity in vehicles of rank III or higher.
workshop/1Animcraft_preview_tank_3;Combine identical parts to get new ones. Once you’ve collected all the parts you need, use them to create a vehicle.
workshop/1Animcraft_preview_tank_4;"Sell extra or unwanted parts or buy the ones you need from other players in the Market for ⋬ GaijinCoins
(Not available for some game accounts)"
workshop/1Animcraft_preview_air_1;Craft your own ␠Kingcobra aircraft with animal camouflage!
workshop/1Animcraft_preview_air_2;Participate in the air battles with a high level of activity in vehicles of rank III or higher.
workshop/1Animcraft_preview_air_3;Combine identical parts to get new ones. Once you’ve collected all the parts you need, use them to create a vehicle.
workshop/1Animcraft_preview_air_4;"Sell extra or unwanted parts or buy the ones you need from other players in the Market for ⋬ GaijinCoins
(Not available for PS4 player or player who previously received DMM items)"
workshop/t34_summer_2018_main_header;Operation S.U.M.M.E.R.
workshop/t34_summer_2018_preview_1;Craft your own Т-34E!
workshop/t34_summer_2018_preview_2; Collect craft materials by participating in the ground battles with a high level of activity in vehicles of ranks II-III.
workshop/t34_summer_2018_preview_3;Find out which craft recipes is correct and create tank parts. Once you’ve collected all the parts you need, use them to create a T-34E.
workshop/t34_summer_2018_preview_4;In addition to T-34E get access to a second part of the event - IS-7 assemble!
workshop/t34_summer_2018_preview_5;An optional exchange of created T-34E for Sd.Kfz.234/4, M8 or AEC Mk.II will be available.
workshop/t34_summer_2018_preview_6;"Sell extra or unwanted parts or buy the ones you need from other players in the Market for ⋬ GaijinCoins
(Not available for some game accounts)"
workshop/is7_summer_2018_main_header;Operation S.U.M.M.E.R.
workshop/is7_summer_2018_preview_1;Craft your own IS-7!
workshop/is7_summer_2018_preview_2; Collect craft materials by participating in the ground battles with a high level of activity in vehicles of ranks IV-VI.
workshop/is7_summer_2018_preview_3;Find out which craft recipes is correct and create tank parts. Once you’ve collected all the parts you need, use them to create a ИС-7.
workshop/is7_summer_2018_preview_4;"Sell extra or unwanted parts or buy the ones you need from other players in the Market for ⋬ GaijinCoins
(Not available for some game accounts)"
workshop/craft_event_2019_spring_header;Battlefield Engineer
workshop/craft_event_2019_spring_preview_1;Repair your own I-180S!
workshop/craft_event_2019_spring_preview_2;I. Collect Aircraft Maintenance Technician Toolkits and New components by participating in random battles with a high level of activity in vehicles of ranks II+.
workshop/craft_event_2019_spring_preview_3;II. Determine the status of each unexamined (⌡) part and components on your aircraft. Find the defective component (⋟) in each broken part and replace it with a new one (⋥). Once you’ve collected all the parts you require, use them to create an I-180S fighter.
workshop/craft_event_2019_spring_preview_4;"III. An optional exchange of created I-180S for Tank Destroyer ""VFW"" and Sub-chaser ""MPK Pr.122bis"" will be available. ""Vehicle Vouchers"" obtained after the second repaired I-180S can be exchanged for rare vehicles — MBT ""Merkava Mk.I"", Light Cruiser ""HMS Tiger"" and Twin-engine Fighter ""Ju 388 J""."
workshop/craft_event_2019_spring_preview_5;"Sell extra Aircraft Maintenance Technician Toolkits and New components or buy the ones you need from other players in the Market for ⋬ GaijinCoins
(Not available for some game accounts)"
workshop/camo_trophy_exchange;Camo Trophy (trade items)
workshop/advancing_storm;'Advancing Storm'
workshop/project_x;'Project X' I
workshop/project_x_ii;'Project X' II
workshop/valkyrie_i;'Valkyrie'
workshop/supersonic_i;'Supersonic'
workshop/starfighters;'Starfighters'
workshop/raining_fire;'Raining Fire'
workshop/new_power;'New Power'
workshop/hot_tracks;'Hot Tracks'
workshop/ixwa_strike;'Ixwa Strike'
workshop/direct_hit;'Direct Hit'
workshop/ground_breaking;'Ground Breaking'
workshop/winged_lions;'Winged Lions'
workshop/wind_of_change;'Wind of Change'
workshop/danger_zone;'Danger Zone'
workshop/drone_age;'Drone Age'
workshop/fire_and_ice;'Fire and Ice'
workshop/apex_predators;'Apex Predators'
workshop/sky_guardians;'Sky Guardians'
workshop/esport_trophy;'eSport'
workshop/esport_trophy_2;'eSport II'
workshop/air_superiority;'Air Superiority'
workshop/alpha_strike;'Alpha Strike'
workshop/seek_and_destroy;'Seek & Destroy'
workshop/esport_trophy_3;'eSport III'
workshop/la_royale;'La Royale'
workshop/sons_of_attila;'Sons of Attila'
workshop/kings_of_battle;'Kings of Battle'
workshop/red_skies;'Red Skies'
workshop/locked_on_i;'Locked on!'
workshop/imperial_navy_i;'Imperial Navy'
workshop/night_vision;'Night Vision'
workshop/northern_wind;'Northern wind'
workshop/viking_fury;'Viking Fury'
workshop/viking_fury_test;'Viking Fury (test)'
workshop/project_x_weekend_exchange;Trophy Exchange
workshop/new_year_2019;Festive Quest
items/exchangeTo;Exchange to {currency}
items/btnExchange;Exchange
items/exchangeMessage;Are you sure you want to exchange {amount}x{item} to {currency}?
items/cantExchangeToWarbondsMessage;You already have maximum amount of warbonds.
loading/skin;Loading content
options/onChangeValue/inQueue;<color=@warningTextColor>Attention! This change will take effect only at the next join to the queue.</color>
mainmenu/itemPreviewForbidden;Items preview at this time is not possible.
decoratorPreview/autoselectedUnit;{previewUnit} is selected for preview, because {hangarUnit} located in hangar is not suitable for this.
decoratorPreview/autoselectedUnit/desc;"If you want to choose another vehicle for this, then pre-load it into the hangar. For example, you can open the desired vehicle in ""{preview}"" or ""{customization}""."
decoratorPreview/applyManually/decal;Apply the decal on the vehicle
decoratorPreview/applyManually/attachable;Apply the decorator on the vehicle
decorator/use/decal;Use Decal
decorator/use/attachable;Use Decorator
decorator/use/skin;Use Camouflage
items/msg/waitPreviousGoldTransaction;The previous purchase for eagles was not completed.
items/waitItemsInTransaction;Items pending: {amount}
mainmenu/btnDmgSkinPreview;Damaged model preview
mainmenu/hintDmgSkinPreview;Mouse pointer:
mainmenu/btnDmgSkinDamaged;Repairs damage
mainmenu/btnDmgSkinUndamaged;Applies damage
mainmenu/btnPostPs4ActivityFeed;Share
mainmenu/unlockDiscount;{romanNumeral} ({discountProgress} / {maxProgress}) – Price drops to {cost}.
exp_reasons/kill_helicopter;Helicopter shot down
confirmationMsg/rareCraftPart;Rare parts are not easy to find in battles and you should disassemble it only if you have already used this kind of part in your assembly.
msg/squad/noPlayersForDiffConsoles;You can't have players from different consoles in the same squad
customization/decorLayout/title;Link camouflage decor layout
customization/decorLayout/desc1;Link this camouflage decor layout (decals and attachables):
customization/decorLayout/desc2;to camouflages marked below. All linked camouflages will have the same decals and attachables layout. Any edits on any of those camouflages will be applied to all linked camouflages at once:
customization/decorLayout/linkedSkins;Linked Camouflages
customization/decorLayout/layoutName;Layout Name
customization/decorLayout/defaultName;Layout #{number}
customization/decorLayout/layoutDelete;Layout {name} will be deleted.
rename/cant/nameAlreadyTaken;This name is already taken.
items/sortBy;Sort
items/sort/releaseDate;by date
items/sort/price;by price
items/sort/name;by name
items/sort/isBought;already bought
items/sort/ascending;Ascending
items/sort/descending;Descending
msgBox/start_new_unit_type_to_battle_tutorial;"Do you want to try your hand at mode ""{gameModeName}""?"
slotbarPresetsTutorial/openGameModeSelect;Open the game modes window to choose a proper one.
slotbarPresetsTutorial/selectGameMode;Select a game mode in which you can play on {unitType}.
mainmenu/gameModeChoice;Game Mode Select
items/openIn/XboxStore;Open in Microsoft Store
items/openIn/Ps4Store;Open in PlayStation™Store
items/purchaseIn/Ps4Store;Purchase in PlayStation™Store
items/openIn/EpicGameStore;Purchase in Epic Game Store
;
;
mainmenu/playersCannotBeInvites;Players cannot take part in skirmish
mainmenu/playersAreNotInvited;Players haven't been invited into the session
mainmenu/btnRevealNotifications;Show hidden notifications
mainmenu/btnRevealNotifications/onSuccess;Hidden notifications will be show again.
mainmenu/btnFindSquadron;Find Squadron
mainmenu/btnRevealNotifications/askPlayer;"Reset all options about player choice to hide any notifications and dialog boxes with recomendations, tips, etc.
Reset these settings to the original form?"
mainmenu/btnInvestSquadronExp;Invest experience
mainmenu/needJoinSquadronForResearch;To research this vehicle you need to join squadron and play random battles.
mainmenu/needJoinSquadronForResearch/continue;To continue researching this vehicle you need to join squadron and play random battles.
mainmenu/needJoinSquadronForResearchOrBuy;This vehicle can be purchased for {price} or researched by joining a regiment and playing random battles.
mainmenu/needJoinSquadronForResearchOrBuy/continue;This vehicle can be purchased for {price}, or you can continue your research by joining a regiment and playing random battles.
mainmenu/researchOrBuy;This vehicle can be purchased for {price} or selected for research based on regiment activity.
mainmenu/buyOrContinueResearch;This vehicle can be purchased for {price}, or you can continue your research based on regiment activity.
mainmenu/leaveSquadronNotClearProgress;Research progress is not lost when leaving squadron.
mainmenu/leaveSquadronNotLockedVehicle;Vehicle will be available when leaving squadron.
workshop/itemMarkingPresets/brokenItem;▕ defective
workshop/itemMarkingPresets/brokenPart;▕ defective part
workshop/itemMarkingPresets/brokenDetail;⋟ defective component
workshop/itemMarkingPresets/unexaminedItem;⌡ unexamined
workshop/itemMarkingPresets/newWorkingDetail;⋥ new component
mainmenu/squadronVehicle;Squadron vehicle
mainmenu/eventVehicle;Event vehicle: {event}
shop/distributeSquadronExp;Distribute experience in squadron vehicles
mainmenu/nextResearchSquadronVehicle;Choose your new research of squadron vehicles
squadronExp/invest/needMoneyQuestion;Are you sure you want to invest {exp}?
save/btnDelete;Delete
save/btnLoad;Load
save/btnSave;Save
save/btnRewrite;Rewrite
save/controlPresets;Saved Control Presets
save/saveNameInput;Name
mainmenu/btnManageControlsBackup;Backup/Restore
save/fileName;Name
save/deleteFailed;Could not delete preset
save/saveNameMissing;Please enter a name for the new preset
save/controls/subtitle;Control Presets
save/confirmDelete;Are you sure you want to delete '{name}'?
save/confirmOverwrite;Do you want to overwrite '{name}'?
save/confirmLoad;Do you want to load '{name}'?
item/examine;Examine
item/requires/examination/item;To examine an item you need:
item/requires/examination/any_of_items;To examine an item you need any one of the items:
item/requires/examination/items_set;To examine an item you need an item set:
item/requires/examination/any_of_item_sets;To examine an item you need any one of the item sets:
msgBox/examineItem/cant;You cannot examine this item yet.
msgBox/examineItem/confirm;Are you sure you want to examine the item?
msgBox/examineItem/time;Examination time: {time}
msgBox/examineItem/confirmWhithItemName;"Are you sure you want to examine the item
{itemName}?"
msgBox/cancelExamination/confirm;Are you sure you want to cancel the examination {itemName}?
items/craft_process/countdown/examination;Examination will be finished in {timeleft}
mainmenu/itemExamined/title;You have examined an item
mainmenu/craftCanceled/title/examination;You have canceled the examination
item/try_create_recipes/quiz_diagnostics;You can choose from {countColored} lists of 5 possible aircraft defects. Find the right one among them with the help of Diagnostics. {createTime}Answer example:
msgBox/quiz_answer/time;Time to check the answer: {time}
item/quiz_answers;Possible Defects
item/create_header/quiz_diagnostics;Choose the correct list of defective components to get the item {itemName}:
item/create_header/quiz_diagnostics/findTrue;Find the correct list of defective components to get the item {itemName}:
item/quiz_answer;Choose Selection
item/quiz_answers/markTooltip/fakeByUser;You have marked these 5 parts as faulty
items/quiz_answered/countdown;Selection check will be completed in {timeleft}
mainmenu/quiz_canceled/title;You have canceled the check
mainmenu/quiz_answered/title;You have received an award
mainmenu/quiz_answered/title/true;It's the correct defect list! You've received the maximum reward
mainmenu/quiz_answered/title/fake;It's the wrong defect list. You've received the consolation reward
msgBox/quiz_selected_answer;Selected list of defective components:
msgBox/quiz_answer/confirm;"Are you sure you have found the correct list of defect components to receive the item
{itemName}?"
msgBox/quiz_answered/cant/fakeByUser;This defect list is was marked as incorrect
msgBox/quiz_cancel_check/confirm;Are you sure you want to cancel the selection check?
mainmenu/compareAchievements;Compare {name} Achievements
mainmenu/showAchievements;Show {name} Achievements
HUD/alien/throttle;ᚵᚩᚳᚰᚵᚵᚭᚦ
HUD/alien/velocity;ᚷᚦᚭᚰᚤᚪᚵᚸ
HUD/alien/kmph;
HUD/alien/gun;ᚢᚮᚮᚰ ᚨᚶᚯ
HUD/alien/rockets;ᚢᚮᚮᚰ ᚱᚰᚤᚬᚦᚵᚴ
HUD/alien/percent;
HUD/alien/comma;ᛃ
HUD/alien/minus;ᛅ
HUD/alien/digit0;ᚼ
HUD/alien/digit1;ᚽ
HUD/alien/digit2;ᚾ
HUD/alien/digit3;ᚿ
HUD/alien/digit4;ᛀ
HUD/alien/digit5;ᛁ
HUD/alien/digit6;ᛂ
HUD/alien/digit7;ᚻ
HUD/alien/digit8;ᚺ
HUD/alien/digit9;ᚹ
HUD/alien/north;ᚢᚲ
HUD/alien/east;ᚣᚲ
HUD/alien/south;ᚤᚲ
HUD/alien/west;ᚥᚲ
weapons/uw_railgun_mk_02;ᚶᚸ ᚳᚢᚪᚭᚨᚶᚯ ᚷᚼᚾ
weapons/uw_railgun_mk_02_red;ᚶᚸ ᚳᚢᚪᚭᚨᚶᚯ ᚷᚼᚾ
weapons/laser_gun_mark_07_19;ᚭᚢᚴᚦᚳᚨᚶᚯ ᚷᚼᚻᚾᛁ
weapons/laser_gun_mark_07_20_red;ᚭᚢᚴᚦᚳᚨᚶᚯ ᚷᚼᚻᚾᛁ
weapons/railgun_mk_01_04;ᚳᚢᚪᚭᚨᚶᚯ
weapons/railgun_mk_01_04_red;ᚳᚢᚪᚭᚨᚶᚯ
weapons/uf_o_mk_2019_torpedo;ᚶᚧᚰ ᚵᚰᚳᚱᚦᚥᚰ
weapons/uf_o_mk_2019_torpedo/short;ᚶᚧᚰ ᚵᚰᚳᚱᚦᚥᚰ
weapons/uf_o_mk_2019_torpedo_red;ᚶᚧᚰ ᚵᚰᚳᚱᚦᚥᚰ
weapons/uf_o_mk_2019_torpedo_red/short;ᚶᚧᚰ ᚵᚰᚳᚱᚦᚥᚰ
mainmenu/canOpenVehicle;You can unlock this vehicle immediately for {price}.
msgBox/offerToBuyAtExpiration;"{itemName} item has expired.
Would you like to purchase it now?"
msgBox/titles/titleIsNotUnlocked;The title is not available.
mainmenu/mapPreferences;Preferred maps
mainmenu/missionPreferences;Preferred missions
maps/preferences/missions;missions
maps/preferences/all_missions;all missions
maps/preferences/maps;maps
maps/preferences/ban;Ban
maps/preferences/dislike;Dislike
maps/preferences/like;Like
maps/preferences/removeBan;Remove ban
maps/preferences/removeDislike;Remove dislike
maps/preferences/removeLike;Remove like
maps/preferences/counter/ban;Banned {counterText}
maps/preferences/counter/dislike;Disliked {counterText}
maps/preferences/counter/like;Liked {counterText}
maps/preferences/getPremium;Get Premium Account
maps/preferences/counter/withPremium;{count} with Premium Account
maps/preferences/notice/resetPreferences;Max number of maps/missions allowed for ban/dislike have been changed. You can set your preferences again.
maps/preferences/notice/maxBannedCount;Cannot ban map. You banned maximum number of maps.
maps/preferences/notice/maxDislikedCount;Cannot dislike map. You disliked maximum number of maps.
maps/preferences/notice/maxLikedCount;Cannot like map. You liked maximum number of maps.
maps/preferences/notice/mapIsBanned;Map is already banned. Banned map cannot be disliked.
maps/preferences/notice/request_reset;Are you sure you want to reset all chosen maps/missions?
eac/eac_violation;EAC Violation
eac/eac_not_inited;EAC not initiated. Online games will not be available. Please run the game through launcher.exe.
eac/eac_not_inited_restart;Anti-cheat is not initialized. The selected game mode requires anti-cheat enabled. Reload the game with anti-cheat?
eac/eac_for_linux;For the game use the linux version. Turn off Proton Compatibility Mode in Steam game settings
squadMember/eac_not_inited;Anti-cheat is not initialized. The selected game mode requires anti-cheat enabled.
sound_mod_not_allowed_restart;Sound mods are not allowed for selected game mode. Need to restart game to turn sound mods off. Restart game?
sound_mods_disabled;Warning! The previous game session ended abnormally, most likely due to the installed sound modification. The sound modification was disabled. Please contact the author of the modification for an updated version, or, if you are the author, make changes to the modification based on the current sound project located at <url={link}>GitHub</url>
sound_mods_url;https://github.com/GaijinEntertainment/fmod_studio_warthunder_for_modders
promo/XBOXAccount_linked;Binding an e-mail to your account
promo/XBOXAccount_linked/desc;"Great news for Xbox players! Upgrade your account by binding your War Thunder account to your e-mail.
This will allow you to play from your PC, log in on the official Gaijin website, forum, and LIVE services, contact support and purchase Golden Eagles in the official Gaijin webstore."
promo/btnXBOXAccount_linked;Bind account
msgbox/hasShipWithoutPurshasedTorpedoes;Torpedoes have not been purchased for {numShips=ship/ships} {shipsList}!
popup/playerMuted;Player {playerName} is muted
msgbox/groupAlreadyInOtherSlot;"Only one vehicle from a group can be installed in crew slots.
Vehicle from {groupName} group has already been used in slot #{slotIdx}. {descMsg}
Are you sure?"
msgbox/groupAlreadyInOtherSlot/inEmptySlot;If you add {unitName} in selected slot, then {curGroupUnitName} vehicle in slot #{slotIdx} will be sent to holiday.
msgbox/groupAlreadyInOtherSlot/slotWithUnit;If you add {unitName} in selected slot, then {curGroupUnitName} vehicle in slot #{slotIdx} will be replaced by {curUnitName}.
unitsGroup/groupContains;Vehicles group {name} includes followed units
mainmenu/unlockAchievements/limitReached;You have more than {num} achievements in list. New favorite unlocks won't be saved
items/shop/emptyTab/default/loading;Items are updating
mainmenu/unitRoleInArmy;Role in army:
mainmenu/changeUnitsGroup;Change group
mainmenu/onlyShownUnitsByGroup;Shown only vehicles from selected group ({groupName})
mainmenu/btnHdrSettings;HDR Settings
mainmenu/needRecruitCrewWarning;For upgrade crew is need to recruit him
crew/qualifyRequirement/toTrainUnit;To qualify for {wantedQualify} on {unitName}, you need to train crew to operate this vehicle.
generatePreset/current_preset_is_better;Current preset has best available vehicles in slots.
generatePreset/warning/can_create_best_preset/tooltip;You can generate better vehicles preset.
options/voiceChat/disableWarning;"Ingame Voice chat available only with enabled ""Cross-platform communication"" option"
mainemnu/comingsoon;Coming Soon
workshop/accentCraftTreeButton;"Press ""{buttonName}"" to open scheme."
workshop/tutorial/selectRecipe;Choose one of the available options
workshop/tutorial/pressButton;"Press ""{button_name}"""
workshop/tutorial/wait;At the end of the timer, open this window again to complete the process.
workshop/on_market_button;Sell extra materials and buy the resources you need in the Market
mainmenu/btnNextItem;Next
msgbox/wagerActivate;Are you sure you want to activate {name}?
msgbox/wagerActivate/withCost;"Are you sure you want to activate {name}
for {cost}?"
msgbox/activateSpareForUnit;Are you sure you want to activate {spareName} for {unitName}?
mainmenu/important_notice;Important!
mainmenu/btnChangelog;Changelog
NoUpdateInfo;Oops... No information yet :(
visitGameSite;Check the game website for more details and links to the issues already resolved
personalUnlocks/needCompleteIntroCampaign;Will be available after completing intro campaign
specialOffer;Special offer!
specialOffer/unitDiscount;Have time to purchase {unitName} at {discount} discount!
specialOffer/TimeSec;Offer is valid for: {time}
specialOffer/valid;Offer is valid for:
specialOffer/limited;LIMITED
specialOffer/personal;PERSONAL OFFER
specialOffer/discount;DISCOUNT
specialOffer/exclusivePrice;Your Exclusive Price:
specialOffer/TillTime;Special offer ends in: {time}
specialOffer/totalAmount;Total amount:
specialOffer/inWishlist;On your wishlist!
userlog/specialOffer/recived;You have received {itemName}
userlog/specialOffer/expired;{itemName} has expired
userlog/expenses_compensation;Expenses compensation
userlog/expenses_compensation_tooltip;"Compensation of expenses for automatic repair of vehicles and automatic purchasing of ammo and ""Crew Replenishment"""
mainmenu/noLeaderboardProgress;There will be no leaderboard progress on this vehicle
item/chance;Drop chance
item/chance/low;Low
item/chance/average;Average
item/chance/high;High
mainmenu/btnCollections;Collections
collection/only_uncompleted;Only not completed ones
collection/only_uncompleted/hint;Show only those that are not completed
collection/all_collections_completed;"All collections are completed
To see the completed collections, deselect ""Only not completed ones"""
collection/machineguns;"""Machineguns"" decorations"
collection/mythical_creatures;"""Mythical Creatures"" decals"
collection/rifles;"""Rifles"" decorations"
collection/helmets;"""Helmets"" decorations"
collection/assault_rifle;"""Assault rifles"" decorations"
collection/hats;"""Hats"" decorations"
collection/fire_decal;"""Fire"" decals"
collection/fifa2018_group_a_b;"""Spot the Ball"" decals (groups A, B)"
collection/fifa2018_group_c_d;"""Spot the Ball"" decals (groups C, D)"
collection/fifa2018_group_e_f;"""Spot the Ball"" decals (groups E, F)"
collection/fifa2018_group_g_h;"""Spot the Ball"" decals (groups G, H)"
collection/fifa2018_super;"""Spot the Ball"" decals (super collection)"
collection/camo_trophy_2018;"""Game update (2017-2018)"" decals"
collection/camo_trophy_2019;"""Game update (2018-2019)"" decals"
collection/camo_trophy_2020;"""Game update (2019-2020)"" decals"
collection/camo_trophy_2021;"""Game update (2020-2021)"" decals"
collection/camo_trophy_2022;"""Game update (2021-2022)"" decals"
collection/camo_trophy_2023;"""Game update (2022-2023)"" decals"
collection/ammunition;"""Ammunition"" decorations"
collection/winter_fun;"""Winter fun"" decorations"
collection/assault_rifle_ag;"""Assault rifles with grenade launcher"" decorations"
collection/submachine_gun;"""Submachine gun"" decorations"
collection/winter_2021_pinup;"""Operation W.I.N.T.E.R. 2020-21"" Pinups"
collection/winter_2020_pinup;"""Operation W.I.N.T.E.R. 2019-20"" Pinups"
collection/winter_2019;"""Operation W.I.N.T.E.R. 2018-19"" decals"
collection/summer_2021_decals;"""Summer landing"" decals"
collection/winter_2022_pinup;"""Female Warriors"" Pinups"
collection/winter_quest_2023;"""Winter Quest 2022-23"" decals"
collection/summer_quest_2022;"""Summer Quest 2022"" decals"
collection/summer_2016;"""Operation S.U.M.M.E.R. 2016"" Pinups"
collection/summer_2017;"""Operation S.U.M.M.E.R. 2017"" decals"
collection/shield;"""Shields"" decorations"
collection/summer_2023;"""Summer Extreme 2023"" decals"
collection/winter_extreme_2024;"""Winter Extreme 2023-24"" decals"
collection/pinup_zodiac;"""Zodiac"" Pin-ups"
collection/go_to_collection;Go to collection
trophy/collection_decoration_special_console_trophy;"Trophy ""Collection of decorations"" (Common)"
trophy/collection_decoration_weapon_console_trophy;"Trophy ""Collection of decorations"" (Weapon)"
trophy/collection_decal_console_trophy;"Trophy ""Collection of decals"" (Common)"
trophy/collection_decal_football_console_trophy;"Trophy ""Collection of decals"" (Spot the Ball)"
trophy/collection_decal_camotrophy_console_trophy;"Trophy ""Collection of decals"" (Game update)"
trophy/collection_decal_pinups_console_trophy;"Trophy ""Collection of decals"" (Pin-ups)"
item/openForGold/needMoneyQuestion;"Are you sure you want to open {itemName}
for {cost}?"
trophy/openCountTillPrize;When opening {trophiesCount} trophies, {prizeText} is guaranteed
trophy/openCount;Trophies open {openTrophiesCount} of {trophiesCount}
trophy/prizeAlreadyReceived;{prizeText} already received
contacts/psn/blacklist/request;Block
contacts/psn/friends/request;Friend request
battlePass/info/today_login_exp;Progress points received today with Login Award: {expNum}
battlePass/info/login_streak;The Season's logins: {loginNum}
battlePass/info/tomorow_login_exp;Progress points will be received tomorrow with Login Award: {expNum}
battlePass/info/easy_daily_task_progress;Daily Easy Task: {status}
battlePass/info/medium_daily_task_progress;Daily Medium Task: {status}
battlePass/info/task_status/done;done
battlePass/info/task_status/notDone;not done
battlePass/info/season_tasks_progress;The Season's Challenges Progress:
battlePass/info/available_special_tasks;Available Special Tasks: {tasksNum}
battlePass/name;Battle Pass {name}
battlePass/endDate;(until {time})
battlePass/improvedBattlePassName;Improved Battle Pass {name}
battlePass;Battle Pass
battlePass/seasonName/1;1st Season, 75th Anniversary of the Great Victory
battlePass/seasonName/2;"""Steel Centurion"""
battlePass/seasonName/3;"""Strength Athletics"""
battlePass/seasonName/4;"""Fearless Voltigeur"""
battlePass/seasonName/5;"""River Hunter"""
battlePass/seasonName/6;"""Firepower"""
battlePass/seasonName/7;"""Armored Elephant"""
battlePass/seasonName/8;"""Field Testing"""
battlePass/seasonName/9;"""Smell of Victory"""
battlePass/seasonName/10;"""Royal Guard"""
battlePass/seasonName/11;"""Her Majesty's Hussar"""
battlePass/seasonName/12;"""Armour Breaking Ambusher"""
battlePass/seasonName/13;"""Tropical Storm"""
battlePass/seasonName/14;"""Airborne General"""
battlePass/seasonName/15;"""Northern King"""
battlePass/seasonName/16;"""Skilled Marksman"""
season/information;Full information about the Season
battlePass/rewardsTitle;Congratulations! You have earned Battle Pass prize!
battlePass/buy/desc;"The purchase of the ""Battle Pass"" allows to collect rewards from all opened levels of the Season. ""Battle Pass"" levels contain regular or unique prizes, including premium vehicles, camouflages, decorations, decals and profile icons. You can earn prizes by playing random battles and completing Battle Tasks and Season's Challenges."
battlePass/btn_buy;"""Battle Pass"" shop"
battlpass_progress;"""Battle Pass"" level"
progress/amount;+ {amount} progress pts.
progress/amount/forValues;+ {amount} progress {amount=point/points} for
updStats/battlepass_exp;"+{amount} ""Battle Pass"" progress {amount=point/points}"
battlePass/seasonLoginStreak;The Season's logins: {amount}
battlePass/info/total_progress_exp;Total progress points earned: {expNum}
battlePass/info/require_exp_for_level;Remaining to new level: {expNum}
battlePass/wiki_link;Battle Pass rules
battlePass/msgbox/gotoBpShopTitle;To receive Battle Pass paid prizes, you must first purchase it in the store.
battlePass/msgbox/gotoPrize;Go to unclaimed reward
battlePass/msgbox/gotoPrizeTitle;To receive the selected reward, you need to collect all the previous rewards in the lineup.
battlePass/msgbox/alreadyReceived;Prize already received
battlePass/msgbox/bpLevelInsufficient;To receive the selected prize, you need to earn the corresponding Battle Pass level.
mainmenu/btnPsnMatchReview;Player Review
condition/unlockByTime;Unlocks on {date}
condition/unlockByLevel;Unlocks at Battle Pass Level {level}
warbonds/canBuySpecialTasks;Permits to purchase Special tasks
warbonds/canBuySpecialTasks/tooltip;A one-time permit is issued immediately after successfully receiving a reward for completing a Daily Medium Task.
warbonds/canBuySpecialTasks/awardTitle;+{count} {count=permit/permits} to purchase Special task
congratulations;Congratulations!
battlePass/congratulations/buy;"You have purchased ""Battle Pass"" and can receive all prizes of the Season"
preloaderSettings/title;Loading screen filter
preloaderSettings/maxBannedCount;Cannot ban screen. You banned maximum number of screens.
preloaderSettings/hint;The loading screen filter is applied only after you login to the game with your personal account.
preloaderSettings/trackProgress;Track progress
preloaderSettings/untrackProgress;Untrack progress
ps4/updateAvailable;"A new update is available. Please use ""Check for update"" function if it was not added to Downloads automatically."
mainmenu/rewardsNotCollected;Rewards not collected
mainmenu/fulfilledChallenges;Fulfilled challenges
mainmenu/pageNumOfPages;Page {num} of {total}
mainmenu/btnMoreOptions;More...
mainmenu/objectiveAvailable;Objective available
mainmenu/objectiveNameAvailable;"Objective available: {unlockName}
Click on this label to go to the task"
mainmenu/newObjectiveAvailable;New objective available
mainmenu/acceptObjective;Accept Objective
mainmenu/regionalUnlockActivationError;Failed to accept objective. Please try again later.
mainmenu/promoteUnit;Available vehicle for purchase for a limited time
loading_bg;Loading screen
event/chronicles;Chronicles of World War II
event/winter_holidays;Winter Holidays
event/good_old_summer;Good Old S.U.M.M.E.R.
event/unlockAircrafts;"Shoot down enemies to get new aircraft
(aircraft will be received after battle)"
event_extr/unlockUnits;Assemble new vehicles in the event window to expand the list of available vehicles in the battle
weaponry/select_on_buy;Autoselect upon purchase
msgbox/confirmDelayedDownload;Confirm
msgbox/delayedDownloadContent;The mode of loading additional content only in the hangar is enabled. The mode has been enabled due to poor network quality or insufficient download speed. You can turn it off in settings
weaponry/select_on_buy/tooltip;Will be set automatically upon purchase
msgbox/steam/rate_review;We hope you’re enjoying War Thunder! If you have time, would you like to share your opinions about the game or read reviews from fellow players? Your review can help us improve and make War Thunder better, and help other players discover the game.
msgbox/goToSteam;Go to Steam
msgbox/countryConfirmation;"Random rewards functionality may be limited due to legal restrictions imposed in some countries.
Please confirm if you are from {country}."
msgbox/legalRestrictionsNotice;Purchasing random reward items is limited due to legal restrictions imposed in your country.
duplicate_role/tank_gunner;Can fire main armament
duplicate_role/driver;Can drive the vehicle
duplicate_role/loader;Performs tank loader's duties
duplicate_role/commander;
duplicate_role/radio_gunner;
msg/error_when_try_to_respawn;An error occurred while trying to respawn.
first_stage_ammo;First stage ammunition
gpuBenchmark/progress;Results will be ready in {timeLeft}
gpuBenchmark/resultsTitle;Select your desired graphics preset from the following options or choose «Cancel» without making any changes
gpuBenchmark/btnStart;Start the test
gpuBenchmark/title;GPU Benchmark
gpuBenchmark/presetMaxQuality;Maximum quality
gpuBenchmark/presetMaxFPS;Maximum FPS
gpuBenchmark/preset60Fps;60 FPS
gpuBenchmark/resultsEffect;Preset applying effect:
gpuBenchmark/resultsPresetName;Suggested presets:
gpuBenchmark/desc;Run the test to get recommended graphics settings
edit/secondary_weapons;Editing Secondary Weapons
customSecondaryWeapons/available;Custom secondary weapons are available
customSecondaryWeapons/disabled;Creating custom secondary weapons is not available due to the absence of required modifications
editWeaponsSlot/requiredForDependedWeapon;The selected slot has {currentWeapon}, which is required for {dependWeapons}.
editWeaponsSlot/weaponInSlot;{weapon} in slot {tierNum}
editWeaponsSlot/requiredDependedWeaponInOccupiedSlot;To install a weapon, must install {dependWeapon} in the slot in which {currentWeapon} is placed.
weapons/pylonsWeightDisbalance;Load of {side} pylon group is exceeded by {disbalance}. Maximum permissible weight difference is {maxDisbalance}.
weapons/pylonsWeightSummaryOverload;Total weight exceeded on {overload}. Current weight {weight}. Maximum permissible weight is {maxWeight}.
weapons/pylonsWeightLeftOverload;Left weight exceeded by {overload}. Current weight {weight}. The maximum permissible weight is {maxWeight}.
weapons/pylonsWeightRightOverload;Right weight exceeded by {overload}. Current weight {weight}. The maximum permissible weight is {maxWeight}.
editWeaponsSlot/removedDependedWeapons;{weapons} from the corresponding {weaponsCount=slot/slots} will be removed from the preset after editing the selected slot.
editWeaponsSlot/bannedWeapons;The selected weapon prohibits the use of the following weapons: {bannedWeapons}.
editWeaponsSlot/bannedByWeapons;It is forbidden to use {currentWeapon} in the selected slot because of an installed weapon: {weapons}.
msg/can_not_save_preset;Cannot save a preset.
presets/wing_sweep_limitation;Wing sweep limitation.
msg/attention;Attention!
side/left;Left
side/right;Right
mainmenu/btnGotoSkinUnlock;Achievement Conditions
mainmenu/skinHintCanBuyOrUnlock;This camouflage can be obtained by fulfilling its conditions or purchased for Golden Eagles.
mainmenu/skinHintCanBuy;This camouflage can be purchased for Golden Eagles.
mainmenu/skinHintCanUnlock;This camouflage can be obtained by fulfilling its conditions.
suggested_skin/available;"Author's camouflage is available
{skinName}"
suggested_skin/info;This is an author's camouflage, added to the game under the user-generated content supporting program.
suggested_skin/find;You can support the author by purchasing this camouflage on the Marketplace.
mainmenu/ps5_update_request;Please update your War Thunder client to the native PlayStation®5 version.
item/talisman_ship_trophy;Random Talisman (Bluewater fleet)
item/talisman_ship_trophy/shortTypeDesc;Upon purchase, it automatically adds a talisman for a random purchased vehicle that matches the conditions of use.
item/talisman_boat_trophy;Random Talisman (Coastal fleet)
item/talisman_boat_trophy/shortTypeDesc;Upon purchase, it automatically adds a talisman for a random purchased vehicle that matches the conditions of use.
item/talisman_tank_trophy;Random Talisman (Tank)
item/talisman_tank_trophy/shortTypeDesc;Upon purchase, it automatically adds a talisman for a random purchased vehicle that matches the conditions of use.
item/talisman_aircraft_trophy;Random Talisman (Air vehicles)
item/talisman_aircraft_trophy/shortTypeDesc;Upon purchase, it automatically adds a talisman for a random purchased vehicle that matches the conditions of use.
item/talisman_rank_1;Random Talisman (rank I)
item/talisman_rank_2;Random Talisman (rank II)
item/talisman_rank_3;Random Talisman (rank III)
item/talisman_rank_4;Random Talisman (rank IV)
item/talisman_rank_5;Random Talisman (rank V)
item/talisman_rank_6;Random Talisman (rank VI)
item/talisman_rank_7;Random Talisman (rank VII)
item/talisman_rank_8;Random Talisman (rank VIII)
item/tank_skin_trophy;Random camouflage (Tank)
item/tank_skin_trophy/shortTypeDesc;Upon purchase, it automatically adds a camouflage for a random purchased vehicle that matches the conditions of use.
item/aircraft_skin_trophy;Random camouflage (Air vehicles)
item/aircraft_skin_trophy/shortTypeDesc;Upon purchase, it automatically adds a camouflage for a random purchased vehicle that matches the conditions of use.
item/prem_unit_rank_1;Random Premium Vehicle (rank I)
item/prem_unit_rank_2;Random Premium Vehicle (rank II)
item/prem_unit_rank_3;Random Premium Vehicle (rank III)
item/prem_unit_rank_4;Random Premium Vehicle (rank IV)
item/prem_unit_rank_5;Random Premium Vehicle (rank V)
item/prem_unit_rank_6;Random Premium Vehicle (rank VI)
item/prem_unit_rank_7;Random Premium Vehicle (rank VII)
open_url_in_browser;Open in a browser
qrWindow/info;Scan the QR code with smartphone or tablet or use the link.
qrWindow/info/reportAnIssue;By scanning QR code you can immediately attach a photo or video of your problem to the report.
eagles/rechargeUrlNotification;
mainmenu/getQR;Sign in via QR code
ship/damage_control;Damage control
ship/damage_control_set;Damage control set
ship/damage_control_priority;To provide damage control by priority
ship/repair_priority;Repair priority {num}
ship/extinguising_priority;Extinguising priority {num}
ship/unwatering_priority;Unwatering priority {num}
ship/btn_select_for;Select for
actionBarItem/designate_target;Designate a target
choose_nickname_req;The Nickname cannot exceed 16 characters. It may contain letters, numbers and underscores.
trophyCategory/guaranteedPrize;Guaranteed Prize
trophyCategory/additionalGuaranteedPrize;Additional Guaranteed Prize
trophyCategory/additionalRandomPrize;Additional Random Prize
results_best;Results best
invalid_nickname;Invalid Nickname
war_thunder_nickname;Nickname in War Thunder: {name}
unlock/save_snapshot;Save achievement progress for later comparison
unlock/progress_snapshot;+{delta} (since {date})
pc_store_promo/title;Top up your Golden Eagles balance through the Gaijin.net store
pc_store_promo/desc;"Remember, you can top up your Golden Eagles balance through the Gaijin.net store.

To do so, simply log in to store.gaijin.net in any browser using your console account.

Good luck in battle!"
mainmenu/personalTasks/battlePassTasks;Battle Pass Challenges
mainmenu/personalTasks/noBattleTasks;Battle tasks are not available in the current game mode
mainmenu/personalTasks/warning;Please note that the progress of all tasks does not include any actions taken during the ongoing battle.
mainmenu/personalTasks/title;Personal Tasks
captcha/title;Check
captcha/task;Assemble the puzzle
captcha/btnCheck;Check
captcha/retry;You have not been verified, please try again. Remaining attempts: {tries}
captcha/temp_blocked_time_left;Maximum number of captcha attempts exceeded. Please try again in {timeLeft}
actionBarItem/periscope;Up/down periscope
actionBarItem/emergency_surfacing;Emergency ascention
;
;
;
;
ON_GAME_ENTER_YOU_APPLY_EULA;By accessing the game, you accept the privacy policy and terms of use. Press {sendShortcuts} to view
eula/eulaTitle;End-user license agreement
eula/eulaUpdateTitle;End-user license agreement (updated)
msgbox/steam/rate_review_after_improve;Thanks to your feedback, we’ve made several improvements to the game recently. Where possible, we’d like you to evaluate these changes and let us know how we did, so that we can further improve the game in the future. Thank you!
msgbox/steam/rate_review_more_improvement;Thanks to your feedback, we’ve made several improvements to the game recently. Where possible, we’d like you to evaluate these changes and let us know how we did, so that we can further improve the game in the future. Thank you!
exp/convert/notEnoughGold;Not Enough
exp/convert/getMoreGold;Buy Golden Eagles
help/armor;Turn on the vehicle's armor display mode to evaluate its protection
help/xray;Turn on the vehicle's X-Ray display mode to see the position of the internal modules
help/modifications;The purchase and installation of various modifications to the vehicle.
help/protection_analysis;A shooting simulation mode at your vehicle to test the impact of various ammunition on it.
help/show_external_dm;Hiding external structural elements will help you better understand the vehicle's armor scheme and evaluate its strengths and weaknesses.
help/xray_part_filter;Hiding vehicle elements will help you better understand the position of modules of a vehicle.
help/show_extended_hints;An expanded description of the modules allows you to understand the purpose and features of each module, including the impact on the vehicle's combat characteristics.
help/battlepas;Battle Pass indicator (red = active). Purchase a Battle Pass to receive valuable prizes for completing in-game tasks and challenges.
help/free_exp;Convertible research points are spent for accelerated research of vehicles for Golden Eagles.
write_review;Leave feedback
help/community_btn;Leaderboards, squadrons and other social activities.
help/topmenu_pvp_btn;Additional game modes and special missions (training, benchmark).
help/topmenu_menu_btn;Game and control settings.
expSkillBonus;Skill Bonus
expSkillBonusLevel;Bonus Level
debrifieng/SkillBonusHintTitle;The skill bonus is awarded after the end of the battle, depending on the fulfillment of the condition:
debrifieng/SkillBonusHintKills;destroying {req} vehicles controlled by players brings an additional {val}%
debrifieng/SkillBonusHintDamage;causing {req} damage to naval targets brings an additional {val}%
debrifieng/SkillBonusHintEnding;The bonus amount is calculated from the base Research Points earnings.
night_battles;Night battles
night_battles/desc;"When the ""{optionName}"" option is enabled, you have a small chance of getting into a night battle instead of a regular daytime battle. This may only occur if there are enough players in the queue who also have the night battle option enabled. Enabling night battles does not replace daytime battles, it simply allows the possibility of getting into night matches.

Participation in night battles is only possible if there is a vehicle with a Battle Rating of {minMRankForNightBattles} or higher in your crew slots. If no vehicles of that rating are in your crew slots, you'll not be put into the queue to participate in night battles, even if you have them enabled.

When participating in night battles, you can earn the following unique night themed rewards:"
small_teams/desc;"When the ""{optionName}"" option is enabled, you have a chance of getting into a mission with smaller team sizes (min - max: {smallTeamsCount}) instead of a regular battle (min - max: {usualTeamsCount}). This may only occur if there are enough players in the queue who also have the option enabled. Enabling the option does not replace the basic battles, but allows to get into battles with smaller team sizes.

Participation in such battles is only possible when using a vehicle with a Battle Rating of {minMRankForSmallTeamsBattles} or higher. When using vehicles with a lower Battle Rating, you'll not get into battles with smaller team sizes, even if you have the option enabled."
help/crewSelectVenicle;Selecting the type of vehicle for training this crew. The same crew is used and can be trained for all types of vehicle.
help/crewBtnApply;Do not forget to apply your changes.
help/crewBtnBuy;"To upgrade your crew skills faster, you can use the ""Accelerated Training"" menu, in which you can purchase additional skill points for Golden Eagles."
help/crewVenicleType;Each type of vehicle has its own set of crew members or services with unique skills.
help/crewQualificationPage;A menu for upgrading the crew qualification to operate a specific vehicle. A qualification immediately increases all the skills of all crew members and services when operating this vehicle.
help/crewExpPoints;Crew experience points that can be spent on improving its skills. Crew experience points are earned in battles along with vehicle and modification research points.
help/crewSkillsList;A list of skills of a selected crew member or service. You can find out more information about each skill in its tooltip.
help/crewQualification;The crew qualification to operate the selected vehicle. A qualification immediately increases all the skills of all crew members and services when operating this vehicle.
help/crewProgressBar;The current level of the skill (yellow) and the one available for upgrade using crew experience points (light gray).
help/crewSkillIncBtn;Increasing the crew skill level when it has skill points.
help/crewSkillCost;The cost of increasing the level of the current skill.
help/customizationPresets;Choose different types of camouflage for your vehicles.
help/customizationCamouflages;Use camouflages created by other players or your own. A custom camouflage is visible only to you in battle, other players will see you in a standard camouflage.
help/customizationCamouflageOptions;Adjust the camouflage state, change the scale of the pattern and rotate it to the desired angle. This will make your camouflage more distinctive. The change will be visible to all players in battle.
help/customizationPresetLayout;Link the created sets of decals and decorations to the desired camouflages.
help/customizationDecorations;Install various decorations on your vehicles. Decorations allow you to diversify the appearance of your vehicles and, in some situations, reduce their visibility on the battlefield.
help/customizationStickers;Use various decals to give your vehicles a historically accurate or original and unique look.
help/customizationFlag;Here you can change your vessel’s flag.
help/customizationBanAutoSelect;Exclude/return camouflage to the list for automatic selection.
help/protectionAnalysisHintShot;By aiming at a vehicle and firing at it, you can check what effect the selected projectile will cause.
help/protectionAnalysisSearch;The search bar will help you quickly find the vehicle whose projectile you want to use to simulate a shot.
help/protectionAnalysisSelectUnit;To check your vehicle, select the attacking enemy and his weapons from the list.
help/protectionAnalysisDistance;You can set the firing distance and see the armor penetration of the selected projectile on it.
help/protectionAnalysisSaveBullet;Save the ammunition type. When switching to a new vehicle, you will be able to use the same projectile.
help/protectionAnalysisMap;Activate the security map to see vulnerable (marked in green) and protected (marked in red) areas for the current shooting angle. This process takes some time, wait until it is finished before examining the result.
help/protectionAnalysisVerticalAngle;Taking into account the vertical angle of the camera allows you to simulate a shot taking into account the ballistic trajectory of the projectile when firing at a selected distance.
help/modificationSpare;A backup allows you to use a vehicle twice in one battle (only in modes with multiple respawns). Universal backups can be obtained as daily or Battle Pass rewards, or purchased for Golden Eagles.
help/modificationTalisman;A talisman brings +100% research points.
help/modificationCamouflage;The closest camouflage in terms of progress. Use the appearance menu to view this camouflage and learn how to obtain it.
help/modificationCamouflageComplete;The last camouflage received. Use the appearance menu to view other camouflages and learn how to obtain them.
help/modificationAutoPurchaseMods;Automatically purchase modifications researched after the battle using Silver Lions.
help/modificationProgressLine;The progress of full research of all modifications of this vehicle. A fully researched vehicle has a spade icon in its slot and counts toward some achievements.
help/modificationProgressItem;The modification chosen for research. Take part in battles to earn research points and research the modification. You can also purchase this modification for Golden Eagles.
help/modificationNoProgressItem;The modification available for research. You can select this modification for research instead of the one currently selected for research. You can also purchase this modification for Golden Eagles.
help/modificationResearched;Researched but not purchased modification. After researching the modification, it needs to be purchased for Silver Lions.
help/modificationBuyed;Purchased modification. This modification is installed on the vehicle and improves its characteristics in the manner specified in the description.
help/modificationWeapons;Selecting a standard weapon or its modification.
help/crewSkillDecBtn;Reduce skill level.
help/customizationAutoSkin;The game will automatically select the appropriate camouflage in battle
dailyAward/playWTM;"Don't lose your daily reward progress even if you can't log into War Thunder.
By logging into <Link=War Thunder Mobile><Color=@linkTextColor>War Thunder Mobile</Color></Link> {sendShortcuts} every day, you will avoid penalties for the days you missed in War Thunder and maintain your login streak!"
dailyAward/qrCodeWTM;Scan the QR code with your smartphone's camera and download War Thunder Mobile now!
war_thunder_mobile;War Thunder Mobile
qrCode/downloadApkFile;APK File
qrCode/GooglePlay;Google Play
qrCode/AppStore;Apple AppStore
xbox/acceptSquadInGame;Do you want exit to the hangar?
crew/qalification/canbuy;The qualification can be upgraded to {qualify} for {cost}
msgbox/enable_show_others_decals_option;"Decals are intended to diversify the appearance of vehicles, to give it a special, unique or historical appearance. But in some cases, players use them inappropriately — for veiled insults or expressing views. That is why the display of decals on other players vehicles is disabled by default.
You can turn it on to diversify the appearance of other players vehicles. You can also change your choice later in menu: ""{optionPathText}""."
mainmenu/btnTurnOn;Turn on
mainmenu/btnRefuse;Refuse
mainmenu/add_to_wishlist;Add to Wishlist
mainmenu/remove_from_wishlist;Remove from Wishlist?
mainmenu/go_to_wishlist;Go to Wishlist
mainmenu/wishlist;Wishlist
mainmenu/friendWishlist;Wishlist of player {name}
wishlist/wishlist_full;The wishlist is full. Purchase or delete something from it to be able to add new items.
wishlist/comment;Comment
wishlist/comment_req;The comment must be no longer than {count} characters.
crew/qualifyIncrease;Upgrade qualification
customization/skin/exclude_from_autoselect;Exclude from automatic selection
customization/skin/return_to_autoselect;Return to automatic selection
customization/skin/excluded_from_autoselect;The camouflage is excluded from automatic selection in battle for specified terrain conditions
userlog/finishing_type;Finishing off
sensorsFilters/allWeapons;Other weapons
sensorsFilters/playerWeapons;Player weapons
sensorsFilters/enemyWeapons;Weapons attacking the player
sensorsFilters/rktLifetime;Lifetime
sensorsFilters/rktTraveled;Distance travelled
sensorsFilters/rktOverload;Available load factor
sensorsFilters/rktAttackAngle;Angle of attack
sensorsFilters/rktStateOfSeeker;State of the seeker
sensorsFilters/unitMarkers;Marker filters
sensorsFilters/rktFlyMarkers;Weapon parameters
sensorsFilters/sensorMapping;Sensor filters
sensorsFilters/measurement;Measurement units
sensorsFilters/allyes;Allies
sensorsFilters/enemyes;Enemies
sensorsFilters/squad;Squad
sensorsFilters/all;All
sensorsFilters/dead;Destroyed vehicles
sensorsFilters/rangeDist;Range
sensorsFilters/track_sensor;Tracking radars
sensorsFilters/sensor_interest;Detected target markers
userlog/finishing_type/none;— (full reward)
userlog/finishing_type/own;Own target (the rest of the reward)
userlog/finishing_type/other;Ally's target (the rest of the reward)
userlog/finishing_type/converting;By another player (no reward)
userlog/finishing_type/mission_end;Mission end (no reward)
wishlist/filter/researchableVehicle;Researchable
wishlist/filter/premiumVehicle;Premium
wishlist/filter/squadronVehicle;Squadron
wishlist/filter/shopVehicle;From Online Store
wishlist/filter/marketPlaceVehicle;From Marketplace
wishlist/filter/conditionToReceive;With a conditional receipt
wishlist/filter/available;Available for purchase
wishlist/filter/discount;Discount available
wishlist/filter/emptyList;Wishlist is empty
wishlist/filter/filterStrong;No vehicle that matches the selected filters
wishlist/filter/noGifts;There are no vehicles that can be gifted to this player
wishlist/btnGift;Purchase as a gift
wishlist/enabledForFriends;This user has blocked viewing their wishlist.
menu/goToVechicle;Go to vehicle
hints/tutorial_extraction/loot/stage_1;Look for boxes, containers and barrels scattered around the map.
hints/tutorial_extraction/loot/stage_2;Break them by shooting or ramming to find out if there is something inside.
hints/tutorial_extraction/loot/stage_3;Some objects contain valuable resources. Drive over the resource to pick up and add it to your cargo compartment.
hints/tutorial_extraction/loot/stage_4;The cargo compartment fill indicator (the horizontal progress bar) tells you how full it is.
hints/tutorial_extraction/loot/stage_5;Proceed to the extraction zone to take the collected resources to your hangar and use them to create new vehicles, their modifications, as well as valuable prizes!
hints/tutorial_extraction/rage/stage_1;Destroying any enemy gives you +1 rage.
hints/tutorial_extraction/rage/stage_2;Any player can drive up to an enemy wreck that has an untouched rage flag on it to gain at least +1 more rage.
hints/tutorial_extraction/rage/stage_3;Look carefully at the rage level of a defeated enemy — it is equal to the number of stripes on their rage flag.
hints/tutorial_extraction/rage/stage_4;If the rage level of a destroyed enemy is higher than yours, then by picking up their flag you will immediately receive their rage level.
hints/tutorial_extraction/rage/stage_5;When you reach the fifth level of rage, it stops increasing and your vehicle becomes visible to all enemies on the minimap. Get ready for battle!
mainmenu/btnExpandAll;Expand all
mainmenu/btnCollapseAll;Collapse all
mainmenu/noSteamGift;You cannot give gifts to friends from a game running via Steam. Launch War Thunder through the Launcher to give a gift.
mainmenu/noSteamGiftBindEmail;You cannot give gifts to friends using a Steam account. Link your Steam account to email and launch War Thunder through the Launcher to give a gift.
mainmenu/steamBindinEmail;Binding a Steam account to your e-mail address
game_mode_settings;Game mode settings
mainmenu/crewMap;Show crew distribution
slotbar/removeVehicle;Remove vehicle from preset
slotbar/noRemoveVehicle;You cannot remove the last vehicle from the preset
slotbar/swapCrew;Swap with the crew:
topmenu/wtAssistantDeeplink;WT Assistant
wtassistant_deeplink/title;WT Assistant
wtassistant_deeplink/descr;"Install WT Assistant:
Scan the QR code with your phone's camera and download the app right now!

WT Assistant is your mobile companion for your favourite game!
Always be at the epicentre of game events: track your profile progress, research and compare vehicles, manage your squadron and make purchases in the Store.
Stay one step ahead with WT Assistant!"
slotbar/swapCrewButton;Change order
slotbar/dragCrewHint;This action can be done by drag-n-drop – just drag the crew block
slotbar/dragUnitHint;This action can be done by drag-n-drop – just drag the vehicle slot
crewSkillParameter/topSkillValue;value for a top crew
shop/exp_top_units_bonus;Bonus for researching vehicles ({type})
shop/top_units_bonus_off;"By purchasing the top-end vehicle of this type in any research tree, you will unlock a daily bonus that will contribute to your progress for this vehicle type. Each nation will receive {battlesCount} bonus {battlesCount=battle/battles} for this vehicle type every day, allowing you to effectively explore many different and unique vehicles at once!
Get ready to take your military power to the next level!"
shop/top_units_bonus_on;"Congratulations, you have reached a major milestone in your research! There is a top-end vehicle of this type in your hangar, which means that you have access to a daily bonus for researching such vehicles.
Get ready to take your research to the next level and enjoy the daily bonuses!
The remaining number of bonus battles: {countries}.
The number of bonus battles is updated daily at {time}."
crew/skillUpgradesAvalible;Skill upgrades available
slotbar/vehicleAlreadyInSlotbar;"The vehicle is already in the slot!
You can move it to another slot or remove it from the set using the crew panel."
shop/unit_nation_bonus_tooltip/header;Daily bonus to vehicle research
shop/unit_nation_bonus_tooltip/battles_remain;Number of bonus battles: {battlesRemain}
shop/unit_nation_bonus_tooltip/bonus_amount;Bonus amount: +{bonusAmount}%
shop/unit_nation_bonus_tooltip/recentlyReleasedDays;New vehicles do not receive a research bonus for {recentlyReleasedDays} days from release
shop/unit_nation_bonus_tooltip/bonus_text;"The size of the bonus depends on the rank of the vehicle chosen for research
{percents}
Every 30 minutes spent in one battle will count as an additional battle"
shop/unit_nation_bonus_tooltip/update_time;The number of bonus battles will be updated in:
logs/mission_points;{num} {num=mission point/mission points}
logs/ammunition;Ammunition
logs/damage;Damage
shop/show_nation_bonus_in_tab;Show the remaining bonus in headers
air_arcade;Air Arcade Battles
air_realistic;Air Realistic Battles
pve_main_air_arcade;Air Assault
tank_event_in_random_battles_arcade;Ground Arcade Battles
tank_random_battles_historical_base;Ground Realistic Battles
pve_main_tank_arcade;Ground Assault
ship_event_in_random_battles_arcade;Naval Arcade Battles
ship_event_in_random_battles_arcade;Naval Realistic Battles
multiplayer/changeAircraft;Change Vehicle
tankSight/broken;Broken
tankSight/ready;Ready
tankSight/tankSightSettings;Sight settings
tankSight/color;Color
tankSight/backlightColor;With backlight
tankSight/nightVisionColor;NV
tankSight/bgColor;BG
tankSight/nightVisionTextColor;NV Text
tankSight/nightVisionBgColor;NV BG
tankSight/thermalTextColor;In thermal sight
tankSight/thermalColor;In thermal sight
tankSight/thermalBgColor;BG in thermal sight
tankSight/backlightTextColor;Text with backlight
tankSight/backlightBgColor;BG with backlight
tankSight/showSettings;Show settings
tankSight/presetSettings;Sight settings
tankSight/turret;Turret
tankSight/fov;Field of view
tankSight/gunReady;Gun ready
tankSight/sight;Reticle
tankSight/dayVisionPreview;Normal mode
hotkeys/thermalVersionPreview;Thermal mode
tankSight/changeSpectator;Change spectator
tankSight/crosshairColor;Reticle color
tankSight/crosshairLightColor;With backlight
tankSight/crosshairNvColor;Color in NV
tankSight/crosshairThColor;Color in thermal sight
tankSight/customPreset;User sight
tankSight/choosePreset;Choose preset
tankSight/savePreset;Save preset
tankSight/enterPresetName;Enter a name for the new sight preset
tankSight/fontType;Font: {fontType}
tankSight/fontType/digital;Digital
tankSight/fontType/hud;HUD
tankSight/fontType/tiny_text_hud;Tiny HUD
tankSight/fontType/ussr_ils;USSR
tankSight/fontType/f14_ils;F-14
tankSight/fontType/ils31;ILS31
tankSight/fontType/usa_ils;US
tankSight/fontType/mirage_ils;Mirage HUD
tankSight/fontType/ah64_ils;Ah-64
tankSight/us_modern_sight_with_range;M1 with range scale
tankSight/short_range_sight;Short range scale
tankSight/us_modern_sight_without_range;M1
tankSight/sw_modern_tank_sight_without_range;Leopard 2
tankSight/sw_modern_tank_sight_with_range;Leopard 2 with range scale
tankSight/sw_ifv_sight_without_range;CV90
tankSight/sw_ifv_sight_with_range;CV90 with range scale
tankSight/ussr_modern_sight_with_range;T-serie with range scale
tankSight/ussr_sosna_u_sight;Sosna-U FCS
tankSight/ussr_2s38_sight;2S38
tankSight/cross_sight_without_range;Cross
tankSight/cross_sight_with_range;Cross with range scale
tankSight/cn_triangulation;China type triangle
tankSight/cn_ring;China type ring
tankSight/atgm_sight;ATGM ring
tankSight/spaa_sight;AA
tankSight/ussr_spaa_sight;ZAP 23
tankSight/sam_sight_cross;SAM cross
tankSight/sam_sight_circle;SAM ring
tankSight/it_san_giorgio_x4;San Giorgio 4X
tankSight/tpd_2_49;TPD-2-49
tankSight/tsh2b_41;TSh-2B-41
tankSight/western_modern_tanks_range_1;M1 type with range scale
tankSight/western_modern_tanks_2;M1 type
tankSight/western_modern_tanks_range_4;Leopard type with range scale
tankSight/western_modern_tanks_3;Leopard type
tankSight/ussr_rf_modern_tanks_1;T-series type
tankSight/ussr_rf_modern_tanks_2;Sosna-U FCS type
tankSight/ussr_rf_modern_afv;2S38
tankSight/cn_modern_tanks_1;China type triangle
tankSight/cn_modern_tanks_2;China type ring
tankSight/spaa;SPAA
tankSight/sam;SAM
tankSight/atgm;ATGM
tankSight/nonDefaultSightNotification;The settings will not be applied to the following tanks because they have a non-default sight installed: {nonDefUnits}
mainmenu/btnRecords;Statistics
hitsAnalisys;Hits Analysis
hitsAnalisys/myHits;My hits
hitsAnalisys/enemyHits;Enemy hits
hitsAnalisys/saveToBlk;Save to .blk
hitsAnalisys/simulateShot;Simulate shot
hitsAnalisys/headerHits;Hits
hitsAnalisys/headerShooter;Shooter
options/air_spawn_point/sam;Enemy air defense zone
stats/average_active_kills_by_spawn;Targets Destroyed/Death Ratio (players)
stats/average_script_kills_by_spawn;Targets Destroyed/Death Ratio (AI)
controls/weaponControlsDamaged;Weapon control systems damaged, unable to fire weapons
controls/guidanceDamaged;Guidance systems damaged, unable to guide weapons
showcase/favorite_mode;Favorite Mode
stats/place_in_leaderboard;Place in leaderboard
tankSight/ariete;Ariete
tankSight/ariete_range;Ariete with a range scale
tankSight/challenger2;Challenger 2
tankSight/leclerc;Leclerc
tankSight/leclerc_with_range;Leclerc with a range scale
tankSight/leclerc_v1;Leclerc
tankSight/leclerc_v1_range;Leclerc with a range scale
tankSight/leclerc_thermal;Leclerc thermal
tankSight/merkava_1;Merkava cross
tankSight/merkava_2;Merkava ring
tankSight/merkava_v1;Merkava cross
tankSight/merkava_v2;Merkava ring
tankSight/bulletTypeElem;Bullet type
tankSight/bulletType;Type
tankSight/bulletName;Name
hitsAnalisys/openHitFile;Open hit file
tankSight/deletePresetTooltip;Delete selected preset
hints/test_flight/attack_area;You are in the attack zone of enemy air defenses
measureUnits/mmHg;mmHg
multiplayer/missileEvade;Missile evasions
options/setInPostFxSettings;Set in PostFx Settings
showcase/battle_hardened;Battle-Hardened
atomic_ace/name;Atomic Ace
peacemaker/name;Peacemaker
multiplayer/pvp_ratio_short;PvP Rating
multiplayer/place_in_leaderboard;Place in the leaderboard
tankSight/reticle;Reticle Parameters
mainmenu/dataRemaningTimeShort;until {time}
stats/battles;{num=Battle/Battles}
stats/victories;{num=Victory/Victories}
stats/flyouts;{num=Respawn/Respawns}
stats/targetsDestroyed;{num=Target Destroyed/Targets Destroyed}
stats/deaths;{num=Death/Deaths}
shop/moreVehicles;+ {num} more {num=vehicle/vehicles}
showcase/nuclear_bombs_dropped;Nuclear strikes carried out
showcase/nuclear_carriers_shotdown;Nuclear strikes prevented
tankSight/rangefinderProgressColor;Progress
tankSight/rangefinderProgressBackgroundColor;Progress background
tankSight/ReadyMarkVisible;Ready indicator: On
tankSight/ReadyMarkHidden;Ready indicator: Off
tankSight/ReloadCountdownVisible;Reload indicator: On
tankSight/ReloadCountdownHidden;Reload indicator: Off
showcase/favorite_unit;Favorite Vehicle
msg/warning_select_unit;Need to select a vehicle
showcase/relativePosition;The average relative position in your team
profile_header_default/name;Clouds (Default)
profile_header_air_burst_01/name;Air Burst
profile_header_forest_01/name;Winter Forest
profile_header_mountain_01/name;Snowy Mountains
profile_header_mountain_02/name;Mountain Forest
profile_header_scorched_earth_01/name;Scorched Earth
profile_header_sea_waves_01/name;Sea Waves #1
profile_header_sea_waves_02/name;Sea Waves #2
profile_header_event_xmas_2024/name;New Year’s Forest (2024)
showcase/changeBg;Change profile background
showcase/choose_header_screen;Choose profile background
profile/choose_profile_icon;Selection of profile icon
profile/choose_frame;Selection of frame
profile/no_frame;No frame
frame_simple_solid_grey/name;Simple solid, grey
frame_simple_solid_orange/name;Simple solid, orange
frame_simple_solid_red/name;Simple solid, red
frame_simple_solid_black/name;Simple solid, black
frame_simple_dottet_line_orange/name;Simple dotten line, orange
frame_simple_dottet_line_red/name;Simple dotten line, red
frame_simple_dottet_line_blue/name;Simple dotten line, blue
frame_simple_dottet_line_turquoise/name;Simple dotten line, turquoise
frame_simple_corner_accent_grey/name;Simple corner accent, grey
frame_simple_corner_accent_orange/name;Simple corner accent, orange
frame_simple_corner_accent_redorange/name;Simple corner accent, red-orange
frame_wooden_flat_pine/name;Wooden flat, pine
frame_wooden_flat_cherry/name;Wooden flat, cherry
frame_wooden_flat_walnut/name;Wooden flat, walnut
frame_wooden_flat_ebony/name;Wooden flat, ebony
frame_wooden_textured_cherry/name;Wooden textured, cherry
frame_wooden_textured_black/name;Wooden textured, black
frame_event_xmas_2024/name;Christmas (2024)
charServer/ban/reason/NICK_HATESPEECH;Nickname hate speech
mainmenu/seasonExpiredSoon;Season ends in {time}
battlePass/seasonName/18;The Last Legionnaire
trophy/battlepass_s16_gold_wager_trophy;Golden Battles Wager up to 1000¤ + 100 000═
mainmenu/timeForBuyVehicleShort;{time} left
unit_collector/name;Vehicle Collector
ace_of_spades/name;Ace of Spades
medalist/name;Medalist
achievement_hunter/name;Achievement Hunter
showcase/averageRelativePosition;Average relative position
stats/average_active_kills_by_deaths;Targets Destroyed / Deaths Ratio (Players)
stats/average_script_kills_by_deaths;Targets Destroyed / Deaths Ratio (AI)
ace_of_spades/warning_select_category;Need to select at least one type of vehicle in one country
ace_of_spades/elite_vehicles_tooltip;An elite vehicle is one that has all the modifications purchased
msg/warning_select_medal;Need to select a medal
msg/warning_select_achievement;Need to select an achievement
TXT_MANEUVERABILITY_MODE_ON;AoA limiter: [DISABLED]
TXT_MANEUVERABILITY_MODE_OFF;AoA limiter: [ENABLED]
TXT_NO_MANEUVERABILITY_MODE;No AoA limiter present
items/recycling;Item recycling
items/recycling/emptyTab;There are no items to recycle
items/recycling/createItems;Create items
items/recycling/descWithNumberOfRecycledItems;"You can recycle unwanted items and then create new random items from them in the ratio of <color=@activeTextColor>2:1</color>.
You currently have <color=@activeTextColor>{unusedItemsCount}</color> recycles and unused {unusedItemsCount=item/items}, so <color=@activeTextColor>{maxNewItemsCount}</color> new {maxNewItemsCount=item/items} can be created."
items/recycling/chooseItemsToRecycle;Select items to recycle
items/recycling/recycle;Recycle selected items
items/recycling/confirmRecycle;Are you sure you want to recycle the following items?
userlog/remove_item/recycled;Item {itemName} has been recycled
frame_thunder_cup_2025/name;Thunder Cup 2025
frame_goalpost/name;Tank Football — Goalkeeper
frame_lunar_ny_dragons/name;Spring Festival
profile_header_lunar_ny_2025/name;Year of the Snake
profile_header_football/name;Tank Football — Watch the ball!
exp_reasons/shell_interception;Munition eliminated
exp_reasons/return_spawn_cost;Return of spawn cost
exp_reasons/return_spawn_cost/exit_at_zone;Save the vehicle after completing a task
exp_reasons/return_spawn_cost/mission_end;Save the vehicle at mission end
status/in_queue_short;In Queue
status/in_game_short;In Game
status/in_prepare_ww_short;Preparing to battle
msgbox/showcase_unavailable;Showcase is unavailable. Requirements to unlock:
radar_tws_esa;Track While Scan (ESA)
mainmenu/btnShowShipHitIcons;Show hit icons
HUD/TXT_SHIP_HULL_STRENGTH;Hull sections
frame_simple_diagonal_stripes_grey/name;Simple with diagonal stripes, grey
frame_simple_diagonal_stripes_teal/name;Simple with diagonal stripes, dark teal
frame_simple_diagonal_stripes_red_yellow/name;Simple with diagonal stripes, red-yellow
frame_metal_flat_bronze/name;Metal flat, bronze
frame_metal_flat_silver/name;Metal flat, silver
frame_metal_flat_golden/name;Metal flat, golden
frame_metal_textured_bronze/name;Metal textured, bronze
frame_metal_textured_silver/name;Metal textured, silver
frame_metal_textured_golden/name;Metal textured, golden
frame_neon_blue/name;Neon, blue
frame_neon_red/name;Neon, red
mlws_type;Type
mlws_type_ir;Optic
mlws_type_radar;Radar
mlws_range_max;Range
mlws_range_finder;Rangefinder
avionics_auto_cm;Automatic countermeasures
avionics_auto_cm_sensors;Sensors
avionics_auto_cm_by_rwr;RWR
avionics_auto_cm_by_mlws;MAW
avionics_auto_cm_programs;Programs
radar_nctr;Non-Cooperative Target Recognition
radar_ram;Raid Assessment Mode
options/mouseAimRollOverrideEnabled;Enable manual roll control at mission start
shop/estimated_damage_to_base_title;Estimated damage
helicopter_pve_H2M;[PvE] Helicopter Battles
events/chapter/ship_events;Naval battles
mainmenu/showWeaponsInHangar;Toggle Weapon Display
radarType/location;Search
radarType/tagging;Track
;
;
;
<Shop>;
;
charServer/chapter/subscriptions;Subscriptions
charServer/chapter/subscriptions/desc;Subscriptions - various improvements, active for a limited period of time.
charServer/chapter/eagles;Golden Eagles
charServer/chapter/eagles/desc;<color=@currencyGoldColor>¤</color> (Golden Eagles) is the currency which can be spent on premium accounts, vehicles and other premium content, as well as <color=@currencyWpColor>€</color> (Silver Lions).
charServer/chapter/warpoints;Silver Lions
charServer/chapter/warpoints/desc;<color=@currencyWpColor>€</color> (Silver Lions) is the in-game currency which can be spent on vehicles, armament, immediate repair etc. The <color=@currencyWpColor>€</color> (Silver Lions) cannot be spent on premium content.
charServer/chapter/warpoints/expireWarning;Please note that the exchanged Silver Lions will be valid for {days} days. Exchanged Silver Lions will be spent first.
charServer/entitlement/PremiumAccount;Premium Account
charServer/entitlement/PremiumAccount/desc/string_1;A Premium Account is a membership purchased with Golden Eagles that provides the following benefits:
charServer/entitlement/PremiumAccount/desc/string_2;{bonusRpPercent} <color=@currencyRpColor>▉</color> Research Points in all game modes
charServer/entitlement/PremiumAccount/desc/string_3;{bonusWpPercent} <color=@currencyWpColor>€</color> (Silver Lions) for active actions in Random Battles
charServer/entitlement/PremiumAccount/desc/string_4;{bonusBattleTimeWpPercent} <color=@currencyWpColor>€</color> (Silver Lions) reward for battle time in Random Battles
charServer/entitlement/PremiumAccount/desc/string_5;{bonusOtherModesWpPercent} <color=@currencyWpColor>€</color> (Silver Lions) reward in other game modes
charServer/entitlement/PremiumAccount/desc/string_6;increased daily number of Dynamic Campaign missions that give rewards
charServer/entitlement/PremiumAccount/desc/string_7;ban missions/maps in Random Battles
charServer/entitlement/PremiumAccount/desc/string_8;use 4 decal slots for each vehicle instead of 2
charServer/entitlement/PremiumAccount/desc/string_9;insurance: compensation of expensives for automatic vehicle repair, automatic ammo restocking and Crew Replenishment up to zero Silver Lions in battles that finish with negative earnings
charServer/entitlement/PremiumAccount/desc/string_10;exclude loading screens from showing
charServer/entitlement/PremiumAccount/desc/string_11;hide your real nickname in battle with a randomly generated one
charServer/entitlement/PremiumAccount/desc/string_12;change the condition of vehicle camouflages
subscription/activeTime;Active for:
subscription/renew;You can activate or renew your subscription for
charServer/chapter/campaign;Campaigns
charServer/entitlement/jpn_pacific_41_43;Japanese Pacific Campaign (1941-1942)
charServer/entitlement/usa_pacific_41_43;USA Pacific Campaign (1941-1942)
charServer/entitlement/jpn_pacific_41_43_yuplay;Japanese Pacific Campaign (1941-1942)
charServer/entitlement/usa_pacific_41_43_yuplay;USA Pacific Campaign (1941-1942)
charServer/entitlement/pacific_41_43;Japanese and USA Pacific Campaigns Bundle (1941-1942)
charServer/chapter/campaign/desc;Historical Campaigns are sets of missions based on events of various combat theaters of the World War II.
charServer/entitlement/pacific_41_43/desc;"Bundle of two historical campaigns grants access to both Japanese and USA Pacific operations for period of 1941-1942.

<color=@highlightedTextColor>All gifts included in Japanese and USA Pacific Campaigns are also present.</color>

Video materials for campaign chapters are available for downloading from store.gaijin.net on ""Profile - Purchase Histroy"" page. You need to install downloaded files to the game folder."
charServer/entitlement/usa_pacific_41_43_yuplay/desc;"This historical campaign allows you to take part in USA Pacific operations of 1941-1942 years against military forces of Imperial Japan.

Video materials for campaign chapters are available for downloading from store.gaijin.net on ""Profile - Purchase Histroy"" page. You need to install downloaded files to the game folder."
charServer/entitlement/jpn_pacific_41_43_yuplay/desc;"This historical campaign allows you to take part in Japanese Pacific operations of 1941-1942 years against military forces of USA.

Video materials for campaign chapters are available for downloading from store.gaijin.net on ""Profile - Purchase Histroy"" page. You need to install downloaded files to the game folder."
charServer/entitlement/usa_pacific_41_43/desc;"This historical campaign allows you to take part in USA Pacific operations of 1941-1942 years against military forces of Imperial Japan.

Video materials for campaign chapters are available for downloading from store.gaijin.net on ""Profile - Purchase Histroy"". You need to install downloaded files to the game folder."
charServer/entitlement/jpn_pacific_41_43/desc;"This historical campaign allows you to take part in Japanese Pacific operations of 1941-1942 years against military forces of USA.

Video materials for campaign chapters are available for downloading from store.gaijin.net on ""Profile - Purchase Histroy"". You need to install downloaded files to the game folder."
charServer/entitlement/discount; (You save %d%%)
charServer/entitlement/discount/short;You save {savings}%
charServer/entitlement/firstBuy;first purchase bonus
charServer/chapter/premium;Premium Account
charServer/chapter/premium/desc;"Premium Account gives you access to the Mission Editor and Tournaments, allows you to earn RP and € (Lions) in the Dynamic Campaign (not available yet) and to play it an unlimited number of times per day. Premium Account members can make squads consisting of more than 2 players (not available yet) and use 4 slots for decals.
Also, Premium Account allows you to earn {bonusRpPercent} RP and {bonusWpPercent} € (Lions) in Random battles and Tournaments."
charServer/gift/aircraft;<color=@highlightedTextColor>* %s as a gift!</color>
charServer/gift/entitlement;<color=@highlightedTextColor>* %s as a gift!</color>
charServer/gift;<color=@highlightedTextColor>* %s as a gift!</color>
charServer/chapter/bonuses;Bonuses
charServer/chapter/bonuses/desc;Bonuses from different purchases connected to War Thunder.
charServer/entitlement/wop_gift;Wings of Prey
charServer/entitlement/wop_gift/desc;"Bonus for the owners of ""Wings of Prey""."
charServer/entitlement/wop_luftwaffe_gift;Wings of Luftwaffe
charServer/entitlement/wop_luftwaffe_gift/desc;"Bonus for the owners of ""Wings of Luftwaffe"", the DLC for ""Wings of Prey""."
charServer/entitlement/wop_starter_pack_1_gift;"War Thunder - ""Dora"" Advanced Pack"
charServer/entitlement/wop_starter_pack_1_gift/desc;"Bonus for the owners of ""Dora"" Advanced Pack."
charServer/entitlement/dora_starter_pack_2014;"War Thunder - ""Dora"" Advanced Pack"
charServer/entitlement/dora_starter_pack_2014/desc;"Bonus for the owners of ""Dora"" Advanced Pack."
charServer/entitlement/wop_starter_pack_2_gift;"War Thunder - ""Typhoon"" Advanced Pack"
charServer/entitlement/wop_starter_pack_2_gift/desc;"Bonus for the owners of ""Typhoon"" Advanced Pack."
charServer/entitlement/typhoon_starter_pack_2014;"War Thunder - ""Typhoon"" Advanced Pack"
charServer/entitlement/typhoon_starter_pack_2014/desc;"Bonus for the owners of ""Typhoon"" Advanced Pack."
charServer/entitlement/wop_starter_pack_3_gift;"War Thunder - ""Pacific"" Advanced Pack"
charServer/entitlement/wop_starter_pack_3_gift/desc;"Bonus for the owners of ""Pacific"" Advanced Pack.

Video materials for campaign chapters are available for downloading from store.gaijin.net on ""Profile - My purchases"" page. You need to install downloaded files to the game folder."
charServer/entitlement/wop_starter_pack_4_gift;War Thunder - Ultra Advanced Pack
charServer/entitlement/wop_starter_pack_4_gift/desc;Bonus for the owners of Ultra Advanced Pack.
charServer/campaign_gifts_included;All gifts included in Japanese and USA Pacific Campaigns are also present.
charServer/entitlement/eagles100;%d <color=@currencyGoldColor>¤</color>
charServer/entitlement/eagles100/desc;<color=@currencyGoldColor>¤</color> (Golden Eagles) is the currency which can be spent on premium accounts, vehicles and other premium content, as well as the <color=@currencyWpColor>€</color> (Silver Lions).
charServer/entitlement/1KWP;%d<color=@currencyWpColor>€</color>
charServer/entitlement/1KWP/desc;<color=@currencyWpColor>€</color> (Silver Lions) is the in-game currency which can be spent on vehicles, armament, immediate repair etc. The <color=@currencyWpColor>€</color> (Silver Lions) cannot be spent on premium content.
charServer/entitlement/wop_starter_pack_5_gift;"War Thunder - ""Peshka"" Advanced Pack"
charServer/entitlement/wop_starter_pack_5_gift/desc;"Bonus for the owners of ""Peshka"" Advanced Pack"
charServer/entitlement/peshka_starter_pack_2014;"War Thunder - ""Peshka"" Advanced Pack"
charServer/entitlement/peshka_starter_pack_2014/desc;"Bonus for the owners of ""Peshka"" Advanced Pack"
charServer/entitlement/wop_msi_pack_typhoon_mk1b;"War Thunder - ""Typhoon"" Gaijin and MSI Kit"
charServer/entitlement/wop_msi_pack_typhoon_mk1b/desc;"Bonus for the owners of ""Typhoon"" Gaijin and MSI Kit."
charServer/entitlement/wop_msi_pack_a-26c;"War Thunder - ""Invader"" Gaijin and MSI Kit"
charServer/entitlement/wop_msi_pack_a-26c/desc;"Bonus for the owners of ""Invader"" Gaijin and MSI Kit."
charServer/entitlement/wop_msi_pack_i-153p;"War Thunder - ""Chaika"" Gaijin and MSI Kit"
charServer/entitlement/wop_msi_pack_i-153p/desc;"Bonus for the owners of ""Chaika"" Gaijin and MSI Kit."
charServer/entitlement/wop_msi_pack_no_plane;War Thunder - Gaijin and MSI Kit
charServer/entitlement/wop_msi_pack_no_plane/desc;Bonus for the owners of Gaijin and MSI Kit.
shop/buy/for;for
charServer/entitlement/wop_msi_ulmart_pack_a-26c;War Thunder - Gaijin and MSI Kit for Ulmart
charServer/entitlement/wop_msi_ulmart_pack_a-26c/desc;Bonus for the owners of Gaijin and MSI Kit for Ulmart.
charServer/entitlement/wop_steam_pack_pacific_p36_gift;Steam Pacific Pack
charServer/entitlement/wop_steam_pack_pacific_p36_gift/desc;"Bonus for those who purchased the Steam version of War Thunder:
The P-36A flown by Philip Rasmussen, one of the few pilots who were able to take off and fight back against the Japanese attack on December 7th, 1941."
charServer/entitlement/wop_starter_pack_mustang_gift;"War Thunder - ""Mustang"" Advanced Pack"
charServer/entitlement/wop_starter_pack_mustang_gift/desc;"Bonus for the owners of ""Mustang"" Advanced Pack."
charServer/entitlement/wop_steam_ace_pack_gift;Steam Ace Pack
charServer/entitlement/wop_steam_ace_pack_gift/desc;Bonus for the owners of Steam Ace Pack.
charServer/entitlement/wt_advanced_tank_usa_2014;"""Grant I"" Advanced Pack"
charServer/entitlement/wt_starter_tank_usa_2014;"""M3A1 Stuart"" Starter Pack"
charServer/entitlement/wt_access_USA_tanks_unlocks;Access to US Ground Forces Closed Beta Test
charServer/entitlement/vk_quiz_unlock_gift;"Award for participating in the ""War Thunder Adept"" special"
yuNetwork/payMethod/qiwi;QIWI Wallet
yuNetwork/payMethod/yandex;YooMoney
yuNetwork/payMethod/paypal;PayPal
yuNetwork/payMethod/webmoney;WebMoney
yuNetwork/payMethod/amazon;Amazon Pay
yuNetwork/payMethod/gjncoins;Gaijin Coins
yuNetwork/payMethod/pixel_coins;Pixel Coins
yuNetwork/payMethod/other;Other payment methods
onlineShop/choosePayMethod;Choose payment method:
onlineShop/currentLang;en
shop/unitRent;Vehicle Test Drive
shop/rentFor;Test-drive for {time}
shop/rentUnitFor;Test-drive {unit} for {time}
shop/rent;Test Drive
shop/researchUnit;Research {unit}
shop/btnOrderUnit;Order {unit}
charServer/entitlement/british_tank_a43;"A43 ""Black Prince"" Advanced Pack"
charServer/entitlement/british_tank_m1065th;M10 Achilles Starter Pack
charServer/entitlement/british_tank_a13;A13 Mk.II Starter Pack
charServer/entitlement/british_tank_sherman2nd;Sherman Firefly IC Advanced Pack
charServer/entitlement/british_tank_pack;"""Royal Guard"" Bundle"
shop/investToUnit;Invest experience to {unit}
shop/research_helicopters_by_ground_vehicles;Research Helicopters With Ground Units
shop/research_helicopters_by_ground_vehicles_tooltip;Research points earned in battles by playing on the ground vehicles of this country will be fully invested in the research of helicopters. Ground vehicles will not be researched.
shop/research_helicopters_by_ground_vehicles_confirm;Are you sure you want to invest research points earned from playing with this country's ground vehicles into helicopter research? Ground vehicles will not be researched.
shop/all_helicopters_researched;All helicopters of the selected country have already been researched
shop/no_helicopters_to_research;There are no helicopters available for research
shop/cross_promo_popup/title;A Sound of Thunder! The Release of War Thunder Mobile
shop/cross_promo_popup/text;Commanders, get ready to fight! To commemorate the global release of War Thunder Mobile, we begin a joint operation. Complete tasks in War Thunder Mobile and receive rewards in both games: the American M4 Sherman tank and the Japanese destroyer Hatsuzuki in unique camouflages, a player icon, and other prizes.
profile_header_t_44_po/name;T-44 No.1
event/event_sead/name;Suppression of Enemy Air Defenses
event/event_sead/desc;A new asymmetrical game mode where one team takes on the role of the attackers, and the other team defends strategically positions. The defending team in this event must protect AI controlled Soviet S-75 surface-to-air missile systems. Helping to defend these systems are AI controlled ZSU-23-4 “Shilka” anti-air vehicles. Not only do the attackers have aircraft, they also have helicopters, opening up new possibilities for stealthy attacks and pinpoint missile strikes.
;
;
;
;
<World War>;
;
worldWar/btn_battles;Battles
worldWar/btn_all_battles;╫ All Battles
worldWar/btn_all_battles_full_text;╫ All World War battles
worldWar/stayInOperation;Stay in operation
worldWar/noAccess;No access to World War
worldWar/playCondition;To access World War mode, you need to purchase at least one unit of rank {rank} for any country.
mainmenu/btnWorldwar;World War
mainmenu/operationsMap;Operation
worldWar/battleName;Battle #{number}
worldWar/shortBattleName;#{number}.
worldWar/participatingCountries;The following countries are currently participating in World War:
worldWar/noParticipatingCountries;No countries are currently participating in World War.
worldWar/battles;{number} {number=battle/battles}
worldWar/menu;Menu
worldWar/menu/selectOperation;╫ Select operation
worldWar/menu/mainMenu;╫ Main Menu
worldWar/menu/quitToHangar;Quit to hangar
worldWar/menu/createVehicleSet;Create vehicle set
clan/WW_MANAGER_right;World War: Armies Control
worldwar/activationTime;until the start: {text}
worldwar/morale;Morale {morale}
worldwar/suppliesfinishedIn;<color=#FF5A52>Capitulate in</color> {time}
worldwar/returnToAirfieldIn;Return to the airfield in {time}
worldwar/armyEntrenched;Entrenched
worldwar/armyEntrenching;Entrenched in {time}
worldwar/armyAskDigout;Confirm your order
worldwar/armyAskDigoutText;Are you sure you want to relocate an entrenched army?
worldwar/btnJoinWWBattle;Join a World War Battle
worldwar/btnJoinBattle;Join Battle
worldwar/btnChangeOperation;Change World War Battle
worldwar/btnJoinById;Join by #
worldwar/commanders;Commanders
worldwar/army;Army
worldwar/artillery/cant_fire;Impossible to fire
worldwar/artillery/selectOneArmy;You need to select one army
worldwar/artillery/notReadyToFire;Artillery is not ready to fire
worldwar/artillery/can_fire;Ready to fire
worldwar/artillery/is_move;En route
worldwar/artillery/no_ammo;No ammo
worldwar/artillery/preparation;Preparation for firing
worldwar/artillery/aiming;Aiming
worldwar/artillery/firing;Shelling
worldwar/airfield;Airfield
worldwar/helipad;Helipad
worldwar/airfield_units;At the airfield
worldwar/airfield_in_fly;In flight
worldwar/airfield_capacity;Airfield capacity
worldwar/airfield_is_full;Airfield is fully filled
worldwar/helipad_units;At the helipad
worldwar/helipad_capacity;Helipad capacity
worldwar/helipad_is_full;Helipad is fully filled
worldwar/airfieldStrenght/clans_players;Squadron players
worldwar/airfieldStrenght/clans_players/tooltip;The number of players from the squadrons participating in the operation to which the current battle belongs.
worldwar/airfieldStrenght/other;Other
worldwar/armiesInfo/idle;Idle
worldwar/armiesInfo/onMove;On the move
worldwar/armiesInfo/entrenched;Entrenched
worldwar/armiesInfo/inBattle;In battle
worldwar/noUnits;No Vehicles
worldwar/operation/active;Active
worldwar/operation/finished;Finished
worldwar/operation/side_clans_number;Squadrons required: {numb}
worldwar/operation/side_clans_limits;Squadrons required (min - max): {min} - {max}
worldwar/operation/participating_clans;Squadrons participating:
worldwar/operation/clans_number;Squadrons for each side: {numb}
worldwar/operation/clans_limits;Squadrons for each side (min - max): {min} - {max}
worldwar/operation/unavailable;Scenario unavailable
worldwar/operation/beAvailableIn;Will become available in: {time}
worldwar/operation/beUnavailableIn;Will become unavailable in: {time}
worldwar/operation/myTechnicalDefeatWarning;Your side will get a technical defeat for the lack of activity of the army managers in
worldwar/operation/enemyTechnicalDefeatWarning;The enemy side will get a technical defeat for the lack of activity of the army managers in
worldwar/operation/myTechnicalDefeat;Your side has received a technical defeat for the lack of activity by the army managers.
worldwar/operation/enemyTechnicalDefeat;The enemy side has received a technical defeat for the lack of activity by the army managers.
worldwar/operationNotFound;Operation not found
worldwar/cantUpdateOperation;Cannot update the operation
worldwar/battle_not_found;Battle not found
worldwar/battle_finished;Battle is over
worldwar/battle_finished/desc;
worldwar/battle_finished_need_refresh;Battle is over. Refresh the list of battles.
worldWar/battle_is_unbalanced;The battle is not balanced. You can join for the other side or choose another battle
worldWar/battle_activate_countdown;You can join at the end of countdown
worldWar/cant_fight_for_enemy_side;You are participating in the operation for the other side and cannot join the battle
worldWar/battleNotSelected;Battle not found. Try updating the list of battles.
worldwar/battle_open_info; for details
worldwar/no_battles_now;Operation has no battles at the moment.
worldWar/alreadyJoinedToOperation;You have already joined the operation.
worldWar/yourClanNotParticipateInThisOperation;Your squadron is not participating in this operation.
worldWar/chooseCountriesInOperations;Select one or more countries in scenarios for participation.
worldWar/chooseAvailableCountry;Select an available country.
worldWar/alreadyAssignedToCountry;In this scenario, you can only play for {country}.
worldWar/cantJoinBecauseOfQueue;You can only join the operation {operationInfo}, because you are in the battle queue.
worldWar/cantPlayByThisSide;You cannot play for this side of the conflict.
worldWar/cantJoinByClan;You cannot join the operation for your squadron.
worldWar/cantJoinByAnotherSideClan;You and your squadron cannot participate in the operation on different sides.
worldWar/onlyLeaderCanQueue;To create a new operation, you need to be a squadron member and have the grade of sergeant or higher.
worldwar/btnClansQueue;Squadron queue
worldwar/btnCreateOperation;Sign up the squadron
worldwar/btnJoinQueue;Join by squadron
worldwar/btnLeaveQueue;Leave the queue
worldwar/btnAutoPreset;Generate vehicle preset
worldwar/noPresetUnits;"Vehicle preset generation is not allowed.
You do not have a vehicle involved in this battle"
worldwar/noPresetUnitsCrews;"Vehicle preset generation is not allowed.
You do not have any crews that are trained to operate the listed vehicles:"
worldwar/addInPresetMsgText;A preset of the listed vehicles will be formed:
worldwar/notAddInPresetMsgText;No trained crew has been found for the listed vehicles (they will not be included in the preset):
worldwar/autoPresetWarningText;Attention! All vehicles in the selected preset will be replaced.
worldwar/msg/noActiveOperations;No active operations for the selected scenario
worldwar/msg/cantJoinNewOperation;To be able to create new operations, you have to be a squadron member with the grade of sergeant or higher.
worldwar/msg/createOperationQuestion;Would you like to join the squadron queue for this scenario?
worldwar/clansInQueueTotal;Squadrons in the queue: {number}
worldwar/mapStatus/yourClanInQueue;Your squadron is in the queue
worldwar/mapStatus/chosenCountry;Chosen conflict side
worldwar/mapStatus/yourClanInOperation;Your squadron is participating in the {name} operation
worldwar/yourClanInThisOperation;Your squadron participates in this operation
worldwar/squadronAlreadyInOperation;Your squadron has already been participating in the operation
worldwar/autoModeBattle;Automatic mode battle
worldwar/battleStatus;Status
worldwar/battleNotAvailable;Battle not available yet
worldwar/battleIsInAutoMode;Battle is in automatic mode
worldwar/battleIsInAutoMode/desc;Players cannot participate in this kind of battle, the results are determined automatically based on the status of the armies engaged.
worldwar/battleNotActive;Battle hasn't started yet
worldwar/battleNotActive/desc;New battles become active based on their battle ID. The next battle becomes active as soon as the previous one gets enough players in it.
worldwar/battleIsStarting;Battle is starting
worldwar/battleIsStarting/desc;
worldwar/battleIsActive;Battle in progress
worldwar/battleIsActive/desc;
worldwar/battleIsFull;Battle in progress
worldwar/battleIsFull/desc;
worldwar/available_crafts;Available vehicles:
worldWar/cantChangeCountryInBattlePrepare;You cannot change country during the squad's preparation for the fight
worldWar/cantChangeCountryInOperation;You cannot change country while in a World War operation
worldWar/squad/onlyLeaderCanJoinOperation;Only the leader of the squad can join the operation
worldWar/squad/membersHasDifferentSide;Players involved in the operation on the warring sides cannot fight in it within one squad
worldwar/squad/army_full;No free player slots in the battle
worldwar/squad/queue_full;No free player slots in the battle queue for a squad
worldwar/squad/insufficiently_available_units;There are not enough units in your squad available for the battle
worldwar/squad/onlyLeaderCanJoinBattle;Only the leader of the squad can join the battle
worldwar/squad/notAllowedMembers;There are members in the squad who are not allowed to participate in World War
worldwar/iconAllVehicle;⌉
worldwar/iconAir;▍
worldwar/iconAssault;▎
worldwar/iconBomber;▏
worldwar/iconHelicopter;⊦
worldwar/iconHelicopterInfantry;⊧
worldwar/iconGround;╠
worldwar/iconWater;⋛
worldwar/iconWaterDestroyer;⋚
worldwar/iconWaterCruiser;⋘
worldwar/iconWaterCruiserFire;⋙
worldwar/iconLandingCraftEmpty;⋒
worldwar/iconLandingCraftTank;⋓
worldwar/iconLandingCraftInfantry;⋔
worldwar/iconLandingCraftArtillery;⋕
worldwar/iconCoastalArtillery;⋖
worldwar/iconCoastalArtilleryFire;⋗
worldwar/iconInfantry;╟
worldwar/iconArtillery;┗
worldwar/iconArtilleryFire;┎
worldWar/iconMoral;╣
worldWar/iconMove;╧
worldWar/iconEntrenched;╦
worldWar/iconBattle;╥
worldWar/iconIdle;╨
worldWar/iconCommander;┐
worldWar/iconReinforcement;┑
worldWar/iconArmy;┒
worldWar/iconStrike;┍
worldWar/iconAirFighter;▍
worldWar/iconAirAssault;▎
worldWar/iconAirBomber;▏
worldWar/iconAirHelicopter;⊦
worldWar/map/1v1_test_wwmap;Test Operation
wwar/operations/1v1_test_wwmap;Test Operation.
worldWar/map/kursk_south_wwmap;Battle of Kursk. Southern Face
wwar/operations/kursk_south_wwmap;Kursk.
worldWar/map/kursk_south_wwmap/desc;July 5th, 1943. German forces begin an offensive against Soviet defenses in the Belgorod-Kursk direction.
worldWar/map/ardenn_wwmap;Battle of the Bulge
wwar/operations/ardenn_wwmap;Bulge.
worldWar/map/ardenn_wwmap/desc;December 16th, 1944.
worldWar/map/el_alamein_wwmap;Second Battle of El Alamein
wwar/operations/el_alamein_wwmap;El Alamein.
worldWar/map/el_alamein_wwmap/desc;October 23rd, 1942. The British forces are preparing to deliver a decisive blow to the strengthened German positions to turn the tide in the North African Campaign.
worldWar/map/rhine_wwmap;Operation Veritable
wwar/operations/rhine_wwmap;Rhine.
worldWar/map/rhine_wwmap/desc;Febuary 8th, 1945.
worldWar/map/stalingrad_wwmap;Battle of Stalingrad
wwar/operations/stalingrad_wwmap;Stalingrad.
worldWar/map/stalingrad_wwmap/desc;August 23rd, 1942.
worldWar/map/moscow_wwmap;Battle of Moscow
wwar/operations/moscow_wwmap;Moscow.
worldWar/map/moscow_wwmap/desc;October 29th, 1941.
worldWar/map/berlin_wwmap;Battle of Berlin
wwar/operations/berlin_wwmap;Berlin.
worldWar/map/berlin_wwmap/desc;April 16th, 1945.
worldWar/map/minsk_bagration_wwmap;Battle of Minsk
wwar/operations/minsk_bagration_wwmap;Minsk.
worldWar/map/minsk_bagration_wwmap/desc;June 24th, 1944.
worldWar/map/nordwind_wwmap;Operation Nordwind
wwar/operations/nordwind_wwmap;Alsace.
worldWar/map/nordwind_wwmap/desc;January 1st, 1945. Despite significant losses in the Ardennes, the German command expects to break through the Allied defense line with an unexpected counterattack in the Upper Vosges mountains and the Alsatian Plain.
worldWar/map/vitebsk_wwmap;Battle of Vitebsk
wwar/operations/vitebsk_wwmap;Vitebsk.
worldWar/map/vitebsk_wwmap/desc;July 6th, 1941. After the capture of Minsk, German forces are advancing rapidly eastward to the Western Dvina to cross it at the Vitebsk-Polotsk site and seize Vitebsk. The Soviet command expects to stop the enemy with a counterattack near Senno.
worldWar/map/caen_wwmap;Battle for Caen
wwar/operations/caen_wwmap;Caen.
worldWar/map/caen_wwmap/desc;June 26th, 1944. One of the main Allied objectives in Operation Overlord was to capture the city of Caen and the nearby airfield at Carpiquet.
worldWar/map/luzon1941_wwmap;Battle of Luzon
wwar/operations/luzon1941_wwmap;Luzon.
worldWar/map/luzon1941_wwmap/desc;December 22nd, 1941. American forces in the Philippines pose a major threat to the advance of Japanese to the south, so the capture of Luzon Island is an important part of the Japanese plans to gain dominance in South-East Asia.
worldWar/map/kerch_eltigen_wwmap;Kerch–Eltigen Operation
wwar/operations/kerch_eltigen_wwmap;Kerch.
worldWar/map/kerch_eltigen_wwmap/desc;October 31st, 1943. Soviet forces are preparing the largest landing operation on the Eastern Front with the aim of liberating the city and port of Kerch, the port of Kamysh-Burun and creating a bridgehead for the further liberation of the Crimean Peninsula from German invaders.
worldWar/map/fulda_gap_wwmap;Battle for the Fulda Gap
wwar/operations/fulda_gap_wwmap;Fulda Gap.
worldWar/map/fulda_gap_wwmap/desc;An alternate history operation. July 25th, 1985. A chain of political and economic events has led to increased tension between the Warsaw Pact and NATO countries. The armed forces of both blocks have been put on alert in accordance with the adopted directives. Soviet forces rely on a powerful tank group, the operation of which two lowlands in the mountaneous area of Hesse — the Fulda Gap — are well suited.
worldWar/map/chinese_farm_wwmap;Battle of the Chinese Farm
wwar/operations/chinese_farm_wwmap;Sinai.
worldWar/map/chinese_farm_wwmap/desc;October 17th, 1973. Israeli forces have crossed the Suez Canal and entrenched themselves on its west bank. The Egyptian command plans a counterattack near the Chinese Farm with the aim of encircling the enemy and regaining control of the Tirtur and Akawish roads.
worldWar/armyStop;Stop
worldWar/armyFire;Shelling
worldWar/armyCancel;Cancel
worldWar/armyEntrench;Entrench
worldWar/armyMove;Move
worldWar/armyFlyOut;Fly Out
worldWar/armyDeploy;Deploy
worldWar/popup/joinOperation;You have joined the operation as part of a squad
worldWar/popup/joinOperationBtn;Open the operation map
worldWar/userlog/createOperation;Operation {operation} has been created
worldWar/userlog/startOperation;Your squadron {clan} has joined the operation {operation}
worldWar/userlog/endOperation/win;<color=@userlogColoredText>Victory</color> in the operation {mapName} #{opId}. Reward for participation: {reward}
worldWar/userlog/endOperation/lose;<color=@userlogColoredText>Defeat</color> in the operation {mapName} #{opId}. Reward for participation: {reward}
worldWar/endOperation/win;Victory in the operation
worldWar/endOperation/lose;Defeat in the operation
worldWar/endOperation/reward;Reward for participation
worldWar/endOperation/manager_reward;Reward for commanding
worldWar/userlog/endOperation/pool;Common pool of awards: {reward}
worldWar/userlog/endOperation/stats;Earned in battles: {reward}
worldWar/userlog/endOperation/statsTotal;Earned by all players in battles: {reward}
worldWar/battleFlyout;Sortie
worldWar/armyGroup;{num} group
worldWar/error/noUnitChoosen;No vehicles for a sortie.
worldWar/error/uncontrollableArmyGroup;This army group is uncontrollable
worldWar/wndTitle/Objectives;Operation objectives
worldWar/Objectives;Objectives
worldWar/objectives/more;more
worldwar/objectives/myTechnicalDefeat;Technical defeat for lack of activity
worldwar/objectives/enemyTechnicalDefeat;Technical win for lack of enemy activity
worldWar/armies;Armies
worldWar/Reinforcements;Reinforcements
worldWar/objectivesHeader/primary;Main objectives
worldWar/objectivesHeader/secondary;Secondary objectives
worldWar/armyStrength;Strength of the Armies
worldWar/totalUnits;Total vehicles
worldWar/airfieldsList;Airfields
wwar_obj/types/OT_DOMINATION_ZONE/Defender/Percentage/name;Hold at least {zonesPercent} of sectors for {timeSecScaled}
wwar_obj/types/OT_DOMINATION_ZONE/Attacker/Percentage/name;Capture at least {zonesPercent} of sectors within {timeSecScaled}
wwar_obj/types/OT_DOMINATION_ZONE/Defender/PercentageTimeless/name;Hold at least {zonesPercent} of sectors
wwar_obj/types/OT_DOMINATION_ZONE/Attacker/PercentageTimeless/name;Capture at least {zonesPercent} of sectors
wwar_obj/types/OT_CAPTURE_ZONE/Defender/Amount/name/accurate;Hold {num} {num=sector/sectors} for {timeSecScaled}
wwar_obj/types/OT_CAPTURE_ZONE/Defender/Amount/name/approximate;Hold at least {num} {num=sector/sectors} for {timeSecScaled}
wwar_obj/types/OT_CAPTURE_ZONE/Attacker/Amount/name/accurate;Capture {num} {num=sector/sectors} within {timeSecScaled}
wwar_obj/types/OT_CAPTURE_ZONE/Attacker/Amount/name/approximate;Capture at least {num} {num=sector/sectors} within {timeSecScaled}
wwar_obj/types/OT_CAPTURE_ZONE/Defender/AmountTimeless/name/accurate;Hold {num} {num=sector/sectors}
wwar_obj/types/OT_CAPTURE_ZONE/Defender/AmountTimeless/name/approximate;Hold at least {num} {num=sector/sectors}
wwar_obj/types/OT_CAPTURE_ZONE/Attacker/AmountTimeless/name/accurate;Capture {num} {num=sector/sectors}
wwar_obj/types/OT_CAPTURE_ZONE/Attacker/AmountTimeless/name/approximate;Capture at least {num} {num=sector/sectors}
wwar_obj/types/OT_CAPTURE_ZONE/Defender/Specified/name;Hold the specified sectors for {timeSecScaled}
wwar_obj/types/OT_CAPTURE_ZONE/Attacker/Specified/name;Capture the specified sectors within {timeSecScaled}
wwar_obj/types/OT_CAPTURE_ZONE/Defender/SpecifiedTimeless/name;Hold the specified sectors
wwar_obj/types/OT_CAPTURE_ZONE/Attacker/SpecifiedTimeless/name;Capture the specified sectors
wwar_obj/types/OT_COUNT_UNIT_LESS/Defender/name;Save at least {num} units of friendly forces
wwar_obj/types/OT_COUNT_UNIT_LESS/Attacker/name;Reduce the enemy forces to {num} units
wwar_obj/types/OT_DOMINATION_UNIT/Defender/name;Prevent the enemy from gaining advantage in {fontIcon}: {advantageFactor} {advantageFactor=time/times}
wwar_obj/types/OT_DOMINATION_UNIT/Attacker/name;Gain advantage in {fontIcon}: {advantageFactor} {advantageFactor=time/times}
wwar_obj/types/OT_DOMINATION_ZONE/Defender/Percentage/desc;
wwar_obj/types/OT_DOMINATION_ZONE/Attacker/Percentage/desc;
wwar_obj/types/OT_DOMINATION_ZONE/Defender/PercentageTimeless/desc;
wwar_obj/types/OT_DOMINATION_ZONE/Attacker/PercentageTimeless/desc;
wwar_obj/types/OT_CAPTURE_ZONE/Defender/Amount/desc;
wwar_obj/types/OT_CAPTURE_ZONE/Attacker/Amount/desc;
wwar_obj/types/OT_CAPTURE_ZONE/Defender/AmountTimeless/desc;
wwar_obj/types/OT_CAPTURE_ZONE/Attacker/AmountTimeless/desc;
wwar_obj/types/OT_CAPTURE_ZONE/Defender/Specified/desc;
wwar_obj/types/OT_CAPTURE_ZONE/Attacker/Specified/desc;
wwar_obj/types/OT_CAPTURE_ZONE/Defender/SpecifiedTimeless/desc;
wwar_obj/types/OT_CAPTURE_ZONE/Attacker/SpecifiedTimeless/desc;
wwar_obj/types/OT_COUNT_UNIT_LESS/Defender/desc;
wwar_obj/types/OT_COUNT_UNIT_LESS/Attacker/desc;
wwar_obj/params/currentState/name;Current state
wwar_obj/params/advantage/name;Current advantage
wwar_obj/params/advantage/value;{advantageFactor} {advantageFactor=time/times}
wwar_obj/params/OT_CAPTURE_ZONE/Defender/holdTimeSec/name;Take back
wwar_obj/params/OT_CAPTURE_ZONE/Attacker/holdTimeSec/name;Hold
wwar_obj/desc/holdMoreSectors;or hold more sectors than your opponent
wwar_obj/desc/forIncreasedReinforcementArrivalSpeed;to increase the speed of reinforcement arrival
wwar_obj/desc/additionalRearSectorUSSR;(additional rear zone of the USSR)
worldwar/valueWithPercent;{percent}%
worldwar/operation_complete;The Operation has finished
worldwar/operation_complete_battle_results_ignored;The Operation has finished. The outcome of this battle will not affect its result
worldwar/operation_complete_battle_results_ignored_full_text;Operation {operationInfo} has finished. The outcome of this battle will not affect its result
worldwar/operation_zone_captured;Our forces occupied the sector {zoneName}
worldwar/operation_zone_lost;Enemy forces occupied the sector {zoneName}
worldwar/operation_air_reinforcements_arrived_our;Our air reinforcements have arrived
worldwar/operation_air_reinforcements_arrived_enemy;Enemy air reinforcements have arrived
worldwar/operation_battle_won_our;Our forces won the battle in the sector {zoneName}
worldwar/operation_battle_won_enemy;Enemy forces won the battle in the sector {zoneName}
mainmenu/type_infantry;Infantry platoon
mainmenu/type_artillery;Artillery
mainmenu/type_landing_craft;Landing craft
worldwar/state/ready;Ready
worldwar/state/air_fly_out_control; on map for army fly out
worldwar/state/reinforcement_control; on logistical sector or airfield
worldwar/state/reinforcement_ready;Ready to deploy
worldwar/state/reinforcement_coming;On the way
worldwar/state/reinforcement_arrival_basic_speed;Reinforcement arrival speed: 100% (basic)
worldwar/state/reinforcement_arrival_speed;Reinforcement arrival speed: 100 {speedup}%
worldwar/state/reinforcement_arrival_speedup;Reinforcement arrival speed has increased
worldwar/state/ready_to_fly;Ready to fly
worldwar/state/no_units_to_fly;There are no aircraft ready to fly
worldwar/state/airfield_empty;Airfield is empty
worldwar/state/helipad_empty;Helipad is empty
wwar_locations/hurtgen/name;Village
wwar_locations/africa_desert/name;Desert
wwar_locations/alps/name;Foothill
wwar_locations/ardennes/name;Village
wwar_locations/berlin/name;City
wwar_locations/eastern_europe/name;City
wwar_locations/finland/name;Village
wwar_locations/guadalcanal/name;Coast
wwar_locations/ireland/name;Foothill
wwar_locations/japan/name;Hills
wwar_locations/karelia/name;Forest
wwar_locations/karpaty/name;Mountain pass
wwar_locations/korea/name;Village
wwar_locations/krymsk/name;Hills
wwar_locations/kursk_villages/name;Fields
wwar_locations/middle_east/name;Village
wwar_locations/mozdok/name;Fields
wwar_locations/normandy/name;City
wwar_locations/poland/name;City
wwar_locations/poland_02/name;City
wwar_locations/poland_snow/name;City
wwar_locations/port_novorossiysk/name;City
wwar_locations/rheinland/name;City
wwar_locations/sinai/name;Foothill
wwar_locations/sinai_02/name;Foothill
wwar_locations/stalingrad_factory/name;City
wwar_locations/tunisia/name;Shore
wwar_locations/tunisia_02/name;Mountain pass
wwar_locations/vietnam_hills/name;Coast
wwar_locations/volokolamsk/name;Village
wwar_locations/africa_gulf/name;Coast
wwar_locations/arabian_north_coast/name;Archipelago
wwar_locations/blacksea_port/name;Port
wwar_locations/fiji/name;Archipelago
wwar_locations/mediterranean_port/name;Port
wwar_locations/norway_islands/name;Coast
wwar_locations/peleliu/name;Archipelago
wwar_locations/peleliu_02/name;Archipelago
wwar_locations/phang_nga_bay/name;Coast
wwar_locations/port_moresby/name;Coast
wwar_locations/fulda/name;Hills
locationType/archipelago;Archipelago
locationType/coast;Coast
locationType/city;City
locationType/desert;Desert
locationType/fields;Fields
locationType/foothill;Foothill
locationType/forest;Forest
locationType/hills;Hills
locationType/mountain_pass;Mountain pass
locationType/port;Port
locationType/village;Village
worldwar/charError/defaultError;Action is not allowed
worldwar/charError/NO_RIGHTS_TO_EMPLACE;No access to control
worldwar/charError/WRONG_REINFORCEMENT_NAME;Wrong Reinforcement Name
worldwar/charError/REINFORCEMENT_NOT_READY;Reinforcement is not ready
worldwar/charError/AIR_ARMY_REQUIRES_AN_AIRFIELD;Select airfield to deploy
worldwar/charError/NOT_ENOUGH_SPACE_ON_AIRFIELD;No free space on the selected airfield
worldwar/charError/AIRFIELD_HAS_WRONG_TYPE;You have selected the wrong type of airfield
worldwar/charError/ZONE_IS_NOT_REAR;Select the rear zone to deploy
worldwar/charError/OPERATION_TIME_STOPPED;Operation paused
worldwar/charError/OPERATION_STOPPED;Operation has finished
worldwar/charError/RETURN_ARMY_CAN_NOT_CHANGE_LOCATION;No free space on the selected airfield
worldwar/charError/MOVE_REJECTED;The movement of the army to this location is impossible
worldwar/charError/ALLIES_WOULD_BE_AFFECTED;You have selected an invalid target
worldwar/charError/SUPPLIES_ENDED;Not enough supplies in the army
worldwar/charError/NO_RIGHTS_TO_CONTROL;No access to control
worldwar/error/noManagementAccess;No access to control
worldwar/noreinforcements;No available reinforcements
worldwar/noreadyreinforcements;No ready reinforcements
worldwar/structure/reinforcement;Reinforcement structure
worldwar/casualties;Casualties
worldwar/casualties/none;None
worldwar/group_helicopter_armies_limit;Number of squadron helicopter armies (current - max): {cur} / {max}
worldwar/group_air_armies_limit;Number of squadron aircraft armies (current - max): {cur} / {max}
worldwar/reached_helicopter_armies_limit;You have reached the limit of helicopter armies
worldwar/reached_air_armies_limit;You have reached the limit of airplane armies
worldwar/airfield/army_type_fighter;Army type: fighters
worldwar/airfield/army_type_combined;Army type: assault
worldwar/airfield/army_type_helicopter;Army type: helicopters
worldwar/airfield/required_number;required {numb}
worldwar/airfield/required_range;required from {min} to {max}
worldwar/airfield/selected;selected {amountText}
worldwar/airfield/selectedZero;not involved
worldwar/airfield/armies_hint_title;You can form a fighter or assault army
worldwar/airfield/fighter_armies_hint;Fighter army only includes {fighterIcon} fighter aircraft without suspended anti-tank weapons.
worldwar/airfield/combined_armies_hint;Assault army necessarily includes assault aircraft: {bomberIcon} bombers, {assaultIcon} strike aircraft or fighters with anti-tank outboard weapons. It may also include {fighterIcon} fighters without suspended anti-tank weapons.
worldwar/airfield/army_not_equipped;Army not equipped
worldwar/airfield/conditions_separator;or
worldwar/airfield/unit_various_limit;Can't contain more than {types} types of vehicles.
worldwar/airfield/not_enough_units_to_send;Not enough aircraft to fly out!
worldwar/airfield/unit_fly_time;Flight time
worldwar/airfield/army_fly_time;The flight time of the army
debriefing/ww_engaged;Engaged
debriefing/ww_casualties;Casualties
debriefing/ww_inactive/Aircraft;Returning to the airfield
debriefing/ww_left;Left
debriefing/ww_total_Helicopter;Helicopters total
debriefing/ww_total_Aircraft;Aircraft total
debriefing/ww_total_Tank;Tanks total
debriefing/ww_total_Ship;Ships total
debriefing/ww_total_Infantry;Infantry total
debriefing/ww_total_Artillery;Artillery total
debriefing/ww_army_state_unknown;State is unknown
debriefing/ww_army_state_unchanged; 
debriefing/ww_army_state_retreating;Army retreated
debriefing/ww_army_state_dead;Army is destroyed
worldwar/active_units;In the group: {active}, returning to the airfield: {inactive}
ww_operation_chapter/eastern_front;Eastern Front
ww_operation_chapter/western_front;Western Front
ww_operation_chapter/africa;Mediterranean Theatre
ww_operation_chapter/pacific;Pacific Ocean Theatre
ww_operation_chapter/asia;Asia
ww_operation_chapter/alternate_history;Alternate history
worldwar/operationsList;Scenario list
worldwar/scenarioDescription;Scenario description
worldwar/operation/isClanParticipate;Your squadron is participating in this operation
worldwar/operation/started;Started: {date}
worldwar/operation/activeBattlesCount;Active battles: {count}
worldwar/operation/noActiveBattles;No active battles
worldwar/battleFilters;Battles Filters
worldwar/mapFilters;Map Filters
worldwar/logFilters;Filter
worldwar/renderMap/render_army_rad;Show external radius
worldwar/renderMap/render_zones;Show sectors
worldwar/renderMap/render_arrows_for_selected;Show path only for the selected army
worldwar/renderMap/render_battles;Show battles
worldwar/hide_unavailable_battles;Hide unavailable battles
worldwar/hide_unavailable_battles_tooltip;Hide battles which are not suitable for your vehicles
matching/WW.OPERATION_NOT_FOUND;Operation not found
matching/WW_ALREADY_PLAYED_IN_OTHER_TEAM;You have already participated in this battle on the other side
matching/WW_CLAN_NOT_ALLOWED_IN_TEAM;Players in your squadron are participating in this battle for the other side
worldwar/groundsurrended;Army encircled and will surrender in
worldwar/hideControlPanel;Hide Control Panel
worldwar/showControlPanel;Show Control Panel
worldWar/waiting_session;Waiting for the session
worldwar/tooltip/army_status;Status
worldwar/tooltip/army_in_battle;In battle
worldwar/tooltip/army_is_entrenched;Entrenched
worldwar/tooltip/army_is_moving;Moving
worldwar/tooltip/army_is_waiting;Waiting
worldwar/tooltip/army_deals_strike;Shelling
worldwar/tooltip/vehicle_amount;Vehicle amount
worldwar/tooltip/ammo_amount;Ammo amount
worldwar/tooltip/ammo_refill_time;Ammo refill time
worldwar/tooltip/army_morale;Morale
worldwar/tooltip/army_return_time;Return to airfield time
worldwar/log/is_empty;Log is empty
worldwar/log/battle_started;Battle has started
worldwar/log/battle_join;has joined the battle
worldwar/log/battle_finished_win;Battle has ended in a victory!
worldwar/log/battle_finished_lose;Battle has ended with the defeat!
worldwar/log/reinforcement;reinforcements arrived
worldwar/log/zone_captured;captured the sector
worldwar/log/army_retreat;retreated
worldwar/log/army_died;destroyed
worldwar/log/army_flyout;flew out
worldwar/log/army_landOnAirfield;returned to the airfield
worldwar/log/artillery_strike_damage;shelled
worldwar/log/has_casualties;:
worldwar/log/operation_created;The operation has been created
worldwar/log/operation_started;The operation has begun
worldwar/log/operation_finished_win;The operation has been completed, we won!
worldwar/log/operation_finished_lose;The operation has been completed, we lost.
worldwar/log/objective_completed;Objective
worldwar/log/objective_completed_main;The main objective
worldwar/log/objective_completed_additional;The additional objective
worldwar/log/objective_completed_win;was accomplished!
worldwar/log/objective_completed_lose;was failed!
worldwar/log/army_died_TOO_SMALL;not enough troops
worldwar/log/army_died_LOW_MORALE;army morale was too low
worldwar/log/army_died_SUPPLIES_ENDED;surrendered after being encircled
worldwar/log/army_died_CANT_BACK_TO_AIRFIELD;couldn't return to the airfield
worldWar/hided_logs;Hidden
worldwar/log/filter/show_zone_capture;Show the capture of sectors
worldwar/log/filter/show_army_activity;Show armies
worldwar/log/filter/show_existing_battles;Show battles in process
worldwar/log/filter/show_finished_battles;Show finished battles
worldwar/log/filter/show_system_message;Show system messages
worldwar/battle/filter/show_if_no_avaliable_units;Show battles if no available vehicles
worldwar/battle/filter/show_if_no_space;Show battles, no places for a squad of this size
worldwar/battle/filter/show_unbalanced;Show unbalanced battles
worldwar/battle/filter/show_if_lock_by_timer;Show battle, not available on timer
worldwar/battle/filter/show_not_started;Show non started battles
worldWar/waiting_time;Waiting time: 
worldWar/can_join_countdown;You can join the battle in
worldWar/startStatus/started;Battle has started
worldWar/startStatus/not_started;Battle hasn't started
worldWar/canJoinStatus/can_join;You can join the battle
worldWar/canJoinStatus/no_free_places;No free player slots
worldWar/canJoinStatus/in_queue;You are in the queue
worldWar/side/allies;Allies
worldWar/side/enemies;Enemies
worldwar/army_full;No free player slots in the battle
worldwar/queue_full;No free player slots in the battle queue
worldwar/airs_not_available;No available vehicle in the battle
msg/squad_not_ready_for_ww_battle;{wwMap}: Some members of your squad are not ready to participate in the battle.
worldwar/battle/playersMinMax;Players (min - max): {min} - {max}
worldwar/battle/playersCurMax;Players (current - max): {cur} - {max}
worldwar/battle/battleResultWin;Victory
worldwar/battle/battleResultFail;Defeat
worldwar/battle/armyDestroyed; has been destroyed
worldwar/no_available_battle_in_operation;No avaliable battle in operation. You can move on to all battles of World War.
worldwar/global_battle/title;Battles for your selected country ({country})
worldwar/prepare_battle;Prepare for battle
worldWar/unavailable_for_team;Unavailable for this team
worldWar/help;World War Help
worldwar/unit/controlledByAI;Controlled by AI:
worldwar/totalPlayers;Number of players
worldwar/totalInQueue;Players in queue
worldwar/inviteSquad;Invite
worldwar/inviteSquads;Invite squads
worldwar/inviteToOperation;Invite to the operation
worldwar/inviteSquadsText;Operation {operation}. You were ordered to go into battle
worldwar/inviteOperation;Player {name} has invited you to the World War operation {operation}
worldwar/help/title;Rules for participation in a battle of World War
worldwar/help/country_info;Participation in a battle for country ({country})
worldwar/help/required_units_battle;To join a selected battle in World War, there must be at least one vehicle involved in the battle in the slots:
worldwar/help/required_units_global;To join a selected battle in World War, there must be at least one vehicle involved in the operation in the slots:
worldwar/weaponry/inArmyIsEnabled;Weapons are in the army and are available in this mission
worldwar/weaponry/inArmyIsDisabled;Weapons are absent in the army and are not available in this mission
worldwar/weaponry/inArmyIsEnabled/weaponRequired;Weapons are in the army, but they are absent on the aircraft and are not available in this mission
worldwar/gotoGlobalBattlesMsgboxText;The transition to the all battles of World War window will close the map for the current operation. Would you like to continue?
worldwar/unit;Vehicle from World War operation army
worldwar/unit/desc;This vehicle was not included in crew slots and has been added without any modifications and with a non-skilled crew
worldWar/leaveBattle/battle-started;No free player slots in the battle
worldWar/unit/wwSpawnScore;Vehicle is available for Spawn points
worldWar/unit/wwSpawnScore/desc;This vehicle was in the crew slots, but did not get into the mission - you can spawn in it for SP
worldwar/dailyTrophies;Daily Reward
worldwar/dailyTrophies/desc;Progress is reset daily at {time}
worldwar/wwDaily1battle;First battle
worldwar/wwDaily1battle/desc;The award is given for the first battle in World War mode in which you played more than 1 minute against 6 or more opponents with an activity of more than 50%. Progress is reset daily at {time}
worldwar/wwDaily3wins;Three victories in battles
worldwar/wwDaily3wins/desc;The award is given for three victories in World War battles in each of which you played more than 1 minute against 6 or more opponents with an activity of more than 50%. Progress is reset daily at {time}
trophy/wwDaily1battle;World War trophy (first battle)
trophy/wwDaily3wins;World War trophy (three victories)
worldwar/personal/award;<color=@userlogColoredText>Award</color> for personal achievements in World War
worldwar/clan/award;<color=@userlogColoredText>Award</color> for squadron achievements in World War
worldwar/top/ww_users/daily;The best players today
worldwar/top/ww_users/season;The best players this season
worldwar/top/ww_users_manager/season;The best commanders this season
worldwar/top/ww_clans/season;The best squadrons this season
worldwar/leaderboard/ww_users;Player ranking
worldwar/leaderboard/ww_users_manager;Commander ranking
worldwar/leaderboard/ww_clans;Squadron ranking
worldwar/leaderboard/ww_countries;Country ranking
worldwar/allSeason;Entire Season
worldwar/allMaps;All Scenarios
worldwar/allCountries;All Countries
worldwar/object_not_selected;There are no active actions or object is not selected
worldwar/help/main/battles;Open a list of all current battles of World War
worldwar/help/main/map_desc;Detailed information about the selected scenario
worldwar/help/main/maps_list;The list of available scenarios
worldwar/help/main/map_operation_list;A list of operations for the selected scenario
worldwar/help/main/goto_join_mode;Go to scenario operation creation mode
worldwar/help/main/operation_descr;Show the operation scenario
worldwar/help/main/create_operation;Declare your squadron to participate in the scenario of World war
worldwar/help/main/trophy_list;Daily and seasonal rewards, conditions for obtaining them and current status
worldwar/help/battles/items_list;List of available battles
worldwar/help/battles/queue_info;Information about the players standing in the selected battle queue
worldwar/help/battles/squad_info;List of your squad members with the status of player readiness
worldwar/help/battles/your_team_info;Information about your team and available vehicles
worldwar/help/battles/enemy_team_info;Information about the enemy team and available vehicles
worldwar/help/battles/info;Description of the selected battle
worldwar/help/battles/map_info;Map of the selected battle mission
worldwar/help/battles/cluster_btn;Range of servers for the battle
worldwar/help/battles/invite_btn;Call your squadron's squads to take part in the battle
worldwar/help/battles/filters_btn;Specify a filter for the battle
worldwar/help/battles/join_btn;Join the selected battle
worldwar/help/battles/leave_btn;Leave the queue
worldwar/help/battles/goto_global_btn;Go to the list of battles of all World War operations
worldwar/help/map/menu_btn;Main menu, settings and control options
worldwar/help/map/filter_btn;Settings of visible objects on the map
worldwar/help/map/to_battle_btn;To open a list of all battles of the operation
worldwar/help/map/leave_queue_btn;Cancel participation in the battle
worldwar/help/map/show_right_panel_btn;Open the operation control panel
worldwar/help/map/army_controls;Map object control unit (you must select an object on the map or reinforcement)
worldwar/help/map/operation_info;The name of the operation
worldwar/help/map/objective;Main and additional objectives for winning
worldwar/help/map/log;The event log of the operation
worldwar/help/map/commanders;The list of squadrons participating in the operation from both sides
worldwar/help/map/reinforcements;List of reinforcements to replenish your army
worldwar/help/map/airfield;Selected airfield information (select aerodrome on the map)
worldwar/help/map/armies;List of all armies involved on your side sorted by their statuses
worldwar/help/map/side_strength;Information about combat forces of your and the enemy side
worldwar/help/map/army_info;Detailed information about the selected object
worldwar/help/slotbar/groups1;Vehicles in World War are grouped.
worldwar/help/slotbar/groups2;You can use one chosen vehicle from each group.
worldwar/help/slotbar/groups3;Selected vehicle from the group
worldwar/help/slotbar/vehicle_group;Vehicle group
worldwar/help/slotbar/groups4;Use the button to create a Vehicle Preset before a battle, to set the best available vehicles in crew slots.
worldwar/help/slotbar/groups5;"You can choose an alternative vehicle from the group using the ""Change vehicle"" button."
worldwar/help/slotbar/premium_unit;Premium vehicle
worldwar/help/slotbar/unit_unavailable;Vehicle not purchased and unavailable
worldwar/help/slotbar/groups6;Each crew slot is occupied by only one group of vehicles.
worldwar/help/slotbar/groups7;"You can swap vehicle groups using the ""Change group"" button."
worldwar/help/slotbar/groups8;In World War, a player’s crews are used, but if there are not enough to accommodate all vehicle groups, you will receive additional base crew slots.
worldwar/help/slotbar/crew_skills;"You can increase crew skills using the ""Crew"" button."
worldwar/help/slotbar/crew_level;Crew level and qualification
worldwar/btn_rewards;Rewards
worldwar/rewards_start_time;Rewards start time
worldwar/rewards/reward_in_squadron;Reward players for a place in squadron
worldwar/ClanMembersLeaderboard/tooltip;The progress of players in the leaderboard of World War is taken into account only in battles involving their squadron
worldwar/showNotStarted/msgBox;"Warning! When entering the queue in a battle that has not yet started, there is a likely high probability that you will not be included in the battle at all due to the priority of the players entering the regiment participating in the operation.
It is not recommended to select this filter setting.
Do you wish to keep it selected?"
worldwar/battlesFilter/byAvailableBattles;By availability of battles:
worldwar/battlesFilter/byUnitType;By vehicle type participating:
worldwar/operation/willBegin;{name} in {time}
worldwar/operation/isNow;{name} right now!
worldwar/season_name/recon_fire;Recon under Fire
worldwar/season_name/attack_from_the_sea;Attack from the Sea
worldwar/season_name/road_to_the_west;Road to the West
worldWar/will_start_auto_battle;Battle will start in automatic mode in
worldwar/winChancePercent;Win chance
worldwar/seasonIsOverNotice;The World War season is over. The next season date will be announced on the game official site. Follow the news.
worldwar/group/breakthrough_tank;Breakthrough Tank
worldwar/group/infantry_tank;Infantry Tank
worldwar/group/cruiser_tank;Cruiser Tank
worldwar/group/light_tank_destroyer;Light Tank Destroyer
worldwar/group/medium_tank_destroyer;Medium Tank Destroyer
worldwar/group/heavy_tank_destroyer;Heavy Tank Destroyer
worldwar/group/germ_pzkpfw_II;Pz.Kpfw. II
worldwar/group/germ_pzkpfw_III_kurz;Pz.Kpfw. III (kz)
worldwar/group/germ_pzkpfw_III_lang;Pz.Kpfw. III (lg)
worldwar/group/germ_pzkpfw_IV;Pz.Kpfw. IV
worldwar/group/germ_pzkpfw_IV_kurz;Pz.Kpfw. IV (kz)
worldwar/group/germ_pzkpfw_IV_lang;Pz.Kpfw. IV (lg)
worldwar/group/germ_pzkpfw_V_panther;Pz.Kpfw. V Panther
worldwar/group/germ_pzkpfw_VI_tiger;Pz.Kpfw. VI Tiger
worldwar/group/us_m4_sherman_75mm;M4 (75 mm)
worldwar/group/us_m4_sherman_76mm;M4 (76 mm)
worldwar/group/us_m4_sherman_medium_75mm;Medium Tank M4 (75 mm)
worldwar/group/us_m4_sherman_assault_75mm;Assault Tank M4 (75 mm)
worldwar/group/us_m4_sherman_medium_76mm;Medium Tank M4 (76 mm)
worldwar/group/mbt;MBT
worldwar/group/afv;AFV
worldwar/group/p_51;P-51
worldwar/group/p_47;P-47
worldwar/group/bf_109;Bf 109
worldwar/group/fw_190_jaeger;Fw 190 Jäger
worldwar/group/fw_190_jabo;Fw 190 Jabo
worldwar/group/me_262_jabo;Me 262 Jabo
worldwar/loadArmyToTransport;Load army
worldwar/unloadArmyFromTransport;Unload transport
worldwar/cant_use_transport;Impossible to use transport
worldwar/charError/WRONG_TRANSPORT_ARMY_NAME;Army with transport not selected
worldwar/charError/WRONG_LOADING_ARMY_NAME;Choose army to transport
worldwar/charError/NOT_TRANSPORT_ARMY;Selected non transport army
worldwar/charError/CANT_LOAD_MOVING_TRANSPORT;Stop army for loading
worldwar/charError/CANT_LOAD_ENEMY_ARMY;Cannot load the enemy army
worldwar/charError/NOT_ENOUGH_STORAGE_ON_TRANSPORT;Transport is full
worldwar/charError/CANT_LOAD_THIS_UNITTYPE;Cannot be loaded with this vehicle type
worldwar/charError/INVALID_DISTANCE;Target too far
worldwar/charError/INVALID_DISTANCE_TOO_CLOSE;Target too close
worldwar/charError/TRANSPORT_IS_EMPTY;Transport is empty
worldwar/charError/WRONG_UNLOADING_ARMY_NAME;Unselected army for unloading
worldwar/charError/IMPASSABLE_CELL;Invalid place to unload
worldwar/charError/CANT_LOAD_ARMY_FROM_BATTLE;Cannot load army from battle
worldwar/armyManagers;Army managers:
worldwar/vehicleGroups;Vehicle groups
worldWar/warning/can_insert_higher_rank_units;You have higher rank vehicles
worldWar/warning/can_insert_higher_rank_units_full;In groups of vehicles participating in battle there are vehicles of a higher rank that are not in crew slots.
worldwar/transportedArmy;Transported army
debriefing/ww_total_Transport;Landing craft total
worldWar/globalBattles/noActiveBattlesForMap;There are no active battles for the selected side. You can wait for them to appear or try to choose another side
worldWar/globalBattles/mapNotActive;Scenario is not yet active and there are no battles available for it
worldwar/cluster;Cluster
worldwar/min_priority;min. priority
worldwar/max_priority;max. priority
worldwar/must_select_cluster;You must select the desired game servers.
worldwar/find_operation;Find operation
worldwar/disjoin_operation;Entering a new operation will disconnect you from Operation {id} and you will not be able to return to it through this menu.
worldwar/joinOperation;Join the 
worldwar/backOperation;Back to 
worldwar/searchingOperation;Searching for an operation...
worldwar/squadLeaderInOperation;The squad leader is in a World War operation
worldwar/help/main/cluster_select;A list of game server clusters. Used when searching for an enemy to create an operation by regiments and to search for an operation by ordinary players
worldwar/help/main/scenario_name;Scenario name
worldwar/help/main/conflict_parties;Parties to the conflict
worldwar/help/main/operation_search;Operation search. You will be able to observe the actions of regimental commanders in it and participate in its battles, helping one of the parties to win this operation
worldwar/help/main/join_clan_operation;Join your clan's operation
worldwar/help/main/back_operation;Return to the last operation played
worldwar/help/main/status_text;Requirements for creating an operation by a clan
worldwar/applicant;Applicant
worldwar/creation_cost;Operation creation cost
worldwar/creation_cost_tooltip;The cost will be debited at the time of creation of the operation. When placing an operation in the search queue and early self-interrupting of the search, Silver Lions will not be spent.
worldwar/sam/notReadyToFire;SAM system is not ready to fire
worldwar/sam/can_fire;SAM system is ready to fire
worldwar/sam/aiming;SAM system is aiming at the target
worldwar/sam/firing;SAM system is firing
worldwar/charError/SAM_SITE_HAS_NO_TARGET_ARMY;Target is not specified
worldwar/charError/SAM_SITE_TARGET_ARMY_HAS_WRONG_TYPE;Target army is not an aviation one and cannot be attacked
