<Options>;
;
options/viewtype;Default view
options/ingame_viewtype;Current view
options/viewTps;Third-person view
options/viewCockpit;Cockpit view
options/viewCockpitGunner;Cockpit (Gunner) view
options/viewVirtual;Virtual Cockpit view
options/viewGunner;Gunner view
options/info;Info
options/select;Apply
options/unitsMetric;Metric
options/unitsBritish;Imperial
options/unitsAmerican;US
options/measure_units;Measurement Units
options/invertY;Invert Y-axis (aircraft)
options/invertX;Invert X-axis
options/invertT;Invert Throttle axis
options/invertY_tank;Invert Y-axis (ground vehicle)
options/invertY_ship;Invert Y-axis (naval)
options/invertY_helicopter;Invert Y-axis (Helicopter)
options/invertY_helicopter_gunner;Invert Y-axis (Helicopter gunner)
options/invertY_walker;Invert Y-axis (Walker)
options/invertY_submarine;Invert Y-axis (Submarine)
options/invertY_spectator;Invert Y-axis in spectator mode
options/fixGunInMouseLook;Fix gun direction in mouse view
options/yes;Yes
options/no;No
options/measure_units_speed;Speed
options/measure_units_alt;Altitude
options/measure_units_dist;Distance
options/measure_units_climbSpeed;Climb Speed
options/measure_units_wing_loading;Wing Loading
options/measure_units_power_to_weight_ratio;Power-to-Weight Ratio
options/measure_units_temperature;Temperature
options/measure_units_radial_speed;Radial Speed
options/training_map;Arena
options/aaa_type;Anti-aircraft Artillery
options/aaaNone;None
options/aaaFriendly;Friendly
options/aaaEnemy;Hostile
options/situation;Situation
options/situationCommon;Equal Altitude
options/situationAltAdv;Altitude Advantage
options/situationAltDisAdv;Altitude Disadvantage
options/flares_series;Flare series
guiHints/flares_periods/series;Flare series
options/flares_series_periods;Flare series periods
guiHints/flares_periods/series_periods;Flare series periods
options/flares_periods;Flare periods
guiHints/flares_periods/periods;Flare periods
options/chaffs_series;Chaff series
guiHints/chaffs_periods/series;Chaff series
options/chaffs_series_periods;Chaff series periods
guiHints/chaffs_periods/series_periods;Chaff series periods
options/chaffs_periods;Chaff periods
guiHints/chaffs_periods/periods;Chaff periods
options/weather;Weather
options/weatherclear;Clear
options/weathergood;Partly cloudy
options/weatherhazy;Hazy
options/weatherthinclouds;Thin clouds
options/weatherthin_clouds;Thin clouds
options/weathercloudy;Cloudy
options/weatherpoor;Low cloud cover
options/weathermist;Mist
options/weathercloudy_windy;Thunderclouds
options/weatherovercast;Overcast
options/weatherblind;Fog
options/weathershower;Precipitation
options/weathersnow;Snow
options/weatherrain;Rain
options/weatherstorm;Storm
options/time;Time of day
options/timeNight;Night
options/timeMorning;Morning
options/timeDawn;Dawn
options/timeDusk;Dusk
options/timeDay;Day
options/timeEvening;Evening
options/timeNoon;Noon
options/time7;7 AM
options/time8;8 AM
options/time9;9 AM
options/time10;10 AM
options/time11;11 AM
options/time12;12 AM
options/time13;1 PM
options/time14;2 PM
options/time15;3 PM
options/time16;4 PM
options/time16:30;4:30 PM
options/time17;5 PM
options/time18;6 PM
options/time18:30;6:30 PM
options/altitude;Altitude
options/altitudeGround;On the ground
options/altitude400;400
options/altitude1000;1000
options/altitude2000;2000
options/altitude3000;3000
options/altitude5000;5000
options/altitude7500;7500
options/altitude9000;9000
options/aircraft;Vehicle
options/unit;Vehicle
options/weapons;Weapons
options/secondary_weapons;Secondary Weapons
options/additional_weapons;Secondary Weapons
guiHints/secondary_weapons;Secondary Weapons
options/primary_weapons;Offensive Armament
guiHints/primary_weapons;Offensive Armament
options/count;Count
options/player;Player
options/playerBomber;Player's Bomber
options/playerFighter;Player's Fighter
options/playerAssault;Player's Assault
options/enemy;Enemy
options/enemyBomber;Enemy's Bomber
options/enemyFighter;Enemy Fighter
options/enemyAssault;Enemy Assault
options/ally;Ally
options/allyBomber;Allied Bomber
options/allyFighter;Allied Fighter
options/allyAssault;Allied Assault
options/difficulty;Difficulty level
options/search_difficulty;Difficulty level
options/lb_diff;Difficulty level
options/arcade;Arcade Battles
options/realistic;Realistic Battles
options/hardcore;Simulator Battles
options/custom;Custom Battles
options/custom_arcade;Custom Arcade Battles
options/custom_realistic;Custom Realistic Battles
options/custom_hardcore;Custom Simulator Battles
options/attemptsUnlimited;Unlimited
options/attemptsLeft;Attempts left
options/attemptLeft;Attempt left
options/attemptsNone;None
options/attempts1;1
options/attempts2;2
options/attempts3;3
options/attempts4;4
options/attempts5;5
options/attemptsTactical;Tactical control
options/num_enemies;Number of enemies
options/enemy_aircraft;Enemy aircraft
options/enemy_weapons;Enemy weapons
options/enemy_secondary_weapons;Enemy secondary weapons
options/time_limit;Maximum battle time
options/timeLimitAuto;Auto
options/timeLimit1;3 min
options/timeLimit2;10 min
options/timeLimit3;20 min
options/timeLimit4;30 min
options/timeLimit5;1 h
options/timeLimit6;2 h
options/timeLimit7;6 h
options/timeUnlimited;Unlimited
options/numPlayers;Number of players
options/numPrivateSlots;Private slots
options/aircraftTag;Aircraft
options/aircraftType;Available aircraft
options/timeLimit;Time limit
options/spawnTime;Respawn time
options/scoreLimit;Score limit
options/map;Level
options/invertCameraY;Invert camera Y-axis
options/vibration;Vibration
options/gamepadEngDeadZone;Use recommended dead zone
options/selectWheelShipEnable;Enable the weapon selection menu
options/mp_mode;Game mode
options/mp_team;Team
options/teamBattleMode;Team Battle
options/dominationMode;Random Battles
options/tournamentMode;Tournament
options/skirmishMode;Custom Battles
options/language;Language
options/customLang;Custom localization *
guiHints/customLang;Use custom localization from the lang folder instead of the official localization. Using a custom localization may lead to errors and make the text in the game unreadable.
options/customSoundMods;Custom sound modification *
guiHints/customSoundMods;Use a custom sound modification instead of official voice acting. Please note that the game may not work stably if you use outdated or incorrect modifications.
options/mp_map;Arena
options/score_limit;Score limit
options/any;Any
options/fuel_and_ammo;Fuel and Ammo
options/unlimited;Unlimited
options/limitedArmament;Disable armament reloading
options/limitedAmmo;Limited ammo
options/limitedFuel;Limited fuel
options/limitedFuelAndAmmo;Limited F/A
options/defaultWeapons;Default weapons
options/bullets;Shell racks
options/bullets0;Shell rack
guiHints/bullets0;Shell rack variation
options/bullets1;Shell rack #2
guiHints/bullets1;Shell rack variation for second gun group
options/bullets2;Shell rack #3
guiHints/bullets2;Shell rack variation for third gun group
options/bullets3;Shell rack #4
guiHints/bullets3;Shell rack variation for fourth gun group
modification/default_bullets;Default
modification/default_bullets/desc;Default
options/enemy_skill;Enemy skill level
options/skill0;Rookie
options/skill1;Average
options/skill2;Veteran
options/volume_master;Volume
options/volume_music;Music Volume
options/volume_music/and_radio;Music and Internet Radio Volume
options/volume_menu_music;Music Volume in Menu
options/volume_sfx;SFX Volume
options/volume_guns;Gunfire Volume
options/volume_tinnitus;Tinnitus Volume
options/volume_radio;Radio Chat Volume
options/volume_engine;Other Player's Engine Volume
options/volume_my_engine;My Engine Volume
options/volume_dialogs;Speech and FMV Volume
options/volume_vws;Voice warning system
options/volume_rwr;RWR
options/tickets;Tickets
options/debug_unlock_missions;Unlock all missions
options/debug_unlock_content;Unlock all content
options/nothing;None
options/success;Success
options/fail;Fail
options/hud;HUD
options/hudFull;Full
options/hudNecessary;Necessary
options/hudMinimal;Minimal
options/hudNone;Disabled
options/show_pilot;Show Pilot in Cockpit
guiHints/show_pilot;Show pilot in a cockpit (in cockpit view). You can disable this option to get a better view of the aircraft's instruments. This option is automatically disabled when Texture Quality is set below High.
options/autosave_replays;Autosave Replays
guiHints/autosave_replays;Autosave Replays
options/subtitles;Subtitles in cutscenes
options/sound_speakers;Speakers
options/sound_speakers/stereo;Stereo
options/voice_message_voice;Crew's Voice
guiHints/voice_message_voice;Your crew's voice for radio signals
options/voice_message_voice1;Male Voice 1
options/voice_message_voice2;Male Voice 2
options/voice_message_voice3;Male Voice 3
options/voice_message_voice4;Female Voice
options/subtitles_radio;Subtitles (radio)
hide_text_btn;Show Maneuver
options/video_gamma;Gamma correction
options/vignette;Vignette
guiHints/vignette;Vignette
options/fxaa;FXAA
guiHints/fxaa;FXAA
options/fxaa0;No FXAA
options/fxaa1;Normal quality FXAA
options/fxaa2;High quality FXAA
options/sharpenTPS;TPS sharpness
options/sharpenGunner;Gunner View sharpness
options/sharpenBomber;Bomber View sharpness
options/sharpenCockpit;Cockpit sharpness
options/lutTexture;Color correction
options/tonemappingMode;Tone mapping
options/reinard;Reinhard
options/polynom;Polynom
options/logarithm;Logarithm
options/L_inv_white;'L' inverted white
options/U_A;A
options/U_B;B
options/U_C;C
options/U_D;D
options/U_E;E
options/U_F;F
options/UWhite;White
options/lenseFlareMode;Lens flare
options/lenseFlareHaloPower;Lens flare: halo
options/lenseFlareGhostsPower;Lens flare: ghosts
options/enabled_in_replays;Enabled in replays
options/enabled_in_tps;Enabled in TPS views
options/enabled_everywhere;Enabled everywhere
options/multiplier_ailerons;Roll sensitivity
options/multiplier_elevator;Pitch sensitivity
options/multiplier_rudder;Yaw sensitivity
options/fuel_amount;Fuel amount (min.)
guiHints/fuel_amount;Fuel amount (min.)
options/full_tank;Full tank
options/customizable_quantity;Customizable quantity
options/adjustable_fuel_quantity;Adjustable fuel quantity
guiHints/adjustable_fuel_quantity;Adjustable fuel quantity
options/allow_jip;Join in progress
options/queue_jip;Join already active battles
options/dedicatedReplay;Enable broadcast
guiHints/dedicatedReplay;Enable live broadcast, so that everyone can become a spectator.
options/disable_airfields;Disable airfields
guiHints/disable_airfields;Removes airfields from the map
options/spawn_ai_tank_on_tank_maps;Enable additional AI vehicles
guiHints/spawn_ai_tank_on_tank_maps;This setting enables additional AI vehicles in missions that support them
options/auto_squad;Automatically join squads
options/order_auto_activate;Automatically activate orders
options/indicatedSpeed;Indicated air speed
options/speed_tas;TAS
options/speed_ias;IAS
options/speed_tas_ias;TAS + IAS
options/indicatedAltitude;Indicated altitude
guiHints/indicatedAltitude;Selecting the displayed flight altitude. Barometric altitude is the height above sea level. Radar altitude is the height from the aircraft to the surface below it.
options/radarAltitudeAlert;Minimal safe radar altitude
guiHints/radarAltitudeAlert;Select the minimum radar altitude for warning indication.
options/altitude_baro;Barometric altitude
options/altitude_radar;Radar altitude
options/altitude_baro_radar;Barometric and radar altitude
options/horizontalSpeed;Horizontal speed
guiHints/horizontalSpeed;If enabled airspeed indicator shows only level speed (without vertical speed)
options/sound_device_out;Output Device
options/ptt;Push-to-talk
guiHints/ptt;Push-to-talk
options/voicechat;Voice Chat
options/voice_device_in;Input Device (microphone)
guiHints/voice_device_in;Select a microphone or headset to use for voice chat
options/voice_device_out;Output Device (headphones)
guiHints/voice_device_out;Select headphones or speakers to use for voice chat playback
options/ptt_shortcut;Voice Chat Button
guiHints/ptt_shortcut;Press the button to activate voice chat
guiHints/ptt_shortcut_reset;Reset voice chat button
options/joinEcho;Join a test channel
guiHints/joinEcho;After joining the test channel, everything you say will be repeated back to you as soon as it is received. The purpose of this test is to check the latency between you and the voice chat server.
options/leaveEcho;Leave test channel
guiHints/leaveEcho;Leave test channel
options/joyFX;Force Feedback
options/multiplier_force_gain;Force Feedback Multiplier
options/single;Play Offline
options/create;Create online game
options/join;Find session
options/coop_mode;Game modes
options/skin;Camouflage
skins/default;Default
skins/auto;Auto ({skin})
skins/auto_in_battle;Automatic camouflage in battle
skins/auto_in_battle_desc;Automatic selection of camouflage in a mission depending on terrain conditions (Desert, Winter, Forest, City)
options/skin_condition;Camouflage condition
guiHints/skin_condition;Camouflage condition
options/camo_scale;Camouflage scale
options/camo_rotation;Camouflage rotation
guiHints/not_available_on_this_camo;Not available on this camouflage.
options/invertY_gunner;Invert Y-axis (gunner)
options/multiplier_zoom;Sensitivity in zoom
options/multiplier_gunner_view;Gunner view sensitivity
guiHints/multiplier_gunner_view;Gunner view sensitivity
options/multiplier_gunner_view_zoom;Gunner view sensitivity at maximum zoom
guiHints/multiplier_gunner_view_zoom;Gunner view sensitivity at maximum zoom
options/multiplier_mouse;Aim sensitivity
options/mouse_smooth;Mouse smoothing
options/nonlinearity_mouse;Mouse nonlinearity
options/aim_time_nonlinearity_air;Gamepad aim acceleration
options/aim_time_nonlinearity_tank;Gamepad aim acceleration
options/aim_time_nonlinearity_ship;Gamepad aim acceleration
options/selectPreset;Reset to...
options/resetAxes;Erase settings
options/hud_color;Nameplates color
options/hud_indicators;Player nameplates style
options/clearAll;Clear all
options/clearIt;Clear
hud_presets/preset9;Light Green
hud_presets/preset2;Green
hud_presets/preset10;Green 2
hud_presets/preset3;Orange
hud_presets/preset4;Yellow
hud_presets/preset5;Red
hud_presets/preset6;Cyan
hud_presets/preset7;Blue
hud_presets/preset8;Magenta
hud_presets/preset1;White
hud_indicators_presets/preset1;Dark
hud_indicators_presets/preset2;Light
skins;Camouflage
decals;Decals
flags;Flags
decorators;Decorations
options/hudDefault;Default
options/disabled;Disabled
options/enabled;Enabled
decals/wrap;Wrap
decals/flip;Flip
decals/mirror;Mirror
decals/twosided;Two sided
decals/twosided/mirrored;Two sided, Mirrored
decals/twosided/off;Single side
decals/switch_mode;Switch display mode
decals/rotate;Rotation
decals/size;Size
decals/move;Move
decals/zoomCamera;Zoom camera
decals/rotateCamera;Rotate camera
decals/successfulLoadedSkinSample;"Created a user skin sample
<color=@activeTextColor>%s</color>
in UserSkins folder in game root folder."
decals/failedLoadedSkinSample;Failed to create a user skin sample.
decals/noUserSkinForCurUnit;Creating user skins for <color=@activeTextColor>%s</color> is not available at the moment.
decals/userSkinSample;Create a user skin sample
decals/userSkinSample/tooltip;Create a user skin sample files in the game folder.
decals/updateSkinsList/tooltip;Update the user skins list (and reload the current skin).
decals/scaleLocked;This decal cannot be resized
userSkin/custom;%s
userSkin/custom/desc;User skin
userSkin/custom/note;Your user skin is visible only to you, other players in the game will see the standard Camouflage instead.
userSkin/disabled/tooltip;Disable user skin usage
options/user_skins;User skin
options/aaaBoth;Both sides
options/num_friendlies;Number of allies
options/enemy_skin;Enemy skin
options/friendly_skill;Allied aircraft skill
options/timePlayed;Time played
options/author;Author
options/location;Location
options/help;Show controls
options/exportToFile;Export to file
options/importFromFile;Import from file
options/engineControl;Engine Control
options/realGunnery;Realistic Gunnery
options/realAimingShip;Realistic Aiming
guiHints/realAimingShip;Manual input of sight distance.
options/realDamageModels;Realistic Damage Model
options/stallsAndSpins;Stalls
options/redOuts;Redouts / Blackouts
options/mortalPilots;Mortal pilots
options/manualTrimming;Manual trimming
options/torqueAndGyro;Torque effect
options/limitedBombsMissiles;Limited bombs and missiles
options/noArcadeBoost;Disable arcade boost
options/aircraftHelpers;Aircraft helpers
options/hudAimPrediction;[HUD] aim prediction
options/hudShowSpeedVector;[HUD] speed vector
options/hudMarkers;[HUD] units names and distances
guiHints/hudMarkers;Enable/disable display of unit names and distances.
options/hudMarkerArrows;[HUD] marker arrows
guiHints/hudMarkerArrows;Enable/disable display of arrows near the edges of the screen, indicating targets off screen.
options/hudIndicators;[HUD] indicators
guiHints/hudIndicators;Enable/disable indicators of throttle, speed, altitude, etc. in the upper left corner of the screen.
options/hudShowTankDistance;[HUD] units distances for ground vehicles
guiHints/hudShowTankDistance;Enable/disable displaying of distances to units for ground vehicles.
options/hudMapAircraftMarkers;[HUD] aircraft markers on map
options/hudMapGroundMarkers;[HUD] vehicle markers on map
options/hudMarkersBlink;[HUD] mission target blink
guiHints/hudMarkersBlink;[HUD] mission target blink
options/hudRadar;[HUD] radar
options/hudDamageModel;[HUD] damaged model indicators
options/hudDamageIndicator;[HUD] damage indicators
options/hudLargeAwardMessages;[HUD] large award messages
options/hudWarnings;[HUD] onscreen warnings
options/disableTpsViews;Allowed views
options/limitViewTps;All
options/limitViewFps;First-person only
options/limitViewCockpit;Cockpit only
options/flutter;Flutter effect
options/respawns;Attempts
options/profileCountry;Preferred country
options/profilePilot;Profile icon
country_all;All
units_all;All
country_0;Random
all_countries;All countries
all_units;All types
pilotIcons/cardicon_default;Default
guiHints/multiplier_ailerons;Aileron sensitivity
guiHints/multiplier_elevator;Elevator sensitivity
guiHints/multiplier_rudder;Rudder sensitivity
guiHints/subtitles;Subtitles
guiHints/subtitles_radio;Subtitles (radio)
guiHints/aircraft;Player's aircraft model
guiHints/altitude;Altitude at which the action will take place
guiHints/aaa_type;Toggle anti-aircraft artillery settings. Can be on either Player or Enemy side.
guiHints/training_map;Map where the action will take place
guiHints/attempts;The number of additional attempts the player can use if his aircraft crashes.
guiHints/aircraftTag;Aircraft available to players
guiHints/viewtype;Choose default game camera
guiHints/ingame_viewtype;Choose default game camera
guiHints/num_enemies;Number of enemy aircraft
guiHints/enemy_aircraft;Enemy aircraft model
guiHints/fuel_and_ammo;Allows you to limit the amount of fuel and ammo (aircraft only)
guiHints/invertCameraY;Inverted Y-axis for camera control
guiHints/invertY;Inverted Y-axis for aircraft control
guiHints/invertX;Inverted X-axis for aircraft control
guiHints/invertT;Invert aircraft collective control
guiHints/invertY_tank;Inverted Y-axis for ground vehicle control
guiHints/invertY_ship;Inverted Y-axis for naval vessel control
guiHints/invertY_helicopter;Inverted Y-axis for helicopter control
guiHints/invertY_spectator;Inverted Y-axis in spectator mode
guiHints/measure_units;"Unit measurement system. Metric system — speed is measured in ""kmh"", altitude and distance — in ""m"". Imperial system — speed is measured in ""mph"", altitude and distance — in ""ft"". User system — can be mixed in optional mode."
guiHints/difficulty;Difficulty level
guiHints/situation;Altitude difference between you and the enemy at the game start
guiHints/time_limit;Battle time limit
guiHints/time;Time of day at the game start
guiHints/vibration;Enables vibration function
guiHints/weapons;Chosen aircraft armament
guiHints/enemy_weapons;Enemy aircraft armament
guiHints/weather;Weather conditions in location
guiHints/enemy_skill;Your enemies' skill level
guiHints/altitude_units;Units in which altitude is measured.
guiHints/distance_units;Units in which distance is measured.
guiHints/speed_units;Units in which speed is measured.
guiHints/mp_map;Location of battle
guiHints/measure_units_speed;Measurement of speed
guiHints/measure_units_alt;Measurement of altitude
guiHints/measure_units_dist;Measurement of distance
guiHints/measure_units_climbSpeed;Measurement of climb speed
guiHints/measure_units_temperature;Measurement of temperature
guiHints/hud;Set HUD elements available in flight
guiHints/mp_mode;Game mode
guiHints/skin;Livery
guiHints/invertY_gunner;Invert Gunner's Y-axis
guiHints/multiplier_zoom;Adjust control sensitivity in zoom
guiHints/multiplier_mouse;Mouse Sensitivity
guiHints/mouse_smooth;Mouse Smoothing
guiHints/video_gamma;Gamma correction
guiHints/hud_color;Primary HUD Color
guiHints/coop_mode;Game modes
guiHints/lb_diff;Difficulty level affects the flight physics and number of attempts
guiHints/numPlayers;Maximum number of players in match
guiHints/score_limit;Score at which the match ends.
guiHints/allow_jip;Allow players to join during match
guiHints/queue_jip;In order not to waste time waiting in the queue, when possible, join battles that have recently begun.
guiHints/auto_squad;Automatically join squads with other players in Random Battles and Events.
guiHints/order_auto_activate;Automatically activate orders in battle that expire in less than {time}.
guiHints/tickets;Each crash of your team's aircraft or successful enemy action reduces the number of tickets for your team.
guiHints/numPrivateSlots;Number of friends-only slots in match
guiHints/indicatedSpeed;Show indicated air speed (IAS)
guiHints/ai_gunner_time;Time after which AI-gunner enables
guiHints/num_friendlies;Number of friendly aircraft
guiHints/enemy_skin;Skin of enemy aircraft
guiHints/friendly_skill;Your allies' skill level
guiHints/mp_mission;Select Mission
guiHints/versus_respawn;Enable / disable the respawn of players in the game
guiHints/engineControl;Engine Control
guiHints/realGunnery;Real Gunnery
guiHints/realDamageModels;Allows you to toggle between realistic and simplified damage models.
guiHints/stallsAndSpins;Stalls
guiHints/redOuts;Redouts / Blackouts
guiHints/mortalPilots;Mortal pilots
guiHints/manualTrimming;Manual trimming
guiHints/torqueAndGyro;Torque effects
guiHints/limitedBombsMissiles;Limited ordnance
guiHints/noArcadeBoost;Disable arcade boost
guiHints/hudAimPrediction;Enable/disable aim prediction
guiHints/hudShowSpeedVector;Enable/disable speed vector
guiHints/hudMapAircraftMarkers;Enable/disable aircraft indication on Tactical map
guiHints/hudMapGroundMarkers;Enable/disable vehicles indication on Tactical map
guiHints/hudRadar;Enable/disable radar
guiHints/hudDamageModel;Enable/disable damage model indicator
guiHints/hudDamageIndicator;Enable/disable damage indicator
guiHints/hudLargeAwardMessages;Enable/disable large award messages
guiHints/hudWarnings;Enable/disable onscreen warnings
guiHints/disableTpsViews;Allowed views
guiHints/flutter;Flutter effect
guiHints/respawns;Attempts
guiHints/profileCountry;Preferred country
guiHints/profilePilot;Pilot icon
options/dyn_map;Combat Theater
guiHints/dyn_map;Theater of military operations
options/numBots;Number of bots
guiHints/numBots;Number of AI-controlled planes in the mission
options/respawn_base;Respawn Base
guiHints/respawn_base/choice_disabled;Respawn Base choice not available.
guiHints/respawn_base/choice_enabled;You can choose the Respawn Base here.
guiHints/lb_mode;Game mode
guiHints/lb_type;Type of statistics
options/lb_mode;Game mode
options/lb_type;Type of statistics
measureUnits/kmh;km/h
measureUnits/mph;mph
measureUnits/kt;kt
measureUnits/machNumber;M
measureUnits/meters_alt;m
measureUnits/feet_alt;ft
measureUnits/km_dist;km
measureUnits/meters_dist;m
measureUnits/feet_dist;ft
measureUnits/mile_dist;mi
measureUnits/yard_dist;yd
measureUnits/days;d
measureUnits/hours;h
measureUnits/minutes;m
measureUnits/seconds;s
measureUnits/milliseconds;ms
measureUnits/metersPerSecond_climbSpeed;m/s
measureUnits/feetPerMinute_climbSpeed;ft/min
measureUnits/celsius_temperature;°C
measureUnits/fahrenheit_temperature;°F
measureUnits/kgPerSec;kg/s
measureUnits/deg_per_sec;°/s
measureUnits/deg;°
measureUnits/degMinutes;ʹ
measureUnits/degSeconds;ʺ
measureUnits/rpm;rpm
measureUnits/kg_per_sq_meters;kg/m²
measureUnits/lb_per_sq_feet;lb/ft²
measureUnits/hp_per_kg;hp/kg
measureUnits/hp_per_lb;hp/lb
measureUnits/mm;mm
measureUnits/gr;g
measureUnits/kg;kg
measureUnits/lbs;lbs
measureUnits/ton;t
measureUnits/hp;hp
measureUnits/H;N
measureUnits/gForce;g
measureUnits/percent;%
measureUnits/pcs;pcs
measureUnits/rank;rank
measureUnits/rounds_per_min;rounds/min
measureUnits/kilojoule;kJ
measureUnits/full/years;{n} {n=year/years}
measureUnits/full/months;{n} {n=month/months}
measureUnits/full/days;{n} {n=day/days}
measureUnits/full/hours;{n} {n=hour/hours}
measureUnits/full/minutes;{n} {n=minute/minutes}
measureUnits/full/seconds;{n} {n=second/seconds}
measureUnits/perMinute;/min
guiHints/mp_team;Choose your team
options/dyn_zone;Sector
options/dyn_surround;Front Line
options/dyncount/free;At the rear
options/dyncount/front;At the front
options/dyncount/surrounded;Blockaded
options/dyn_allies;Friendly Forces
options/dyn_enemies;Hostile Forces
options/dyncount/none;None
options/dyncount/few;Few
options/dyncount/normal;Medium
options/dyncount/many;Many
guiHints/dyn_zone;Area of Conflict
guiHints/dyn_surround;Type of front line
guiHints/dyn_allies;Number of friendly forces in the area
guiHints/dyn_enemies;Number of hostile forces in the area
options/dyn_mp_map;Scenario
guiHints/dyn_mp_map;Type of battle
options/dyncount/front_enemy;Hostile sector at the front
options/dyncount/front_ally;Friendly sector at the front
options/dyncount/ally_around_ally;At friendly rear
options/dyncount/ally_around_enemy;Friendlies around hostile sector
options/dyncount/enemy_around_ally;Enemies around friendly sector
options/dyncount/enemy_around_enemy;Behind enemy lines
options/aircraft_country;Friendly aircraft country
options/enemy_aircraft_country;Hostile aircraft country
guiHints/aircraft_country;Planes from this country will act as your friends during the mission
guiHints/enemy_aircraft_country;Planes from this country will act as your enemies during the mission
options/mission_rotation;Mission rotation
guiHints/mission_rotation;Mission rotation
options/session_password;Password
guiHints/session_password;Password to connect to this game (optional).
options/battle_rating_min;Minimum BR
guiHints/battle_rating_min;Minimum Battle Rating of vehicles.
options/battle_rating_max;Maximum BR
guiHints/battle_rating_max;Maximum Battle Rating of vehicles.
options/allowEmptyTeams;Allow empty teams
guiHints/allowEmptyTeams;Allow the launch and continuation of the mission without active players and bots in any of the teams.
options/isBotsAllowed;Include bots
options/keepDead;Keep destroyed units
options/useTankBots;Bots in tanks
options/useShipBots;Bots in ships
options/maxPlayers;Number of players
guiHints/isBotsAllowed;Allow bots in the game or not
guiHints/maxPlayers;How many players will take part in the game
options/autoBalance;Auto Balance
guiHints/autoBalance;Teams auto balancing
options/takeoff_mode;Mission Start
guiHints/takeoff_mode;"No take-off (airborne) — the player starts the mission in the air, without take-off from the airfield.
Take-off — the player starts the mission on the airfield and then appears right in the battle zone, missing a flight to the target.
Take-off and proceed to the target — the player starts the mission on the airfield and flies all the way to the battle zone."
options/takeoffmode/no;No take-off (airborne)
options/takeoffmode/teleport;Take-off
options/takeoffmode/real;Take-off and proceed to the target
options/wins_to_complete;Victories to complete
guiHints/wins_to_complete;How many victories you require to complete the campaign
options/dyncount/capture_all_sectors;Capture all sectors
options/dyncount/need_3_wins;3 victories
options/dyncount/need_5_wins;5 victories
options/favorite;Favorite missions
options/mission_start_time;Mission Start Time
options/year;Year
guiHints/year;The year in which the mission takes place (affects all aircraft and some military machines)
options/year_text;"%i (planes from this year: %i; planes from earlier: %i)"
options/dyn_fl_advantage;Frontline advantage
guiHints/dyn_fl_advantage;Which side controls more sectors in the region
options/dyn_fl_ally;Friendly
options/dyn_fl_enemy;Enemy
options/dyn_fl_equal;None
guiHints/limitedAmmo;Allows you to limit amount of bullets
guiHints/limitedArmament;Allows you to toggle bomb, rocket, and torpedo reloading.
guiHints/aircraftHelpers;Helps to control the plane by adapting the speed in different situations
options/rounds;Rounds and flyouts
guiHints/rounds;Number of rounds and flyouts during each round
options/rounds0;One round, multiple flyouts
options/rounds1;One round, single flyout
options/rounds3;3 rounds, single flyout
options/rounds5;5 rounds, single flyout
options/rounds7;7 rounds, single flyout
options/ias_yes;Yes
options/ias_no;No
options/vib_yes;Yes
options/vib_no;No
options/mouse_aim;Mouse aim
options/mouse_aim/tooltip;This mode allows you to control the aircraft using only the mouse. The aircraft will head in the direction of the crosshair. The virtual instructor can help you to control the aircraft. Recommended for beginners.
options/mouse_aim/tank;Mouse aim
options/mouse_aim/tank/tooltip;"This mode allows you to control a tank turret using the mouse only. Only essential actions can be assigned.
Recommended for beginners.
<color=@warningTextColor>This mode does not support joysticks.</color>"
options/advanced_controls;Full controls
guiHints/advanced_controls;Complete control (you can control the flaps, trim tabs, propeller pitch, etc.).
options/helpers_mode;Control type
guiHints/helpers_mode;Control type
options/simplified_controls;Realistic controls
options/simplified_controls/tooltip;"This mode allows you to assign the controls to any device and makes more actions available. The virtual instructor does not function in this mode.
<color=@warningTextColor>It is recommended that you use a joystick to control the aircraft.</color>"
options/simplified_controls/tank;Realistic controls
options/simplified_controls/tank/tooltip;"This mode allows you to assign the controls to any device and makes more actions available (manual transmission).
<color=@warningTextColor>Manual Transmission is enabled.</color>"
options/full_real;Full-real controls
options/full_real/tooltip;"Complete vehicle control (you can control the flaps, trim tabs, propeller pitch, etc.). The virtual instructor does not function in this mode. Recommended for experienced players.
<color=@warningTextColor> It is recommended that you use a joystick to control the vehicle.</color>"
options/full_real/tank;Full tank controls
options/full_real/tank/tooltip;"Complete tank control (you can control left and right brakes separately etc).
Recommended for experienced players."
options/virtual_instructor;Simplified controls
options/virtual_instructor/tooltip;This mode provides you with a virtual instructor to help control the aircraft in the air. Unlike Mouse Aiming mode, however, it allows you to assign the controls to any device.
options/virtual_instructor/tank;Simplified controls
options/virtual_instructor/tank/tooltip;Unlike Mouse Aiming mode, this mode allows you to assign the controls to any device.
options/preferred_difficulty;Preferred difficulty
guiHints/preferred_difficulty;Preferred difficulty
options/use_pov;Use POV for Free Look
guiHints/use_pov;Use POV for Free Look
controls/use_pov;Use POV for Free Look
options/mouse_usage;Control mode
controls/mouse_usage;Mouse usage
guiHints/mouse_usage;Control mode
options/mouse_usage_no_aim;Control mode in simulator mode
guiHints/mouse_usage_no_aim;Control mode in simulator mode
controls/mouse_usage_mouse_aim;Mouse usage
guiHints/mouse_usage_mouse_aim;Mouse usage
options/mouse_joystick;Mouse joystick
controls/mouse_joystick_mode;Mouse joystick mode
controls/mouse_joystick_mode_helicopter;Mouse joystick mode
options/mouse_joy_mode_simple;Simplified
options/mouse_joy_mode_standard;Standard
guiHints/mouse_joystick;Mouse joystick
options/mouse_relative;Relative control
guiHints/mouse_relative;Relative control
options/mouse_view;View
guiHints/mouse_view;View
controls/mouse_joystick_sensitivity;Sensitivity
controls/mouse_joystick_sensitivity_helicopter;Sensitivity
controls/mouse_joystick_deadzone;Dead zone
controls/mouse_joystick_deadzone_helicopter;Dead zone
controls/mouse_joystick_screensize;Screen size
controls/mouse_joystick_screensize_helicopter;Screen size
controls/mouse_joystick_rudder;Rudder
controls/mouse_joystick_rudder_helicopter;Rudder
guiHints/mouse_joystick_sensitivity;Sensitivity
guiHints/mouse_joystick_deadzone;Dead zone
guiHints/mouse_joystick_screensize;Screen size
guiHints/mouse_joystick_rudder;Rudder
controls/mouse_joystick_aileron;Aileron
controls/mouse_joystick_aileron_helicopter;Aileron
guiHints/mouse_joystick_aileron;Aileron
controls/mouse_joystick_screen_place;Cursor screen place
controls/mouse_joystick_screen_place_helicopter;Cursor screen place
guiHints/mouse_joystick_screen_place;Cursor screen place
controls/mouse_joystick_square;Square
controls/helicopter_mouse_joystick_square;Square
guiHints/mouse_joystick_square;Square
options/auto_show_chat;Show Chat when receiving New Messages
guiHints/auto_show_chat;When this option is enabled, the chat box will automatically become visible when new messages are received.
options/chat_messages;Chat Messages
guiHints/chat_messages;Filters of shown messages by group
options/chat_messages_all;All
options/chat_messages_team_and_squad;Team and squad
options/chat_messages_squad;Squad
options/chat_messages_system;System only
options/chat_messages_nothing;Nothing
options/chat_filter;Chat Censor
guiHints/chat_filter;Chat Censor
options/tactical_map_scale;Tactical map scale
guiHints/tactical_map_scale;Resizing of the tactical map in the battle
options/damage_indicator_scale;Damage indicator scale
guiHints/damage_indicator_scale;Resizing of the damage indicator in the battle
options/air_radar_scale;Air radar scale
guiHints/air_radar_scale;Adjust the size of the air radar in the interface.
options/tactical_map_scale_small;Small
options/tactical_map_scale_normal;Normal
options/tactical_map_scale_big;Large
options/tactical_map_scale_very_big;Extra Large
options/crosshair_deflection;Show Lead
options/gyro_sight_deflection;Show cannon gyro sight indication
guiHints/gyro_sight_deflection;If the aircraft is equipped with a gyro sight, then in the 3rd person view the crosshair mark will move depending on the intensity of the player's aircraft maneuvering. This helps to choose the right lead for shooting. When the sight is working in this mode, the player must align the aiming mark with the target.
guiHints/crosshair_deflection;Enable/disable crosshair lead for enemy aircraft.
options/crosshair_speed;Show Target Speed
guiHints/crosshair_speed;Enable/disable speed direction of enemy aircraft. (not leading.)
options/country;Country
options/crew;Crew
options/crewName;Crew #
options/show_indicators;Show markers
guiHints/show_indicators;Show markers
options/show_indicators_type;Text
guiHints/show_indicators_type;"Show player markers and names. If the ""Show names of selected"" option is enabled, all indicators are shown, but only names of the selected players are displayed."
options/show_indicators_nick;Nickname
guiHints/show_indicators_nick;Nickname
options/show_indicators_nick_all;Show all
options/show_indicators_nick_squad;Show for squad
options/show_indicators_nick_none;Do not show
options/show_indicators_title;Title
guiHints/show_indicators_title;Title
options/show_indicators_aircraft;Vehicle
guiHints/show_indicators_aircraft;Vehicle
options/show_indicators_dist;Distance
guiHints/show_indicators_dist;Distance
options/replay_all_indicators;Show all enemy markers in replay
guiHints/replay_all_indicators;Show enemy markers regardless of the detection state
options/hud_screenshot_logo;Screenshot logo
guiHints/hud_screenshot_logo;Screenshot logo
options/hud_vis_part_streaks;Show Match awards
options/hud_vis_part_reward_msg;Show reward message for an action
options/hud_vis_part_orders;Show Order panel
options/hud_vis_part_killlog;Show vehicle destruction log
options/hud_vis_part_chat_place;Show chat in battle
options/hud_show_bonuses;Show bonuses on screen
guiHints/hud_show_bonuses;Show bonuses on screen
options/hud_show_action_bar;Show action bar in battle
guiHints/hud_show_action_bar;Show action bar in battle
options/hud_show_names_in_killlog;Show player names in the destruction log
guiHints/hud_show_names_in_killlog;Show player names in the destruction log
options/hud_show_ammo_type_in_killlog;Show ammunition type in the destruction log
guiHints/hud_show_ammo_type_in_killlog;Show ammunition type in the destruction log
options/hud_show_squadron_names_in_killlog;Show squadron names in the destruction log
guiHints/hud_show_squadron_names_in_killlog;Show squadron names in the destruction log
options/hud_show_death_reason_in_ship_killlog;Show destruction reason in naval destruction log
options/can_queue_to_night_battles;Participate in night battles
options/can_queue_to_small_teams;Participate in battles with smaller team sizes
options/selected;Show names for selected
options/all;For all
options/speech_country_type;Crew language
guiHints/speech_country_type;"Сrew language selection. When ""Auto"" selected, crew language in arcade mode is determined by the interface language, and in other game modes, the crew language is determined by the crew country."
options/speech_country_auto;Auto
options/speech_country_player;Game options
options/speech_country_unit;Crew country
options/hangar_sound;Hangar Sound Effects
options/playInactiveWindowSound;Play sounds when game window is in background
options/centered;In the centre of screen
guiHints/multiplier_force_gain;Force Feedback multiplier
options/arcadeCountry;Country selection
guiHints/arcadeCountry;Country selection
options/mission_countries_type;Country selection
options/countryArcade;Any country
options/countryReal;By mission
options/countrySymmetric;Symmetrically
options/countryCustom;Custom
options/race_laps;Laps
options/race_winners;Winners
options/race_can_shoot;Allowed to shoot
options/complaint_category;Complaint Category
options/ban_category;Ban Category
options/ban_penalty;Penalty
options/ban_time;Time
options/cluster;Select servers
options/collectiveDetection;[HUD] Shared vision
guiHints/collectiveDetection;Allows markers of enemies within your teammates' search angle to be seen.
options/allowControlHelpers;Allow control helpers
guiHints/allowControlHelpers;Allow control helpers
options/forceInstructor;Force virtual instructor
guiHints/forceInstructor;Force virtual instructor
options/allHelpers;All
options/Realistic;Realistic only
options/Instructor;Realistic and instructor
options/distanceDetection;Detection distance
guiHints/distanceDetection;Detection distance
options/near;Near
options/normal;Normal
options/far;Far
options/inarcade;In Arcade Battles
options/always;Always
options/auto_login;Auto Login
guiHints/auto_login;Auto Login only applies if 'remember password' is selected in the login screen.
options/main;Main
options/sound;Sound
options/interface;Interface
options/noRespawns;Respawns
guiHints/noRespawns;Enable/disable respawns of player vehicles after death
options/maxRespawns;Respawns
guiHints/maxRespawns;Enable/disable respawns of player vehicles after death
options/resp_none;Disabled
options/resp_all;All crews
options/resp_unlimited;Unlimited
options/resp_limited;3 crews
options/resp_limited/value;{amount} crews
options/gun_target_dist;Gun targeting distance (m)
guiHints/gun_target_dist;Gun targeting distance (m)
options/bomb_activation_time;Bomb activation time (sec)
guiHints/bomb_activation_time;Bomb activation time (sec)
options/bomb_activation_type;Bomb fuze
guiHints/bomb_activation_type;Select the detonation delay for aircraft bombs (explodes after the bomb contacts a target or surface).
options/bomb_activation_type/assault;Assault fuze
guiHints/bomb_activation_type/assault;"Assault fuze - the bomb explodes on impact, unless it reaches the surface in less than delay time that ensures safety when dropped at low altitude has expired.
The delay time depends on the mass of explosive in bomb and is:
10kg - 1.5s
40kg - 2.7s
120kg - 3s
300kg - 3.5s
500kg - 4.5s
2000kg - 6s
5000kg - 7s"
guiHints/bomb_activation_type/timer;Fixed fuze time - the bomb explodes {sec}s after impact.
options/depthcharge_activation_time;Depth Charge activation time
guiHints/depthcharge_activation_time;Select detonation delay time for depth charges (seconds).
options/mine_depth;Mine depth
options/use_perfect_rangefinder;Shooting without alignment
guiHints/use_perfect_rangefinder;This mode allows switching on/off fire alignement for machineguns and automatic cannons of up to 20mm calibre.
options/save_ai_target_type;Save the selected AI gunner modes
guiHints/save_ai_target_type;Save the selected firing mode for AI gunners on each ship.
options/torpedo_auto_switch;Torpedo sight control with a mouse
guiHints/torpedo_auto_switch;The choice of torpedo launcher for firing depends on the camera's line of sight.
options/default_torpedo_forestall_active;Automatic torpedo forestall enabled
guiHints/default_torpedo_forestall_active;"Display the torpedo lead indicator even if the torpedo launcher is not selected. This feature does not work if the ""Control torpedo sight with mouse"" option is active."
options/default_ai_target_type;Default target type for AI gunners
guiHints/default_ai_target_type;"Select the default type of targets (naval, air, all, firing disabled) at which AI-controlled weapon groups will fire. This feature does not work if the ""Save the selected AI gunner modes"" option is active."
options/ai_gunner_disabled;AI gunners disabled
options/ai_gunner_all;All targets
options/ai_gunner_air;Air targets
options/ai_gunner_ground;Naval targets
options/rocket_fuse_dist;Rocket activation distance (m)
guiHints/rocket_fuse_dist;Rocket activation distance (m)
options/torpedo_dive_depth;Depth stroke torpedoes (m)
guiHints/torpedo_dive_depth;Depth stroke torpedoes (m)
options/rocketFuseImpact;Impact fuze
options/gun_vertical_targeting;Vertical targeting
options/aerobatics_smoke_type;Aerobatic smoke type
guiHints/aerobatics_smoke_type;Aerobatic smoke type
options/aerobatics_smoke_left_color;Left wing smoke
options/aerobatics_smoke_right_color;Right wing smoke
options/aerobatics_smoke_tail_color;Tail smoke
options/aerobaticsSmokeColor1;White
options/aerobaticsSmokeColor2;Red
options/aerobaticsSmokeColor3;Orange
options/aerobaticsSmokeColor4;Yellow
options/aerobaticsSmokeColor5;Green
options/aerobaticsSmokeColor6;Blue
options/aerobaticsSmokeColor7;Magenta
options/aerobaticsSmokeTriple;Tricolor
options/aerobaticsSmokeWings1;Wings: White
options/aerobaticsSmokeWings2;Wings: Red
options/aerobaticsSmokeWings3;Wings: Orange
options/aerobaticsSmokeWings4;Wings: Yellow
options/aerobaticsSmokeWings5;Wings: Green
options/aerobaticsSmokeWings6;Wings: Blue
options/aerobaticsSmokeWings7;Wings: Magenta
options/aerobaticsSmokeCenter1;Tail: White
options/aerobaticsSmokeCenter2;Tail: Red
options/aerobaticsSmokeCenter3;Tail: Orange
options/aerobaticsSmokeCenter4;Tail: Yellow
options/aerobaticsSmokeCenter5;Tail: Green
options/aerobaticsSmokeCenter6;Tail: Blue
options/aerobaticsSmokeCenter7;Tail: Magenta
options/aerobaticsSmokeWinter;Wings: New Year
options/aerobaticsSmokeWingSparklineRed;Wings: Red Sparks
options/aerobaticsSmokeWingSparklineGreen;Wings: Green Sparks
options/aerobaticsSmokeWingSparklineBlue;Wings: Blue Sparks
options/aerobaticsSmokeWingLawnMower;Wings: Lawn Mower
options/aerobaticsSmokeInsecticide;Insecticide
MENU_OPTIONS_LANG_KEEP_IT_ALWAYS_FIRST;
guiHints/gun_vertical_targeting;Enable vertical weapon targeting (not just horizontal)
options/volume_voice_out;Voice chat (headphones)
guiHints/volume_voice_out;Adjust speech volume
options/volume_voice_in;Voice chat (microphone)
guiHints/volume_voice_in;Adjust microphone sensitivity
options/optional_takeoff;Takeoff
guiHints/optional_takeoff;Begin mission at the landing zone
options/resetToDefaults;Reset to Defaults
options/hudAircraftMarkersMaxDist;Marker rendering distance
guiHints/hudAircraftMarkersMaxDist;Marker rendering distance.
options/fonts_type;UI Scale
guiHints/fonts_type;The larger the screen size, more options are available for UI scale selection.
options/big_fonts_type;Large fonts in menu
options/console_mode;Gamepad User Interface
guiHints/console_mode;Show gamepad buttons and visual selection of items for better usability
options/smallFonts;For small screens
options/fontsByScreenHeight;For large screens
options/lut/contrast;Contrast
options/lut/fall_colors;Fall colors
options/lut/filmstock;Film
options/lut/greyscale;Desaturated
options/lut/night_from_day;Night from day
options/lut/sepia;Sepia
options/lut/telecontrol;Black and white
options/hud_show_fuel;Fuel indication
guiHints/hud_show_fuel;When enabled, shows how much fuel is left.
options/hud_show_ammo;Ammo indication
guiHints/hud_show_ammo;When enabled, shows how much ammo is left.
options/hud_show_tank_guns_ammo;Tank machine guns ammo indication
guiHints/hud_show_tank_guns_ammo;When enabled, shows how much ammo in tank machine guns is left.
options/hud_show_temperature;Temperature indication
guiHints/hud_show_temperature;When enabled, shows engine temperature.
options/auto;Autoselect
options/auto/tooltip;{clusters}. Autoselect server by ping.
options/inhardcore;"On ""Simulator Battles"" difficulty"
options/min_tank;Minimum load
options/gamepad_cursor_controller;Use stick to control cursor
guiHints/gamepad_cursor_controller;If enabled, the Left Stick of the gamepad functions as a mouse. If disabled, it works like a D-pad.
options/gamepad_cursor_controller_speed;Cursor control speed
guiHints/gamepad_cursor_controller_speed;Cursor control speed
options/hud_screen_safe_area;Safe area in HUD
guiHints/hud_screen_safe_area;Safe area in HUD
options/menu_screen_safe_area;Safe area in Menu
guiHints/menu_screen_safe_area;Safe area in Menu
options/autopilot_on_bombview;Autopilot for gunner and bomb sight modes
guiHints/autopilot_on_bombview;Automatic aircraft leveling is enabled when in gunner mode or bomb sight mode.
options/helicopter_autopilot_on_gunnerview;Autopilot of helicopter in gunner mode
options/inmouseaim;Mouse Aim mode only
decals/skinLocked;This skin is not yours yet.
decals/needToBuySkin;"You can't use slots with an unpurchased camouflage.
Would you like to purchase the '{purchase}' camouflage for {cost}?"
decals/needToBuyUnit;You can't use slots for an unpurchased vehicle.
decals/noPremiumAccount;You can't use extra decal slots without an active Premium Account. Would you like to purchase a Premium Account now?
options/voice_chat;Voice chat
guiHints/voice_chat;Use voice chat
options/chooseControllerType;Choose your preferred control type
msgbox/controlPresetApply;Do you really want to change the current control settings? Default preset for selected controls will apply.
options/chooseProfileImage;Select your profile icon
options/mainParameters;Main parameters
options/systemParameters;System parameters
options/graphicsParameters;Graphics
msgbox/client_restart_required;New graphics settings will be applied after restarting the client.
msgbox/client_restart_rejected;Can't restart now, because you are engaged in a cooperative mode game.
msgbox/client_restart_pending;Restart required to apply these settings.
msgbox/restart_now;Restart now?
guiHints/restart_required;Client restart is required
msgbox/compatibilityMode;"Enabling old videocard support reduces graphics quality greatly. It is not recommended enabling this mode until you can play on 'Low' or any custom settings.
Are you sure you want to proceed?"
options/resolution;Resolution
guiHints/resolution;Resolution.
options/mode;Mode
guiHints/mode;Mode.
options/mode_windowed;Window
options/mode_fullscreenwindowed;Fullscreen window
options/monitor;Monitor
options/mode_fullscreen;Fullscreen
options/vsync;VSync
guiHints/vsync;Vertical Synchronization.
options/vsync_vsync_off;Off
options/vsync_vsync_on;On
options/vsync_vsync_adaptive;Adaptive
options/antialiasing;Antialiasing
options/antialiasing_none;None
options/antialiasing_fxaa;FXAA
options/antialiasing_high_fxaa;HQ FXAA
options/antialiasing_taa;TAA
options/antialiasing_low_taa;TAA
options/ssaa;SSAA
guiHints/ssaa;Super Sampling Anti-Aliasing. It is not recommended enabling this option if your graphic card is not extremely high performance.
msgbox/ssaa_warning;Attention! Super Sampling Anti-Aliasing (SSAA) is computationally intensive as it requires much greater video card memory and memory bandwidth. It provides really impressive quality for anti-aliasing, but you should have a great amount of video memory (more than 2GB) and very good performance (recommended having more than 100fps) to enable it.
guiHints/graphicsQuality_ultralow;Minimum (graphics settings preset).
guiHints/graphicsQuality_low;Low (graphics settings preset).
guiHints/graphicsQuality_medium;Medium (graphics settings preset).
guiHints/graphicsQuality_high;High (graphics settings preset).
guiHints/graphicsQuality_max;Maximum (graphics settings preset).
guiHints/graphicsQuality_movie;Movie (graphics settings preset).
guiHints/graphicsQuality_custom;Custom graphics settings.
options/graphicsQuality_ultralow/comment;It is not recommended using this preset as long as you can play on 'Low' or any custom settings.
options/graphicsQuality_movie/comment;Don't use this preset for gameplay. It is recommended for making screenshots and recording movies with Replays, on more powerful desktops.
options/anisotropy;Anisotropy
guiHints/anisotropy;Anisotropy. It is recommended disabling this option for obsolete graphics cards.
options/msaa;Obsolete videocard antialiasing
guiHints/msaa;Antialiasing for old videocards. It is not recommended enabling this option on most video cards.
options/texQuality;Texture Quality
msgbox/graphicsOptionValueReduced/lowVideoMemory;Option {name} is reduced to {value} due to insufficient amount of video memory.
msgbox/optionWillBeChanged;Option {name} will be changed from {oldValue} to {newValue}.
msgbox/optionWillBeChanged/comment;You can change this value in Options menu at any time.
options/advice/disable_option_to_have_more_choices;Disable option {name} to have more choices.
msgbox/optionWillBeChanged/content_allowed_preset;You are going into battle in a vehicle with non historical camouflage.
options/backgroundScale;Render resolution
guiHints/backgroundScale;Render resolution. Lowering this option significantly decreases the quality of the whole picture. You can lower this setting in case of insufficient performance for your system. The default value of selected graphics settings presets is recommended.
options/landquality;Terrain quality
options/physicsQuality;Physics Quality
options/rendinstDistMul;Tree range
guiHints/rendinstDistMul;Rendering distance for landscape objects, such as trees, houses, etc. Also, this setting affects the distance at which high-poly object models switch to low-poly.
options/fxDensityMul;Particle density
options/grassRadiusMul;Grass range
options/grassInTankVision;Display of grass in optics
guiHints/grassInTankVision;Display of grass in ground vehicle optics
options/enableSuspensionAnimation;Physics Animation for Suspension Model
guiHints/enableSuspensionAnimation;Physics Animation for Suspension Model of other players vehicles
options/hqHangarWeather;Clouds in hangar
guiHints/hqHangarWeather;Enables cloud render in hangar
options/ssaoQuality;SSAO Quality
options/blurShadowsQuality;Shadow Blur
guiHints/blurShadowsQuality;Shadow blur is a more accurate calculation of mid-tones on the edge of a shadow. This setting is visible only when SSAO is on, so it is not recommended to use it when SSAO is off. This effect requires a powerful graphics subsystem. It is not recommended to set this parameter at a rate higher than the first step, if your graphics card is not high performance.
options/ssrQuality;Reflection Quality
options/waterEffectsQuality;Water Effects Quality
options/waterReflection;Water reflections
guiHints/waterReflection;Water reflections.
options/waterRefraction;Water refraction
guiHints/waterRefraction;Water refraction.
options/waterFoamQuality;Foam Quality
guiHints/waterFoamQuality;Foam quality.
options/waterQuality;Water quality
options/wake;Ripple effect (wake)
guiHints/wake;Effect of divergent circular waves generated on the surface of the water when a vehicle moves through it.
options/waterReflectionTexDiv;Water reflections quality
guiHints/waterReflectionTexDiv;Water reflections quality.
options/waterRefractionEnabled;Enabling water refraction
guiHints/waterRefractionEnabled;Enabling water refraction.
options/mirrorQuality;Cockpit mirror reflections quality
options/shadows;Shadows
guiHints/shadows;Shadows.
options/rendinstGlobalShadows;Object shadows
guiHints/rendinstGlobalShadows;Shadows on the surface of landscape objects, such as trees and buildings. It noticeably improves picture quality, but seriously affects performance.
options/advancedShore;Advanced shore
options/motionBlur;Motion blur
guiHints/motionBlur;Motion blur.
options/motionBlurStrength;Motion blur strength
options/motionBlurCancelCamera;Cancel camera motion blur
options/haze;Heat haze
options/softFx;Soft particles
guiHints/softFx;Soft particles.
options/fxReflection;FX reflections
guiHints/fxReflection;FX reflections.
options/foliageReprojection;Tree antialiasing
guiHints/foliageReprojection;Tree antialiasing.
options/lastClipSize;Far terrain details
options/lenseFlares;Lens flare
options/jpegShots;JPEG Screenshots
options/hiResShots;High resolution screenshots
options/quality_ultra_low;Minimum
options/quality_low;Low
options/quality_medium;Medium
options/quality_high;High
options/quality_ultra_high;Very High
options/quality_max;Maximum
options/quality_movie;Movie
options/quality_custom;Custom
options/on;On
options/off;Off
options/2X;2X
options/4X;4X
options/6X;6X
options/8X;8X
options/16X;16X
options/instancing;Instancing
guiHints/instancing;Instancing.
options/instancing_auto;Auto
options/instancing_geom;Geometry
options/instancing_tex;Texture
options/compatibilityMode;Old videocard support
options/shadowQuality;Shadow Quality
guiHints/shadowQuality;Shadow Quality.
options/compatibilityShadowQuality;Minimal Shadow Quality
options/cloudsQuality;Cloud quality (in flight)
options/panoramaResolution;Cloud quality (on ground)
options/alpha_to_coverage;Detailed foliage
guiHints/alpha_to_coverage;Detailed foliage.
options/contactShadowsQuality;Small object shadows
options/displacementQuality;Terrain displacement quality
guiHints/displacementQuality;Terrain displacement quality.
options/staticShadowsOnEffects;Shadows on effects
guiHints/staticShadowsOnEffects;Shadows on effects.
options/dirtSubDiv;Terrain deformation
options/tireTracksQuality;Tire/track marks
guiHints/tireTracksQuality;Quality of ground vehicle tire/track marks on the ground's surface.
options/renderer;Render
guiHints/renderer;Render.
options/renderer_auto;Auto
options/renderer_dx11;DirectX 11
options/renderer_d3d9ex;DirectX 9ex
options/renderer_dx9;DirectX 9
options/renderer_openGL;OpenGL
options/rendering_resolution_scale;Rendering Resolution Scale
options/oculusRift;Oculus Rift
guiHints/oculusRift;Support for the 'Oculus Rift' virtual reality headset.
options/social;Social
options/facebookTitle;Facebook
options/facebookLogin;Facebook login
guiHints/facebookLogin;Log in to Facebook and search for friends
options/facebookLogin_explanation;(and search for friends)
options/facebookLike;Like
guiHints/facebookLike;Like this game and get a reward
options/facebookLike_explanation;(like and get a reward)
options/facebookScreenshot;Share screenshot
guiHints/facebookScreenshot;Share screenshot on Facebook
facebook/connecting;Connecting to Facebook
facebook/uploading;Uploading to Facebook
facebook/error_upload_once;You've already uploaded this screenshot
facebook/writeComment;Post a comment
facebook/shareMsg;Share
facebook/needText;Please post a comment
facebook/error_upload_limit;You can't upload more than %d screenshots per day
facebook/reminderText;Log in to Facebook from the Social tab in Game Options and press Like to receive a reward of %s.
facebook/downloadingFriends;Downloading friend information
options/twitchStreaming;TwitchTV
options/ttv_user_name;Name
guiHints/ttv_user_name;Your TwitchTV account name
options/ttv_password;Password
guiHints/ttv_password;Your TwitchTV account password
options/ttv_use_audio;Use sound
guiHints/ttv_use_audio;Use sound
options/ttv_video_size;Video size
guiHints/ttv_video_size;Video size
options/ttv_shortcut;Activation
guiHints/ttv_shortcut;Activation
options/ttv_video_bitrate;Video quality
guiHints/ttv_video_bitrate;Video quality
facebook/successUpload;Screenshot successfully uploaded
facebook/wallMessage;War Thunder is a next-generation MMO game. Click on the link and register to get a free gift!
facebook/postLink;Post to Wall
facebook/postFail;Message could not be posted
facebook/postSuccess;Message successfully posted
options/internet_radio_name;Name the radio
guiHints/internet_radio_name;Name the new station
options/internet_radio_url;URL to the radio
guiHints/internet_radio_url;URL to the new station
options/internet_radio_btn_add;Add
guiHints/internet_radio_btn_add;Add a new radio station
options/no_name_radio;A radio station name was not indicated
options/no_url_radio;A URL to the radio station was not indicated
options/internet_radio;Internet radio
options/internet_radio_active;Use as game music
guiHints/internet_radio_active;Use as game music
options/internet_radio_station;Station
guiHints/internet_radio_station;Station
options/no_internet_radio_stations;Empty
options/internet_radio_add;Add station
guiHints/internet_radio_add;Add station with name and path
options/internet_radio_edit;Edit station
guiHints/internet_radio_edit;Edit current station from the list
options/internet_radio_remove;Remove station
guiHints/internet_radio_remove;Remove current station from the list
options/internet_radio_add_header;Add station
options/internet_radio_station_name;Name
guiHints/internet_radio_station_name;Name
options/internet_radio_station_url;URL
guiHints/internet_radio_station_url;Path with format http://???/???.mp3 (m3u is not supported)
options/msg_remove_radio;"Are you sure you want to remove ""%s"" station?"
options/msg_name_exists_radio;A station with this name already exists
options/msg_url_exists_radio;A station with this URL already exists
options/internet_radio_shortcut;Internet radio
guiHints/internet_radio_shortcut;Internet radio
options/internet_radio_prev_shortcut;Previous station
guiHints/internet_radio_prev_shortcut;Previous station
options/internet_radio_next_shortcut;Next station
guiHints/internet_radio_next_shortcut;Next station
options/enable_modifications;Vehicle modification
guiHints/enable_modifications;Modifications and maintenance of selected vehicle: select 'reference' (completely new, repaired and fully functional vehicle with all modifications) or 'current' (a vehicle from your hangar with all currently mounted modifications)
options/reference_aircraft;Reference
options/modified_aircraft;Current
options/crosshairType;Crosshair (aircraft)
options/crosshairColor;Crosshair Color (aircraft)
guiHints/crosshairType;Crosshair (aircraft)
guiHints/crosshairColor;Crosshair Color (aircraft)
crosshairColor/white;White
crosshairColor/red;Red
crosshairColor/green;Green
crosshairColor/blue;Blue
crosshairColor/yellow;Yellow
crosshairColor/orange;Orange
crosshairColor/black;Black
crosshairColor/darkGreen;Ultra Green
crosshairColor/brightGreen;Bright Green
crosshairColor/cyan;Cyan
options/OfflineMission;Offline mode
guiHints/OfflineMission;Offline mode
options/instructor_enabled;Virtual instructor
options/instructor_buoyancy;Vessel speed restriction below buoyancy
options/instructorGroundAvoidance;Auto-restricts control of the aircraft near the ground
options/instructorGearControl;Autocontrol of landing gear
options/instructorEngineControl;Autocontrol of engine
options/instructorSimpleJoy;Simplified joystick
options/autotrim;Autotrim
options/autorearm_on_airfield;Automatic aircraft rearmament on the airfield
options/activate_airborne_radar_on_spawn;Automatic activation of aircraft radar at mission start
guiHints/activate_airborne_radar_on_spawn;Automatically activate the airborne radar at the start of the mission. Turning on the radar makes the player's aircraft/helicopter visible to the radar warning receivers (RWR) of enemy aircraft/helicopters. Manual on/off: Switch Radar/IRST search on/off in Controls.
options/activate_ground_radar_on_spawn;Automatic activation of ground radar at mission start
guiHints/activate_ground_radar_on_spawn;Automatically activate the radar at mission start. Enabling the radar makes the player's vehicle visible to enemy aircraft/helicopter radar warning systems (RWS). Manual activation/deactivation: Switch Radar/IRST search on/off in Controls.
options/use_rectangular_radar_indicator;Use rectangular radar indicator
guiHints/use_rectangular_radar_indicator;Select an alternative view for the radar indicator in the interface. The vertical axis of the indicator is range. The horizontal axis is azimuth. This type of indicator can be convenient because the contact marks at short ranges do not stick together, as can happen on a sector indicator.
options/radar_target_cycling;Targets cyclic switching of aircraft radar
guiHints/radar_target_cycling;Select a target for radar lock with cycliс selection for radar/IRST. Select Radar/IRST target to lock in Controls. When the function is turned off, the player can control the strobe to select and lock the target. Horizontal Radar/IRST target cue control axis and Vertical Radar/IRST target cue control axis in Controls.
options/radar_aim_elevation_control;Constant elevation of radar antenna
guiHints/radar_aim_elevation_control;When the function is enabled, the center of the radar scan area is fixed along the longitudinal axis of the aircraft. When the function is turned off, the player can control the radar angle. Radar/IRST tilt control axis in Controls.
options/ground_radar_target_cycling;Targets cyclic switching of ground radar
guiHints/ground_radar_target_cycling;Select a target for lock on by toggling radar/IRST. Select the Radar/IRST target to lock in Controls. When this function is disabled, the player can control the strobe to highlight and lock on to the designated target. Horizontal Radar/IRST target cue control axis and Vertical Radar/IRST target cue control axis in Controls.
options/use_radar_hud_in_cockpit;Use radar hud in cockpit
guiHints/use_radar_hud_in_cockpit;Show the radar interface in the 1st person view (in the cockpit). Allows the use of radar indicator in the interface in addition to the dashboard indicators.
options/use_tws_hud_in_cockpit;Use RWR hud in cockpit
guiHints/use_tws_hud_in_cockpit;Show the radar warning receiver (RWR) interface in the 1st person view (in the cockpit). Allows the use of radar indicator in the interface in addition to the dashboard indicators.
options/rwr_sensitivity_control;RWR sensitivity
guiHints/rwr_sensitivity_control;Adjust the sensitivity of radar warning receiver (RWR). Responsible for the radar radiation detection range. 100% - maximum detection range. Reducing the sensitivity will allow the RWR not to respond to radar radiation from distant sources or lateral radiation from nearby ones.
options/enable_laser_designatior_before_launch;Enable laser designator before launch
guiHints/enable_laser_designatior_before_launch;Automatically activate a laser target designator at the moment of launch of a guided missile/guided bomb with guidance along a laser spot. In some situations, it may be useful to turn on the laser designator after the missile is launched, as it approaches the target. Manual on/off: Toggle Laser Designator in Controls.
options/activate_ground_active_counter_measures_on_spawn;Activate counter measures on spawn
guiHints/activate_ground_active_counter_measures_on_spawn;Countermeasure systems, such as the electro-optical active protection system (IRCM), will be active from the mission start. The IRCM reduces the chances of the vehicle being hit by anti-tank guided missiles (ATGM) by diverting certain types of missile from their trajectory. IRCM emissions can reveal the vehicle's position when the enemy uses night vision devices (NVD) or thermal imaging (TI). Manual activation/deactivation: Switch IRCM on/off in Controls.
options/activate_airborne_active_counter_measures_on_spawn;Activate counter measures on spawn
guiHints/activate_airborne_active_counter_measures_on_spawn;Automatic countermeasure launch (Flares and Chaff) will be active from the start of the mission. In this mode, while it is active, countermeasures are fired automatically in response to the detection of missile launch. Countermeasures are fired in accordance with the settings: Сountermeasure series interval, Сountermeasure interval, Сountermeasure series. This significantly increases the protection of the aircraft/helicopter from a missile attack, but leads to unnecessary countermeasure consumption.
guiHints/autorearm_on_airfield;Automatic aircraft rearmament on the airfield
options/headtrack_enable;Head tracking
options/headtrack_scale_x;Head tracking sensitivity X
options/headtrack_scale_y;Head tracking sensitivity Y
options/headtrack_camera_not_work;The camera is connected but is not working
guiHints/headtrack_enable;Head tracking
guiHints/headtrack_scale_x;Head tracking sensitivity X
guiHints/headtrack_scale_y;Head tracking sensitivity Y
guiHints/headtrack_camera_not_work;The camera is connected but is not working
mainmenu/btnCalibrateHeadTrack;Calibrate head tracking
msg/headtrack_calibrate;Look forward and click OK
options/only_friendlist_contact;Private messages and invitations from friends only
guiHints/only_friendlist_contact;Allows receipt of private messages and invites only from users in your friendlist
options/mark_direct_messages_as_personal;Mark direct messages as private
guiHints/mark_direct_messages_as_personal;You will be notified, as with a personal message, if your nickname is indicated in the incoming message in squadron chat
measureUnits/shotPerMinute;rounds/min
shop/shotFreq;Fire rate:
shop/shotFreq/firstStage;First stage fire rate:
shop/shotFreq/tooltip;Weapon fire rate:
shop/reloadTime;Reloading rate:
shop/reloadTime/tooltip;Weapon reloading rate:
options/mission_name_postfix;Mode
options/_Dom;Domination
options/_Conq;Conquest
options/_DBttlA;[Defence] #1
options/_DBttlB;[Defence] #2
options/_Bttl;Battle
options/_PvE;Assault
options/random;Random
options/_Bto;Break
options/_AD;Air Domination
options/_v1_race_straight;Track 1, default
options/_v1_race_inverted;Track 1, reversed
options/_v2_race_straight;Track 2, default
options/_v2_race_inverted;Track 2, reversed
options/_Conq1;[Conquest] #1
options/_Conq2;[Conquest] #2
options/_Conq3;[Conquest] #3
options/_Conq4;[Conquest] #4
options/_Conq5;[Conquest] #5
options/_Conq6;[Conquest] #6
options/_pve_H2M;⋡ PvE
options/air_damage_display;Display aircraft damage
guiHints/air_damage_display;Enable the display of damage received in battle in the interface.
options/xray_death;Player ground vehicle destruction replay
guiHints/xray_death;Immediately after the destruction of player's vehicle, shows a short replay demonstrating the penetration from the projectile and the destroyed internal modules of the vehicle.
options/xray_kill;Hit camera
guiHints/xray_kill;Hit camera in the ground vehicle HUD, which shows damaged internal modules of the enemy vehicle with each shot.
hints/skip_death_camera;Skip
options/allUnitTypes;All unit types
options/show_destroyed_parts;Show destroyed modules
guiHints/show_destroyed_parts;Enable text display of destroyed enemy vehicle modules after hitting them. It allows determining which modules in the enemy vehicle have already been destroyed for adjusting fire accordingly.
options/fps_camera_physics;Sense of flight
options/fps_vr_camera_physics;Sense of flight in VR
options/use_killstreaks;Air battle mode
guiHints/use_killstreaks;Switches on a special mode which enables movement from a ground vehicle to an aircraft. Attention! This mode disables the use of crew slots with aircraft.
content/revenue_share;This content was created by a user and published on the {liveWarThunderUrl} portal. As one of the best examples, it was selected to participate in the War Thunder Revenue Share program. If you purchase this content, the author receives a reward.
options/grass_in_tank_vision;Grass in tank sight
guiHints/grass_in_tank_vision;Enable grass rendering when viewed through the scope. It may interfere with aiming or detecting enemy vehicles.
options/storeMapZoomByLevel;Store tactical map zoom by scenery
guiHints/storeMapZoomByLevel;Enable map zooming saving for each level individually
options/instructorFlapsControl;Autocontrol of flaps
options/controller_light;Light bar
guiHints/controller_light;Use light bar for additional indication.
guiHints/clan_req_all_min_ranks;"""At least one condition"": if several rank conditions are set, a candidate has to meet at least one of them.
""All conditions"": if several rank conditions are set, a candidate has to meet all of them."
guiHints/clan_req_auto_accept_membership;All membership applications meeting these conditions will be auto-accepted.
options/singleShotByTurret;Turret ranging shot
guiHints/singleShotByTurret;If enabled, then all guns of one turret participate in the ranging shot, and if disabled, then only one gun.
options/shipCombinePriSecTriggers;Main and auxiliary caliber shooting with one button
guiHints/shipCombinePriSecTriggers;If enabled, main caliber guns and auxiliary caliber guns fires with a single button in a row. Main caliber fires first, then auxiliary by another press.
options/free_camera_inertia;Free camera inertia
options/replay_camera_wiggle;Camera wiggle
options/show_decorator;Show Decorations in Battle
options/automaticTransmissionTank;Automatic transmission
options/seperatedEngineControlShip;Separate engine control
options/tank_gunner_camera_from_sight;Camera from tank gunner sight
guiHints/tank_gunner_camera_from_sight;When this function is enabled, the tank sight camera will be positioned at the gunner's sight exit window. In some tanks, the gunner's sight and the gun may be significantly offset from each other, which can create difficulties at short-range firing. Additionally, the sight will display the effects of the gun firing and any vehicle elements that fall within the sight's field of view. In Simulator Battles, the tank sight camera is always positioned at the gunner's sight exit window.
options/gunner_fps_camera;Camera from aircraft gunner sight
guiHints/gunner_fps_camera;Enable 1st person camera for the gunner (where available).
options/auto_aimlock_on_shoot;Auto enabling of aim lock after shooting
guiHints/auto_aimlock_on_shoot;Automatically activate sight stabilization at the moment of launch of an air-to-ground missile/guided bomb. Manual on/off: Sight stabilization in Controls.
options/auto_seeker_stabilization;Seeker automatic stabilization
guiHints/auto_seeker_stabilization;The seeker of an air-to-ground missile or a guided bomb is automatically stabilized without player intervention. When the function is disabled, seeker stabilization is only available when using the Sight Stabilization button (see Controls).
options/defaultSight;Default grid sight
options/short_range_sight;Alternative grid sight
options/addUserSight;Add a grid sight
options/camera_shake_gain;Camera shake
options/vr_camera_shake_gain;Camera shake in VR
options/header/commonBattleParameters;Common Battle Settings
options/header/air;Air Battle Settings
options/header/tank;Ground vehicle Battle Settings
options/header/ship;Naval Battle Settings
options/header/interface;Battle Interface
options/header/measureUnits;Measurement Units
options/header/playersMarkers;Player Markers
options/header/chatAndVoiceChat;Chat and Voice Chat
options/header/gamepad;Gamepad
options/header/replaysAndSpectatorMode;Replays and Spectator Mode
options/header/userGeneratedContent;Customization of Vehicles
options/header/otherOptions;Other Settings
measureUnits/bytes;bytes
measureUnits/KB;KB
measureUnits/MB;MB
measureUnits/GB;GB
measureUnits/TB;TB
misList/selectMission;Select Mission
misList/unselectMission;De-select Mission
misList/selectAll;Select All
misList/unselectAll;De-select All
misList/allMissionsSelected;Any available mission
misList/oneMissionSelected;Mission: {mission}
misList/severalMissionsSelected;{amount} missions selected
queue/options;Queue options
options/squadSize;Squad size
guiHints/squadSize;A platoon can only participate in Squadron battles and World War battles. A battle group can only participate in World War battles.
squadSize/squad;Squad
squadSize/battleGroup;Battle Group
squadSize/platoon;Platoon
squad/invitedPlayers;Invited Players
squad/memberListTitle;Squad Members
squad/applications;Membership Applications
squad/receiveApplications;Receive applications to the squad
fontSize/tiny;Tiny
fontSize/small;Small
fontSize/compact;Compact
fontSize/medium;Medium
fontSize/large;Large
fontSize/huge;Huge
fontSize/description;"You can change the UI Scale to make it more convenient for you.
If you are not ready to do it right now, you can always find this setting in the main parameters of the game."
options/show_others_decals;Show decals on other player vehicles
options/content_allowed_preset;Show content in the battle
guiHints/content_allowed_preset;Allowed types of content (decals, camouflages, attachables) shown on other player vehicles in the battle.
options/save_zoom_camera;Save zoom state when switching cameras
options/zoom/dont_save;Don't save
options/zoom/save_only_tps;Save only for third person view
options/zoom/save;Save for all cameras
options/header/helicopter;Helicopter Battle Settings
options/color_picker_hue_helicopter_crosshair;Flight direction marker color (helicopter)
options/color_picker_hue_helicopter_hud;HUD elements color (helicopter)
options/color_picker_hue_helicopter_param_hud;Sight system elements color (helicopter)
options/color_picker_hue_helicopter_hud_alert;Alert indication color (helicopter)
options/color_picker_hue_helicopter_mfd;MFD color (helicopter)
options/color_picker_hue_aircraft_hud;Aircraft's HUD color
guiHints/color_picker_hue_aircraft_hud;Select the colour of aircraft interface elements (radar, RWR, etc.)
options/color_picker_hue_aircraft_param_hud;Aircraft's parameters HUD color
guiHints/color_picker_hue_aircraft_param_hud;Select the colour of aircraft parameters (throttle, speed, altitude, etc.)
options/color_picker_hue_aircraft_hud_alert;Aircraft's alerts color
guiHints/color_picker_hue_aircraft_hud_alert;Select the colour of warnings (missile launch, dangerous speed, etc.)
options/bulletFallIndicatorShip;Highlight projectiles fall point
options/bulletFallSpotShip;Highlight targeting point
guiHints/bulletFallSpotShip;Display the projection of the shell impact point on the water surface.
options/automaticTargetChangeShip;Automatic target lock
guiHints/automaticTargetChangeShip;Automatically select the target closest to the crosshair when firing.
guiHints/bulletFallIndicatorShip;Highlight the fall point of projectiles of a calibre of {minCaliber} or more, when firing at distances beyond {minDistance}.
options/bulletFallSoundShip;Play buzzer sound when projectile hits the water
guiHints/bulletFallSoundShip;Play buzzer sound when shell of a calibre of {minCaliber} or more hits the water, when firing at distances beyond {minDistance}.
options/followBulletCamera;Follow bullet camera
guiHints/followBulletCamera;The projectile tracking camera is activated when the 'shoot' button is held down.
protectionAnalysis/hint/shot;Simulate a shot
guiHints/chooseUnitsMMRank;Battle rating
options/replay_load_cockpit;Load cockpit
guiHints/replay_load_cockpit;Load cockpit
options/replay_load_cockpit_no_one;Never
options/replay_load_cockpit_author;For replay author
options/replay_load_cockpit_all;Always
options/helicopterHelmetAim;Aiming with VR HMD
options/gamepadMinVibration;Minimal vibration intensity
options/gamepadVibrationForEngine;Vibration with engine running
options/hideMouseInSpectator;Hide mouse cursor
options/ps4_crossplay;Cross-platform gameplay
options/ps4_crossnetwork_chat;Cross-platform communication
guiHints/ps4_crossnetwork_chat;"With disabled ""Cross-platform communication"" you <color=@warningTextColor> won't have access to Voice chat, threads and messages from players on different platforms</color>"
options/showCompassInTankHud;Show compass in third person view
guiHints/showCompassInTankHud;Enable the display of compass scale at the top of the screen in third-person view. It is useful for relaying target information when playing in a squad.
options/pitchBlockerWhileBraking;Block vertical aiming while braking
guiHints/pitchBlockerWhileBraking;The vertical aiming axis of the gun will be locked while the vehicle is braking. This allows for faster aiming of the gun at the target after the vehicle has stopped, as the vertical aiming drives will not compensate for the hull nosedive. However, controlling the gun's elevation during braking becomes unavailable. This is especially useful for vehicles with a large amplitude of hull oscillation.
options/saveDirWhileSwitchTrigger;Save direction while switching current trigger
guiHints/saveDirWhileSwitchTrigger;When switching between the primary and secondary weapons, the direction of the third-person view camera will be maintained.
options/header/privacy;Privacy and Confidentiality
options/display_my_real_nick;Display real nick in battle and menu
guiHints/display_my_real_nick;This option allows you to hide your real nickname in the main menu of the game and replace it with one randomly generated in a battle. At the same time, your real nickname will be displayed in game replays and saved in server logs.
options/display_real_nicks_participants;Hide player nicknames
guiHints/display_real_nicks_participants;This option allows you to hide the real nicknames of participants in a battle with ones that are automatically generated.
options/display_real_nicks_participants/nochange;Without changes
options/display_real_nicks_participants/userid;Display User ID
options/display_real_nicks_participants/namebots;Change player nicknames
options/show_social_notifications;Show chat/invites notifications
options/enableHdr;High dynamic range (HDR)
options/allow_added_to_contacts;Allow add yourself in friendlist
options/allow_show_wishlist;Allow friends to view your wishlist
options/allow_show_wishlist_comments;Allow friends to view comments in your wishlist
options/allow_added_to_leaderboards;Display yourself in leaderboards
options/giQuality;Global illumination quality
options/enableSoundSpeed;Speed of sound
options/vwsOnlyInCockpit;Voice warning system only in cockpit
options/always_damping;Damping
options/paper_white_nits;Paper White Nits
options/hdr_brightness;Max Brightness
options/hdr_shadows;Shadows
options/color_picker_hue_tank_tv;Сolor scheme of the thermal sight
guiHints/color_picker_hue_tank_tv;Select the color scheme for the thermal sight. The thermal sight allows detecting objects by their heat emissions, enabling the visibility of heated enemy vehicle elements in low light conditions or behind certain visual obstructions (vegetation, smoke screens). Different models of thermal sights in reality may have various screen colour palettes, such as red or green. Enable thermal imaging: Night vision mode in Controls.
options/ps4_only_leaderboards;Only PlayStation™Network players in leaderboards
options/anamorphicScaleX;Anamorphic horizontal scale
options/anamorphicScaleY;Anamorphic vertical scale
options/anamorphicGlowEnabled;Enable anamorphic glow
options/bomb_series;Bomb series
guiHints/bomb_series;Select the number of bombs dropped in a grouping. Drop bomb series in controls.
options/bomb_series_null;Bomb series disabled
guiHints/bomb_series_num;{num} {num=bomb/bombs} will be dropped by series
guiHints/bomb_series_all;All bombs will be dropped by series
options/bomb_series_all;{num} (All)
options/dlss;NVIDIA DLSS
guiHints/dlss;NVIDIA DLSS (Deep Learning Super Sampling) is recommended to enable at high resolutions for a significant increase in FPS. The list of available DLSS setting values depends on the selected Resolution. Enabling DLSS disables all types of antialiasing. Requires a videocard with NVIDIA DLSS 2.0 support (at least GeForce RTX 2060).
options/dlss_off;Off
options/dlss_performance;Performance
options/dlss_balanced;Balanced
options/dlss_quality;Quality
menu/options/maxNumFilterOptions;List of options shown is limited to {num}
options/activate_airborne_weapon_selection_on_spawn;Automatic activation of aircraft weapon selection at mission start
guiHints/activate_airborne_weapon_selection_on_spawn;Switch primary weapons and Switch secondary weapons (see Controls) will be active from the start of the mission. Unlike using keys for a specific weapon type, selectors allow you to switch between weapon types and use them on a single key. To use the selected primary weapon: Fire primary weapons in Controls. To use the selected secondary weapon: Fire secondary weapons in Controls.
options/activate_bombs_auto_release_on_spawn;Activation of automatic bomb release in CCRP mode at mission start
guiHints/activate_bombs_auto_release_on_spawn;In the CCRP mode, to drop bombs, you need to activate a target point (see Controls), align the flight course with the displayed vertical line and hold down the drop bomb key until the round mark aligns with the horizontal line moving along the vertical line. When the function is enabled, bombs will be released automatically when the marks are aligned. In this case, normal bomb drops become unavailable. When the function is turned off, the indication will still be displayed, but bombs can be dropped manually as usual.
options/automatic_empty_containers_jettison;Empty weapon containers automatic jettison
guiHints/automatic_empty_containers_jettison;Enable automatic release of launch containers after ammunition is used up. Suspended launch containers impair the aircraft flight performance.
options/latency;NVIDIA Reflex Low Latency
options/latency_on;On
guiHints/latency_on;On
options/latency_off;Off
guiHints/latency_off;Off
options/latency_boost;Boost
guiHints/latency_boost;Boost
guiHints/latency;NVIDIA Reflex is used to reduce system latency which increases PC responsiveness
options/nv_boost;Boost
options/unavailable;Unavailable
options/off_by_reflex;Disabled by NVIDIA Reflex
options/perfMetrics_off;Off
options/perfMetrics_fps;FPS
options/perfMetrics_compact;Compact
options/perfMetrics_full;Full
latency;Latency
options/latencyFlash;Latency Flash Indicator
guiHints/latencyFlash;Latency Flash Indicator
options/perfMetrics;Performance Metrics
options/countermeasures_series;Countermeasure series
guiHints/countermeasures_series;Select the number of countermeasure launch sessions (Flares and Chaff) within a series when activating the Periodic countermeasure release mode (on/off) or Countermeasure slaving to MAW (on/off) (see Controls). In these modes, countermeasures are constantly fired in series while the modes are active. This increases the protection of the aircraft/helicopter from a missile attack, but leads to increased countermeasure consumption.
guiHints/countermeasures_periods/series;Countermeasure series
options/countermeasures_series_periods;Countermeasure series interval
guiHints/countermeasures_series_periods;Select the delay time between the series of launching countermeasures (Flares and Chaff) when turning on the Periodic countermeasure release mode (on/off) or Countermeasure slaving to MAW (on/off) (see Controls). In these modes, countermeasures are constantly fired in series while the modes are active. This increases the protection of the aircraft/helicopter from a missile attack, but leads to increased countermeasure consumption.
guiHints/countermeasures_periods/series_periods;Countermeasure series interval
options/countermeasures_periods;Countermeasure interval
guiHints/countermeasures_periods;Select the delay time between countermeasure launch sessions (Flares and Chaff) within a series when activating the Periodic countermeasure release mode (on/off) or Countermeasure slaving to MAW (on/off) (see Controls). In these modes, countermeasures are constantly fired in series while the modes are active. This increases the protection of the aircraft/helicopter from a missile attack, but leads to increased countermeasure consumption.
guiHints/countermeasures_periods/periods;Countermeasure interval
options/enableVr;VR Mode
options/vrMirror;VR Display Mirror Mode
options/vrMirror_both;Both eyes
options/vrMirror_left;Left eye
options/vrMirror_right;Right eye
options/vrStreamerMode;VR Streamer Mode
mainmenu/btnSaveChoice;Save choice
options/taau_ratio;Temporal Resolution Scale
options/delayed_download_content;Download additional content only in the hangar
options/countries_set;Set of countries
options/fxResolutionQuality;Effects resolution
msgbox/fxres_warning;Attention! Visual effects display with the maximum resolution is a resource intensive procedure. You will need a considerable volume of video memory (at least 4 GB) and a substantial reserve of graphics card capacity in the game (preferably more than 150 frames per second).
options/dlssSharpness;DLSS Sharpness
options/fake_player_name;Random name in battle
country_south_vietnam_navy;Republic of Vietnam Navy
options/alternative_tps_camera;3rd person cinematic camera
options/replay_snapshot_enabled;Record a rewindable replay
options/record_snapshot_period;Snapshot recording interval in a replay in seconds
guiHints/replay_snapshot_enabled;Record the world state using snapshots for rewinding replays
guiHints/record_snapshot_period;Time between recording snapshots in a replay. Replay rewinding will be possible with the selected recording frequency.
options/holidays;Holidays region
guiHints/holidays;For fireworks and other effects use culture-specific holidays calendar
options/holidays_none;(None)
options/holidays_uk;Great Britain
options/holidays_us;USA
options/holidays_ru;Russia
options/holidays_cn;China
options/dynamicHoles;Dynamic Decal
guiHints/dynamicHoles;Dynamic aircraft decal
options/hit_indicator_radius;Hit indicator radius
guiHints/hit_indicator_radius;Adjust the radius for placing hit indicator markers in the screen space relative to the center of the screen. The hit indicator helps quickly determine from which direction the vehicle is being attacked and what kind of damage has been sustained.
options/hit_indicator_simplified;Use simplified hit indicator
guiHints/hit_indicator_simplified;When this function is used, a simplified indicator showing only the direction of the attack will be enabled. The detailed indicator, which displays individual hit markers for non-penetrating hits (gray marker), module damage, crew injuries, and hits causing fires on the player's vehicle, will be disabled.
options/hit_indicator_alpha;Hit indicator opacity
guiHints/hit_indicator_alpha;Adjust the opacity of hit indicator markers. Less transparent markers are more noticeable, and vice versa. The hit indicator helps quickly determine from which direction the vehicle is being attacked and what kind of damage has been sustained.
options/hit_indicator_scale;Hit indicator scale
guiHints/hit_indicator_scale;Adjust the size of hit indicator markers. Larger markers are more noticeable. The hit indicator helps quickly determine from which direction the vehicle is being attacked and what kind of damage has been sustained.
options/hit_indicator_timeout;Hit indicator fade time
guiHints/hit_indicator_timeout;Adjust the fade time of hit indicator markers after a hit in seconds. The hit indicator helps quickly determine from which direction the vehicle is being attacked and what kind of damage has been sustained.
options/xess;XeSS
guiHints/xess;XeSS (Xe Super Sampling) Upscaling feature. It works by rendering your game at a lower resolution and then upscaling it using machine learning and dedicated AI hardware found inside the GPU.
options/lws_indicator_timeout;LWS indicator fade time
guiHints/lws_indicator_timeout;Adjust the fade time of LWS indicator markers in seconds. The LWS indicator helps quickly determine from which direction the vehicle is being attacked. This feature only works on vehicles equipped with a laser warning system (LWS).
options/lws_azimuth_indicator_timeout;LWS indicator fade time on the azimuth scale
guiHints/lws_azimuth_indicator_timeout;Adjust the fade time of LWS indicator markers on the azimuth scale in seconds. The LWS indicator helps quickly determine from which direction the vehicle is being attacked. This feature only works on vehicles equipped with a laser warning system (LWS).
options/lws_indicator_helicopter_timeout;LWS indicator fade time
options/lws_azimuth_indicator_helicopter_timeout;LWS indicator fade time on the azimuth scale
options/lws_indicator_radius;LWS indicator fade radius
guiHints/lws_indicator_radius;Adjust the radius for placing LWS indicator markers in the screen space relative to the center of the screen. The LWS indicator helps quickly determine from which direction the vehicle is being attacked. This feature only works on vehicles equipped with a laser warning system (LWS).
options/lws_indicator_alpha;LWS indicator opacity
guiHints/lws_indicator_alpha;Adjust the opacity of LWS indicator markers. Less transparent markers are more noticeable, and vice versa. The LWS indicator helps quickly determine from which direction the vehicle is being attacked. This feature only works on vehicles equipped with a laser warning system (LWS).
options/lws_indicator_scale;LWS indicator scale
guiHints/lws_indicator_scale;Adjust the size of LWS indicator markers. Larger markers are more noticeable. The LWS indicator helps quickly determine from which direction the vehicle is being attacked. This feature only works on vehicles equipped with a laser warning system (LWS).
options/lws_indicator_radius_helicopter;LWS indicator fade radius
options/lws_indicator_alpha_helicopter;LWS indicator opacity
options/lws_indicator_scale_helicopter;LWS indicator scale
options/isDynamicLut;Dynamic Lut
options/hudDisableInPilotView;Hide HUD in pilot view
options/small_text;Small text
options/medium_text;Medium text
options/large_text;Large text
xray_part_filter;Xray part filter
xray/filter/weapon;Weapon
xray/filter/ammo;Ammo
xray/filter/propulsion;Propulsion
xray/filter/crew;Crew
xray/filter/fuel;Fuel
xray/filter/sensors_optics;Sensors and optics
xray/filter/drives;Weapon drives
xray/filter/electronic;Electronic
xray/filter/armor;Armor parts
xray/filter/artillery_ship;Artillery
xray/filter/torpedoes_ship;Torpedoes
xray/filter/ship_control;Control compartments
xray/filter/fire_control_ship;Fire control systems
xray/filter/aux_weapons_ship;Secondary weapons
xray/filter/damage_control_ship;Damage control systems
options/ultra_performance;Ultra Performance
options/ultra_quality;Ultra Quality
options/dlaa;NVIDIA Deep Learning Anti-Aliasing (DLAA)
options/display;Display
options/rt;Ray Tracing
options/vr;VR
options/antialiasingMode;Anti-aliasing method
options/antialiasingUpscaling;Upscaling mode
options/antialiasingSharpening;Image sharpening
options/rayTracing;Ray tracing
options/bvhDistance;Ray tracing distance
options/rtao;Ray tracing ambient occlusion (RTAO)
options/rtsm;Ray tracing shadows (RTSM)
options/rtr;Ray tracing reflections (RTR)
options/rtrRes;RTR resolution
options/rtrWater;RTR Water
options/rtrWaterRes;RTR Water resolution
options/rtrTranslucent;RTR Translucent
options/graphicsQuality;Graphics quality
guiHints/mode;Select the display mode (Window / Fullscreen Window / Fullscreen).
guiHints/resolution;Select the resolution of display. Match the resolution of the targeted display area (if Window) or the display resolution (if Fullscreen).
guiHints/vsync;"Allows synchronization with the refresh rate of the monitor.
- Off: Do not synchronize. Frame rate is uncapped, but screen tearing might be more visible.
- On: Synchronize the presentation of frames with the monitor refresh rate. Eliminates tearing, but caps the frame rate at the monitor refresh rate. If the frame rate is lower than the monitor refresh rate, the frame rate will be capped further.
- VRR: Only available in Window and Fullscreen window modes with a monitor that supports VRR techniques (FreeSync, G-Sync, etc.). The monitor tries to match its refresh rate with the game refresh rate. Useful to eliminate tearing when the frame rate is less than the monitor refresh rate, but without capping."
guiHints/antialiasingMode;This parameter is responsible for anti-aliasing, improving the final image. Temporal anti-aliasing (TAA) can significantly improve the quality of rendering, but it is recommended enabling it on stable and good FPS.
guiHints/antialiasingUpscaling;If the selected anti-aliasing mode supports upscaling, you can select the quality of the upscaling. Native means no upscaling, only anti-aliasing, while going for more performant presets results in rendering the game at a lower resolution, improving performance.
guiHints/antialiasingSharpening;If the selected anti-aliasing mode supports sharpening, you can set the amount of sharpening. It’s not about image quality, it’s about your preference for image sharpness.
guiHints/anisotropy;"Controls the anisotropic filtering on textures. Chaing this to higher values will improve the texture sampling, especially in the distance.
We recommend disabling this setting for older video cards."
guiHints/ssaa;Super Sampling Anti-Aliasing. It is not recommended enabling this option if your graphic card is not extremely high performance.
guiHints/graphicsQuality;Select from a range of predefined graphics profiles. Movie mode is only recommended for creating clips/screenshots.
guiHints/texQuality;Chalges the resolution of textures. At a lower quality, smaller versions of the textures will be used.
guiHints/shadowQuality;"Controls the quality of shadows, including shadows of the terrain, moving objects, particle effects, and self-shadowing.
At lower values, the shadow will be rendered at a lower resolution, will be less accurate, and will have less detailed boundaries.
Additionally, lesser important objects (such as fences) will not form shadows at lower settings."
guiHints/waterQuality;"Controls the quality of the water, including water surface geometry, water reflections, and water foaming details.
At lower values, the water surface will have less details: waves will not have the heights and will be more pixelated, reflections will be less accurate (more blocky for terrain) and will include much less detail."
guiHints/waterEffectsQuality;"Controls the quality of the water effects, such as splashing (from bullets, bombs, etc...), boat trails, and water ripples.
At lower values, these effects will be less detailed and more pixelated."
guiHints/cloudsQuality;"Controls the quality of clouds while flying aircraft.
This includes the light scattering and transmitting accuracy, cloud blurriness and self-shadowing.
At lower settings, the clouds will feel less natural due to inaccurate scattering, will be blurrier and will have much less details."
guiHints/panoramaQuality;"Controls the quality of clouds while operating ground and naval vehicles.
It controls the resolution of the panorama view from the ground."
guiHints/ssrQuality;"SSAO must be turned on if this setting is enabled.
If set to the lowest value, SSR is turned off.
If turned on, it improves all reflections, with increased quality based on the setting, against increased performance impact."
guiHints/fxResolutionQuality;"Controls the resolution of effects, including all kinds of smokes, explosions, earth splashes, flares, etc...
At lower values, these effects will be rendered with a lower resolution, causing them to be more pixelated and blurred."
guiHints/landquality;"Controls the quality of the landscape.
– 0: At the lowest value, the ground is just a texture with surface details.
– 1: On 1-3 settings, the ground will have a normal map, causing it to interact with light much more accurately, thus cracks will have textures, etc...
– 2: Terrain will have paralax effects in ground vehicles.
– 3: Terrain will have paralax effects in all vehicles."
guiHints/ssaoQuality;"Controls the SSAO (Screen Space Ambient Occlusion) quality, which means how detailed the self-shadowed on objects are.
– 0: SSAO is off, meaning that areas of objects that should receive less light will be brighter than they are supposed to be.
– 1: Uses standard SSAO.
– 2: Uses GTAO, which is much more accurate, but more demanding performance-wise."
guiHints/mirrorQuality;"Controls the quality of mirrors in the cockpit and X-ray simulation quality.
At the lowest settings, no images will appear in the cockpit mirrors. At higher settings, the resolution and detailedness of the mirrors will be increased."
guiHints/giQuality;"Controls the global illumination model.
– Low: Global Illumination is mimicked by the directional lightning only.
– Medium: Global Illumination is turned on with one continuous bounce and uses brightness only by transmitted light.
– High: Global Illumination uses countinuous bounces, as well as colour and brightness by transmitted light."
guiHints/physicsQuality;"Controls the quality of physics during the destruction of objects.
The lower the setting, the less accurate the simulation is, including destroyed parts clipping through objects, moving and rotating too quickly, etc..."
guiHints/displacementQuality;"Controls the quality of terrain displacement by explosions, bullets, etc...
The higher the setting the more detailed the height differences of the crater and bullet holes will be on the terrain."
guiHints/dirtSubDiv;"Controls the resolution of the displacements on the earth from bombs, tracks, etc...
The main difference between this setting and “Terrain displacement quality” is that this setting controls the resolution of the texture, while “Terrain displacement quality” controls the quality of the height differences."
guiHints/fxDensityMul;Controls the density of particles in after effects, such as explosions and splashes. The higher the value, the more particles there are.
guiHints/grassRadiusMul;"Controls the distance from which grass will be rendered and the level of density.
At lower settings, barely any grass will be rendered. At higher values, the grass will be rendered at larger and larger distance, andin proximity to the player the grass will be denser and denser."
guiHints/contactShadowsQuality;"Controls the shadow quality on small details and objects.
The higher the value the smaller and smaller details can cast shadows.
It requires SSAO to be enabled."
guiHints/advancedShore;Improves the quality of the shore texture and adds waves with foam on the shores.
guiHints/haze;Toggles whether to render a blurring distortion effect of hot air, for instance at the exhaust of a tank or aircraft engine, on top of fires, etc...
guiHints/lastClipSize;Improves the detailedness of the terrain at far distances, extending the clipmap quality from 4096 to 8192.
guiHints/lenseFlares;Toggles the lens flare effect. The lens flare effect mimics a real light phenomenon, when looking at bright lights you will see dim patters on the “lens” of the in-game camera.
guiHints/rayTracing;"Enables the use of ray tracing effects. It is recommended to use an upscaling anti-aliasing method (like DLSS, FSR, XeSS, or TSR) and choose an upscaling quality suitable for your GPU, as this option puts a heavy load on both the CPU and GPU.
To enable it, the use of Direct3D 12 or Vulkan graphics API and a ray tracing capable graphics card are required."
guiHints/bvhDistance;Controls how large the area covered by the ray tracing is. Affects the CPU performance and mainly affects the trees farther away from the camera.
guiHints/rtao;"Enables the use of ray traced ambient occlusion (RTAO) instead of screen space ambient occlusion (SSAO).
– Low: RTAO is rendered at half resolution and denoised using the performance profile.
– Medium: RTAO is rendered at full resolution and denoised using the performance profile.
–High: RTAO is rendered at full resolution and denoised using the quality profile."
guiHints/rtsm;"Enables the use of ray traced shadows (RTSM) instead of the traditional shadow maps.
– Sun: RTSM is used for the sun only.
– Sun and dynamic: RTSM is used for the sun and all dynamic lights. Note that this method is very performance intensive!"
guiHints/rtr;"Enables the use of ray traced reflections (RTR) instead of screen space reflections (SSR).
– Low: No RT shadows in the reflections, use a checkerboard pattern to improve performance, denoise using the performance profile.
– Medium: Use RT shadows in the reflections, use a checkerboard pattern to improve performance, denoise using the performance profile.
– High: Use RT shadows in the reflections, denoise using the performance profile.
– Ultra: Use RT shadows in the reflections, denoise using the quality profile."
guiHints/rtrRes;"Specify what resolution the ray traced reflections should be rendered in.
– Half: Reflections are rendered using half resolution both horizontally and vertically.
– Full: Reflections are rendered using the same resolution as the game."
guiHints/rtrWater;Enables the use of ray traced reflections on water.
guiHints/rtrWaterRes;"Specify what resolution the ray traced water reflections should be rendered in.
– Half: Reflections are rendered using half resolution both horizontally and vertically.
– Full: Reflections are rendered using the same resolution as the game."
guiHints/rtrTranslucent;"Enables ray traced reflections on translucent glass surfaces.
– Medium: No RT shadows on reflections, rendered using half resolution both horizontally and vertically.
– High: Use RT shadows in the reflections, rendered using half resolution both horizontally and vertically."
guiHints/enableVr;Toggles VR mode.
guiHints/vrMirror;Controls whether the display will mirror the left eye, right eye, or both eyes.
guiHints/vrStreamerMode;Removes the black borders (lens mask) around the image in Display Mirror. May reduce performance.
guiHints/perfMetrics;"Specify what metrics to be displayed at the bottom left of the screen.
– Off: No performance metrics will be displayed.
– FPS: Graphics API and FPS will be displayed.
– Compact: A compacted version of FPS and Display Latency will be displayed.
– Full: A full version of Graphics API, FPS, and Display Latency will be displayed."
guiHints/motionBlurStrength;Controls the strength of all motion blur.
guiHints/motionBlurCancelCamera;"Toggles whether the camera movement should have motion blur as well.
If disabled, but motion blur strength is not 0, then moving the vehicle will still cause motion blur, however moving the player camera will not."
guiHints/jpegShots;"Screenshot file format.
– Enabled: JPEG
– Disabled: PNG"
guiHints/hiResShots;In addition to a regular image, a higher resolution screenshot will be created. Requires an SSAA option.
guiHints/compatibilityMode;Compatibility with old graphics cards. It is not recommended to enable this mode as long as you can play on ‘Low’ or any other graphics settings.
guiHints/enableHdr;High dynamic range (HDR) requires the “Play HDR games and apps” setting to be enabled in the display settings.
options/rayTracing_off;Off
options/rayTracing_low;Low
options/rayTracing_medium;Medium
options/rayTracing_high;High
options/rayTracing_ultra;Ultra 
options/rayTracing_custom;Custom
options/antialiasingMode_off;Off
options/antialiasingMode_low_fxaa;FXAA LQ (Fast approximate anti-aliasing)
options/antialiasingMode_high_fxaa;FXAA HQ (Fast approximate anti-aliasing)
options/antialiasingMode_taa;TAA (Temporal anti-aliasing)
options/antialiasingMode_dlss;DLSS (Deep learning super sampling)
options/antialiasingMode_xess;XeSS (Intel® Arc™- Xe Super Sampling)
options/antialiasingMode_fsr;FSR (AMD FidelityFX™ Super Resolution)
options/antialiasingMode_tsr;TSR (Temporal super resolution)
options/antialiasingUpscaling_native;Native
options/antialiasingUpscaling_ultra_quality;Ultra Quality
options/antialiasingUpscaling_quality;Quality
options/antialiasingUpscaling_balanced;Balanced
options/antialiasingUpscaling_performance;Performance
options/antialiasingUpscaling_ultra_performance;Ultra Performance
options/rtao_off;Off
options/rtao_low;Low
options/rtao_medium;Medium
options/rtao_high;High
options/rtsm_off;Off
options/rtsm_sun;Sun
options/rtsm_sun_and_dynamic;Sun and Dynamic
options/rtr_off;Off
options/rtr_low;Low
options/rtr_medium;Medium
options/rtr_high;High
options/rtr_ultra;Ultra 
options/rtrRes_half;Half
options/rtrRes_full;Full
options/rtrWaterRes_half;Half
options/rtrWaterRes_full;Full
options/rtrTranslucent_off;Off
options/rtrTranslucent_medium;Medium
options/rtrTranslucent_high;High
options/test_flight_name;Test flight location
options/air_spawn_point;Spawn point
options/target_rank;Target rank
options/gfx_api;Graphics API
guiHints/gfx_api;Select between the available graphics APIs. Client restart required.
options/gfx_api_auto;Auto
options/gfx_api_dx11;DirectX 11
options/gfx_api_dx12;DirectX 12
options/gfx_api_vulkan;Vulkan
options/gfx_api_metal;Metal
options/vsync_vsync_vrr;Variable Refresh Rate (VRR)
options/air_spawn_point/glide_path;On glide path
options/air_spawn_point/above_airfield;{height} km above airfield
radar_selector/default;Default
radar_selector/standby;Standby
radar_selector/standby;Radar
radar_selector/IRST standby;ATT
radar_selector/ACM;ACM
radar_selector/HMD;HMS
radar_selector/BST;BST
radar_selector/VSL;VSL
radar_selector/LD standby;LD
radar_selector/LD search;SRC LD
radar_selector/LD ACM;ACM
radar_selector/LD track;TRK
radar_selector/PD VS standby;PDV
radar_selector/PD VS search;SRC PDV
radar_selector/PD VS ACM;ACM PD
radar_selector/PD VS BST;BST PD
radar_selector/PD VS VSL;VSL PD
radar_selector/PD HDN VS standby;PDV HDN
radar_selector/PD HDN VS search;SRC PDV HDN
radar_selector/PD HDN VS ACM;ACM PD HDN
radar_selector/PD HDN VS BST;BST PD HDN
radar_selector/PD HDN VS VSL;VSL PD HDN
radar_selector/PD standby;PD
radar_selector/PD search;SRC PD
radar_selector/PD ACM;ACM PD
radar_selector/PD HMD;HMS PD
radar_selector/PD BST;BST PD
radar_selector/PD VSL;VSL PD
radar_selector/PD track;TRK PD
radar_selector/PD RAM;PD RAM
radar_selector/PD HDN standby;PD
radar_selector/PD HDN search;SRC PD HDN
radar_selector/PD HDN ACM;ACM PD HDN
radar_selector/PD HDN HMD;HMS PD HDN
radar_selector/PD HDN BST;BST PD HDN
radar_selector/PD HDN VSL;VSL PD HDN
radar_selector/PD HDN track;TRK PD HDN
radar_selector/GTM standby;GMTI
radar_selector/GTM search;SRC GMTI
radar_selector/GTM ACM;ACM GMTI
radar_selector/GTM BST;BST GMTI
radar_selector/GTM VSL;VSL GMTI
radar_selector/GTM track;TRK GMTI
radar_selector/MTI standby;MTI
radar_selector/MTI search;SRC MTI
radar_selector/MTI ACM;ACM MTI
radar_selector/MTI track;TRK MTI
radar_selector/TWS standby;TWS
radar_selector/TWS search;TWS
radar_selector/TWS ACM;ACM PD
radar_selector/TWS BST;BST PD
radar_selector/TWS VSL;VSL PD
radar_selector/TWS track;TRK PD
radar_selector/TWS HDN standby;TWS HDN
radar_selector/TWS HDN search;TWS HDN
radar_selector/TWS HDN ACM;ACM PD HDN
radar_selector/TWS HDN BST;BST PD HDN
radar_selector/TWS HDN VSL;VSL PD HDN
radar_selector/TWS HDN track;TRK PD
radar_selector/TWS GTM standby;TWS GMTI
radar_selector/TWS GTM search;TWS GMTI
radar_selector/TWS GTM ACM;ACM GMTI
radar_selector/TWS GTM BST;BST GMTI
radar_selector/TWS GTM VSL;VSL GMTI
radar_selector/TWS GTM track;TRK GMTI
radar_selector/IRST standby;IRST
radar_selector/IRST search;SRC IR
radar_selector/IRST ACM;ACM IR
radar_selector/IRST HMD;HMS IR
msgbox/ultra_low_quality_preset;"Minimum graphics preset enabled old videocart support. Graphics quality is reduced greatly in this mode. It is not recommended enabling this mode until you if you can play 'Low' or any custom settings. 
Are you sure you want to proceed?"
guiHints/vsync/disabled;Unavailable when NVIDIA Reflex Low Latency is enabled
guihints/hiResShots/disabled;Available only with SSAA set to 4X
guihints/compatibilityShadowQuality/disabled;Available only with old GPU support enabled
guihints/enableHdr/disabled;Available only with HDR supported monitors
guiHints/antialiasingUpscaling/disabled;Works only with TAA and TSR anti-aliasing methods
guiHints/antialiasingSharpening/disabled;Works only with NVIDIA DLSS, AMD FSR, or Intel XeSS anti-aliasing selected
msgbox/rt_warning;"You are about to enable Ray Tracing in the game. Please not that this is a very demanding feature on both the CPU and GPU.
-\tOnly enable it if your system is equipped with a recent CPU and GPU.
-\tIt is not recommended to go beyond Medium, unless you have a recent, top of the line graphics card.
-\tUsing upscaling (DLSS, FSR, XeSS) is highly recommended. Depending on your GPU, try Quality, Balanced, or even Performance upscaling."
options/dx12_only;available on Direct3D 12 only
options/select_radar_mode;Radar Mode
options/select_radar_scan_pattern;Radar Search Mode
options/select_radar_scan_range;Radar Search Range
options/radar_mode_select;Radar Mode
options/radar_mode_scan_pattern_select;Radar Search Mode
options/radar_scan_range_select;Radar Search Range
options/moveMap;Map moving mode
options/setPointOfInterest;Set a point of interest for aircraft systems
options/forceHudType;Set map type
options/radar_scan_pattern_select;Radar Search Mode
radar_selector/acquisition;Acquisition
radar_selector/search;Search
options/show_message_missile_evade;Missile avoidance message in battle
guiHints/show_message_missile_evade;Toggle the message in battle for avoiding enemy missiles.
options/rmbToMoveMap;Press RMB to move map
options/hold_button_for_tactical_map;Hold the tactical map button
options/rtsmQuality;RTSM quality
guiHints/rtsmQuality;The higher quality, the more rays are shot for shadows. Even low quality can produce very good results with DLSS or XeSS enabled, and medium is similar to that without those.
options/rtsmQuality_low;Low
options/rtsmQuality_medium;Medium
options/rtsmQuality_high;High
tactical_map_switching/map;MAP
tactical_map_switching/uav;UAV
options/rwr_friendly_targets_indication;Friendly targets indication on RWR
options/rwr_friendly_targets_indication_0;Off
options/rwr_friendly_targets_indication_1;Only in launch mode
options/rwr_friendly_targets_indication_2;Only in track and launch modes
options/rwr_friendly_targets_indication_3;On
options/air_spawn_point/on_water;On water
options/slave_counter_measures_to_mlws_on_spawn;Enable automatic countermeasure release at mission start
guiHints/slave_counter_measures_to_mlws_on_spawn;Automatic countermeasure launch (Flares and Chaff) will be active from the start of the mission. In this mode, while it is active, countermeasures are fired automatically in response to the detection of missile launch. Countermeasures are fired in accordance with the settings: Countermeasure series interval, Countermeasure interval, and Countermeasure series. This significantly increases the protection of the aircraft/helicopter from a missile attack, but leads to unnecessary countermeasure consumption.
options/rocketSpotting;Air-to-Air missile markers
guiHints/rocketSpotting;Enable/disable markers on air-to-air missiles during their engine operation time.
options/amount;Amount
options/use_difficulty;Game mode defined
options/not_allow;Off
options/allow;On
options/allowWebUi;Allow Web UI
guiHints/allowWebUi;Allow the use of map and aircraft telemetry data from web UI
options/vsync_mode;VSync Mode
options/vsync_unlimited;Unlocked
options/vsync_thirty;30 Hz
options/vsync_fourty;40 Hz
options/vsync_sixty;60 Hz
options/vsync_hundred_twenty;120 Hz
options/fpsLimiter;Game FPS Limit
guiHints/fpsLimiter;Used to cap the frame rate within battle. Disabled when VSync is enabled.
options/menuFpsLimiter;Menu FPS Limit
guiHints/menuFpsLimiter;Used to cap the frame rate within menus. Disabled when VSync is enabled.
options/rtDecals;RT Decals
guiHints/rtDecals;With this option enabled, decals on vehicles will appear in reflections.
options/rayReconstruction;Ray Reconstruction
guiHints/rayReconstruction;Ray Reconstruction replaces traditional hand-tuned ray-tracing denoisers with a deep learning–based reconstruction model that infers a cleaner, more temporally stable signal from sparse ray samples. It improves detail retention and significantly reduces noise, shimmer, and ghosting in heavy ray-traced and path-traced effects. Ray Reconstruction requires a GeForce RTX graphics card and is available only when DLSS is enabled. Due to its higher performance cost, more aggressive DLSS upsampling may be required compared to standard DLSS modes, but it delivers superior ray-traced image quality.
msg/need_leave_battle_for_change_option_value;To change the value of this option, you must leave the queue for battle.
options/off;Off
options/unlimited;Unlimited
;
;
;
<Controls>;
;
controls/on;[ON]
controls/dmg;Dmg
controls/off;[OFF]
controls/AUTO;Auto
controls/NA;Not Available
controls/broken;Broken
mainmenu/btnControlsWizard;Control Setup Wizard
mainmenu/btnControlsDefault;Reset to Defaults
controls/turret_throttle;Throttle controls (gunner)
controls/turret_x;Gunner aiming control (X-axis)
controls/turret_y;Gunner aiming control (Y-axis)
controls/none;None
controls/mouse_look_type;"Mouse look works only if ""Mouse look"" pressed"
controls/camera_smooth;Camera Smoothness
controls/camera_speed;Camera Look Speed
controls/gunner_joy_speed;Aiming control speed
controls/gunner/gun_jammed;Gun jammed
controls/gunner/no_bullets_left;Out of ammo
controls/camera_mouse_speed;Camera Mouse Look Speed
controls/hatview_mouse;Relative camera movement on hatview
controls/trackIrZoom;Control zoom with head tracking
hotkeys/trackIrZoom;Would you like to control zoom with head tracking?
controls/trackIrAsHeadInTPS;Fixed camera position in 3rd person view
hotkeys/trackIrAsHeadInTPS;Fix camera position in 3rd person view
controls/trackIrForLateralMovement;Track head movement up-down/left-right
hotkeys/trackIrForLateralMovement;Track head movement up-down/left-right
controls/aim_time_nonlinearity_air;Gamepad aim acceleration
controls/aim_time_nonlinearity_tank;Gamepad aim acceleration
controls/aim_time_nonlinearity_ship;Gamepad aim acceleration
controls/aim_time_nonlinearity_submarine;Gamepad aim acceleration
controls/aim_acceleration_delay_air;Aim acceleration delay
controls/aim_acceleration_delay_tank;Aim acceleration delay
controls/aim_acceleration_delay_ship;Aim acceleration delay
controls/aim_acceleration_delay_submarine;Aim acceleration delay
controls/modifier;Modifier button
options/none;None
options/skip;Skip
controls/noModifier;Select a button
controls/cross;Select a target
controls/square;Zoom
controls/circle;Map
controls/triangle;Change view
controls/RS;Yaw / Throttle / Camera
controls/R3;None
controls/R1;Bombs / Torpedoes
controls/R2;Fire
controls/start;Menu
controls/dpad_up;Landing gear
controls/dpad_left;None
controls/dpad_right;None
controls/dpad_down;Camera control
controls/L1;Rockets
controls/L2;Target camera
controls/LS;Roll / Pitch
controls/L3;None
controls/select;Multiplayer statistics
controls/flir_x;Turret X-axis
controls/flir_y;Turret Y-axis
controls/weapon;
controls/lack_of_oxygen;Lack of oxygen
composite/Controller 1;Controller 1
composite/Controller 2;Controller 2
composite/Controller 3;Controller 3
composite/Controller 4;Controller 4
composite/axis;Axis 
composite/button;Button 
composite/pov;POV 
composite/pov0;POV 1
composite/pov1;POV 2
composite/pov2;POV 3
composite/pov3;POV 4
composite/device_is_offline;Device is disconnected/switched off
composite/device_is_offline_short;Off
xinp/D.Up;D-pad Up
xinp/D.Down;D-pad Down
xinp/D.Left;D-pad Left
xinp/D.Right;D-pad Right
xinp/Start;START button
xinp/Select;BACK button
xinp/L3;LS
xinp/R3;RS
xinp/L3.Centered;LS
xinp/R3.Centered;RS
xinp/L1;LB
xinp/R1;RB
xinp/CROSS;A button
xinp/CIRCLE;B button
xinp/SQUARE;X button
xinp/TRIANGLE;Y button
xinp/L2;LT
xinp/R2;RT
xinp/LS.Up;LS Up
xinp/LS.Down;LS Down
xinp/LS.Left;LS Left
xinp/LS.Right;LS Right
xinp/RS.Up;RS Up
xinp/RS.Down;RS Down
xinp/RS.Left;RS Left
xinp/RS.Right;RS Right
controls/relativeAxis;Relative control
controls/keepDisabledValue;Keep value for disabled axis
controls/trim_elevator;Elevator Trim Axis
hotkeys/trim_elevator;Elevator Trim Axis
controls/helicopter_trim_elevator;Elevator Trim Axis
hotkeys/vtol_rangeMax;VTOL Positive
hotkeys/vtol_rangeMin;VTOL Negative
hotkeys/vtol_rangeSet;Reset VTOL
hotkeys/vtol;VTOL
hotkeys/helicopter_trim_elevator;Elevator Trim Axis
hotkeys/trim_elevator_rangeMin;Elevator Trim Negative
hotkeys/trim_elevator_rangeMax;Elevator Trim Positive
hotkeys/trim_elevator_rangeInc;Elevator Trim Positive
hotkeys/trim_elevator_rangeDec;Elevator Trim Negative
hotkeys/trim_elevator_rangeSet;Reset elevator trim axis
controls/trim_ailerons;Aileron Trim Axis
hotkeys/trim_ailerons;Aileron Trim Axis
controls/helicopter_trim_ailerons;Aileron Trim Axis
hotkeys/helicopter_trim_ailerons;Aileron Trim Axis
hotkeys/trim_ailerons_rangeMin;Aileron Trim Left
hotkeys/trim_ailerons_rangeMax;Aileron Trim Right
hotkeys/trim_ailerons_rangeInc;Aileron Trim Right
hotkeys/trim_ailerons_rangeDec;Aileron Trim Left
hotkeys/trim_ailerons_rangeSet;Reset aileron trim axis
controls/trim_rudder;Rudder Trim Axis
hotkeys/trim_rudder;Rudder Trim Axis
controls/helicopter_trim_rudder;Rudder Trim Axis
hotkeys/helicopter_trim_rudder;Rudder Trim Axis
hotkeys/trim_rudder_rangeMax;Rudder Trim Right
hotkeys/trim_rudder_rangeMin;Rudder Trim Left
hotkeys/trim_rudder_rangeInc;Rudder Trim Right
hotkeys/trim_rudder_rangeDec;Rudder Trim Left
hotkeys/trim_rudder_rangeSet;Reset rudder trim axis
controls/brake;Wheel brake
controls/kMul;Multiplier
controls/kAdd;Correction
controls/head_pos_x;Head movement: forward-backward
hotkeys/head_pos_x;Head movement: forward-backward
controls/head_pos_y;Head movement: upward-downward
hotkeys/head_pos_y;Head movement: upward-downward
controls/head_pos_z;Head movement: left-right
hotkeys/head_pos_z;Head movement: left-right
hotkeys/head_pos_x_rangeMin;Head movement: backward
hotkeys/head_pos_x_rangeMax;Head movement: forward
hotkeys/head_pos_x_rangeSet;Head movement: reset position (X-axis)
hotkeys/head_pos_y_rangeMin;Head movement: downward
hotkeys/head_pos_y_rangeMax;Head movement: upward
hotkeys/head_pos_y_rangeSet;Head movement: reset position (Y-axis)
hotkeys/head_pos_z_rangeMin;Head movement: left
hotkeys/head_pos_z_rangeMax;Head movement: right
hotkeys/head_pos_z_rangeSet;Head movement: reset position (Z-axis)
controls/wheelBrakeOn;Wheel Brakes on
controls/wheelBrakeOff;Wheel Brakes off
controls/airbrakeOn;Airbrake: Extended
controls/airbrakeOff;Airbrake: Retracted
controls/noAirbrake;No Airbrake
HUD_CRIT_AIRBRAKE;Retract Airbrake
controls/airbrakeIsNotAvailableOnGround;Airbrake cannot be extended while on the ground
controls/airbrakeSnappedOff;Airbrake inoperative
controls/autoPropPitch;Auto Prop. Pitch
controls/autoPropPitchOn;Auto Prop. Pitch: Enabled
controls/autoPropPitchOff;Auto Prop. Pitch: Disabled
controls/autoPropPitchNone;No auto prop pitch control
controls/tailControlDamaged;Tail control damaged
controls/wingControlDamaged;Wing control damaged
controls/superchargerOn;Supercharger On
controls/superchargerOff;Supercharger Off
controls/superchargerGear;Supercharger Gear
controls/superchargerStep1;Supercharger Gear: 1
controls/superchargerStep2;Supercharger Gear: 2
controls/superchargerStep3;Supercharger Gear: 3
controls/superchargerStep4;Supercharger Gear: 4
controls/superchargerStep5;Supercharger Gear: 5
controls/superchargerStep6;Supercharger Gear: 6
controls/superchargerStep7;Supercharger Gear: 7
controls/superchargerStep8;Supercharger Gear: 8
controls/noTrimAileronControl;No aileron trim control
controls/noTrimRudderControl;No rudder trim control
controls/noTrimElevatorControl;No elevator trim control
controls/aileronsAreSnappedOff;Trim unavailable: ailerons inoperative
controls/rudderIsSnappedOff;Trim unavailable: rudder inoperative
controls/elevatorIsSnappedOff;Trim unavailable: elevator inoperative
controls/noSupercharger;No supercharger control
controls/no_rocket_guns;No rockets
controls/no_rockets_left;Out of rockets
controls/no_bomb_guns;No bombs
controls/no_bombs_left;Out of bombs
controls/no_torpedoes_left;Out of torpedoes
controls/no_ammo_left;You are out of ammunition. Reloading is not possible.
controls/no_ammo_left_warning_header;
controls/no_guns_and_cannons;No armament on the aircraft
controls/no_guns;No small-caliber guns on the aircraft
controls/no_cannons;No large-caliber guns on the aircraft
controls/no_additional_guns;No additional guns on the aircraft
controls/no_schraege_musik;"No ""Schräge Musik"" cannon on the aircraft"
controls/no_bullets_left;Out of ammo
controls/too_low_to_bailout;Too low to bailout
controls/no_additional_guns_bullets_left;Additional guns are out of ammo
controls/no_cannon_bullets_left;Cannons are out of ammo
controls/no_schraege_musik_bullets_left;"""Schräge Musik"" cannon are out of ammo"
controls/no_air_drops_left;No airdrops
hotkeys/ID_FUEL_TANKS;Drop additional fuel tank
hotkeys/ID_AIR_DROP;Air drop
hotkeys/ID_WEAPON_LOCK;Weapon lock (air-to-air)
hotkeys/ID_AGM_LOCK;Weapon lock (air-to-ground)
hotkeys/ID_SENSORS_HEADER;Radar / IRST
hotkeys/ID_SENSOR_TYPE_SWITCH;Switch between Radar and IRST
hotkeys/ID_SENSOR_MODE_SWITCH;Change Radar/IRST mode
hotkeys/ID_SENSOR_SWITCH;Switch Radar/IRST search on/off
hotkeys/ID_SENSOR_SCAN_PATTERN_SWITCH;Change Radar/IRST search mode
hotkeys/ID_SENSOR_RANGE_SWITCH;Change Radar/IRST scope scale
hotkeys/ID_SENSOR_ACM_SWITCH;Radar/IRST beyond/within visual range combat
hotkeys/ID_SENSOR_TARGET_SWITCH;Select Radar/IRST target to lock
hotkeys/ID_SENSOR_TARGET_LOCK;Lock Radar/IRST on target
controls/sensor_cue_x;Horizontal Radar/IRST target cue control axis
controls/sensor_cue_y;Vertical Radar/IRST target cue control axis
controls/sensor_cue_z;Radar/IRST tilt control axis
hotkeys/ID_SENSOR_TYPE_SWITCH_HELICOPTER;Switch between Radar and IRST
hotkeys/ID_SENSOR_MODE_SWITCH_HELICOPTER;Change radar mode
hotkeys/ID_SENSOR_SWITCH_HELICOPTER;Switch radar search on/off
hotkeys/ID_SENSOR_SCAN_PATTERN_SWITCH_HELICOPTER;Change radar search mode
hotkeys/ID_SENSOR_RANGE_SWITCH_HELICOPTER;Change radar scope scale
hotkeys/ID_SENSOR_ACM_SWITCH_HELICOPTER;Radar/IRST beyond/within visual range combat
hotkeys/ID_SENSOR_TARGET_SWITCH_HELICOPTER;Select radar target to lock on
hotkeys/ID_SENSOR_TARGET_LOCK_HELICOPTER;Lock radar target on
controls/helicopter_sensor_cue_x;Horizontal Radar/IRST target cue control axis
controls/helicopter_sensor_cue_y;Vertical Radar/IRST target cue control axis
controls/helicopter_sensor_cue_z;Radar/IRST tilt control axis
hotkeys/ID_SENSOR_TYPE_SWITCH_TANK;Switch between Radar and IRST
hotkeys/ID_SENSOR_MODE_SWITCH_TANK;Change Radar/IRST mode
hotkeys/ID_SENSOR_SWITCH_TANK;Switch Radar/IRST search on/off
hotkeys/ID_SENSOR_SCAN_PATTERN_SWITCH_TANK;Change Radar/IRST search mode
hotkeys/ID_SENSOR_RANGE_SWITCH_TANK;Change Radar/IRST scope scale
hotkeys/ID_SENSOR_ACM_SWITCH_TANK;Radar/IRST beyond/within visual range combat
hotkeys/ID_SENSOR_TARGET_SWITCH_TANK;Select Radar/IRST target to lock on
hotkeys/ID_SENSOR_TARGET_LOCK_TANK;Lock Radar/IRST target on
controls/gm_sensor_cue_x;Horizontal Radar/IRST target cue control axis
controls/gm_sensor_cue_y;Vertical Radar/IRST target cue control axis
controls/gm_sensor_cue_z;Radar/IRST tilt control axis
hotkeys/ID_WEAPON_LEAD_SHIP;Switch guidance method
hotkeys/ID_SENSOR_MODE_SWITCH_SHIP;Change radar mode
hotkeys/ID_SENSOR_SWITCH_SHIP;Toggle radar search on/off
hotkeys/ID_SENSOR_SCAN_PATTERN_SWITCH_SHIP;Change radar search mode
hotkeys/ID_SENSOR_RANGE_SWITCH_SHIP;Change radar scope scale
hotkeys/ID_SENSOR_TARGET_SWITCH_SHIP;Select radar target to lock on
hotkeys/ID_SENSOR_TARGET_LOCK_SHIP;Lock radar target on
controls/ship_sensor_cue_x;Horizontal Radar/IRST target cue control axis
controls/ship_sensor_cue_y;Vertical Radar/IRST target cue control axis
controls/ship_sensor_cue_z;Radar/IRST tilt control axis
hotkeys/ID_IRCM_SWITCH_HELICOPTER;Switch IRCM on/off
hotkeys/ID_IRCM_SWITCH_TANK;Switch IRCM on/off
hotkeys/ID_IRCM_SWITCH_PLANE;Switch IRCM on/off
hotkeys/ID_MFD_AND_NVD_DISPLAYS_HEADER;MFD / NVD
hotkeys/ID_MFD_1_PAGE;Switch MFD 1 mode
hotkeys/ID_MFD_2_PAGE;Switch MFD 2 mode
hotkeys/ID_MFD_3_PAGE;Switch MFD 3 mode
hotkeys/ID_MFD_4_PAGE;Switch MFD 4 mode
hotkeys/ID_MFD_1_PAGE_PLANE;Switch MFD 1 mode
hotkeys/ID_MFD_2_PAGE_PLANE;Switch MFD 2 mode
hotkeys/ID_MFD_3_PAGE_PLANE;Switch MFD 3 mode
hotkeys/ID_MFD_4_PAGE_PLANE;Switch MFD 4 mode
hotkeys/ID_MFD_ZOOM;Switch MFD camera zoom
hotkeys/ID_MFD_ZOOM_PLANE;Switch MFD camera zoom
hotkeys/ID_MFD_TARGET_LOCK;Set MFD capture point
hotkeys/ID_HELI_GUNNER_NIGHT_VISION;Switch NVD mode
hotkeys/ID_PLANE_NIGHT_VISION;Switch NVD mode
hotkeys/ID_NEXT_BULLET_TYPE;Next shell type
hotkeys/ID_SHIP_NEXT_BULLET_TYPE;Next shell type
hotkeys/ID_SHIP_SELECTWEAPON_WHEEL_MENU;Weapon selection menu
controls/no_external_ful_tanks_left;No external fuel tanks
hotkeys/ID_HELICOPTER_MODE_HEADER;Controls mode
hotkeys/ID_HELICOPTER_OTHER_HEADER;Miscellaneous
controls/helicopter_collective;Collective pitch
hotkeys/helicopter_collective;Enable prop. pitch axis
hotkeys/helicopter_collective_rangeMin;Prop. pitch down
hotkeys/helicopter_collective_rangeMax;Prop. pitch up
hotkeys/helicopter_collective_rangeDec;Prop. pitch down
hotkeys/helicopter_collective_rangeInc;Prop. pitch up
hotkeys/helicopter_collective_rangeSet;Reset prop. pitch axis
controls/helicopter_cyclic_pitch;Pitch axis
hotkeys/helicopter_cyclic_pitch;Enable pitch axis
hotkeys/helicopter_cyclic_pitch_rangeMin;Pitch down
hotkeys/helicopter_cyclic_pitch_rangeMax;Pitch up
hotkeys/helicopter_cyclic_pitch_rangeDec;Pitch down
hotkeys/helicopter_cyclic_pitch_rangeInc;Pitch up
hotkeys/helicopter_cyclic_pitch_rangeSet;Reset pitch axis
controls/helicopter_cyclic_roll;Roll axis
hotkeys/helicopter_cyclic_roll;Enable roll axis
hotkeys/helicopter_cyclic_roll_rangeMin;Roll left
hotkeys/helicopter_cyclic_roll_rangeMax;Roll right
hotkeys/helicopter_cyclic_roll_rangeDec;Roll left
hotkeys/helicopter_cyclic_roll_rangeInc;Roll right
hotkeys/helicopter_cyclic_roll_rangeSet;Reset roll axis
controls/helicopter_pedals;Yaw axis
hotkeys/helicopter_pedals;Enable yaw axis
hotkeys/helicopter_pedals_rangeMin;Yaw left
hotkeys/helicopter_pedals_rangeMax;Yaw right
hotkeys/helicopter_pedals_rangeDec;Yaw left
hotkeys/helicopter_pedals_rangeInc;Yaw right
hotkeys/helicopter_pedals_rangeSet;Reset yaw axis
controls/helicopter_cyclic_roll_sens;Roll sensitivity
controls/helicopter_cyclic_pitch_sens;Pitch sensitivity
controls/helicopter_pedals_sens;Yaw sensitivity
controls/helicopter_holdThrottleForWEP;Hold throttle for WEP
controls/helicopter_fire;Fire (Machine Guns / Cannons)
hotkeys/helicopter_fire;Enable fire axis
hotkeys/helicopter_fire_rangeSet;Reset fire axis
hotkeys/helicopter_fire_rangeMin;Minimum fire axis
hotkeys/helicopter_fire_rangeMax;Maximum fire axis
hotkeys/helicopter_fire_rangeDec;Decrease fire axis
hotkeys/helicopter_fire_rangeInc;Increase fire axis
hotkeys/ID_TOGGLE_INSTRUCTOR_HELICOPTER;Toggle controls mode
hotkeys/ID_CONTROL_MODE_HELICOPTER;Hover mode
hotkeys/ID_FBW_MODE_HELICOPTER;Toggle SAS mode
hotkeys/ID_FBW_MODE;Toggle SAS mode
hotkeys/ID_FIRE_MGUNS_HELICOPTER;Small-caliber guns
hotkeys/ID_FIRE_CANNONS_HELICOPTER;Large-caliber guns
hotkeys/ID_FIRE_ADDITIONAL_GUNS_HELICOPTER;Additional guns
hotkeys/ID_BOMBS_HELICOPTER;Drop bomb
hotkeys/ID_BOMBS_SERIES_HELICOPTER;Drop bomb series
hotkeys/ID_ROCKETS_SERIES_HELICOPTER;Fire rocket salvo
hotkeys/ID_WEAPON_LOCK_HELICOPTER;Weapon lock (air-to-air)
hotkeys/ID_AGM_LOCK_HELICOPTER;Weapon lock (air-to-ground)
hotkeys/ID_LOCK_TARGETING_AT_POINT_HELICOPTER;Sight stabilization
hotkeys/ID_UNLOCK_TARGETING_AT_POINT_HELICOPTER;Disable sight stabilization
hotkeys/ID_TARGET_CAMERA_HELICOPTER;Tracking Camera: Enemy
hotkeys/ID_AIM_CAMERA_HELICOPTER;Aiming mode
hotkeys/ID_CAMERA_TPS_HELICOPTER;External View
hotkeys/ID_CAMERA_FPS_HELICOPTER;Cockpit view
hotkeys/ID_CAMERA_VIRTUAL_TARGET_FPS_HELICOPTER;Shooter (ATGM)
hotkeys/ID_CAMERA_VIRTUAL_FPS_HELICOPTER;Virtual Cockpit
hotkeys/ID_CAMERA_GUNNER_HELICOPTER;Gunner View
hotkeys/ID_CAMERA_OPTICS_HELICOPTER;Targeting Optics View
hotkeys/ID_CAMERA_SEEKER_HELICOPTER;Optical Seeker View
hotkeys/ID_GEAR_HELICOPTER;Toggle Gear
hotkeys/ID_AEROBATICS_SMOKE_HELICOPTER;Aerobatics smoke
hotkeys/ID_TOGGLE_COCKPIT_DOOR_HELICOPTER;Open cockpit
hotkeys/ID_TOGGLE_COCKPIT_LIGHTS_HELICOPTER;Cockpit lighting
hotkeys/ID_INC_HMD_BRIGHTNESS;Increase HMD brightness
hotkeys/ID_DEC_HMD_BRIGHTNESS;Decrease HMD brightness
hotkeys/ID_TOGGLE_COLLIMATOR;Toggle Cockpit Sight
hotkeys/ID_TOGGLE_COLLIMATOR_HELICOPTER;Toggle Cockpit Sight
hotkeys/ID_TOGGLE_LASER_DESIGNATOR_HELICOPTER;Toggle Laser Designator
hotkeys/ID_TOGGLE_LASER_DESIGNATOR;Toggle Laser Designator
controls/helicopter_target_camera;Tracking/aiming axis
hotkeys/helicopter_target_camera;Enable tracking/aiming axis
hotkeys/helicopter_target_camera_rangeMax;Maximum tracking/aiming axis
hotkeys/helicopter_target_camera_rangeMin;Minimum tracking/aiming axis
controls/helicopter_weapon_aim_heading;Yaw axis for aimed weapons
hotkeys/helicopter_weapon_aim_heading_rangeSet;Reset yaw axis for aimed weapons
hotkeys/helicopter_weapon_aim_heading_rangeMin;Minimum yaw axis for aimed weapons
hotkeys/helicopter_weapon_aim_heading_rangeMax;Maximum yaw axis for aimed weapons
hotkeys/helicopter_weapon_aim_heading_rangeDec;Decrease yaw axis for aimed weapons
hotkeys/helicopter_weapon_aim_heading_rangeInc;Increase yaw axis for aimed weapons
controls/helicopter_weapon_aim_pitch;Pitch axis for weapons aiming
hotkeys/helicopter_weapon_aim_pitch;Enable pitch axis for weapons aiming
hotkeys/helicopter_weapon_aim_pitch_rangeSet;Reset pitch axis for weapons aiming
hotkeys/helicopter_weapon_aim_pitch_rangeMin;Minimum pitch axis for weapons aiming
hotkeys/helicopter_weapon_aim_pitch_rangeMax;Maximum pitch axis for weapons aiming
hotkeys/helicopter_weapon_aim_pitch_rangeDec;Decrease pitch axis for weapons aiming
hotkeys/helicopter_weapon_aim_pitch_rangeInc;Increase pitch axis for weapons aiming
controls/helicopter_atgm_aim_x;Missile control X-axis
hotkeys/helicopter_atgm_aim_x;Enable missile control X-axis
hotkeys/helicopter_atgm_aim_x_rangeSet;Reset missile control X-axis
hotkeys/helicopter_atgm_aim_x_rangeMin;Minimum missile control X-axis
hotkeys/helicopter_atgm_aim_x_rangeMax;Maximum missile control X-axis
hotkeys/helicopter_atgm_aim_x_rangeDec;Decrease missile control X-axis
hotkeys/helicopter_atgm_aim_x_rangeInc;Increase missile control X-axis
controls/helicopter_atgm_aim_y;Missile control Y-axis
hotkeys/helicopter_atgm_aim_y;Enable missile control Y-axis
hotkeys/helicopter_atgm_aim_y_rangeSet;Reset missile control Y-axis
hotkeys/helicopter_atgm_aim_y_rangeMin;Minimum missile control Y-axis
hotkeys/helicopter_atgm_aim_y_rangeMax;Maximum missile control Y-axis
hotkeys/helicopter_atgm_aim_y_rangeDec;Decrease missile control Y-axis
hotkeys/helicopter_atgm_aim_y_rangeInc;Increase missile control Y-axis
controls/aim_time_nonlinearity_helicopter;Gamepad aim acceleration
controls/aim_acceleration_delay_helicopter;Aim acceleration delay
options/atgm_aim_sens_helicopter;Missile control sensitivity
options/atgm_aim_zoom_sens_helicopter;Missile control sensitivity at maximum zoom
controls/mouse_z_helicopter;Mouse Wheel (helicopter)
controls/mouse_z_mult_helicopter;Mouse Wheel Multiplier (helicopter)
hotkeys/ID_SUBMARINE_CONTROL_HEADER;Submarine
hotkeys/ID_SUBMARINE_MOVE_HEADER;Movement
hotkeys/ID_SUBMARINE_FIRE_HEADER;Weaponry
hotkeys/ID_SUBMARINE_VIEW_HEADER;Camera control
hotkeys/ID_SUBMARINE_OTHER_HEADER;Miscellaneous
hotkeys/ID_SUBMARINE_OPERATIONS_HEADER;Quick settings
controls/submarine_main_engine;Submarine main engine
hotkeys/submarine_main_engine;Submarine main engine
hotkeys/submarine_main_engine_rangeSet;Stop main engine
hotkeys/submarine_main_engine_rangeMin;Back main engine
hotkeys/submarine_main_engine_rangeMax;Ahead main engine
hotkeys/submarine_main_engine_rangeDec;Back main engine
hotkeys/submarine_main_engine_rangeInc;Ahead main engine
controls/submarine_steering;Submarine rudder control
hotkeys/submarine_steering;Submarine rudder control
hotkeys/submarine_steering_rangeSet;Rudder amidships
hotkeys/submarine_steering_rangeMin;Left rudder
hotkeys/submarine_steering_rangeMax;Right rudder
hotkeys/submarine_steering_rangeDec;Left rudder
hotkeys/submarine_steering_rangeInc;Right rudder
controls/submarine_depth;Depth control
hotkeys/submarine_depth;Depth control
hotkeys/submarine_depth_rangeSet;Reset depth control
hotkeys/submarine_depth_rangeMin;Increase depth
hotkeys/submarine_depth_rangeMax;Decrease depth
hotkeys/submarine_depth_rangeDec;Increase depth
hotkeys/submarine_depth_rangeInc;Decrease depth
hotkeys/ID_SUBMARINE_FULL_STOP;All Stop
hotkeys/ID_TOGGLE_VIEW_SUBMARINE;Toggle View (submarine / torpedo)
hotkeys/ID_SUBMARINE_WEAPON_TORPEDOES;Launch torpedoes
hotkeys/ID_SUBMARINE_SWITCH_ACTIVE_SONAR;Toggle submarine active sonar
hotkeys/ID_SUBMARINE_WEAPON_TOGGLE_ACTIVE_SENSOR;Toggle torpedo active sonar
hotkeys/ID_SUBMARINE_WEAPON_TOGGLE_SELF_HOMMING;Toggle torpedo self homing
hotkeys/ID_SUBMARINE_ACOUSTIC_COUNTERMEASURES;Noisemakers
controls/submarine_camx;View in battle - Submarine (X-axis)
hotkeys/submarine_camx;View in battle - Submarine (horizontal)
hotkeys/submarine_camx_rangeMin;View in battle - Submarine (horizontal) - minimum value
hotkeys/submarine_camx_rangeMax;View in battle - Submarine (horizontal) - maximum value
hotkeys/submarine_camx_rangeDec;View in battle - Submarine (horizontal) - decrease value
hotkeys/submarine_camx_rangeInc;View in battle - Submarine (horizontal) - increase value
hotkeys/submarine_camx_rangeSet;View in battle - Submarine (horizontal) - reset value
controls/submarine_camy;View in battle - Submarine (Y-axis)
hotkeys/submarine_camy;View in battle - Submarine (vertical)
hotkeys/submarine_camy_rangeMin;View in battle - Submarine (vertical) - minimum value
hotkeys/submarine_camy_rangeMax;View in battle - Submarine (vertical) - maximum value
hotkeys/submarine_camy_rangeDec;View in battle - Submarine (vertical) - decrease value
hotkeys/submarine_camy_rangeInc;View in battle - Submarine (vertical) - increase value
hotkeys/submarine_camy_rangeSet;View in battle - Submarine (vertical) - reset value
controls/submarine_zoom;Zoom axis (Submarine)
hotkeys/submarine_zoom;Enable submarine zoom axis
hotkeys/submarine_zoom_rangeMin;Zoom off
hotkeys/submarine_zoom_rangeMax;Zoom on
hotkeys/submarine_zoom_rangeSet;Reset submarine zoom axis
controls/submarine_mouse_aim_x;Submarine aiming (X-axis)
hotkeys/submarine_mouse_aim_x;Submarine aiming (X-axis)
hotkeys/submarine_mouse_aim_x_rangeMin;Move aim left
hotkeys/submarine_mouse_aim_x_rangeMax;Move aim right
controls/submarine_mouse_aim_y;Submarine aiming (Y-axis)
hotkeys/submarine_mouse_aim_y;Submarine aiming (Y-axis)
hotkeys/submarine_mouse_aim_y_rangeMin;Lower aim
hotkeys/submarine_mouse_aim_y_rangeMax;Raise aim
hotkeys/ID_SUBMARINE_KILLSTREAK_WHEEL_MENU;Event selection menu
hotkeys/ID_SUBMARINE_ACTION_BAR_ITEM_6;Extinguish fire
hotkeys/ID_SUBMARINE_ACTION_BAR_ITEM_11;Repair
hotkeys/ID_SUBMARINE_REPAIR_BREACHES;Repair breaches
hotkeys/ID_EMERGENCY_SURFACING;Emergency surfacing
controls/mouse_z_submarine;Mouse Wheel (submarine)
controls/mouse_z_mult_submarine;Mouse Wheel Multiplier (submarine)
hotkeys/ID_UCAV_CONTROL_HEADER;UCAV
controls/gun_jammed;Gun jammed
controls/cross_2;Flaps
controls/square_2;Trim
controls/R3_0;None
controls/dpad_left_0;None
controls/L2_2;Zoom
controls/combo_airBrakes;Airbrake
controls/combo_resetTrim;
controls/combo_resetTrim_2;Reset trimming
controls/askRestoreDefaults;Are you sure you want to change your control settings?
controls/askEraseDefaults;Are you sure you want to erase controls settings? All your controls settings will be deleted and become unassigned!
controls/askKeyboardWasdType;"Would you like to use 'Simple' or 'Advanced' controls?
For both types of controls, the aircraft is controlled with the mouse buttons, and the throttle is controlled with the mouse wheel.
Simple: WS keys and the Up/Down arrows control the throttle, AD+QE keys control the roll and the heading.
Advanced: WASD+QE keys (and the arrows) control the aircraft direction, LShift+LCtrl control the throttle"
msgbox/btn_classic;Advanced
msgbox/btn_shooter;Simple
msgbox/btn_thrustmaster_hotas_one;Thrustmaster® T.Flight Hotas One
controls/hotkeysSetup;Hotkeys
controls/mouseSetup;Mouse
controls/joystickSetup;Joysticks
controls/ailerons;Roll axis
controls/zoom;Zoom axis (Air)
controls/gm_zoom;Zoom axis (Ground)
controls/ship_zoom;Zoom axis (Naval)
controls/target_camera;Tracking/aiming axis
hotkeys/target_camera;Enable tracking/aiming axis
hotkeys/target_camera_rangeMax;Maximum tracking/aiming axis
hotkeys/target_camera_rangeMin;Minimum tracking/aiming axis
controls/elevator;Pitch axis
controls/rudder;Yaw axis
controls/weapon_aim_heading;Yaw axis for aimed weapons
hotkeys/weapon_aim_heading;Enable yaw axis for aimed weapons
hotkeys/weapon_aim_heading_rangeSet;Reset yaw axis for aimed weapons
hotkeys/weapon_aim_heading_rangeMin;Minimum yaw axis for aimed weapons
hotkeys/weapon_aim_heading_rangeMax;Maximum yaw axis for aimed weapons
hotkeys/weapon_aim_heading_rangeDec;Decrease yaw axis for aimed weapons
hotkeys/weapon_aim_heading_rangeInc;Increase yaw axis for aimed weapons
controls/weapon_aim_pitch;Pitch axis for weapons aiming
hotkeys/weapon_aim_pitch_rangeSet;Reset pitch axis for weapons aiming
hotkeys/weapon_aim_pitch_rangeMin;Minimum pitch axis for weapons aiming
hotkeys/weapon_aim_pitch_rangeMax;Maximum pitch axis for weapons aiming
hotkeys/weapon_aim_pitch_rangeDec;Decrease pitch axis for weapons aiming
hotkeys/weapon_aim_pitch_rangeInc;Increase pitch axis for weapons aiming
controls/throttle;Throttle axis
controls/use_joystick_on_mouse_aim;Use joystick in this mode
controls/mouse_aim_x;Control (X-axis)
controls/mouse_aim_y;Control (Y-axis)
hotkeys/mouse_aim_x;Control (X-axis)
hotkeys/mouse_aim_y;Control (Y-axis)
controls/gm_mouse_aim_x;Tank aiming (X-axis)
controls/gm_mouse_aim_y;Tank aiming (Y-axis)
hotkeys/gm_mouse_aim_x;Tank aiming (X-axis)
hotkeys/gm_mouse_aim_y;Tank aiming (Y-axis)
controls/ship_mouse_aim_x;Ship aiming (X-axis)
controls/ship_mouse_aim_y;Ship aiming (Y-axis)
hotkeys/ship_mouse_aim_x;Ship aiming (X-axis)
hotkeys/ship_mouse_aim_y;Ship aiming (Y-axis)
controls/human_mouse_aim_x;Infantryman aiming (X-axis)
controls/human_mouse_aim_y;Infantryman aiming (Y-axis)
hotkeys/human_mouse_aim_x;Infantryman aiming (X-axis)
hotkeys/human_mouse_aim_y;Infantryman aiming (Y-axis)
hotkeys/gm_mouse_aim_x_rangeMin;Turn aim left
hotkeys/gm_mouse_aim_x_rangeMax;Turn aim right
hotkeys/gm_mouse_aim_y_rangeMin;Lower aim
hotkeys/gm_mouse_aim_y_rangeMax;Raise aim
hotkeys/ship_mouse_aim_x_rangeMin;Turn aim left
hotkeys/ship_mouse_aim_x_rangeMax;Turn aim right
hotkeys/ship_mouse_aim_y_rangeMin;Lower aim
hotkeys/ship_mouse_aim_y_rangeMax;Raise aim
controls/gm_turret_x;Turret rotation (X-axis)
controls/gm_turret_y;Turret rotation (Y-axis)
options/multiplier_mouse_aim;Aim control sensitivity
guiHints/multiplier_mouse_aim;Aim control sensitivity
options/multiplier_joy_camera_view;Gamepad aim sensitivity
guiHints/multiplier_joy_camera_view;Gamepad aim sensitivity
controls/abs_throttle;Flightstick style throttle
controls/x360_layout;Use Xbox Controller layout
controls/customHintsWarning;"All control hints will be displayed as they are for ""Wireless Controller"" (default) layout."
controls/nonlinearity;Nonlinearity
controls/deadzone;Dead zone
controls/custom;Custom
controls/selectControl;Select control
controls/custom/settings;Settings for Custom layout
controls/assignPauseMenu;"Please assign button for ""Pause Menu"" action."
controls/warningUnmapped;Warning! There are no buttons assigned for following actions
controls/unmapped;No action
controls/prop_pitch;Propeller Pitch
hotkeys/prop_pitch;Propeller Pitch
hotkeys/prop_pitch_rangeMin;Minimum Propeller Pitch
hotkeys/prop_pitch_rangeMax;Maximum Propeller Pitch
hotkeys/prop_pitch_rangeInc;Increase Propeller Pitch
hotkeys/prop_pitch_rangeDec;Decrease Propeller Pitch
hotkeys/prop_pitch_rangeSet;Reset Propeller Pitch axis
controls/mixture;Mixture
hotkeys/mixture;Enable mixture axis
hotkeys/mixture_rangeMax;Enrich mixture
hotkeys/mixture_rangeMin;Deplete mixture
hotkeys/mixture_rangeInc;Enrich mixture
hotkeys/mixture_rangeDec;Deplete mixture
hotkeys/mixture_rangeSet;Reset mixture axis
controls/radiator;Radiator
hotkeys/radiator;Radiator
hotkeys/radiator_rangeMin;Close radiator shutter
hotkeys/radiator_rangeMax;Open radiator shutter
hotkeys/radiator_rangeDec;Close radiator shutter
hotkeys/radiator_rangeInc;Open radiator shutter
hotkeys/radiator_rangeSet;Reset radiator axis
controls/oil_radiator;Oil Radiator
hotkeys/oil_radiator;Oil Radiator
hotkeys/oil_radiator_rangeMin;Close oil radiator shutter
hotkeys/oil_radiator_rangeMax;Open oil radiator shutter
hotkeys/oil_radiator_rangeDec;Close oil radiator shutter
hotkeys/oil_radiator_rangeInc;Open oil radiator shutter
hotkeys/oil_radiator_rangeSet;Reset oil radiator axis
options/commander_camera_in_views;Include commander camera in views list
guiHints/commander_camera_in_views;The commander's camera is activated in the same cycle as the gunner's camera (Sniper mode in Controls) or the binoculars (Binoculars in Controls). Switching to the commander's camera occurs with a subsequent press of the corresponding key.
options/commander_not_in_views;Not included in any loop
options/commander_in_gunner_views;Included in a gunner sight loop
options/commander_in_binocular_views;Included in a binocular sight loop
options/enable_cam_axes;Enable view axes
guiHints/enable_cam_axes;Enable view axes
controls/camx;View in battle - Air (X-axis)
controls/camy;View in battle - Air (Y-axis)
controls/gm_camx;View in battle - Ground (X-axis)
controls/gm_camy;View in battle - Ground (Y-axis)
controls/ship_camx;View in battle - Naval (X-axis)
controls/ship_camy;View in battle - Naval (Y-axis)
controls/human_camx;View in battle - Infantry (X-axis)
controls/human_camy;View in battle - Infantry (Y-axis)
hotkeys/ship_camx;View in battle - Naval (horizontal)
hotkeys/ship_camx_rangeMin;View in battle - Naval (horizontal) - minimum value
hotkeys/ship_camx_rangeMax;View in battle - Naval (horizontal) - maximum value
hotkeys/ship_camx_rangeDec;View in battle - Naval (horizontal) - decrease value
hotkeys/ship_camx_rangeInc;View in battle - Naval (horizontal) - increase value
hotkeys/ship_camx_rangeSet;View in battle - Naval (horizontal) - reset value
hotkeys/ship_camy;View in battle - Naval (vertical)
hotkeys/ship_camy_rangeMin;View in battle - Naval (vertical) - minimum value
hotkeys/ship_camy_rangeMax;View in battle - Naval (vertical) - maximum value
hotkeys/ship_camy_rangeDec;View in battle - Naval (vertical) - decrease value
hotkeys/ship_camy_rangeInc;View in battle - Naval (vertical) - increase value
hotkeys/ship_camy_rangeSet;View in battle - Naval (vertical) - reset value
controls/hangar_camera_zoom;Zoom in hangar
controls/hangar_camera_x;View in hangar (X-axis)
hotkeys/hangar_camera_x;Enable view in hangar (X-axis)
hotkeys/hangar_camera_x_rangeMin;View in hangar (X-axis) - minimum value
hotkeys/hangar_camera_x_rangeMax;View in hangar (X-axis) - maximum value
hotkeys/hangar_camera_x_rangeDec;View in hangar (X-axis) - decrease value
hotkeys/hangar_camera_x_rangeInc;View in hangar (X-axis) - increase value
hotkeys/hangar_camera_x_rangeSet;View in hangar (X-axis) - reset value
controls/hangar_camera_y;View in hangar (Y-axis)
hotkeys/hangar_camera_y;Enable view in hangar (Y-axis)
hotkeys/hangar_camera_y_rangeMin;View in hangar (Y-axis) - minimum value
hotkeys/hangar_camera_y_rangeMax;View in hangar (Y-axis) - maximum value
hotkeys/hangar_camera_y_rangeDec;View in hangar (Y-axis) - decrease value
hotkeys/hangar_camera_y_rangeInc;View in hangar (Y-axis) - increase value
hotkeys/hangar_camera_y_rangeSet;View in hangar (Y-axis) - reset value
controls/decal_move_x;Decal movement (X-axis)
hotkeys/decal_move_x;Enable decal movement (X-axis)
hotkeys/decal_move_x_rangeMin;Decal movement (X-axis) - minimum value
hotkeys/decal_move_x_rangeMax;Decal movement (X-axis) - maximum value
hotkeys/decal_move_x_rangeDec;Decal movement (X-axis) - decrease value
hotkeys/decal_move_x_rangeInc;Decal movement (X-axis) - increase value
hotkeys/decal_move_x_rangeSet;Decal movement (X-axis) - reset value
controls/decal_move_y;Decal movement (Y-axis)
hotkeys/decal_move_y;Enable decal movement (Y-axis)
hotkeys/decal_move_y_rangeMin;Decal movement (Y-axis) - minimum value
hotkeys/decal_move_y_rangeMax;Decal movement (Y-axis) - maximum value
hotkeys/decal_move_y_rangeDec;Decal movement (Y-axis) - decrease value
hotkeys/decal_move_y_rangeInc;Decal movement (Y-axis) - increase value
hotkeys/decal_move_y_rangeSet;Decal movement (Y-axis) - reset value
controls/decal_rotate;Decal rotation
controls/decal_scale;Decal scale
controls/tracker_camx;Tracker view (X-axis)
controls/tracker_camy;Tracker view (Y-axis)
controls/fire;Fire (Machine Guns / Cannons)
controls/presetSelect;Select layout
controls/rudder_left;Rudder (left pedal)
controls/rudder_right;Rudder (right pedal)
controls/mouse_x;Horizontal mouse movement
controls/mouse_y;Vertical mouse movement
controls/mouse_z;Mouse Wheel (aircraft)
controls/mouse_z_ground;Mouse Wheel (ground vehicles)
controls/mouse_z_ship;Mouse Wheel (naval)
controls/mouse_z_mult;Mouse Wheel Multiplier (aircraft)
controls/mouse_z_mult_ground;Mouse Wheel Multiplier (ground vehicles)
controls/mouse_z_mult_ship;Mouse Wheel Multiplier (naval)
controls/invertAxis;Invert Axis
controls/inverted;Inverted
controls/kRelSpd;Relative control sensitivity
controls/kRelStep;Relative control step
controls/enable_symbol;↔
controls/rangeMin_symbol;⇤
controls/rangeMax_symbol;⇥
controls/rangeInc_symbol;→
controls/rangeDec_symbol;←
controls/rangeSet_symbol;↮
controls/holdThrottleForWEP;Hold throttle for WEP
hotkeys/msg/holdThrottleForWEP;Hold throttle for WEP (Wartime Emergency Power)
controls/cam_fwd;Free cam (forward)
hotkeys/cam_fwd;Free cam (forward)
hotkeys/cam_fwd_rangeMin;Free cam (forward) — maximum value
hotkeys/cam_fwd_rangeMax;Free cam (forward) — minimum value
hotkeys/cam_fwd_rangeDec;Free cam (forward) — decrease value
hotkeys/cam_fwd_rangeInc;Free cam (forward) — increase value
hotkeys/cam_fwd_rangeSet;Free cam (forward) - reset value
controls/cam_strafe;Free cam (strafe)
hotkeys/cam_strafe;Free cam (strafe)
hotkeys/cam_strafe_rangeMin;Free cam (strafe) — maximum value
hotkeys/cam_strafe_rangeMax;Free cam (strafe) — minimum value
hotkeys/cam_strafe_rangeDec;Free cam (strafe) — decrease value
hotkeys/cam_strafe_rangeInc;Free cam (strafe) — increase value
hotkeys/cam_strafe_rangeSet;Free cam (strafe) - reset value
controls/cam_vert;Free cam (vertical)
hotkeys/cam_vert;Free cam (vertical)
hotkeys/cam_vert_rangeMin;Free cam (vertical) — maximum value
hotkeys/cam_vert_rangeMax;Free cam (vertical) — minimum value
hotkeys/cam_vert_rangeDec;Free cam (vertical) — decrease value
hotkeys/cam_vert_rangeInc;Free cam (vertical) — increase value
hotkeys/cam_vert_rangeSet;Free cam (vertical) - reset value
controls/cam_roll;Free cam (roll)
hotkeys/cam_roll;Free cam (roll)
hotkeys/cam_roll_rangeMin;Free cam (roll) — maximum value
hotkeys/cam_roll_rangeMax;Free cam (roll) — minimum value
hotkeys/cam_roll_rangeDec;Free cam (roll) — decrease value
hotkeys/cam_roll_rangeInc;Free cam (roll) — increase value
hotkeys/cam_roll_rangeSet;Free cam (roll) - reset value
controls/brake_left;Left brake
hotkeys/brake_left;Left brake
hotkeys/brake_left_rangeMin;Release left brake
hotkeys/brake_left_rangeMax;Apply left brake
hotkeys/brake_left_rangeDec;Release left brake
hotkeys/brake_left_rangeInc;Apply left brake
hotkeys/brake_left_rangeSet;Reset left brake axis
controls/brake_right;Right brake
hotkeys/brake_right;Right brake
hotkeys/brake_right_rangeMin;Release right brake
hotkeys/brake_right_rangeMax;Apply right brake
hotkeys/brake_right_rangeDec;Release right brake
hotkeys/brake_right_rangeInc;Apply right brake
hotkeys/brake_right_rangeSet;Reset right brake axis
hotkeys/ID_REPLAY_RESET_CAMERA_ROLL;Reset camera roll
hotkeys/ID_REPLAY_TOGGLE_PLAYER_VISIBILITY;Toggle player visibility
hotkeys/ID_REPLAY_TOGGLE_DOF;Toggle depth of field
hotkeys/ID_REPLAY_TOGGLE_LERP;Toggle linear/spline interpolation
hotkeys/ID_REPLAY_CAMERA_FREE;Free camera
hotkeys/ID_REPLAY_CAMERA_FREE_PARENTED;Free chase camera
hotkeys/ID_REPLAY_CAMERA_FREE_ATTACHED;Free attached camera
hotkeys/ID_REPLAY_CAMERA_HOVER;Hover camera
hotkeys/ID_AILERONS_LEFT;Ailerons Left
hotkeys/ID_AILERONS_RIGHT;Ailerons Right
hotkeys/ID_ELEVATOR_UP;Elevator Up
hotkeys/ID_ELEVATOR_DOWN;Elevator Down
hotkeys/ID_RUDDER_LEFT;Rudder Left
hotkeys/ID_RUDDER_RIGHT;Rudder Right
hotkeys/ID_THROTTLE_MORE;Increase Throttle
hotkeys/ID_THROTTLE_LESS;Decrease Throttle
hotkeys/ID_LOCK_TARGET;Lock Target
hotkeys/ID_NEXT_TARGET;Lock Next Target
hotkeys/ID_PREV_TARGET;Lock Prev Target
hotkeys/ID_FIRE;Fire guns/cannons
hotkeys/ID_BOMBS;Drop bomb
hotkeys/ID_BOMBS_SERIES;Drop bomb series
hotkeys/ID_BAY_DOOR;Open bomb bay door
hotkeys/ID_ROCKETS;Fire rocket
hotkeys/ID_ROCKETS_SERIES;Fire rocket salvo
hotkeys/ID_ATGM;Fire missile
hotkeys/ID_SCHRAEGE_MUSIK;"""Schräge Musik"" cannon activation"
hotkeys/ID_SHOOT_ARTILLERY;Call for artillery strike
hotkeys/ID_TRIM;Trim aircraft
hotkeys/ID_HELICOPTER_TRIM;Trim helicopter
hotkeys/ID_TRIM_SAVE;Trimmers fixation
hotkeys/ID_HELICOPTER_TRIM_SAVE;Trim save
hotkeys/ID_FLAPS;Toggle Flaps
hotkeys/ID_FLAPS_DOWN;Flaps Down
hotkeys/ID_FLAPS_UP;Flaps Up
hotkeys/ID_FLAPS_HELICOPTER;Toggle Flaps
hotkeys/ID_FLAPS_DOWN_HELICOPTER;Flaps Down
hotkeys/ID_FLAPS_UP_HELICOPTER;Flaps Up
hotkeys/ID_TOGGLE_VIEW;Toggle View
hotkeys/ID_TOGGLE_VIEW_GM;Sniper mode
hotkeys/ID_ENABLE_GUN_STABILIZER_GM;Stabilizer mode
hotkeys/ID_TOGGLE_VIEW_SHIP;Aim mode
hotkeys/ID_TOGGLE_GM_CROSSHAIR_LIGHTING;Crosshair lighting
hotkeys/ID_RELOAD_USER_SIGHT_GM;Reload custom sight
hotkeys/ID_GEAR;Toggle Gear
hotkeys/ID_TACTICAL_MAP;Tactical Map
hotkeys/ID_ZOOM;Zoom Camera
hotkeys/ID_ZOOM_TOGGLE;Zoom Camera
hotkeys/ID_ZOOM_HARDCORE;Zoom Camera (Simulator)
hotkeys/ID_TARGET_CAMERA;Tracking Camera: Enemy
hotkeys/ID_AIM_CAMERA;Aim mode
hotkeys/ID_CAMERA_FOLLOW_OBJECT;Tracking Camera: Bomb/Torpedo
hotkeys/ID_CONTINUE;Continue
hotkeys/ID_CONTINUE_SETUP;Continue
hotkeys/ID_SKIP_CUTSCENE;Skip Cutscene
hotkeys/ID_CONTROL_CAMERA_SHIFT;View Camera
hotkeys/ID_HATVIEW_UP;Up view
hotkeys/ID_HATVIEW_DOWN;Rear View
hotkeys/ID_HATVIEW_LEFT;Left View
hotkeys/ID_HATVIEW_RIGHT;Right View
hotkeys/ID_CAMERA_NEUTRAL;Mouse look activation
hotkeys/ID_CAMERA_VIEW_DOWN;Look down
hotkeys/ID_CAMERA_VIEW_BACK;Look back
hotkeys/ID_SCREENSHOT;Screenshot
hotkeys/ID_SCREENSHOT_WO_HUD;Screenshot without interface
hotkeys/ID_TOGGLE_CHAT;General chat
hotkeys/ID_TOGGLE_CHAT_TEAM;Chat
hotkeys/ID_TOGGLE_CHAT_PARTY;Team chat
hotkeys/ID_TOGGLE_CHAT_SQUAD;Squad chat
hotkeys/ID_TOGGLE_CHAT_MODE;Switch chat mode
hotkeys/ID_MIXTURE_INCREASE;Enrich Mixture
hotkeys/ID_MIXTURE_DECREASE;Deplete Mixture
hotkeys/ID_RADIATOR_INCREASE;Open Cowl
hotkeys/ID_RADIATOR_DECREASE;Close Cowl
hotkeys/ID_PROP_PITCH_INCREASE;Increase Prop. Pitch
hotkeys/ID_PROP_PITCH_DECREASE;Decrease Prop. Pitch
hotkeys/ID_COMPLEX_ENGINE;Engine controls mode
hotkeys/ID_TOGGLE_ENGINE;Toggle Engine
hotkeys/ID_TOGGLE_ENGINE_HELICOPTER;Toggle Engine
hotkeys/ID_CENTER_MOUSE_JOYSTICK;Center Mouse Joystick
hotkeys/ID_HELICOPTER_CENTER_MOUSE_JOYSTICK;Centre Mouse Joystick
hotkeys/ID_FIRE_MGUNS;Small-calibre guns
hotkeys/ID_RELOAD_GUNS;Reload guns
hotkeys/ID_FIRE_CANNONS;Large-calibre guns
hotkeys/ID_FIRE_ADDITIONAL_GUNS;Additional guns
hotkeys/ID_CAMERA_TPS;External View
hotkeys/ID_CAMERA_FPS;Cockpit view
hotkeys/ID_CAMERA_VIRTUAL_FPS;Virtual Cockpit
hotkeys/ID_CAMERA_DEFAULT;Default view
hotkeys/ID_TRIM_AILERONS_PLUS;Aileron Trim Right
hotkeys/ID_TRIM_AILERONS_MINUS;Aileron Trim Left
hotkeys/ID_TRIM_AILERONS_NEUTRAL;Aileron Trim Neutral
hotkeys/ID_TRIM_ELEVATOR_PLUS;Elevator Trim Positive
hotkeys/ID_TRIM_ELEVATOR_MINUS;Elevator Trim Negative
hotkeys/ID_TRIM_ELEVATOR_NEUTRAL;Elevator Trim Neutral
hotkeys/ID_TRIM_RUDDER_PLUS;Rudder Trim Right
hotkeys/ID_TRIM_RUDDER_MINUS;Rudder Trim Left
hotkeys/ID_TRIM_RUDDER_NEUTRAL;Rudder Trim Neutral
hotkeys/ID_ENGINE_CONTROL_HEADER;Engine Control
hotkeys/ID_SPECTATOR_CAMERA_ROTATION;Spectator camera rotation
hotkeys/ID_TOGGLE_FORCE_SPECTATOR_CAM_ROT;Free spectator camera rotation
hotkeys/ID_REPLAY_TOGGLE_DETACHED_MOVE_DIR;Toggle fixed camera movement direction
hotkeys/ID_REPLAY_CAMERA_TWO_PLANES;Two aircraft camera
hotkeys/ID_REPLAY_CAMERA_NEXT_PLANE;Two aircraft camera: Next aircraft
hotkeys/ID_REPLAY_CAMERA_HORIZONTAL_LOCK;Horizontal lock
hotkeys/ID_REPLAY_CAMERA_LOCK_SPEED;Lock current speed
hotkeys/ID_REPLAY_CAMERA_LOCK_SPEED_TO_PLANE;Lock current speed to vehicle speed
hotkeys/ID_REPLAY_CAMERA_WIGGLE;Toggle camera wiggle
hotkeys/msg/unbind_question;This button has already been assigned to: {action}
hotkeys/msg/unbind_axis_question;This axis has already been assigned to: {action}
hotkeys/msg/clearAll;Do you really want to delete all control settings?
hotkeys/msg/useWizard;Would you like to customize the controls with Controls Wizard?
hotkeys/msg/press_a_key;Press a button
hotkeys/msg/press_a_key_for_action;Press the button you want to bind to this action:
hotkeys/msg/axis_choosen;Axis selected:
hotkeys/msg/choose_maxValue;Press a button to assign it the maximum value or move the axis to the maximum value and hold it for one second.
hotkeys/msg/choose_minValue_axis;Move the axis to the minimum value and hold it for one second.
hotkeys/msg/choose_minValue_button;Press a button to bind to the axis's minimum value.
hotkeys/msg/choose_maxValue_horizontal;Press a button to assign it the right position or move the axis all the way to the right for one second.
hotkeys/msg/choose_minValue_axis_horizontal;Move the axis all the way to the left for one second.
hotkeys/msg/choose_minValue_button_horizontal;Press a button to bind to the axis's left position.
hotkeys/msg/choose_maxValue_elevator;Press the button to pitch the aircraft nose up (pitching) or pull the controller all the way back and hold it for one second.
hotkeys/msg/choose_minValue_axis_elevator;Push the controller handle all the way forward for one second.
hotkeys/msg/choose_minValue_button_elevator;Press the button to pitch the aircraft nose down (diving).
hotkeys/msg/delete_hotkey;Do you really want to remove the binding?
hotkeys/msg/wizardSaveUnfinished;Save changes?
hotkeys/msg/wizard_done_msg;"Control setup complete.
Axis sensitivity can be set separately on the control settings screen.
You can set up each axis individually on the control settings screen or run the wizard again."
hotkeys/msg/viewControl;Would you like to set up view controls?
hotkeys/msg/relative_camera_axis;Center the view automatically?
hotkeys/msg/use_mouse_for_control;Use the mouse as a control device or just to control the view?
hotkeys/msg/mouseWheelAction;Select an action to assign to the mouse wheel
hotkeys/msg/trackIR;Do you have TrackIR?
hotkeys/msg/choose_preset_or_wizard;Select a configuration from the list or launch the Controls Setup Wizard.
hotkeys/tip/KeepCurrentAssign;Keep the current assignment.
controls/currentAssign;Current Assignment
controls/useMouseControl;Both Control Device and View Controller
controls/useMouseView;Just View Controller
controls/UseMouseNone;Neither
hotkeys/neutral_cam_pos;Re-center the camera.
hotkeys/ID_AILERONS_AXIS;Ailerons (Axis)
hotkeys/ID_ELEVATOR_AXIS;Elevator (Axis)
hotkeys/ID_RUDDER_AXIS;Rudder (Axis)
hotkeys/ID_THROTTLE_AXIS;Throttle (Axis)
controls/axisUnbind;This axis is already assigned. Replace?
hotkeys/ID_WHEEL_BRAKE;Wheel brake
hotkeys/ID_AIR_BRAKE;Toggle Airbrake
hotkeys/ID_CAMERA_GUNNER;Gunner View
hotkeys/ID_CAMERA_BOMBVIEW;Bomber View
hotkeys/ID_CAMERA_OPTICS;Targeting Optics View
hotkeys/ID_CAMERA_SEEKER;Optical Seeker View
hotkeys/ID_PROP_PITCH_AUTO;Toggle Auto Prop Pitch
hotkeys/turbo_charger;R.P.M. control of the turbocharger
controls/turbo_charger;R.P.M. control of the turbocharger
hotkeys/turbo_charger_rangeMin;Turbocharger R.P.M. down
hotkeys/turbo_charger_rangeMax;Turbocharger R.P.M. up
hotkeys/turbo_charger_rangeSet;Reset turbocharger R.P.M. axis
hotkeys/ID_TOGGLE_AUTO_TURBO_CHARGER;Automatic control of the turbocharger
HUD/TXT_TURBO_CHARGER;R.P.M. control of the turbocharger
HUD/TXT_AUTO_TURBO_CHARGER;Automatic control of the turbocharger
HUD/TXT_AUTO_TURBO_CHARGER_ON;Automatic control of the turbocharger: On
HUD/TXT_AUTO_TURBO_CHARGER_OFF;Automatic control of the turbocharger: Off
HUD/TXT_TURBO_CHARGER_CONTROL_IS_NOW_AUTO;MANUAL control of the turbocharger is unavailable as AUTO mode is enabled
hotkeys/ID_RADIATOR_AUTO;Toggle Auto Radiator
hotkeys/ID_SUPERCHARGER;Toggle Supercharger
hotkeys/ID_MPSTATSCREEN;Statistics
hotkeys/ID_REPLAY_TOGGLE_SENSOR_VIEW;Sensor view
hotkeys/ID_REPLAY_SYSTEM_WINDOW;Replay system window
hotkeys/ID_AEROBATICS_SMOKE;Aerobatics smoke
hotkeys/ID_TOGGLE_CONTOURS;Show contours of vehicles
hotkeys/ID_BAILOUT;Leave the vehicle
hotkeys/ID_RESET_TARGET;Reset target
hotkeys/ID_FLIGHT_STICK_CONTROL_HEADER;Axis Modifiers
hotkeys/ID_ZOOM_MORE;Zoom In
hotkeys/ID_ZOOM_LESS;Zoom Out
hotkeys/ID_GAME_PAUSE;Pause
hotkeys/ID_REPLAY_PAUSE;Pause
hotkeys/ID_FLIGHTMENU;Menu
hotkeys/ID_FLIGHTMENU_SETUP;Menu
hotkeys/ID_TRIM_RESET;Reset trimming
hotkeys/ID_HELICOPTER_TRIM_RESET;Reset trimming
hotkeys/ID_PREV_PLANE;Switch to previous vehicle
hotkeys/ID_NEXT_PLANE;Switch to next vehicle
hotkeys/ID_TOGGLE_FOLLOWING_CAMERA;Switch to player's view
hotkeys/ID_PTT_ALL;Push-to-talk (all)
hotkeys/ID_PTT_TEAM;Push-to-talk (team)
hotkeys/ID_PTT;Push-to-talk
hotkeys/ID_MAGNETO_INCREASE;Next magneto position
hotkeys/ID_MAGNETO_DECREASE;Previous magneto position
controls/magneto;Magneto
controls/magneto_0;Magneto: 0
controls/magneto_1;Magneto: 1
controls/magneto_2;Magneto: 2
controls/magneto_3;Magneto: 1+2
controls/magneto_val_0;0
controls/magneto_val_1;1
controls/magneto_val_2;2
controls/magneto_val_3;1+2
hotkeys/ID_TOGGLE_PROP_FEATHERING;Toggle Prop feathering
controls/prop_feathering;Prop feathering
controls/prop_feathering_on;Prop feathering: On
controls/prop_feathering_off;Prop feathering: Off
hotkeys/ID_TOGGLE_EXTINGUISHER;Toggle extinguisher
hotkeys/ID_TOGGLE_EXTINGUISHER_HELICOPTER;Toggle extinguisher
hotkeys/ailerons;Enable roll axis
hotkeys/ailerons_rangeMin;Roll left
hotkeys/ailerons_rangeMax;Roll right
hotkeys/ailerons_rangeDec;Roll left
hotkeys/ailerons_rangeInc;Roll right
hotkeys/ailerons_rangeSet;Reset roll axis
hotkeys/elevator;Enable pitch axis
hotkeys/elevator_rangeMin;Pitch down
hotkeys/elevator_rangeMax;Pitch up
hotkeys/elevator_rangeDec;Pitch down
hotkeys/elevator_rangeInc;Pitch up
hotkeys/elevator_rangeSet;Reset pitch axis
hotkeys/rudder;Enable yaw axis
hotkeys/rudder_rangeMin;Yaw left
hotkeys/rudder_rangeMax;Yaw right
hotkeys/rudder_rangeDec;Yaw left
hotkeys/rudder_rangeInc;Yaw right
hotkeys/rudder_rangeSet;Reset yaw axis
hotkeys/throttle;Enable throttle axis
hotkeys/throttle_rangeMin;Throttle down
hotkeys/throttle_rangeMax;Throttle up
hotkeys/throttle_rangeDec;Throttle down
hotkeys/throttle_rangeInc;Throttle up
hotkeys/throttle_rangeSet;Reset throttle axis
hotkeys/gm_throttle_rangeMin;Tank throttle down
hotkeys/gm_throttle_rangeMax;Tank throttle up
hotkeys/gm_throttle_rangeSet;Reset ground vehicle throttle axis
hotkeys/camx;Enable camera X-axis
hotkeys/camx_rangeMin;Look left
hotkeys/camx_rangeMax;Look right
hotkeys/camx_rangeDec;Look left
hotkeys/camx_rangeInc;Look right
hotkeys/camx_rangeSet;Reset camera X-axis
hotkeys/gm_camx;Enable ground vehicle camera X-axis
hotkeys/gm_camx_rangeMin;Look left
hotkeys/gm_camx_rangeMax;Look right
hotkeys/gm_camx_rangeSet;Reset ground vehicle camera X-axis
hotkeys/camy;Enable camera Y-axis
hotkeys/camy_rangeMin;Look down
hotkeys/camy_rangeMax;Look up
hotkeys/camy_rangeDec;Look down
hotkeys/camy_rangeInc;Look up
hotkeys/camy_rangeSet;Reset camera Y-axis
hotkeys/gm_camy;Enable ground vehicle camera Y-axis
hotkeys/gm_camy_rangeMin;Look down
hotkeys/gm_camy_rangeMax;Look up
hotkeys/gm_camy_rangeSet;Reset ground vehicle camera Y-axis
hotkeys/turret_x;Enable turret X-axis
hotkeys/turret_x_rangeMin;Turn turret left
hotkeys/turret_x_rangeMax;Turn turret right
hotkeys/turret_x_rangeDec;Turn turret left
hotkeys/turret_x_rangeInc;Turn turret right
hotkeys/turret_x_rangeSet;Reset turret X-axis
hotkeys/turret_y;Enable turret Y-axis
hotkeys/turret_y_rangeMin;Turn turret down
hotkeys/turret_y_rangeMax;Turn turret up
hotkeys/turret_y_rangeDec;Turn turret down
hotkeys/turret_y_rangeInc;Turn turret up
hotkeys/turret_y_rangeSet;Reset turret Y-axis
hotkeys/zoom;Enable zoom axis
hotkeys/zoom_rangeMin;Zoom off
hotkeys/zoom_rangeMax;Zoom on
hotkeys/zoom_rangeDec;Zoom off
hotkeys/zoom_rangeInc;Zoom on
hotkeys/zoom_rangeSet;Reset zoom axis
hotkeys/gm_zoom;Enable ground vehicle zoom axis
hotkeys/gm_zoom_rangeMin;Zoom off
hotkeys/gm_zoom_rangeMax;Zoom on
hotkeys/gm_zoom_rangeSet;Reset ground vehicle zoom axis
hotkeys/ship_zoom;Enable naval zoom axis
hotkeys/ship_zoom_rangeMin;Zoom off
hotkeys/ship_zoom_rangeMax;Zoom on
hotkeys/ship_zoom_rangeSet;Reset naval zoom axis
hotkeys/fire;Enable cannon axis
hotkeys/fire_rangeMin;Cannon off
hotkeys/fire_rangeMax;Cannon on
hotkeys/fire_rangeDec;Cannon off
hotkeys/fire_rangeInc;Cannon on
hotkeys/fire_rangeSet;Reset cannon axis
hotkeys/ID_FIRE_CONTROL_HEADER;Fire controls
hotkeys/ID_VIEW_CONTROL_HEADER;View controls
hotkeys/ID_MENU_CONTROL_HEADER;Interface controls
hotkeys/enable;Enable axis
hotkeys/rangeMin;Minimum value
hotkeys/rangeMax;Maximum value
hotkeys/climb_rangeMin;Minimum hover value
hotkeys/climb_rangeMax;Maximum hover value
hotkeys/climb_rangeSet;Reset hover value
hotkeys/rangeInc;Increase value
hotkeys/rangeDec;Decrease value
hotkeys/rangeSet;Reset axis value
hotkeys/ID_REPLAY_CAMERA_RANDOMIZE;Random camera position
hotkeys/ID_REPLAY_CAMERA_GUN;Gun view
hotkeys/ID_REPLAY_CAMERA_WING;Wing view
hotkeys/ID_REPLAY_CAMERA_FLYBY;Fly by view
hotkeys/ID_REPLAY_CAMERA_OPERATOR;Operator view
hotkeys/ID_REPLAY_CAMERA_ZOOM_IN;Zoom in
hotkeys/ID_REPLAY_CAMERA_ZOOM_OUT;Zoom out
hotkeys/ID_REPLAY_SLOWER;Replay slow down
hotkeys/ID_REPLAY_FASTER;Replay speed up
hotkeys/ID_REPLAY_AVI_WRITER;Replay video
hotkeys/ID_REPLAY_SHOW_MARKERS;Show markers in replay
hotkeys/ID_SPECTATOR_SHOW_CURSOR;Show cursor in spectator
mainmenu/btnReplayCameraFree;F
mainmenu/btnReplayCameraFreeParented;C
mainmenu/btnReplayCameraFreeAttached;A
mainmenu/btnReplayCameraRandom;R
mainmenu/btnReplayCameraHover;H
hotkeys/ID_TOGGLE_INSTRUCTOR;Toggle control mode
controls/use_joystick_mouse_for_voice_message;Use gamepad for radio messages
controls/use_mouse_for_voice_message;Use mouse for radio messages
controls/favorite_voice_message_1;Favorite radio message 1
controls/favorite_voice_message_2;Favorite radio message 2
controls/favorite_voice_message_3;Favorite radio message 3
controls/favorite_voice_message_4;Favorite radio message 4
controls/favorite_voice_message_5;Favorite radio message 5
controls/favorite_voice_message_6;Favorite radio message 6
controls/favorite_voice_message_7;Favorite radio message 7
controls/favorite_voice_message_8;Favorite radio message 8
controls/favorite_voice_message_9;Favorite radio message 9
controls/favorite_voice_message_10;Favorite radio message 10
controls/favorite_voice_message_11;Favorite radio message 11
controls/favorite_voice_message_12;Favorite radio message 12
hotkeys/ID_SHOW_VOICE_MESSAGE_LIST;Radio messages for team
hotkeys/ID_SHOW_VOICE_MESSAGE_LIST_SQUAD;Radio messages for squad
hotkeys/ID_VOICE_MESSAGE_1;Radio message 1
hotkeys/ID_VOICE_MESSAGE_2;Radio message 2
hotkeys/ID_VOICE_MESSAGE_3;Radio message 3
hotkeys/ID_VOICE_MESSAGE_4;Radio message 4
hotkeys/ID_VOICE_MESSAGE_5;Radio message 5
hotkeys/ID_VOICE_MESSAGE_6;Radio message 6
hotkeys/ID_VOICE_MESSAGE_7;Radio message 7
hotkeys/ID_VOICE_MESSAGE_8;Radio message 8
hotkeys/ID_FAST_VOICE_MESSAGE_1;Quick radio message #1
hotkeys/ID_FAST_VOICE_MESSAGE_2;Quick radio message #2
hotkeys/ID_FAST_VOICE_MESSAGE_3;Quick radio message #3
hotkeys/ID_FAST_VOICE_MESSAGE_4;Quick radio message #4
hotkeys/ID_FAST_VOICE_MESSAGE_5;Quick radio message #5
hotkeys/ID_FAST_VOICE_MESSAGE_6;Quick radio message #6
hotkeys/ID_FAST_VOICE_MESSAGE_7;Quick radio message #7
hotkeys/ID_FAST_VOICE_MESSAGE_8;Quick radio message #8
hotkeys/ID_FAST_VOICE_MESSAGE_9;Quick radio message #9
hotkeys/ID_FAST_VOICE_MESSAGE_10;Quick radio message #10
hotkeys/ID_FAST_VOICE_MESSAGE_11;Quick radio message #11
hotkeys/ID_FAST_VOICE_MESSAGE_12;Quick radio message #12
hotkeys/ID_BASIC_CONTROL_HEADER;Basic
hotkeys/ID_FULL_AERODYNAMICS_HEADER;Full Aerodynamics
hotkeys/ID_MISC_CONTROL_HEADER;Miscellaneous
hotkeys/ID_PLANE_CONTROL_HEADER;Aircraft
hotkeys/ID_PLANE_MODE_HEADER;Controls mode
hotkeys/ID_PLANE_FIRE_HEADER;Weaponry
hotkeys/ID_PLANE_AXES_HEADER;Movement
hotkeys/ID_PLANE_MECHANIZATION_HEADER;Mechanization
hotkeys/ID_PLANE_GUNNERS_HEADER;Gunners
hotkeys/ID_PLANE_VIEW_HEADER;Camera control
hotkeys/ID_PLANE_OTHER_HEADER;Miscellaneous
hotkeys/ID_INSTRUCTOR_HEADER;Instructor
hotkeys/ID_PLANE_MOUSE_AIM_HEADER;Aiming
hotkeys/ID_PLANE_JOYSTICK_HEADER;Mouse-joystick
hotkeys/ID_PLANE_SMOKE_SCREEN_GENERATOR;Hydroplane smoke screen activation
hotkeys/ID_HELICOPTER_JOYSTICK_HEADER;Mouse-joystick
hotkeys/ID_TRIM_CONTROL_HEADER;Trimming
hotkeys/ID_HELICOPTER_TRIM_CONTROL_HEADER;Trimming
hotkeys/ID_MANUAL_ENGINE_CONTROL_HEADER;Manual engine control
hotkeys/ID_PLANE_OPERATIONS_HEADER;Quick settings
hotkeys/ID_TANK_CONTROL_HEADER;Ground vehicles
hotkeys/ID_TANK_MOVE_HEADER;Movement
hotkeys/ID_TANK_FIRE_HEADER;Weaponry
hotkeys/ID_TANK_VIEW_HEADER;Camera control
hotkeys/ID_TANK_SUSPENSION_HEADER;Suspension control
hotkeys/ID_TANK_OTHER_HEADER;Miscellaneous
hotkeys/ID_TANK_OPERATIONS_HEADER;Quick settings
hotkeys/ID_SHIP_CONTROL_HEADER;Naval
hotkeys/ID_SHIP_MOVE_HEADER;Movement
hotkeys/ID_SHIP_FIRE_HEADER;Weaponry
hotkeys/ID_SHIP_VIEW_HEADER;Camera control
hotkeys/ID_SHIP_OTHER_HEADER;Miscellaneous
hotkeys/ID_SHIP_OPERATIONS_HEADER;Quick settings
hotkeys/ID_COMMON_CONTROL_HEADER;Common
hotkeys/ID_COMMON_BASIC_HEADER;Basic
hotkeys/ID_COMMON_ARTILLERY_HEADER;Artillery strike on tactical map
hotkeys/ID_COMMON_INTERFACE_HEADER;Interface
hotkeys/ID_COMMON_VOICE_HEADER;Voice messages
hotkeys/ID_COMMON_TRACKER_HEADER;Tracker controls
hotkeys/ID_COMMON_OPERATIONS_HEADER;Quick settings
hotkeys/ID_REPLAY_CONTROL_HEADER;Spectator Camera
hotkeys/ID_TRACKER_RESET_POSITION;Reset tracking position
hotkeys/ID_HELP;Help
controls/assignedfastVoiceMessagesList;Fast radio messages
controls/assignedfastVoiceMessagesList/empty;Radio message controls not mapped
controls/warningUnmapped/keyboard;"Attention! The following important controls are not mapped correctly or not mapped to the keyboard or to the mouse:
%s
You will not be able to play the game as intended."
msgbox/btn_resetToDefaults;Reset to Defaults
msgbox/btn_backToControls;Back to Settings
msgbox/btn_stillContinue;Continue Anyway
msgbox/btn_setInstructor;Set simplified controls
msg/mouseAimDefaults;Would you like to use the default aiming settings for the mouse?
msg/noJoystickWarningNoColor;This mode does not support joysticks.
msg/noJoystickWarning;<color=@warningTextColor>This mode does not support joysticks.</color>
msg/zoomAssignmentsConflict;"The zoom axis has already been set to %s.
The game supports only one type of zoom axis control."
msg/replaceMouseViewToScroll;"The view axis has already been set to the Y mouse axis.
The game supports only one mouse axis bound to the view axis.
Replace the control mode with Mouse aim and set the Y-axis view to the mouse wheel?"
msg/replaceMouseViewToScrollNoAim;"The view axis for simulator mode has already been set to the Y mouse axis.
The game supports only one mouse axis bound to the view axis.
Replace the control mode with Mouse aim and Mouse joystick in SB and set the Y-axis view to the mouse wheel?"
msg/bombview_camera_disabled;Bombview camera disabled
hotkeys/ID_HIDE_HUD;Hide HUD
joystick/setup_axis_msg;Choose joystick axis
joystick/currentAxis;Axis
joystick/invert_axis;Invert Axis
joystick/axis_not_assigned;Not Assigned
joystick/no_available_joystick;No available devices
joystick/logicalAxis;Logical axis
joystick/physicalAxis;Physical axis
hotkeys/shortcut_not_assigned;Key not assigned
hotkeys/ID_SEPARATE_ENGINE_CONTROL_HEADER;Separate engine control
hotkeys/ID_TOGGLE_1_ENGINE_CONTROL;First engine controls
hotkeys/ID_TOGGLE_2_ENGINE_CONTROL;Second engine controls
hotkeys/ID_TOGGLE_3_ENGINE_CONTROL;Third engine controls
hotkeys/ID_TOGGLE_4_ENGINE_CONTROL;Fourth engine controls
hotkeys/ID_TOGGLE_5_ENGINE_CONTROL;Fifth engine controls
hotkeys/ID_TOGGLE_6_ENGINE_CONTROL;Sixth engine controls
hotkeys/ID_ENABLE_ALL_ENGINE_CONTROL;Controls for all engines
controls/help/throttle_hud;"Throttle
Aircraft Speed
Altitude"
controls/help/throttle_and_speed;Increasing the throttle will increase the aircraft's speed
controls/help/wep;WEP allows you to significantly increase the aircraft's speed for a short time
controls/help/crosshairs;Your crosshair shows where your bullets will hit
controls/help/target_leading;The crosshair's leading indicator shows where you need to shoot to hit your target
controls/help/ammo_count;Number of Bombs
controls/help/reload_timer;Reload Time
controls/help/bomb_crosshairs;Bomb sight. Bombs will drop in the middle of the crosshair
controls/help/diving;Steep dive angles reduce the spread of the bombs
controls/help/targets_counter;Enemy vehicles counter
controls/help/throttle_0;Decrease the throttle
controls/help/throttle_1;"Increase the throttle
Hold the throttle button to activate the WEP"
controls/help/throttle_help_wep;Hold the throttle button to activate the WEP
controls/help/throttle_help_engine;Increase the throttle
controls/help/ID_LOCK_TARGET_0;Lock on the enemy plane to see a leading marker for enemy aircraft
controls/help/ID_BOMBS_0;Drop bombs
controls/help/ID_ZOOM_TOGGLE_0;Zoom in to get a better view of your target
controls/help/ID_FIRE_MGUNS_0;Open fire once your crosshair lines up with the leading marker
controls/help/ID_FIRE_GM_0;Open fire once your crosshair lines up with the leading marker
controls/help/simpleControls;Simple controls
controls/help/aircraft_simpleControls;Controls for aircraft
controls/help/tank_simpleControls;Controls for tank
controls/help/advancedControls;Advanced controls
controls/help/air_advancedControls;Advanced controls for aircraft
controls/help/ground_advancedControls;Advanced controls for ground vehicles
controls/help/joystickAircraft;Controller (aircraft)
controls/help/joystickTank;Controller (tank)
controls/help/joystickShip;Controller (naval)
controls/help/keyboardAircraft;Keyboard (aircraft)
controls/help/keyboardTank;Keyboard (tank)
controls/help/dualshock4_title;DUALSHOCK®4 WIRELESS CONTROLLER CONFIGURATION
controls/help/dualsense_title;WIRELESS CONTROLLER CONFIGURATION
controls/help/dualshock4;DUALSHOCK®4 WIRELESS CONTROLLER
controls/help/dualsense;WIRELESS CONTROLLER
controls/help/xbox_title;XBOX360 CONTROLLER CONFIGURATION
controls/help/xinput;XBOX360 CONTROLLER
controls/help/xbox_one_title;Xbox One Controller Configuration
controls/help/xboxone;Xbox One Controller
controls/help/dualshock4_lightbar;Light Bar
controls/help/dualshock4_btn_share;SHARE
controls/help/press;Press
controls/help/camx;Camera control
controls/help/mouse_aim_x;X-axis
controls/help/mouse_aim_y;Y-axis
controls/help/tank_ammo_switch;Ammunition type switch
controls/help/tank_throttle_hud;"Transmission
Engine rotation rate
Speed of ground vehicle"
controls/help/tank_forward;Driving forward
controls/help/tank_backward;Braking, driving backward
controls/help/tank_left;Turn to the left
controls/help/tank_right;Turn to the right
controls/help/tank_repair;Repair of ground vehicle
controls/help/tank_switching_ammo;Switching ammunition types
controls/help/tank_call_artillery_strike;Call artillery strike
controls/help/tank_fire_extinguisher;Use fire extinguishers to put out the fire
controls/help/tank_main_title;GROUND VEHICLES MAJOR COMPONENTS LAYOUT
controls/help/tank_title;layout varies for different ground vehicles
controls/help/tank_place_loader;Loader's station
controls/help/tank_place_shooter_radioman;Radio Operator/Gunner's station
controls/help/tank_place_mechanics;Driver's station
controls/help/tank_place_commander;Commander's station
controls/help/tank_place_gunner;Gunner's station
controls/help/tank_stowage_area;Stowage area
controls/help/tank_diesel_engine;Engine
controls/help/tank_transmission;Transmission
controls/help/tank_traversing;Running Gear
controls/help/tank_drive_turret;Gun aiming drive
controls/help/tank_main_gun;Main Gun Barrel
controls/help/tank_sight;"The sight shows where the gun barrel is pointed.
The cross indicates where the shell will strike."
controls/help/tank_sniper_mode;Sniper mode
controls/help/tank_zoom_in;zoom in
controls/help/ID_TARGETING_HOLD_GM;Hold this button so that your ground vehicle's crosshair automatically zooms and follows the dedicated target.
controls/help/tank_yellow_cross;<color=@yellow>Yellow</color> — low penetration probability
controls/help/tank_red_cross;<color=@red>Red</color> — no penetration
controls/help/tank_cursor_control;Tank turret automatically rotates to follow the cursor
controls/help/tank_mouse_look;Look around without moving the turret
controls/help/aircraft_mouse_look;Look around
controls/help/tank_team_voice_messages;Short voice messages for your team
controls/help/tank_green_cross;"The color of the cross shows how easy it would be to penetrate the armor.

<color=@goodTextColor>Green</color> — easy to penetrate."
controls/help/tank_shooting_main_gun;Shooting from the main gun of the ground vehicle
controls/help/tank_crew_condition;Crew condition
controls/help/tank_modules_condition;Modules condition
controls/help/tank_machine_gun_ammo;Machine gun ammunition
controls/help/tank_hud_gear;Gear
controls/help/tank_hud_rpm;Engine rotation rate
controls/help/tank_hud_speed;Speed of ground vehicle
controls/help/tank_xray;By activating the tank's X-ray vision, you will be able to see all critical modules
controls/help/ID_REPAIR_TANK_0;Ground vehicle repair
controls/help/ID_TARGET_CAMERA_0;Zoom Camera
controls/help/ID_ZOOM_HOLD_GM_0;Zoom Camera
controls/help/ID_TOGGLE_VIEW_GM_0;Sniper mode
controls/help/ID_ACTION_BAR_ITEM_1_0;Select the first type of shells
controls/help/ID_ACTION_BAR_ITEM_2_0;Select the second type of shells
controls/help/ID_ACTION_BAR_ITEM_3_0;Select the third type of shells
controls/help/ID_ACTION_BAR_ITEM_4_0;Select the fourth type of shells
controls/help/ID_ACTION_BAR_ITEM_5_0;Artillery strike
controls/help/ID_ACTION_BAR_ITEM_6_0;Fire extinguisher
controls/help/ID_CAMERA_NEUTRAL_0;Press and hold to look around
controls/help/ID_SHOW_VOICE_MESSAGE_LIST_0;Send a short message to your team
controls/gm_throttle;Ground vehicle throttle
hotkeys/gm_throttle;Ground vehicle throttle
controls/gm_steering;Ground vehicle steering
hotkeys/gm_steering;Ground vehicle steering
hotkeys/gm_steering_rangeMin;Ground vehicle steering left
hotkeys/gm_steering_rangeMax;Ground vehicle steering right
hotkeys/gm_steering_rangeSet;Reset ground vehicle steering axis
controls/gm_brake_left;Ground vehicle left brake
hotkeys/gm_brake_left;Enable ground vehicle left brake axis
hotkeys/gm_brake_left_rangeMin;Minimum ground vehicle left brake axis
hotkeys/gm_brake_left_rangeMax;Maximum ground vehicle left brake axis
hotkeys/gm_brake_left_rangeDec;Decrease ground vehicle left brake axis
hotkeys/gm_brake_left_rangeInc;Increase ground vehicle left brake axis
hotkeys/gm_brake_left_rangeSet;Reset ground vehicle left brake axis
controls/gm_brake_right;Ground vehicle right brake
hotkeys/gm_brake_right;Enable ground vehicle right brake axis
hotkeys/gm_brake_right_rangeMin;Minimum ground vehicle right brake axis
hotkeys/gm_brake_right_rangeMax;Maximum ground vehicle right brake axis
hotkeys/gm_brake_right_rangeDec;Decrease ground vehicle right brake axis
hotkeys/gm_brake_right_rangeInc;Increase ground vehicle right brake axis
hotkeys/gm_brake_right_rangeSet;Reset ground vehicle right brake axis
controls/gm_clutch;Ground vehicle clutch
hotkeys/gm_clutch;Ground vehicle clutch
hotkeys/gm_clutch_rangeMin;Reduce transmission
hotkeys/gm_clutch_rangeMax;Increase transmission
controls/gm_sight_distance;Sight distance control
hotkeys/gm_sight_distance;Sight distance control
hotkeys/gm_sight_distance_rangeMin;Sight distance: minimum
hotkeys/gm_sight_distance_rangeMax;Sight distance: maximum
hotkeys/gm_sight_distance_rangeSet;Sight distance: reset axis
hotkeys/ID_FIRE_GM;Fire from the main calibre gun
hotkeys/ID_FIRE_GM_SECONDARY_GUN;Fire from secondary guns
hotkeys/ID_FIRE_GM_MACHINE_GUN;Fire from machine guns
hotkeys/ID_FIRE_GM_SPECIAL_GUN;Fire from special guns
hotkeys/ID_TRANS_GEAR_UP;Ground vehicle transmission gear / cruise control: up
hotkeys/ID_TRANS_GEAR_DOWN;Ground vehicle transmission gear / cruise control: down
hotkeys/ID_TRANS_GEAR_NEUTRAL;Ground vehicle transmission gear: neutral
hotkeys/ID_REPAIR_TRACKS;Repair of tracks
hotkeys/ID_REPAIR_TANK;Ground vehicle repair
hotkeys/ID_TARGETING_HOLD_GM;Target tracking (ground vehicle)
hotkeys/ID_LOCK_TARGET_GM;Target tracking (ground vehicle)
controls/gm_target_camera;Tracking/aiming axis
hotkeys/gm_target_camera;Enable tracking/aiming axis
hotkeys/ID_TARGETING_HOLD_SHIP;Target tracking (naval)
hotkeys/ID_SHORT_STOP;Short stop (ground vehicle)
hotkeys/ID_SHOW_MOUSE_CURSOR;Show mouse cursor
hotkeys/ID_ACTION_BAR_ITEM_1;Select the first type of shells
hotkeys/ID_ACTION_BAR_ITEM_2;Select the second type of shells
hotkeys/ID_ACTION_BAR_ITEM_3;Select the third type of shells
hotkeys/ID_ACTION_BAR_ITEM_4;Select the fourth type of shells
hotkeys/ID_ACTION_BAR_ITEM_5;Artillery strike
hotkeys/ID_ACTION_BAR_ITEM_6;Fire extinguisher
hotkeys/ID_ACTION_BAR_ITEM_7;Air battles: aircraft #1
hotkeys/ID_ACTION_BAR_ITEM_8;Air battles: aircraft #2
hotkeys/ID_ACTION_BAR_ITEM_9;Air battles: aircraft #3
hotkeys/ID_ACTION_BAR_ITEM_10;Towing cable
hotkeys/ID_ACTION_BAR_ITEM_11;Action 11
hotkeys/ID_ACTION_BAR_ITEM_12;Crew Replenishment
hotkeys/ID_IGNITE_BOOSTERS;Ignite boosters
hotkeys/ID_SELECT_GM_GUN_RESET;Reset weapon selection
hotkeys/ID_SELECT_GM_GUN_PRIMARY;Select primary weapon
hotkeys/ID_SELECT_GM_GUN_SECONDARY;Select secondary weapon
hotkeys/ID_SELECT_GM_GUN_SPECIAL;Select special weapon or ATGM
hotkeys/ID_SELECT_GM_GUN_MACHINEGUN;Select machine gun
hotkeys/ID_SMOKE_SCREEN;Smoke grenades
hotkeys/ID_SHIP_SMOKE_GRENADE;Smoke grenades
hotkeys/ID_SMOKE_SCREEN_GENERATOR;Smoke screening
hotkeys/ID_SHIP_SMOKE_SCREEN_GENERATOR;Smoke screening
hotkeys/ID_SUSPENSION_PITCH_UP;Incline backwards
hotkeys/ID_SUSPENSION_PITCH_DOWN;Incline forward
hotkeys/ID_SUSPENSION_ROLL_UP;Incline right
hotkeys/ID_SUSPENSION_ROLL_DOWN;Incline left
hotkeys/ID_SUSPENSION_CLEARANCE_UP;Decrease clearance
hotkeys/ID_SUSPENSION_CLEARANCE_DOWN;Increase clearance
hotkeys/ID_SUSPENSION_RESET;Centre suspension
hotkeys/ID_SHOW_HERO_MODULES;X-ray (show vehicle modules)
hotkeys/ID_KILLSTREAK_WHEEL_MENU;Event selection menu
hotkeys/ID_SHIP_KILLSTREAK_WHEEL_MENU;Event selection menu
hotkeys/ID_CHANGE_ARTILLERY_TARGETING_MODE;Toggle artillery aiming modes
hotkeys/ID_ARTILLERY_CANCEL;Cancel artillery aiming
hotkeys/ID_COCKPIT_HEADER;Cockpit
hotkeys/ID_TOGGLE_COCKPIT_DOOR;Open cockpit
hotkeys/ID_TOGGLE_COCKPIT_LIGHTS;Cockpit lighting
hotkeys/ID_CAMERA_DRIVER;Driver camera
hotkeys/ID_CAMERA_BINOCULARS;Binoculars
hotkeys/ID_ZOOM_HOLD_GM;Zoom Camera
hotkeys/ID_TANK_POWERTRAIN_HEADER;Mobility
hotkeys/ID_ENABLE_GM_DIRECTION_DRIVING;Driver assistance mode
hotkeys/ID_ENABLE_GM_HULL_AIMING;Hull aiming mode
hotkeys/ID_TOGGLE_TRANSMISSION_MODE_GM;Transmission mode
hotkeys/ID_RANGEFINDER;Rangefinder
hotkeys/ID_TOGGLE_GUNNERS;Toggle gunners
hotkeys/ID_SCOUT;Active scouting
hotkeys/ID_SHORT_BRAKE;Short brake
controls/holdThrottleForFlankSpeed;Hold ahead for Flank speed
hotkeys/msg/holdThrottleForFlankSpeed;Hold ahead for Flank speed?
controls/ship_main_engine;Main engine
hotkeys/ship_main_engine;Main engine
hotkeys/ship_main_engine_rangeSet;Stop main engine
hotkeys/ship_main_engine_rangeMin;Reverse main engine
hotkeys/ship_main_engine_rangeMax;Ahead main engine
hotkeys/ship_main_engine_rangeDec;Reverse main engine
hotkeys/ship_main_engine_rangeInc;Ahead main engine
controls/ship_port_engine;Port side engine
hotkeys/ship_port_engine;Port side engine
hotkeys/ship_port_engine_rangeSet;Stop port engine
hotkeys/ship_port_engine_rangeMin;Reverse port engine
hotkeys/ship_port_engine_rangeMax;Ahead port engine
hotkeys/ship_port_engine_rangeDec;Reverse port engine
hotkeys/ship_port_engine_rangeInc;Ahead port engine
controls/ship_star_engine;Starboard engine
hotkeys/ship_star_engine;Starboard engine
hotkeys/ship_star_engine_rangeSet;Stop starboard engine
hotkeys/ship_star_engine_rangeMin;Reverse starboard engine
hotkeys/ship_star_engine_rangeMax;Ahead starboard engine
hotkeys/ship_star_engine_rangeDec;Reverse starboard engine
hotkeys/ship_star_engine_rangeInc;Ahead starboard engine
controls/ship_steering;Naval vessel steering
hotkeys/ship_steering;Naval vessel steering
hotkeys/ship_steering_rangeSet;Rudder amidships
hotkeys/ship_steering_rangeMin;Left rudder
hotkeys/ship_steering_rangeMax;Right rudder
hotkeys/ship_steering_rangeDec;Left rudder
hotkeys/ship_steering_rangeInc;Right rudder
PROP_CONTROL_IS_NOW_AUTO;MANUAL Propeller Pitch control is unavailable as AUTO mode is enabled
RADIATOR_CONTROL_IS_NOW_AUTO;MANUAL Radiator control is unavailable as AUTO mode is enabled
OIL_RADIATOR_CONTROL_IS_NOW_AUTO;MANUAL Oil Radiator control is unavailable as AUTO mode is enabled
AUTO_RADIATOR;Auto Radiator
AUTO_RADIATOR_ON;Auto Radiator: Enabled
AUTO_RADIATOR_OFF;Auto Radiator: Disabled
AUTO_OIL_RADIATOR;Auto Oil Radiator
AUTO_OIL_RADIATOR_ON;Auto Oil Radiator: Enabled
AUTO_OIL_RADIATOR_OFF;Auto Oil Radiator: Disabled
HUD_DANGEROUS_OVERLOAD;EXTREME OVERLOAD
TXT_HIGH_ENGINE_RPM;HIGH MAX ENGINE RPM
TXT_LOW_MAIN_ROTOR_RPM;LOW MAIN ROTOR RPM, REDUCE COL
TXT_FLY_BY_WIRE_MODE;Stability augmentation system mode:
FLY_BY_WIRE_MODE_0;manual control
FLY_BY_WIRE_MODE_1;damping
FLY_BY_WIRE_MODE_2;automatic leveling
FLY_BY_WIRE_MODE_3;hovering
FLY_BY_WIRE_MODE_0_sa_313b;manual control
FLY_BY_WIRE_MODE_1_sa_313b;co-pilot: hovering
FLY_BY_WIRE_MODE_0_sa_313b_france;manual control
FLY_BY_WIRE_MODE_1_sa_313b_france;co-pilot: hovering
FLY_BY_WIRE_MODE_0_uh_1b;manual control
FLY_BY_WIRE_MODE_1_uh_1b;co-pilot: hovering
FLY_BY_WIRE_MODE_0_uh_1b_japan;manual control
FLY_BY_WIRE_MODE_1_uh_1b_japan;co-pilot: hovering
FLY_BY_WIRE_MODE_0_uh_1c;manual control
FLY_BY_WIRE_MODE_1_uh_1c;co-pilot: hovering
FLY_BY_WIRE_MODE_0_uh_1d;manual control
FLY_BY_WIRE_MODE_1_uh_1d;co-pilot: hovering
FLY_BY_WIRE_MODE_0_uh_1c_xm_30;manual control
FLY_BY_WIRE_MODE_1_uh_1c_xm_30;co-pilot: hovering
FLY_BY_WIRE_MODE_0_hkp2;manual control
FLY_BY_WIRE_MODE_1_hkp2;co-pilot: hovering
FLY_BY_WIRE_MODE_0_hkp3c;manual control
FLY_BY_WIRE_MODE_1_hkp3c;co-pilot: hovering
FLY_BY_WIRE_MODE_0_ab_205a_1;manual control
FLY_BY_WIRE_MODE_1_ab_205a_1;co-pilot: hovering
controls/no_guns_and_cannons_helicopter;NO ABILITY TO FIRE
TXT_GEAR_IS_SNAPPED_OFF;Gear damaged
TXT_FLAPS_ARE_SNAPPED_OFF;Flaps inoperative
hints/flaps_assymetry;Asymmetric flap extension
hints/bomb_manual;Manual bomb control
hints/missile_manual;Manual missile control
TXT_AIRBRAKE_BLOCKS_FLAPS;Flaps are unavailable while the airbrake is extended
controls/flapsBlockAirbrake;Airbrake is unavailable while the flaps are extended
TXT_PAYLOAD_BLOCKS_FLAPS;Payload blocks the flaps
TXT_PAYLOAD_BLOCKS_GEAR;Payload blocks the gear
TXT_PAYLOAD_BLOCKS_CHUTE;Payload blocks the chute
HUD/TXT_PAYLOAD_BLOCKS_VTOL;Payload blocks the thrust vector
controls/payloadBlocksAirbrake;Payload blocks the airbrake
controls/payload_blocks_bay_door;Payload blocks the bay door
TXT_GROUND_BLOCKS_FLAPS;Flaps blocked on the ground
TXT_GROUND_BLOCKS_GEAR;Gear blocked on the ground
TXT_GROUND_BLOCKS_CHUTE;Chute blocked on the ground
HUD/TXT_GROUND_BLOCKS_VTOL;Thrust vector blocked on the ground
controls/groundBlocksAirbrake;Airbrake blocked on the ground
controls/ground_blocks_bay_door;Bay door blocked on the ground
TXT_MECH_BLOCKS_FLAPS;Flaps blocked by other mechanization
TXT_MECH_BLOCKS_GEAR;Gear blocked by other mechanization
TXT_MECH_BLOCKS_CHUTE;Chute blocked by other mechanization
HUD/TXT_MECH_BLOCKS_VTOL;Thrust vector blocked by other mechanization
controls/mechBlocksAirbrake;Airbrake blocked by other mechanization
controls/mech_blocks_bay_door;Bay door blocked by other mechanization
hotkeys/ID_CHANGE_CREW;Toggling between the Driver's and the Gunner's station
hotkeys/ID_REPLAY_TRACK_ADD_KEYFRAME;Add keyframe
hotkeys/ID_REPLAY_TRACK_REMOVE_KEYFRAME;Remove last keyframe
hotkeys/ID_REPLAY_TRACK_PLAY_STOP;Enable/disable flying camera on a path
hotkeys/ID_REPLAY_TRACK_CLEAR_ALL;Remove all keyframes
controls/no_engines_are_selected;No engine selected
controls/help/streaks_how_to_get_it;For destroying enemy vehicles in battles against other players, you receive points, which may be used to fly out in an attacker or a bomber.
controls/help/streaks_how_to_use_it;In order to fly out, use the button assigned for this action (the button is indicated above the aircraft icon). Start will take place after a short countdown, during which other players will be able to join you.
controls/help/streaks_why_is_it_unavailable;Only one bomber or attacker can be in the air at the same time, therefore, flyout in a bomber or attacker may be unavailable even if you have accumulated enough points for it.
controls/help/streaks_you_still_have_a_fighter;However, in this case you can join your ally's flyout in a fighter before the countdown to the start has completed.
controls/help/streaks_you_are_not_alone;"Here you can see how many allies take part in the flyout; the number of participants is limited."
controls/help/streaks_how_the_points_work;The points received for destroying enemy vehicles are spent on each flyout.
controls/help/streaks_time_limit;Flyout time is limited, and the time left is indicated in the bottom left corner of the screen.
controls/help/streaks_what_happens_with_your_tank;When you start or join a flyout, your vehicle stays in the place where you left it and can be destroyed. If the vehicle remains undamaged by the end of the flyout, you will be returned to it.
controls/help/hints/event_can_join_ally;Press to defend an allied plane (%username%), 3 s
controls/help/ship_simpleControls;Controls for Naval
controls/help/keyboardShip;Keyboard (naval)
controls/help/ship/crew_state;Your naval vessel crew state
controls/help/ship/backward;Reverse
controls/help/ship/cursor_control;Pointer sets the direction of fire for gunners
controls/help/ship/firing;Firing
controls/help/ship/guide_splash_marker;In 3rd person view guide your splash marker with this circle
controls/help/ship/aiming;Aiming
controls/help/ship/shells_splash_area;Shell splash area is marked with a green circle marker at the water surface.
controls/help/ship/binocular_sight;Point at the target with the binocular sight and wait untill the green splash marker aims at it. Note that the speed of splash marker depends on your weapon's guidance speed.
controls/help/ship/manual-targeting-short;Manual targeting
controls/help/ship/manual-targeting-primary;Primary caliber
controls/help/ship/manual-targeting-secondary;Auxiliary caliber
controls/help/ship/manual-targeting-anti-aircraft;Anti-aircraft caliber
controls/help/ship/weapon_is_active;The weapon is active in the zone where it is aimed and can fire
controls/help/ship/weapon_is_not_active;The weapon is not active in this zone
controls/help/ship/weapon_is_destroyed;The weapons has been destroyed
controls/help/ship/weapon_reload_time;The weapon reload time shows inside the marker
controls/help/ship/weapon_markers;Weapon markers
controls/help/ship/weapon_markers/white;The weapon is marked with a white marker if it is active in the zone into which it is aimed and can fire.
controls/help/ship/weapon_markers/gray;The weapon is marked with a gray marker if it is not active in this zone.
controls/help/ship/ranging/binoculars;Binoculars help to adjust the firing distance at remote targets
controls/help/ship/ranging/lock_target;"Lock the target and start shooting at it. When the trial shot is completed, you will see the message ""Distance obtained""."
controls/help/ship/ranging/distance_obtained;After obtaining the distance, the gunners will fire at exactly the specified distance.
controls/help/ship/torpedo/trail_colors;Launched torpedoes have markers. Allied torpedo markers are Blue, enemy torpedo markers are Red.
controls/help/ship/torpedo/sight;Torpedo aiming is displayed only for one torpedo tube at a time and allows you to launch only one torpedo corresponding to it.
controls/help/ship/torpedo/projection;The projection of the sight, showing how much you need to turn the boat for a torpedo to hit the target.
controls/help/ship/manual_shooting;You can take manual control of weapons, grouped by calibre:
controls/help/ship/manual_targeting;You can also give instructions to weapons of a particular calibre to attack a selected target. The target is marked with an icon over the selected enemy vehicle.
controls/help/ship/automatic_shooting;You can also give the gunners of auxiliary and anti-aircraft calibres the order to choose their targets automatically.
controls/help/ship_torpedo_control;Тorpedo launch
controls/help/ship_torpedo_trajectory;Released torpedoes go straight
controls/help/ship_torpedo_hint;To hit a moving target, fire torpedoes ahead of the target
controls/help/ship_rocket_control;Missile launch
controls/help/ship_bombs_control;Drop depth charges or mines
controls/help/ship_bombs_info;Depth charges fall where they were thrown and explode on a timer (set on the setup screen)
controls/help/helicopter/movenent_hud_indicators;"Main rotor RPM <color=@badTextColor>(red - can't take off)</color>
Main rotor collective pitch
Hover mode
Helicopter speed"
controls/help/helicopter/ammo_hud_indicators;"Cannon ammo
Secondary cannon ammo
Bomb count
Rocket count
Missile count
Rate of fire"
controls/help/helicopter/fire_controls;Fire from guns and cannons (small-caliber guns, large-caliber guns, additional guns)
controls/help/attitude_indicator;Attitude Indicator
controls/help/altimeter;Altimeter
controls/help/vertical_speed;Vertical Speed
controls/help/cannon_aim_marker;Cannon Aim
controls/help/secondary_cannons_aim_marker;Secondary Cannons Aim
controls/help/missile_aim_marker;Missile Aim
controls/help/gun_and_missiles_aim_marker;Guns and Missiles Aim
controls/help/rocket_aim_marker;Rocket Aim
controls/help/velocity_vector_marker;Velocity Vector
controls/help/movement_direction_control;Movement direction control
controls/help/submarine/depth_current;Current depth
controls/help/submarine/depht_selected;Selected depth
controls/help/submarine/depth_change;Dive indicator
controls/help/submarine/detected_target;Target detected with detection method used.
controls/help/submarine/torpedo_camera;After torpedo launch, the camera view will switch to the torpedo for remote guidance
controls/help/submarine/torpedo_movement_control;Torpedo movement control in remote guidance mode
controls/help/submarine/torpedo_remaining_distance;Distance the torpedo can pass with the current fuel supply
controls/help/submarine/torpedo_control_mode;Torpedo control mode (Remote guidance / Self-homing)
controls/help/submarine/torpedo_sonar_mode;Torpedo sonar mode. Active sonar unmasks the torpedo.
controls/help/submarine/sonar_passive;Displays only the terrain. For targets detected by passive sonar, only the direction is known.
controls/help/submarine/sonar_passive/detected;Direction to the target detected by passive sonar
controls/help/submarine/sonar_passive/zone;Audibility zone in which the submarine can be detected by an enemy.
controls/help/submarine/sonar_active;Detects and displays targets in a large radius. But sonar in active mode unmasks the submarine.
controls/help/submarine/sonar_active/detected;Target detected by active sonar
controls/help/submarine/sonar_active/zone;Zone in which the submarine can be detected by an enemy with active sonar. Also the zone of visibility of active sonar.
controls/help/submarine/acoustic_contermeasures_zone;Acoustic contermeasures zone in which the submarine is invisible to the enemies.
controls/help/submarine/emergency_surfacing;Emergency surfacing allows for a faster ascent but results in loss of control until resurfacing is complete.
controls/help/submarine/launching_torpedos_depth;Launching torpedoes and laying mines are only available at a depth of up to 20m
controls/help/submarine/torpedo_firing_calc;To calculate torpedo firing, locate the target through the periscope and lock onto it.
controls/help/submarine/wait_calc;Wait for the calculations to complete.
controls/help/submarine/wait_firing_calc;Wait for the firing calculation to finish.
controls/help/submarine/align_bearing;Align the specified bearing with the bearing on the scale at the top of the screen. Or use standart  torpedo sight beam
controls/help/submarine/approach_distance;"Approach the desired distance: if the distance exceeds the maximum, the indicator will be red; with a yellow indicator, you can fire, but with a higher chance of missing; green indication shows the best firing distance."
controls/help/submarine/periscope_usage_depth;The periscope can only be used at a periscope depth of {meters} {meters=meter/meters}.
controls/help/submarine/modules_can_repair_on_surface;Some modules can only be repaired on the surface: ballast tanks, high-pressure air tanks.
controls/help/submarine/urgently_surfacing_on_critical_damage;In critical situations at depth (fires, critical module damage), the submarine can surface urgently without player command.
controls/help/submarine/depth_indicator;DEPTH INDICATOR
controls/help/submarine/depth_indicator_normal;<color=@white>NORMAL DEPTH</color>
controls/help/submarine/depth_indicator_warn;"<color=@yellow>DANGEROUS DEPTH</color>
potential damage due to excessive pressure"
controls/help/submarine/depth_indicator_critical;"<color=@red>CRITICAL DEPTH</color>
hull collapse"
controls/help/submarine/hud_attack_bearing;Attack bearing: <color=@red>335</color>
controls/help/submarine/hud_attack_distance;Distance: <color=@yellow>5500m</color>
controls/help/radar/display/b_scope;B-Scope display (azimuth / range)
controls/help/radar/display/c_scope;C-Scope display (azimuth / elevation)
controls/help/radar/display/rwr;Radar Warning Receiver (RWR)
controls/help/radar/target_lock_area;Target lock area
controls/help/radar/scan_area;Search radar scan area
controls/help/radar/gimbal_limits;Radar gimbal limits
controls/help/radar/gimbal_limits/azimuth;Gimbal limits by azimuth
controls/help/radar/gimbal_limits/elevation;Gimbal limits by elevation
controls/help/radar/range_scale;Range scale
controls/help/radar/range_scale/variable;Ability to change the range scale
controls/help/radar/target/detected;Detected targets
controls/help/radar/target/selected;Selected target
controls/help/radar/target/tracking;Target of tracking radar
controls/help/radar/search_beam;Search radar beam
controls/help/radar/tracking_beam;Tracking radar beam
controls/help/radar/active;Radar is active
controls/help/radar/approach_speed;Approach Speed
controls/help/radar/turret_direction;Turret direction
controls/help/radar/rwr/description;Some aerial vehicle models are equipped with a Radar Warning Receiver (RWR). They detect enemy radars operating in search or tracking mode.
controls/help/rwr/basic_direction;Directions on radars. Without identification
controls/help/rwr/basic_types;Radar types. Active radar types are highlighted
controls/help/rwr/mode_track;An enemy radar in tracking mode
controls/help/rwr/mode_launch;An enemy radar in missile launch mode (target illumination for a SARH missile, or missile guidance commands, or an ARH missile is detected)
controls/help/rwr/target_unidentified;An unidentified target with radar in search mode
controls/help/rwr/target_identified_1;A target identified as MiG-21 with a radar in tracking mode
controls/help/rwr/target_identified_2;A target identified as Mirage F1 with a radar in search mode
controls/help/rwr/new_target;A new target is marked with a circle
controls/help/rwr/types_and_modes;Additional warnings about radars of specific types in specific modes
controls/help/rwr/direction_precise;Precise directions on radars
controls/help/rwr/direction_sector;Sectors where radars are detected
controls/help/rwr/threat_types;RWR Threat Types
controls/help/rwr/threat_types/common;Common threat types
controls/help/rwr/threat_types/specific;Specific threat types
controls/help/available_in/few_aircrafts_only;Available on few aircraft only
controls/help/ucav/thermal_sight;Thermal Sight
controls/help/ucav/lock_target;Use sight stabilization to lock the target
controls/help/ucav/target_tracking_mode;The sight is stabilized and tracks the ground target.
controls/help/ucav/after_missile_launch;After missile launch, the aircraft can be turned away from the target.
controls/help/ucav/permitted_launch_area;Permitted launch area
controls/help/ucav/permitted_launch_area/desc;If the crosshair is inside this zone, then the missile can be launched, because the missile seeker sees the reflected laser spot, or in the case of laser beam guidance, the missile will enter the control area after the launch.
controls/help/ucav/target_distance;Distance of the current target
controls/help/ucav/allowed_distances_range;Range of allowed distances
controls/help/suit/missile_camera;After missile launch, the camera view will switch to the missile for remote guidance
controls/help/suit/missile_movement_control;Missile movement control in remote guidance mode
controls/help/warfare2077/aircraft_weapon_presets_notice;"Select your ""Secondary Weapons"" before going ""to battle"":"
controls/help/warfare2077/weapon/tank_atgm;ASuW anti-tank guided missile
controls/help/warfare2077/weapon/tank_atgm/manual_control;Or launch it without locking on target, for manual missile control.
controls/help/warfare2077/action/fire;Launch
controls/help/warfare2077/action/fire/minotaur;Launch (on Minotaur)
controls/help/warfare2077/action/fire/hydra;Launch (on Hydra)
controls/help/warfare2077/action/fire/harpy;Launch (on Harpy)
controls/help/warfare2077/weapon/tank_aam;AAMW surface-to-air guided missile
controls/help/warfare2077/weapon/tank_autoturret;Autoturret
controls/help/warfare2077/weapon/tank_autoturret/desc;The laser active protection system automatically destroys targets flying up to the tank.
controls/help/warfare2077/unit/minotaur_hydra;Minotaur & Hydra
controls/help/warfare2077/target_locked;Target locked
controls/help/arachis/worm;Any movement and shooting create noise. The greater the density of noise, the more likely is the attack of the worm. The narrowing circle on the map shows the radius of attention of the worm. If you stop and do not shoot, the worm may choose another target.
controls/help/arachis/soundwave;"The ""{unitName}"" tank has a sonic cannon that shoots with an expanding sector. Angles from the center of the sight horizontally and vertically – {angles}. The wave travels at the velocity of sound {speed}, the range is {distance}."
controls/help/arachis/missiles;Self-guided missiles are effective against any targets, air and ground.
controls/help/arachis/target_search;Target search
controls/help/arachis/hotkey/missile;Launch missile at the locked target
controls/help/arachis/helicopter_gear;Landing gear can be useful for landing on a point, for its capture.
hotkeys/ID_SHIP_WEAPON_PRIMARY;Select primary weapon
hotkeys/ID_SHIP_WEAPON_MACHINEGUN;Select anti-aircraft weapons
hotkeys/ID_SHIP_WEAPON_SECONDARY;Select secondary weapon
hotkeys/ID_SHIP_WEAPON_ALL;Firing
hotkeys/ID_SHIP_WEAPON_TORPEDOES;Launch torpedoes
hotkeys/ID_SHIP_WEAPON_DEPTH_CHARGE;Depth charges
hotkeys/ID_SHIP_WEAPON_ROCKETS;Rockets
hotkeys/ID_SHIP_WEAPON_MINE;Mines
hotkeys/ID_SHIP_WEAPON_MORTAR;Mortar
hotkeys/ID_SHIP_SMOKE;Smokescreen
hotkeys/ID_SHIP_WEAPON_PRIMARY_AND_MACHINEGUN;Primary weapon + anti-aircraft weapons
hotkeys/ID_SHIP_WEAPON_PRIMARY_AND_SECONDARY;Primary weapon + secondary weapon
hotkeys/ID_SHIP_ACTION_BAR_ITEM_1;Select the first type of shells
hotkeys/ID_SHIP_ACTION_BAR_ITEM_2;Select the second type of shells
hotkeys/ID_SHIP_ACTION_BAR_ITEM_3;Select the third type of shells
hotkeys/ID_SHIP_ACTION_BAR_ITEM_4;Select the fourth type of shells
hotkeys/ID_SHIP_ACTION_BAR_ITEM_5;Artillery strike
hotkeys/ID_SHIP_ACTION_BAR_ITEM_10;Towing cable
hotkeys/ID_SHIP_TORPEDO_SIGHT;Torpedo aiming
hotkeys/ID_SHIP_TOGGLE_GUNNERS;Toggle gunner targets
hotkeys/ID_SHIP_SELECT_TARGET_AI_PRIM;Manual targeting of the primary calibre
hotkeys/ID_SHIP_SELECT_TARGET_AI_SEC;Manual targeting of the auxiliary calibre
hotkeys/ID_SHIP_SELECT_TARGET_AI_MGUN;Manual targeting to the anti-aircraft calibre
hotkeys/ID_SHIP_SWITCH_TRIGGER_GROUP;Weapon group switch
controls/no_bay;No bomb bay
controls/open_bay_door;Weapon Bay: [OPEN]
controls/close_bay_door;Weapon Bay: [CLSD]
hotkeys/ID_HELICOPTER_CONTROL_HEADER;Helicopter
hotkeys/ID_HELICOPTER_AXES_HEADER;Movement
hotkeys/ID_HELICOPTER_FIRE_HEADER;Weaponry
hotkeys/ID_HELICOPTER_VIEW_HEADER;Camera control
hotkeys/ID_HELICOPTER_INSTRUCTOR_HEADER;Instructor
hotkeys/ID_HELICOPTER_OPERATIONS_HEADER;Quick settings
options/helicopterKeepHeight;Hold flight altitude
options/helicopterAimMove;Flight aiming mode
options/helicopterAimFire;Aim control
controls/helicopter_climb;Hover height
hotkeys/helicopter_climb;Enable hover height axis
hotkeys/helicopter_climb_rangeSet;Reset hover height axis
hotkeys/helicopter_climb_rangeMin;Minimum hover height axis
hotkeys/helicopter_climb_rangeMax;Maximum hover height axis
hotkeys/helicopter_climb_rangeDec;Decrease hover height axis
hotkeys/helicopter_climb_rangeInc;Increase hover height axis
hotkeys/ID_ROCKETS_HELICOPTER;Fire rockets
hotkeys/ID_ATGM_HELICOPTER;Fire air-to-ground missile
hotkeys/ID_TOGGLE_VIEW_HELICOPTER;Toggle View
controls/helicopter_zoom;Zoom axis
controls/helicopter_camx;View in battle (X-axis)
controls/helicopter_camy;View in battle (Y-axis)
controls/helicopter_mouse_aim_x;Aiming (X-axis)
controls/helicopter_mouse_aim_y;Aiming (Y-axis)
hotkeys/helicopter_zoom;Enable zoom axis
hotkeys/helicopter_zoom_rangeMin;Zoom off
hotkeys/helicopter_zoom_rangeMax;Zoom on
hotkeys/helicopter_zoom_rangeDec;Zoom off
hotkeys/helicopter_zoom_rangeInc;Zoom on
hotkeys/helicopter_zoom_rangeSet;Reset zoom axis
hotkeys/helicopter_camx;Enable camera X-axis
hotkeys/helicopter_camx_rangeMin;Look left
hotkeys/helicopter_camx_rangeMax;Look right
hotkeys/helicopter_camx_rangeDec;Look left
hotkeys/helicopter_camx_rangeInc;Look right
hotkeys/helicopter_camx_rangeSet;Reset camera X-axis
hotkeys/helicopter_camy;Enable camera Y-axis
hotkeys/helicopter_camy_rangeMin;Look down
hotkeys/helicopter_camy_rangeMax;Look up
hotkeys/helicopter_camy_rangeDec;Look down
hotkeys/helicopter_camy_rangeInc;Look up
hotkeys/helicopter_camy_rangeSet;Reset camera Y-axis
hotkeys/helicopter_mouse_aim_x;Enable aiming X-axis
hotkeys/helicopter_mouse_aim_x_rangeMin;Turn aim left
hotkeys/helicopter_mouse_aim_x_rangeMax;Turn aim right
hotkeys/helicopter_mouse_aim_x_rangeDec;Turn aim left
hotkeys/helicopter_mouse_aim_x_rangeInc;Turn aim right
hotkeys/helicopter_mouse_aim_x_rangeSet;Reset aiming X-axis
hotkeys/helicopter_mouse_aim_y;Enable aiming Y-axis
hotkeys/helicopter_mouse_aim_y_rangeMin;Lower aim
hotkeys/helicopter_mouse_aim_y_rangeMax;Raise aim
hotkeys/helicopter_mouse_aim_y_rangeDec;Lower aim
hotkeys/helicopter_mouse_aim_y_rangeInc;Raise aim
hotkeys/helicopter_mouse_aim_y_rangeSet;Reset aiming Y-axis
hotkeys/ID_SHIP_ACTION_BAR_ITEM_6;Extinguish fire
hotkeys/ID_SHIP_ACTION_BAR_ITEM_11;Repair
hotkeys/ID_REPAIR_BREACHES;Repair breaches
hotkeys/ID_SHIP_LOCK_SHOOT_DISTANCE;Manual aim correction
hotkeys/ID_SHIP_FULL_STOP;Halt
controls/ship_sight_distance;Distance correction
hotkeys/ship_sight_distance;Enable distance correction axis
hotkeys/ship_sight_distance_rangeMin;Minimum distance correction axis
hotkeys/ship_sight_distance_rangeMax;Maximum distance correction axis
hotkeys/ship_sight_distance_rangeDec;Decrease distance correction axis
hotkeys/ship_sight_distance_rangeInc;Increase distance correction axis
hotkeys/ship_sight_distance_rangeSet;Reset distance correction axis
controls/ship_shoot_direction;Direction correction
hotkeys/ship_shoot_direction;Enable direction correction axis
hotkeys/ship_shoot_direction_rangeMin;Minimum direction correction axis
hotkeys/ship_shoot_direction_rangeMax;Maximum direction correction axis
hotkeys/ship_shoot_direction_rangeDec;Decrease direction correction axis
hotkeys/ship_shoot_direction_rangeInc;Increase direction correction axis
hotkeys/ship_shoot_direction_rangeSet;Reset direction correction axis
hotkeys/ID_LOCK_TARGETING_AT_POINT_SHIP;Target pointing
hotkeys/ID_SINGLE_SHOT_SHIP;Ranging shot
hotkeys/ID_CHANGE_SHOT_FREQ;Change rate of fire
hotkeys/ID_CHANGE_SHOT_FREQ_HELICOPTER;Change rate of fire
hotkeys/ID_BLOCK_TURRET;Control fire by pilot
controls/no_atgm_guns;No ATGM
controls/no_atgm_left;Out of ATGM's
controls/ID_PLANE_SWAP_GAMEPAD_STICKS_WITHOUT_MODIFIERS;Swap sticks for aircraft axes without modifiers
controls/ID_PLANE_SWAP_GAMEPAD_STICKS;Swap sticks for all aircraft axes
controls/ID_HELICOPTER_SWAP_GAMEPAD_STICKS_WITHOUT_MODIFIERS;Swap sticks for helicopter axes without modifiers
controls/ID_HELICOPTER_SWAP_GAMEPAD_STICKS;Swap sticks for all helicopter axes
controls/ID_TANK_SWAP_GAMEPAD_STICKS_WITHOUT_MODIFIERS;Swap sticks for ground vehicle axes without modifiers
controls/ID_TANK_SWAP_GAMEPAD_STICKS;Swap sticks for all ground vehicle axes
controls/ID_SHIP_SWAP_GAMEPAD_STICKS_WITHOUT_MODIFIERS;Swap sticks for naval axes without modifiers
controls/ID_SHIP_SWAP_GAMEPAD_STICKS;Swap sticks for all naval axes
controls/ID_SUBMARINE_SWAP_GAMEPAD_STICKS_WITHOUT_MODIFIERS;Swap sticks for submarine axes without modifiers
controls/ID_SUBMARINE_SWAP_GAMEPAD_STICKS;Swap sticks for all submarine axes
controls/ID_COMMON_SWAP_GAMEPAD_STICKS_WITHOUT_MODIFIERS;Swap sticks for common control axes without modifiers
controls/ID_COMMON_SWAP_GAMEPAD_STICKS;Swap sticks for all common control axes
hotkeys/ID_AGM;Fire air-to-ground missile
controls/no_agm_guns;No AGM
controls/no_agm_left;Out of AGM
hotkeys/ID_AAM;Fire air-to-air missile
hotkeys/ID_AAM_HELICOPTER;Fire air-to-air missile
controls/no_aam_guns;No AAM
controls/no_aam_left;Out of AAM
controls/no_guided_bombs_guns;No guided bombs
controls/no_guided_bombs_left;Out of guided bombs
hotkeys/ID_FLARES_HEADER;Countermeasures
hotkeys/ID_FLARES;Fire countermeasures
hotkeys/ID_COUNTERMEASURES_FLARES;Fire flares
hotkeys/ID_COUNTERMEASURES_CHAFF;Fire chaff
hotkeys/ID_FLARES_HELICOPTER;Fire countermeasures
hotkeys/ID_FLARES_SERIES_HELICOPTER;Fire countermeasure series
hotkeys/ID_COUNTERMEASURE_FLARES_HELICOPTER;Fire flares
hotkeys/ID_COUNTERMEASURE_CHAFF_HELICOPTER;Fire chaff
hotkeys/ID_TOGGLE_PERIODIC_FLARES;Periodic countermeasure release (on/off)
hotkeys/ID_TOGGLE_PERIODIC_FLARES_HELICOPTER;Periodic countermeasure release (on/off)
controls/periodic_countermeasure;Periodic countermeasure release
hotkeys/ID_TOGGLE_MLWS_FLARES_SLAVING;Countermeasure slaving to MAW (on/off)
hotkeys/ID_TOGGLE_MLWS_FLARES_SLAVING_HELICOPTER;Countermeasure slaving to MAW (on/off)
controls/mlws_countermeasure_slaving;Countermeasure slaving to MAW
controls/no_countermeasure_guns;No countermeasures
controls/no_countermeasures_left;Out of countermeasures
hotkeys/ID_CHUTE;Drag chute
hotkeys/ID_WALKER_CONTROL_HEADER;Walker
hotkeys/ID_WALKER_MOVE_HEADER;Movement
hotkeys/ID_WALKER_FIRE_HEADER;Weaponry
hotkeys/ID_WALKER_VIEW_HEADER;Camera control
hotkeys/ID_WALKER_OTHER_HEADER;Miscellaneous
controls/walker_throttle;Throttle
hotkeys/walker_throttle;Throttle
controls/walker_steering;Steering
hotkeys/walker_steering;Steering
hotkeys/walker_steering_rangeMin;Steering left
hotkeys/walker_steering_rangeMax;Steering right
hotkeys/walker_steering_rangeSet;Reset steering axis
hotkeys/ID_WALKER_TORSO_UP;Raise torso
hotkeys/ID_WALKER_TORSO_DOWN;Lower torso
hotkeys/ID_FIRE_WALKER;Fire from the main calibre gun
hotkeys/ID_FIRE_WALKER_SECONDARY_GUN;Fire from secondary guns
hotkeys/ID_FIRE_WALKER_MACHINE_GUN;Fire from machine guns
hotkeys/ID_FIRE_WALKER_SPECIAL_GUN;Fire from special guns
hotkeys/ID_WALKER_SMOKE_SCREEN;Smoke grenades
hotkeys/ID_REPAIR_WALKER;Repair
hotkeys/ID_TOGGLE_VIEW_WALKER;Sniper mode
hotkeys/ID_WALKER_ACTION_BAR_ITEM_1;Select the first type of shells
hotkeys/ID_WALKER_ACTION_BAR_ITEM_2;Select the second type of shells
hotkeys/ID_WALKER_ACTION_BAR_ITEM_3;Select the third type of shells
hotkeys/ID_WALKER_ACTION_BAR_ITEM_4;Select the fourth type of shells
hotkeys/ID_WALKER_ACTION_BAR_ITEM_5;Artillery strike
hotkeys/ID_WALKER_ACTION_BAR_ITEM_6;Fire extinguisher
hotkeys/ID_WALKER_ACTION_BAR_ITEM_7;Air battles: aircraft #1
hotkeys/ID_WALKER_ACTION_BAR_ITEM_8;Air battles: aircraft #2
hotkeys/ID_WALKER_ACTION_BAR_ITEM_9;Air battles: aircraft #3
hotkeys/ID_WALKER_ACTION_BAR_ITEM_12;Crew Replenishment
hotkeys/ID_WALKER_KILLSTREAK_WHEEL_MENU;Event selection menu
controls/aim_time_nonlinearity_walker;Gamepad aim acceleration
controls/aim_acceleration_delay_walker;Aim acceleration delay
controls/walker_camx;View in battle - Walker (X-axis)
hotkeys/walker_camx;View in battle - Walker (horizontal)
hotkeys/walker_camx_rangeMin;View in battle - Walker (horizontal) - minimum value
hotkeys/walker_camx_rangeMax;View in battle - Walker (horizontal) - maximum value
hotkeys/walker_camx_rangeDec;View in battle - Walker (horizontal) - decrease value
hotkeys/walker_camx_rangeInc;View in battle - Walker (horizontal) - increase value
hotkeys/walker_camx_rangeSet;View in battle - Walker (horizontal) - reset value
controls/walker_camy;View in battle - Walker (Y-axis)
hotkeys/walker_camy;View in battle - Walker (vertical)
hotkeys/walker_camy_rangeMin;View in battle - Walker (vertical) - minimum value
hotkeys/walker_camy_rangeMax;View in battle - Walker (vertical) - maximum value
hotkeys/walker_camy_rangeDec;View in battle - Walker (vertical) - decrease value
hotkeys/walker_camy_rangeInc;View in battle - Walker (vertical) - increase value
hotkeys/walker_camy_rangeSet;View in battle - Walker (vertical) - reset value
controls/walker_zoom;Zoom axis (Walker)
hotkeys/walker_zoom;Enable walker zoom axis
hotkeys/walker_zoom_rangeMin;Zoom off
hotkeys/walker_zoom_rangeMax;Zoom on
hotkeys/walker_zoom_rangeSet;Reset walker zoom axis
controls/walker_mouse_aim_x;Walker aiming (X-axis)
hotkeys/walker_mouse_aim_x;Walker aiming (X-axis)
hotkeys/walker_mouse_aim_x_rangeMin;Turn aim left
hotkeys/walker_mouse_aim_x_rangeMax;Turn aim right
controls/walker_mouse_aim_y;Walker aiming (Y-axis)
hotkeys/walker_mouse_aim_y;Walker aiming (Y-axis)
hotkeys/walker_mouse_aim_y_rangeMin;Lower aim
hotkeys/walker_mouse_aim_y_rangeMax;Raise aim
hotkeys/ID_TOGGLE_GM_ENGINE;Turn ON/OFF engine
hotkeys/ID_FIRE_CONTROL_SYSTEM_HEADER;Fire-control system
hotkeys/ID_TANK_NIGHT_VISION;Night vision mode
hotkeys/ID_WEAPON_LOCK_TANK;Weapon lock
hotkeys/ID_WEAPON_LOCK_SHIP;Weapon lock
hotkeys/ID_IR_PROJECTOR;IR spotlight
hotkeys/ID_WEAPON_LEAD_TANK;Switch guidance method
hotkeys/ID_THERMAL_WHITE_IS_HOT;Changing the color scheme of the thermal sight
hotkeys/ID_THERMAL_WHITE_IS_HOT_HELI;Changing the color scheme of the thermal sight
hotkeys/ID_MOUSE_AIM_OVERRIDE_ROLL_HELICOPTER;Manual roll control:
controls/use;Use
controls/extinguiser;Extinguisher
NO_EXTINGUISHER;No extinguisher
NO_FIRE;No fire
hotkeys/ID_SWITCH_COCKPIT_SIGHT_MODE;Switch sight mode in cockpit
hotkeys/ID_SWITCH_COCKPIT_SIGHT_MODE_HELICOPTER;Switch sight mode in cockpit
hotkeys/ID_TOGGLE_HMD;Switch the HMD indication
hotkeys/ID_TOGGLE_HMD_HELI;Switch the HMD indication
controls/hud_air_target;Sight mode: Standard
controls/hud_air_cannons;Sight mode: Cannon on air target
controls/hud_ground_cannon;Sight mode: Cannon on ground target
controls/hud_ground_rocket;Sight mode: Rockets
controls/hud_ground_bomb;Sight mode: Bombs
controls/hud_ground_bomb_auto;Sight mode: Bombs (auto)
controls/hud_no_mode;No ballistic computer
controls/hud_cannons_and_rockets_ballistic_computer;Ballistic computer - cannons and rockets
hotkeys/ID_TOGGLE_CANNONS_AND_ROCKETS_BALLISTIC_COMPUTER;Toggle Cannon Ballistic Computer
hotkeys/ID_TOGGLE_CANNONS_AND_ROCKETS_BALLISTIC_COMPUTER_HELICOPTER;Toggle Cannon Ballistic Computer
hotkeys/ID_TOGGLE_ROCKETS_BALLISTIC_COMPUTER;Toggle Rocket Ballistic Computer
hotkeys/ID_TOGGLE_ROCKETS_BALLISTIC_COMPUTER_HELICOPTER;Toggle Rocket Ballistic Computer
hotkeys/ID_SHOW_MULTIFUNC_WHEEL_MENU;Multi-function Menu
controls/hud_constantly_computed_sight;Ballistic Computer [CNN]:
controls/hud_rockets_constantly_computing_sight;Ballistic Computer [RKT]:
hotkeys/ID_GAMEPAD_RESET_GYRO_TILT;Reset motion sensor orientation
controls/hud_switch_registered_bombing_target;Switch mission bombing target
hotkeys/ID_SWITCH_REGISTERED_BOMB_TARGETING_POINT;Switch mission bombing target
hotkeys/ID_LOCK_TARGETING_AT_POINT;Activate target point
hotkeys/ID_UNLOCK_TARGETING_AT_POINT;Deactivate target point
hotkeys/ID_LOCK_TARGETING;Sight stabilization
hotkeys/ID_UNLOCK_TARGETING;Disable sight stabilization
hotkeys/ID_REQUEST_DETECT_ALLY_HELI;Request location of allies
hotkeys/ID_SQUAD_TARGET_DESIGNATION;Set target for squad
controls/wheelmenu_x;Radial menu navigation (X-axis)
controls/wheelmenu_y;Radial menu navigation (Y-axis)
controls/gm_wheelmenu_x;Radial menu navigation (X-axis)
controls/gm_wheelmenu_y;Radial menu navigation (Y-axis)
controls/ship_wheelmenu_x;Radial menu navigation (X-axis)
controls/ship_wheelmenu_y;Radial menu navigation (Y-axis)
controls/helicopter_wheelmenu_x;Radial menu navigation (X-axis)
controls/helicopter_wheelmenu_y;Radial menu navigation (Y-axis)
hotkeys/ID_EVENT_ACTION;Event Action
hotkeys/ID_FIRE_COMMON;Fire selected weapon
hotkeys/ID_EXIT_SHOOTING_CYCLE_MODE;Exit selected weapon mode
hotkeys/ID_SWITCH_SHOOTING_CYCLE_CANNON;Switch selected weapon to guns
hotkeys/ID_SWITCH_SHOOTING_CYCLE_ROCKET;Switch selected weapon to missiles
hotkeys/ID_SWITCH_SHOOTING_CYCLE_BOMB;Switch selected weapon to bombs
hotkeys/ID_FIRE_COMMON_HELICOPTER;Fire selected weapon
hotkeys/ID_EXIT_SHOOTING_CYCLE_MODE_HELICOPTER;Exit selected weapon mode
hotkeys/ID_RESIZE_SECONDARY_WEAPON_SERIES;Secondary weapon ripple quantity
hotkeys/ID_RESIZE_SECONDARY_WEAPON_SERIES_HELICOPTER;Secondary weapon ripple quantity
hotkeys/ID_SWITCH_SHOOTING_CYCLE_CANNON_HELICOPTER;Switch selected weapon to guns
hotkeys/ID_SWITCH_SHOOTING_CYCLE_ROCKET_HELICOPTER;Switch selected weapon to missiles
hotkeys/ID_SWITCH_SHOOTING_CYCLE_BOMB_HELICOPTER;Switch selected weapon to bombs
hotkeys/ID_FIRE_PRIMARY;Fire primary weapons
hotkeys/ID_FIRE_SECONDARY;Fire secondary weapons
hotkeys/ID_FIRE_PRIMARY_HELICOPTER;Fire primary weapons
hotkeys/ID_FIRE_SECONDARY_HELICOPTER;Fire secondary weapons
hotkeys/ID_WEAPON_SELECTOR_HEADER;Weapon Selector
hotkeys/ID_SWITCH_SHOOTING_CYCLE_PRIMARY;Switch primary weapons
hotkeys/ID_SWITCH_SHOOTING_CYCLE_SECONDARY;Switch secondary weapons
hotkeys/ID_OPEN_VISUAL_WEAPON_SELECTOR;Visual weapon selector
hotkeys/ID_SWITCH_SHOOTING_CYCLE_COUNTER_MEASURE;Switch countermeasures
hotkeys/ID_TOGGLE_BOMBS_AUTO_RELEASE;Automatic bomb release in CCRP mode
hotkeys/ID_SWITCH_SHOOTING_CYCLE_PRIMARY_HELICOPTER;Switch primary weapons
hotkeys/ID_SWITCH_SHOOTING_CYCLE_SECONDARY_HELICOPTER;Switch secondary weapons
hotkeys/ID_SWITCH_SHOOTING_CYCLE_COUNTER_MEASURE_HELICOPTER;Switch countermeasures
hotkeys/ID_TOGGLE_BOMBS_AUTO_RELEASE_HELICOPTER;Automatic bomb release in CCRP mode
controls/vtol;Thrust Vector
controls/climb;Hover height
hotkeys/climb;Hover
hotkeys/ID_CONTROL_MODE;Hover mode
hotkeys/ID_AIR_REVERSE;Thrust reversal
hotkeys/sweep;Wing sweep
hotkeys/sweep_rangeMax;Increase wing sweep
hotkeys/sweep_rangeMin;Decrease wing sweep
hotkeys/sweep_rangeSet;Reset wing sweep
hotkeys/ID_SWEEP_MODE;Switch wing sweep control mode
controls/sweep;Wing sweep
controls/sweepIsNowAuto;MANUAL control of wing sweep is unavailable as AUTO mode is enabled
controls/noSweep;No wing sweep control
controls/noMultipleSweepModes;Only one wing sweep control mode is available
controls/sweepManual;MANUAL wing sweep control mode
controls/sweepSemiAuto;SEMI-AUTO wing sweep control mode
controls/sweepAuto;AUTO wing sweep control mode
controls/groundBlocksSweep;Wing sweep control is blocked on the ground
controls/mechBlocksSweep;Wing sweep control is blocked by another mechanization
controls/payloadBlocksSweep;Payload blocks wing sweep control
hotkeys/ID_TOGGLE_STEALTH;Сamouflage system
hotkeys/ID_TOGGLE_AUTOTURRET_TARGETS;Toggle autoturret targets
hotkeys/ID_SELECT_AUTOTURRET_TARGET;Manual targeting to the autoturret
hotkeys/ID_CAMERA_COMMANDER;Commander sight
hotkeys/ID_COMMANDER_AIM_MODE;Commander fire control
hotkeys/ID_GUIDED_BOMBS;Drop guided bombs
hotkeys/ID_GUIDED_BOMBS_LOCK;Lock guided bombs
hotkeys/ID_GUIDED_BOMBS_HELICOPTER;Drop guided bombs
hotkeys/ID_GUIDED_BOMBS_LOCK_HELICOPTER;Lock guided bombs
hotkeys/ID_GM_TERRAFORM_TOGGLE;Entrenching: Enable / Disable
hotkeys/ID_START_SUPPORT_PLANE_SHIP;Surveillance aircraft: catapult activation / launch
hotkeys/ID_CANCEL_SUPPORT_PLANE_FUSE;Surveillance aircraft: catapult deactivation
hotkeys/ID_PLANE_KILLSTREAK_WHEEL_MENU;Event selection menu
hotkeys/ID_AIR_BRAKE_HELICOPTER;Toggle Airbrake
hotkeys/ID_REPLAY_BACKWARD;Backward
hotkeys/ID_REPLAY_FORWARD;Forward
hotkeys/ID_JETTISON_SECONDARY_HELICOPTER;Jettison secondary weapon
hotkeys/ID_JETTISON_SECONDARY;Jettison secondary weapon
hotkeys/ID_START_SUPPORT_PLANE;UAV Launch
hotkeys/ID_SUPPORT_PLANE_ORBITING;Flying in orbit
hotkeys/ID_SUPPORT_PLANE_ORBITING_SHIP;Flying in orbit
TXT_CONTROL_MODE_ORBITING;Orbit Mode:
hotkeys/ID_START_UGV;UGV deploy
hotkeys/ID_MINE_DETONATION;Mine detonation
hotkeys/ID_UNLIMITED_CONTROL;Select the mission vehicle to control
hotkeys/ID_TOGGLE_CONSTRUCTION_MODE;Building of objects
hotkeys/ID_SUBMARINE_TOGGLE_PERISCOPE;Up/down periscope
CONTROLS_LANG_KEEP_IT_ALWAYS_FIRST;
hotkeys/ID_HUMAN_MOVE_HEADER;Movement
hotkeys/ID_HUMAN_CONTROL_HEADER;Infantryman
controls/human_walk;Move axis
controls/human_strafe;Strafe axis
controls/workshop;WT Live: controls
controls/buoyancy;Buoyancy axis
controls/noBuoyancy;
;
;
;
<Infantry Controls>;
;
hotkeys/ID_HUMAN_JUMP;Jump
hotkeys/ID_HUMAN_SPRINT;Fast run
hotkeys/ID_HUMAN_FIRE_HEADER;Weaponry
hotkeys/ID_FIRE_HUMAN;Fire from the main calibre gun
hotkeys/ID_FIRE_HUMAN_SECONDARY_GUN;Fire from secondary guns
hotkeys/ID_FIRE_HUMAN_MACHINE_GUN;Fire from the underbarrel grenade launcher
hotkeys/ID_FIRE_HUMAN_SPECIAL_GUN;Fire from special guns
hotkeys/ID_SELECT_HUMAN_GUN_RESET;Reset weapon selection
hotkeys/ID_SELECT_HUMAN_GUN_MACHINEGUN;Select the machine gun
hotkeys/ID_SELECT_HUMAN_GUN_PRIMARY;Select the primary weapon
hotkeys/ID_SELECT_HUMAN_GUN_SECONDARY;Select the secondary weapon
hotkeys/ID_HUMAN_SMOKE_GRENADE;Smoke grenades
hotkeys/ID_WEAPON_LOCK_HUMAN;Weapon lock
hotkeys/ID_SENSOR_SWITCH_HUMAN;Switch Radar/IRST search on/off
hotkeys/ID_SENSOR_TARGET_SWITCH_HUMAN;Select the Radar/IRST target to lock
hotkeys/ID_SENSOR_TARGET_LOCK_HUMAN;Lock the Radar/IRST on the target
hotkeys/ID_HUMAN_NIGHT_VISION;Night vision mode
hotkeys/ID_HUMAN_THERMAL_WHITE_IS_HOT;Changing the color scheme of the thermal sight
hotkeys/ID_HUMAN_TOGGLE_RANGEFINDER;Rangefinder
hotkeys/ID_HUMAN_VIEW_HEADER;Camera control
hotkeys/ID_TOGGLE_VIEW_HUMAN;Sniper mode
hotkeys/ID_TARGETING_HOLD_HUMAN;Target tracking
hotkeys/ID_HUMAN_OTHER_HEADER;Miscellaneous
hotkeys/ID_START_SUPPORT_PLANE_HUMAN;UAV Launch
hotkeys/ID_SUPPORT_PLANE_ORBITING_HUMAN;Hover
hotkeys/ID_SUBMARINE_SWITCH_FUSE_MODE;Switch fuze mode
hotkeys/ID_SHIP_SWITCH_ACTIVE_SONAR;Sonar mode on/off
hotkeys/ID_SHIPS_TOGGLE_HYDROPHONE_MODE;Hydrophone mode on/off
hotkeys/ID_ENABLE_TARGET_TRACKING_TANK;Enable ATT
hotkeys/ID_HUMAN_ORDERS_MENU;Squad orders menu
hotkeys/ID_HUMAN_WEAPON_MENU;Weapon control menu: switching fire modes, using modules (underbarrel weapon, laser sight, flashlight)
hotkeys/ID_HUMAN_MAIN_WEAPON;Switching between the main weapon and a module
hotkeys/ID_HUMAN_SELECT_PREV_SOLDIER;Select previous soldier
hotkeys/ID_HUMAN_SELECT_NEXT_SOLDIER;Select next soldier
hotkeys/ID_HUMAN_CONTEXT_COMMAND_NEXT_SOLDIER;Select next soldier
hotkeys/ID_HUMAN_CONTEXT_COMMAND_NEXT_POSE;Change selected soldier pose
hotkeys/ID_HUMAN_CONTEXT_COMMAND;(hold the button) choose the location of the soldier. Order will be given if you release the button.
hotkeys/ID_CREW_SWITCH_CONTROL_NEXT;Switch member
hotkeys/ID_GRENADE_THROW_HEADER;Throw grenade
hotkeys/ID_SPECIAL_UNITS_HEADER;Special units
hotkeys/ID_HUMAN_WEAP_MOD_TOGGLE;Underbarrel grenade launcher mode on/off
hotkeys/ID_HUMAN_LASER_TOGGLE;Laser mode on/off
hotkeys/ID_HUMAN_FLASH_LIGHT_TOGGLE;Flashlight mode on/off
hotkeys/ID_HUMAN_FIRING_MOD_NEXT;Switch fire modes
hotkeys/ID_TARGET_CAMERA_HUMAN_DRONE;Tracking Camera: Enemy
hotkeys/ID_HUMAN_SHOOT;Shooting or using
hotkeys/ID_HUMAN_AIM;Aiming or capturing
hotkeys/ID_HUMAN_CROUCH;Sit down
hotkeys/ID_HUMAN_CRAWL;Lie down
hotkeys/ID_HUMAN_RELOAD;Reload gun
hotkeys/ID_HUMAN_HOLD_BREATH;Hold breath
hotkeys/ID_HUMAN_BIPODTOGGLE;Mount on bipod
hotkeys/ID_HUMAN_NEXT_ZOOM;Change zoom
hotkeys/ID_HUMAN_THROW;Throw grenade
hotkeys/ID_HUMAN_WEAP_AMMO_TOGGLE;Change ammunition
hotkeys/ID_HUMAN_SIGHT_NEXT;Next sight
hotkeys/ID_HUMAN_SIGHT_PREV;Previous sight
hotkeys/ID_HUMAN_ARTILLERY_STRIKE;Call artillery strike
hotkeys/ID_CONTROL_MODE_HUMAN_UAV;Hover mode
hotkeys/ID_LOCK_TARGETING_AT_POINT_HUMAN_UAV;Sight stabilization
hotkeys/ID_UNLOCK_TARGETING_AT_POINT_HUMAN_UAV;Disable sight stabilization
hotkeys/ID_HUMAN_UAV;UAV
hotkeys/ID_TOGGLE_VIEW_HUMAN_UAV;Toggle View
hotkeys/ID_HUMAN_NEXT_AFTER_DEATH;Switch to the next
hotkeys/ID_REPAIR_HUMAN;Repair
hotkeys/ID_HUMAN_SHOOT_MELEE;Melee strike
hotkeys/ID_HUMAN_USE_MEDKIT;Use medkit
controls/human_wheelmenu_x;Radial menu navigation (X-axis)
controls/human_wheelmenu_y;Radial menu navigation (Y-axis)
controls/hold_button_for_fast_sprint;Hold for fast run
controls/aim_time_nonlinearity_human;Gamepad aim acceleration
controls/aim_acceleration_delay_human;Aim acceleration delay
controls/help/human_move;The direction of movement
controls/help/squad_info;Under your command, you have up to 5 soldiers who follow you unless you give them another order.
controls/help/controlledHuman;Soldier under direct control
controls/help/humanForOrder;Soldier chosen for the order
controls/help/humanSlotInfo;"Above: a special weapon or item carried by a soldier.
Bottom: type of explosive.
You can give an order to use them."
controls/help/changeHumanPose;Changes the soldier's turn
controls/help/humanChangeInfo;Switch to soldier (1 ... 5) in the squad.
controls/help/humanHoldPosition;A soldier holding a position effectively controls the specified direction.
controls/human_mouse_aim_x;Infantryman aiming (X-axis)
controls/human_mouse_aim_y;Infantryman aiming (Y-axis)
controls/ID_HUMAN_UAV;Drone Control
controls/human_uav_roll;Roll axis
controls/human_uav_pitch;Pitch axis
controls/human_uav_yaw;Yaw axis
controls/human_uav_throttle;Throttle axis
controls/human_uav_climb;Hover height
controls/ID_CONTROL_MODE_HUMAN_UAV;Hover mode
hotkeys/human_mouse_aim_x;Infantryman aiming (X-axis)
hotkeys/human_mouse_aim_y;Infantryman aiming (Y-axis)
controls/human_camx;View in battle - Infantry (X-axis)
controls/human_camy;View in battle - Infantry (Y-axis)
hotkeys/ID_HUMAN_MOVE_HEADER;Movement
hotkeys/ID_HUMAN_CONTROL_HEADER;Infantry
controls/human_walk;Move axis
controls/human_strafe;Strafe axis
